####
#
# OBJ File Generated by Meshlab
#
####
# Object ucf-arena.obj
#
# Vertices: 7080
# Faces: 14316
#
####
vn -1.5707912 1.5707964 1.5707964
v 0.2375007 8.3900023 2.6380000
vn -1.5707912 -1.5707965 -1.5707964
v 0.2375007 8.3650017 0.1380000
vn -1.5707964 -1.5707964 1.5707946
v 0.2375007 8.3650017 2.6380000
vn -1.5707964 1.5707965 -1.5707946
v 0.2375007 8.3900023 0.1380000
vn 1.5707964 -1.5707964 -1.5707946
v 4.5790009 8.3650017 0.1380000
vn 1.5707912 1.5707964 -1.5707964
v 4.5790009 8.3900023 0.1380000
vn 1.5707912 -1.5707965 1.5707964
v 4.5790009 8.3650017 2.6380000
vn 1.5707964 1.5707965 1.5707946
v 4.5790009 8.3900023 2.6380000
vn -1.5707921 -1.5707964 -1.5707964
v 0.2374997 -0.2499967 0.1380000
vn -1.5707921 1.5707965 1.5707964
v 0.2374997 -0.2249980 2.6380000
vn -1.5707964 1.5707964 -1.5707951
v 0.2374997 -0.2249980 0.1380000
vn -1.5707964 -1.5707965 1.5707951
v 0.2374997 -0.2499967 2.6380000
vn 1.5707964 1.5707964 1.5707951
v 4.5790000 -0.2249980 2.6380000
vn 1.5707921 -1.5707964 1.5707964
v 4.5790000 -0.2499967 2.6380000
vn 1.5707921 1.5707965 -1.5707964
v 4.5790000 -0.2249980 0.1380000
vn 1.5707964 -1.5707965 -1.5707951
v 4.5790000 -0.2499967 0.1380000
vn 1.5707963 1.5707957 1.5707961
v 4.8165002 3.9450026 2.6380000
vn -1.5707964 1.5707964 -1.5707966
v 4.7927499 3.9450026 0.1380000
vn -1.5707963 1.5707967 1.5707963
v 4.7927499 3.9450026 2.6380000
vn 1.5707964 1.5707960 -1.5707958
v 4.8165002 3.9450026 0.1380000
vn -1.5707963 -1.5707960 -1.5707958
v 4.7927489 0.0000033 0.1380000
vn 1.5707963 -1.5707964 -1.5707966
v 4.8164992 0.0000033 0.1380000
vn -1.5707964 -1.5707957 1.5707961
v 4.7927489 0.0000033 2.6380000
vn 1.5707964 -1.5707967 1.5707963
v 4.8164992 0.0000033 2.6380000
vn 1.5707963 1.5707957 1.5707961
v 4.8165011 8.1400023 2.6380000
vn -1.5707964 1.5707964 -1.5707966
v 4.7927508 8.1400023 0.1380000
vn -1.5707963 1.5707967 1.5707963
v 4.7927508 8.1400023 2.6380000
vn 1.5707964 1.5707960 -1.5707958
v 4.8165011 8.1400023 0.1380000
vn -1.5707963 -1.5707960 -1.5707958
v 4.7927499 4.1950026 0.1380000
vn 1.5707963 -1.5707964 -1.5707966
v 4.8165002 4.1950026 0.1380000
vn -1.5707964 -1.5707957 1.5707961
v 4.7927499 4.1950026 2.6380000
vn 1.5707964 -1.5707967 1.5707963
v 4.8165002 4.1950026 2.6380000
vn 1.5707902 -1.5707964 1.5707959
v -0.2374988 8.3650017 2.6380000
vn 1.5707909 1.5707965 -1.5707964
v -0.2374988 8.3900032 0.1380000
vn 1.5707964 1.5707964 1.5707948
v -0.2374988 8.3900032 2.6380000
vn 1.5707957 -1.5707965 -1.5707943
v -0.2374988 8.3650017 0.1380000
vn -1.5707964 1.5707964 -1.5707943
v -4.5789990 8.3900032 0.1380000
vn -1.5707924 -1.5707964 -1.5707967
v -4.5789990 8.3650036 0.1380000
vn -1.5707917 1.5707965 1.5707964
v -4.5789990 8.3900032 2.6380000
vn -1.5707971 -1.5707965 1.5707948
v -4.5789990 8.3650036 2.6380000
vn 1.5707963 1.5707957 1.5707961
v -4.7927489 3.9450035 2.6380000
vn -1.5707964 1.5707964 -1.5707966
v -4.8164992 3.9450035 0.1380000
vn -1.5707963 1.5707967 1.5707963
v -4.8164992 3.9450035 2.6380000
vn 1.5707964 1.5707960 -1.5707958
v -4.7927489 3.9450035 0.1380000
vn -1.5707963 -1.5707960 -1.5707958
v -4.8165002 0.0000043 0.1380000
vn 1.5707963 -1.5707964 -1.5707966
v -4.7927499 0.0000043 0.1380000
vn -1.5707964 -1.5707957 1.5707961
v -4.8165002 0.0000043 2.6380000
vn 1.5707964 -1.5707967 1.5707963
v -4.7927499 0.0000043 2.6380000
vn 1.5707963 1.5707957 1.5707961
v -4.7927489 8.1400032 2.6380000
vn -1.5707964 1.5707964 -1.5707966
v -4.8164992 8.1400032 0.1380000
vn -1.5707963 1.5707967 1.5707963
v -4.8164992 8.1400032 2.6380000
vn 1.5707964 1.5707960 -1.5707958
v -4.7927489 8.1400032 0.1380000
vn -1.5707963 -1.5707960 -1.5707958
v -4.8165002 4.1950035 0.1380000
vn 1.5707963 -1.5707964 -1.5707966
v -4.7927499 4.1950035 0.1380000
vn -1.5707964 -1.5707957 1.5707961
v -4.8165002 4.1950035 2.6380000
vn 1.5707964 -1.5707967 1.5707963
v -4.7927499 4.1950035 2.6380000
vn 1.5707929 1.5707964 -1.5707968
v -0.2375007 -0.2249970 0.1380000
vn 1.5707917 -1.5707965 1.5707961
v -0.2375007 -0.2499957 2.6380000
vn 1.5707960 -1.5707964 -1.5707945
v -0.2375007 -0.2499957 0.1380000
vn 1.5707972 1.5707965 1.5707953
v -0.2375007 -0.2249970 2.6380000
vn -1.5707967 -1.5707964 1.5707953
v -4.5790009 -0.2499948 2.6380000
vn -1.5707906 1.5707964 1.5707958
v -4.5790009 -0.2249947 2.6380000
vn -1.5707918 -1.5707965 -1.5707965
v -4.5790009 -0.2499948 0.1380000
vn -1.5707955 1.5707965 -1.5707945
v -4.5790009 -0.2249947 0.1380000
vn -4.7123885 1.5707966 -1.5707964
v -4.8165002 4.1950002 2.6380000
vn 4.7123890 1.5707970 1.5707902
v -4.5790000 4.1950002 0.1380000
vn -4.7123895 1.5707960 1.5708023
v -4.8165002 4.1950002 0.1380000
vn 4.7123890 1.5707964 -1.5707961
v -4.5790000 4.1950002 2.6380000
vn 3.1415925 -3.1415911 3.1415899
v -4.5790000 8.1400003 0.1380000
vn -4.7123890 -1.5708042 1.5708060
v -4.8165002 8.1400003 0.1380000
vn -4.7123890 -1.5707966 -1.5707961
v -4.8165002 8.1400003 2.6380000
vn 3.1415927 -3.1415927 -3.1415927
v -4.5790000 8.1400003 2.6380000
vn -1.5707963 -4.7123895 -1.5707966
v -0.2375000 8.1400003 2.6380000
vn -1.5707963 4.7123871 1.5707964
v -0.2375001 8.3900003 0.1380000
vn -1.5707964 -4.7123899 1.5707967
v -0.2375001 8.1400003 0.1380000
vn -1.5707964 4.7123890 -1.5707964
v -0.2375000 8.3900003 2.6380000
vn 1.5707964 4.7123957 1.5707922
v -4.5790009 8.3900003 0.1380000
vn 1.5707963 4.7123895 -1.5707966
v -4.5790000 8.3900003 2.6380000
vn 3.1415927 3.1415927 -3.1415930
v -4.5790000 0.0000000 2.6380000
vn -1.5707963 -4.7123890 -1.5707965
v -0.2374997 -0.2500000 2.6380000
vn 1.5707963 -4.7123899 -1.5707964
v -4.5790000 -0.2500000 2.6380000
vn -1.5707964 4.7123890 -1.5707963
v -0.2374997 0.0000000 2.6380000
vn 3.1415925 3.1415930 3.1415930
v -4.5790000 0.0000000 0.1380000
vn 1.5707964 -4.7123895 1.5707964
v -4.5790000 -0.2500000 0.1380000
vn -1.5707964 -4.7123899 1.5707961
v -0.2374997 -0.2500000 0.1380000
vn -1.5707963 4.7123890 1.5707967
v -0.2374998 0.0000000 0.1380000
vn -4.7123890 -1.5707966 -1.5707964
v -4.8165002 3.9449997 2.6380000
vn -4.7123885 -1.5707964 1.5707964
v -4.8165002 3.9449997 0.1380000
vn 4.7123890 -1.5707966 1.5707961
v -4.5790000 3.9449997 0.1380000
vn 4.7123890 -1.5707964 -1.5707961
v -4.5790000 3.9449997 2.6380000
vn -4.7123890 1.5707966 -1.5707961
v -4.8165002 0.0000000 2.6380000
vn -4.7123890 1.5707964 1.5707961
v -4.8165002 0.0000000 0.1380000
vn 1.5708168 1.5707966 -4.7123899
v -4.5790000 0.0000000 -0.1120000
vn 0.0000005 3.1415927 -3.1415930
v 0.0000000 0.0000000 -0.1120000
vn -0.0000005 -3.1415927 -3.1415918
v 0.0000001 -0.2500000 -0.1120000
vn -1.5708027 -1.5707970 -1.5707961
v -4.8165002 -0.2500000 -0.1120000
vn 1.5707964 -1.5707928 -4.7123957
v -4.5790009 8.1400003 -0.1120000
vn 0.0000005 3.1415925 -3.1415942
v -0.0000002 8.3900003 -0.1120000
vn -0.0000005 -3.1415925 -3.1415925
v -0.0000002 8.1400003 -0.1120000
vn -1.5707972 1.5707921 -1.5707934
v -4.8165011 8.3900003 -0.1120000
vn 1.5708168 1.5707966 4.7123899
v -4.5790000 0.0000000 2.8880000
vn 0.0000005 -3.1415927 3.1415942
v 0.0000002 -0.2500000 2.8880000
vn -0.0000005 3.1415927 3.1415927
v 0.0000002 0.0000000 2.8880000
vn -1.5707966 -1.5707968 1.5707963
v -4.8165002 -0.2500000 2.8880000
vn 1.5707964 -1.5707966 4.7123899
v -4.5790000 8.1400003 2.8880000
vn 0.0000005 -3.1415930 3.1415925
v 0.0000000 8.1400003 2.8880000
vn -0.0000005 3.1415901 3.1415918
v -0.0000001 8.3900003 2.8880000
vn -1.5708022 1.5707963 1.5707965
v -4.8165002 8.3900003 2.8880000
vn 4.7123890 -1.5707966 -1.5708084
v 4.8165011 3.9450004 2.6380000
vn -4.7123890 -1.5707966 1.5707964
v 4.5790009 3.9450004 0.1380000
vn 4.7123885 -1.5707964 1.5707961
v 4.8165011 3.9450004 0.1380000
vn -4.7123890 -1.5707967 -1.5707899
v 4.5790009 3.9450004 2.6380000
vn -3.1415925 3.1415925 3.1415930
v 4.5790009 0.0000000 0.1380000
vn 4.7123890 1.5707974 1.5707957
v 4.8165011 0.0000000 0.1380000
vn 4.7123890 1.5708055 -1.5708051
v 4.8165011 0.0000000 2.6380000
vn -3.1415927 3.1415906 -3.1415906
v 4.5790009 0.0000000 2.6380000
vn 1.5707963 4.7123890 -1.5707967
v 0.2375003 0.0000000 2.6380000
vn 1.5707963 -4.7123871 1.5707964
v 0.2375002 -0.2500000 0.1380000
vn 1.5707964 4.7123890 1.5707966
v 0.2375002 0.0000000 0.1380000
vn 1.5707964 -4.7123890 -1.5707964
v 0.2375003 -0.2500000 2.6380000
vn -1.5707964 -4.7123890 1.5707972
v 4.5790009 -0.2500000 0.1380000
vn -1.5707963 -4.7123957 -1.5707928
v 4.5790019 -0.2500000 2.6380000
vn -3.1415927 -3.1415927 -3.1415930
v 4.5790009 8.1400003 2.6380000
vn 1.5707963 4.7123890 -1.5707967
v 0.2375000 8.3900003 2.6380000
vn -1.5707963 4.7123876 -1.5707964
v 4.5790009 8.3900003 2.6380000
vn 1.5707964 -4.7123890 -1.5707965
v 0.2375000 8.1400003 2.6380000
vn -3.1415925 -3.1415930 3.1415930
v 4.5790009 8.1400003 0.1380000
vn -1.5707964 4.7123895 1.5707964
v 4.5790009 8.3900003 0.1380000
vn 1.5707964 4.7123890 1.5707965
v 0.2374998 8.3900003 0.1380000
vn 1.5707963 -4.7123890 1.5707963
v 0.2374998 8.1400003 0.1380000
vn 4.7123890 1.5707970 -1.5708022
v 4.8165011 4.1950006 2.6380000
vn 4.7123885 1.5707964 1.5707964
v 4.8165011 4.1950006 0.1380000
vn -4.7123890 1.5707966 1.5707961
v 4.5790009 4.1950006 0.1380000
vn -4.7123890 1.5707964 -1.5707961
v 4.5790009 4.1950006 2.6380000
vn 4.7123890 -1.5707966 -1.5707961
v 4.8165011 8.1400003 2.6380000
vn 4.7123890 -1.5707964 1.5707961
v 4.8165011 8.1400003 0.1380000
vn -1.5708168 -1.5707966 -4.7123899
v 4.5790009 8.1400003 -0.1120000
vn 1.5708027 1.5707970 -1.5707963
v 4.8165011 8.3900003 -0.1120000
vn -1.5707964 1.5707966 -4.7123876
v 4.5790009 0.0000000 -0.1120000
vn 1.5707951 -1.5707940 -1.5707967
v 4.8165011 -0.2500000 -0.1120000
vn -1.5708168 -1.5707966 4.7123880
v 4.5790009 8.1400003 2.8880000
vn 1.5707966 1.5707968 1.5707961
v 4.8165011 8.3900003 2.8880000
vn -1.5707964 1.5707928 4.7123957
v 4.5790019 0.0000000 2.8880000
vn 1.5707663 -1.5707933 1.5707936
v 4.8165021 -0.2500000 2.8880000
vn -3.0339811 -0.2779975 -2.6488791
v -4.2700262 6.0911131 0.0008171
vn -3.0093811 -0.0202145 2.5597267
v -4.2700582 6.0915279 1.0008166
vn -2.6379721 1.3775439 -2.4895885
v -4.2697229 6.0930529 0.0008171
vn -2.5308292 1.6326635 2.5647449
v -4.2695079 6.0934105 1.0008166
vn -1.0302348 2.7048049 -2.3429344
v -4.2675982 6.0950861 0.0008171
vn -0.9933720 2.7624176 2.4133620
v -4.2675881 6.0950584 1.0008166
vn 1.0283488 2.7830825 2.4717863
v -4.2649722 6.0950089 1.0008166
vn 0.9851044 2.8361614 -2.5439854
v -4.2649779 6.0949931 0.0008171
vn 2.4501657 1.6595891 -2.4571528
v -4.2631321 6.0936384 0.0008171
vn 2.5683031 1.2734998 2.2991447
v -4.2628770 6.0932832 1.0008166
vn 2.9864974 -0.1719944 -2.5211921
v -4.2624788 6.0911112 0.0008171
vn 2.5939612 -1.1303867 2.2430105
v -4.2627420 6.0897980 1.0008166
vn 2.4622824 -1.7794070 -2.6265316
v -4.2631822 6.0892873 0.0008171
vn 0.9789978 -2.7845228 -2.4425921
v -4.2649579 6.0878291 0.0008171
vn 1.1373868 -2.7576261 2.5034380
v -4.2649751 6.0878773 1.0008166
vn -0.6689329 -2.9290226 2.5486846
v -4.2670102 6.0877304 1.0008166
vn -0.9269749 -2.8518691 -2.5363955
v -4.2674870 6.0878582 0.0008171
vn -2.2837639 -1.8231566 2.3900790
v -4.2692952 6.0890422 1.0008166
vn -2.3909743 -1.8016447 -2.5257046
v -4.2693462 6.0891771 0.0008171
vn -2.9516740 -0.5858550 2.5592897
v -4.2733760 7.5866880 1.0008166
vn -2.7748046 0.9064651 -2.3846564
v -4.2732749 7.5885792 0.0008160
vn -2.7925880 1.1280397 2.5648217
v -4.2731891 7.5886412 1.0008166
vn -1.5420874 2.5176024 2.4440224
v -4.2716160 7.5906172 1.0008166
vn -1.6715584 2.5057111 -2.5654464
v -4.2716589 7.5905199 0.0008160
vn -0.0602243 3.0185080 -2.5814943
v -4.2697868 7.5910993 0.0008160
vn 0.1728142 3.0330286 2.6266935
v -4.2693701 7.5910740 1.0008166
vn 1.6574649 2.4649210 -2.4782305
v -4.2674928 7.5904884 0.0008160
vn 1.7511889 2.4245367 2.5195146
v -4.2675052 7.5904675 1.0008166
vn 2.8202348 0.7081348 2.3655424
v -4.2659559 7.5883613 1.0008166
vn 2.8187990 1.0740744 -2.5753701
v -4.2661119 7.5886612 0.0008160
vn 2.8770740 -0.7379027 -2.4783595
v -4.2659268 7.5863771 0.0008160
vn 2.3368335 -1.5854778 2.2349756
v -4.2664189 7.5851312 1.0008166
vn 1.9640127 -2.2937355 -2.5828900
v -4.2672338 7.5843954 0.0008160
vn 0.3251338 -2.8654742 2.3263869
v -4.2692542 7.5835042 1.0008166
vn 0.4678894 -2.9885199 -2.5949016
v -4.2690139 7.5835819 0.0008160
vn -1.2693893 -2.6964936 -2.4984097
v -4.2711992 7.5838413 0.0008160
vn -1.8446831 -2.2386892 2.3539271
v -4.2721558 7.5843859 1.0008166
vn -2.6521933 -1.2353902 -2.3964467
v -4.2730899 7.5856452 0.0008160
vn -2.9112468 -0.7612149 -2.5588031
v -3.3766360 6.0923834 0.0008171
vn -2.6788650 -1.0744117 2.3300629
v -3.3765559 6.0919023 1.0008166
vn -2.7909501 1.0438709 -2.4968600
v -3.3765550 6.0946579 0.0008171
vn -2.7570922 1.0676384 2.4519041
v -3.3764839 6.0948372 1.0008166
vn -1.6117368 2.5095417 -2.5026500
v -3.3750579 6.0965080 0.0008171
vn -1.6943920 2.5155900 2.6142650
v -3.3750479 6.0964932 1.0008166
vn -0.1778586 3.0223076 2.6012213
v -3.3731949 6.0971260 1.0008166
vn 0.3314236 2.9166226 -2.4132507
v -3.3725240 6.0971584 0.0008171
vn 1.3986571 2.6869884 2.6054506
v -3.3712771 6.0967140 1.0008166
vn 2.1103828 2.1298888 -2.5357389
v -3.3702741 6.0959940 0.0008171
vn 2.6176252 1.4129620 2.4869723
v -3.3696001 6.0951571 1.0008166
vn 2.9413242 0.4981490 -2.5041981
v -3.3692081 6.0939798 0.0008171
vn 2.9962404 -0.3488418 2.5755939
v -3.3692191 6.0929022 1.0008166
vn 2.7480917 -1.2559160 -2.5871241
v -3.3695540 6.0917091 0.0008171
vn 2.2136545 -1.9817677 2.4800358
v -3.3701091 6.0907922 1.0008166
vn 1.6795874 -2.5136423 -2.5909543
v -3.3708229 6.0902214 0.0008171
vn 0.6368589 -2.9367416 2.5500035
v -3.3721800 6.0896349 1.0008166
vn -0.0587593 -2.9681571 -2.4755163
v -3.3729880 6.0895195 0.0008171
vn -1.2378048 -2.6786408 2.4415193
v -3.3744690 6.0898242 1.0008166
vn -1.8847131 -2.2913260 -2.4718826
v -3.3754420 6.0904241 0.0008171
vn -2.0317636 -2.1683085 -2.4806807
v -3.3746359 7.5851331 0.0008171
vn -2.9137013 -0.3614585 -2.4143014
v -3.3758590 7.5874414 0.0008171
vn -2.9878821 -0.2542557 2.5361252
v -3.3758090 7.5875330 1.0008166
vn -2.4531503 1.6131202 2.4142442
v -3.3752620 7.5900030 1.0008166
vn -2.5675960 1.5493697 -2.5364861
v -3.3752570 7.5898981 0.0008171
vn -1.1658107 2.7414544 -2.4956336
v -3.3735521 7.5914092 0.0008171
vn -0.8476697 2.8428376 2.4710646
v -3.3731411 7.5915341 1.0008166
vn 0.6283206 2.9449072 -2.5636294
v -3.3711779 7.5915971 0.0008171
vn 1.2360796 2.6237330 2.3530126
v -3.3704309 7.5914102 1.0008166
vn 2.1038837 2.1794443 -2.6055083
v -3.3694570 7.5906582 0.0008171
vn 2.7347763 1.0172279 2.3826096
v -3.3684630 7.5892372 1.0008166
vn 2.9094026 0.5992023 -2.4786489
v -3.3682899 7.5886879 0.0008171
vn 2.6592734 -1.1694638 2.3609114
v -3.3685329 7.5862894 1.0008166
vn 2.7708631 -1.1993321 -2.5818176
v -3.3685939 7.5863352 0.0008171
vn 1.6872362 -2.4955602 -2.5662990
v -3.3698361 7.5848255 0.0008171
vn 1.3285521 -2.6846426 2.5293431
v -3.3704081 7.5844860 1.0008166
vn -0.1696191 -2.9304283 -2.4130821
v -3.3722501 7.5840611 0.0008171
vn -0.5359799 -2.9183874 2.4723504
v -3.3726749 7.5841360 1.0008166
vn -2.2298579 -1.9598504 2.4752419
v -3.3749490 7.5854273 1.0008166
vn -2.9807346 0.5004271 -2.5892701
v 4.2625270 6.0920162 0.0008160
vn -2.8125992 0.9917330 2.5023768
v 4.2627048 6.0927482 1.0008161
vn -2.1500354 2.0635099 -2.4977722
v 4.2635040 6.0940771 0.0008160
vn -1.6579769 2.4765069 2.4981959
v 4.2641592 6.0946264 1.0008161
vn -0.5808137 2.9542880 -2.5628541
v 4.2656078 6.0951824 0.0008160
vn 0.1048365 2.9967287 2.5361609
v 4.2663541 6.0952291 1.0008161
vn 1.0389180 2.8585501 -2.6357293
v 4.2675600 6.0949955 0.0008160
vn 1.9390098 2.1575885 2.3538761
v 4.2687421 6.0943899 1.0008161
vn 2.3554497 1.8587353 -2.5400934
v 4.2691751 6.0938864 0.0008160
vn 2.8362319 -0.0002150 2.2528031
v 4.2701459 6.0914431 1.0008161
vn 2.9192777 -0.0324331 -2.3850379
v 4.2701149 6.0914431 0.0008160
vn 2.1911986 -1.9830152 -2.4495180
v 4.2690339 6.0888090 0.0008160
vn 1.9383899 -2.1579230 2.3535271
v 4.2687421 6.0884972 1.0008161
vn 0.5450919 -2.9456856 -2.5299380
v 4.2670088 6.0877314 0.0008160
vn 0.1372774 -3.0056045 2.5580893
v 4.2663541 6.0876589 1.0008161
vn -1.3989487 -2.5654032 -2.3896425
v 4.2644262 6.0880508 0.0008160
vn -1.5687311 -2.5536883 2.5326350
v 4.2643681 6.0881581 1.0008161
vn -2.7562151 -1.0003875 2.4073925
v 4.2626548 6.0901299 1.0008161
vn -2.7672856 -1.1789706 -2.5562658
v 4.2627420 6.0900688 0.0008160
vn -2.7543926 1.2449780 2.5898664
v 4.2662511 7.5889621 1.0008161
vn -2.4090531 1.7301775 -2.4700522
v 4.2665572 7.5895510 0.0008160
vn -1.4983752 2.5550613 2.4625442
v 4.2675729 7.5905294 1.0008161
vn -0.8259779 2.8548348 -2.4817274
v 4.2686148 7.5909948 0.0008160
vn 0.6059181 2.8276134 2.3389854
v 4.2704659 7.5910873 1.0008161
vn 1.0149521 2.8285739 -2.5500777
v 4.2709088 7.5908833 0.0008160
vn 2.4530146 1.6757194 -2.4787440
v 4.2728100 7.5894670 0.0008160
vn 2.4341557 1.6364902 2.4089410
v 4.2727900 7.5894542 1.0008161
vn 2.8510880 -0.5001277 2.3435016
v 4.2734470 7.5865903 1.0008161
vn 3.0156763 -0.0466896 -2.5743239
v 4.2734170 7.5872574 0.0008160
vn 2.4013538 -1.7504539 -2.4810386
v 4.2727418 7.5850692 0.0008160
vn 1.9759949 -2.2789028 2.5751739
v 4.2720270 7.5843892 1.0008161
vn 0.9793539 -2.8560240 -2.5819874
v 4.2708030 7.5837131 0.0008160
vn 0.4241200 -2.9808040 2.5628488
v 4.2702460 7.5835705 1.0008161
vn -0.6696008 -2.9497705 -2.5948868
v 4.2688441 7.5836143 0.0008160
vn -1.4410318 -2.5565732 2.4122140
v 4.2678900 7.5839224 1.0008161
vn -2.1773899 -2.0339189 -2.4969685
v 4.2669058 7.5846653 0.0008160
vn -2.7627153 -0.7704598 2.3013906
v 4.2658629 7.5863662 1.0008161
vn -2.9354300 -0.2084435 -2.4266682
v 4.2658181 7.5870452 0.0008160
vn -2.9393132 0.6023650 -2.5398672
v 3.3692751 6.0942101 0.0008160
vn -2.1505985 2.1070466 2.5624938
v 3.3702090 6.0959435 1.0008163
vn -2.1834824 2.1047843 -2.6136842
v 3.3702221 6.0959311 0.0008160
vn -0.6994203 2.9145639 -2.5331886
v 3.3721020 6.0970573 0.0008160
vn -0.5447813 2.9297431 2.4974675
v 3.3722880 6.0970955 1.0008163
vn 0.9445829 2.8964624 -2.6488090
v 3.3741519 6.0969162 0.0008160
vn 1.2555801 2.7338574 2.5574965
v 3.3745451 6.0967813 1.0008163
vn 2.2531581 2.0084994 -2.5799687
v 3.3758111 6.0958719 0.0008160
vn 2.5749338 1.5076495 2.5054586
v 3.3762670 6.0952625 1.0008163
vn 2.9860835 0.6173586 -2.6557131
v 3.3766601 6.0941010 0.0008160
vn 2.9987755 -0.2425912 2.5578249
v 3.3767440 6.0930395 1.0008163
vn 2.8389227 -0.9870361 -2.5513773
v 3.3765831 6.0921412 0.0008160
vn 2.2118955 -1.9530072 2.4412775
v 3.3759060 6.0908971 1.0008163
vn 1.8270100 -2.3939340 -2.5641966
v 3.3752370 6.0902948 0.0008160
vn 0.3100782 -2.8891389 2.3620155
v 3.3733180 6.0894933 1.0008163
vn 0.2953192 -3.0171690 -2.6109002
v 3.3733239 6.0895681 0.0008160
vn -1.3265640 -2.7042568 -2.5655665
v 3.3713939 6.0898952 0.0008160
vn -1.6654985 -2.4895730 2.5291133
v 3.3708220 6.0902195 1.0008163
vn -2.6273530 -1.3104910 -2.4143162
v 3.3695331 6.0916090 0.0008160
vn -2.7960076 -1.0490766 2.5103641
v 3.3693869 6.0920134 1.0008163
vn -2.9585593 0.6651981 2.6128185
v 3.3692920 6.0942059 1.0008163
vn -2.3802955 1.8179437 2.5287859
v 3.3690591 7.5902405 1.0008163
vn -1.1959544 2.6627491 -2.3844590
v 3.3705270 7.5914392 0.0008160
vn -0.8249056 2.8548007 2.4807916
v 3.3709400 7.5915604 1.0008163
vn 0.7310886 2.9216611 -2.5648177
v 3.3730550 7.5915489 0.0008160
vn 1.0440553 2.8069787 2.5282354
v 3.3734541 7.5914364 1.0008163
vn 2.1955140 2.0717289 -2.5806079
v 3.3747430 7.5905514 0.0008160
vn 2.3997924 1.8812308 2.6557858
v 3.3750041 7.5902262 1.0008163
vn 2.9304745 0.3818384 -2.4494982
v 3.3758309 7.5884399 0.0008160
vn 2.9886131 0.4247325 2.5802515
v 3.3758070 7.5884371 1.0008163
vn 2.8229089 -1.1464670 2.6492922
v 3.3755350 7.5865002 1.0008163
vn 2.5506530 -1.5352340 -2.4917343
v 3.3752699 7.5858912 0.0008160
vn 1.6711539 -2.4461327 2.4634221
v 3.3743191 7.5848398 1.0008163
vn 1.2130585 -2.7561057 -2.5637310
v 3.3735261 7.5844111 0.0008160
vn -0.3768451 -2.8812821 2.3621612
v 3.3714740 7.5840831 1.0008163
vn -0.4214366 -3.0025523 -2.6118650
v 3.3714969 7.5841551 0.0008160
vn -1.8961766 -2.3573430 -2.5959334
v 3.3697000 7.5849242 0.0008160
vn -2.2234976 -1.9841012 2.4977179
v 3.3692181 7.5853748 1.0008163
vn -2.8484960 -0.8760541 -2.4980912
v 3.3684189 7.5867171 0.0008160
vn -2.9209940 -0.0888810 2.3904352
v 3.3681779 7.5877924 1.0008163
vn -2.6983941 1.1306432 -2.3962913
v 3.3684809 7.5893283 0.0008160
vn -1.9035490 -2.4862432 4.3181281
v -0.0331135 2.0133193 0.7551515
vn 1.9757109 -2.5977933 4.1959515
v 0.0372832 2.0123301 0.7545993
vn -5.1076856 -2.1392314 -0.8295391
v -0.0379222 2.0007513 0.1318650
vn -4.3329220 -2.5472052 1.1877086
v -0.0379198 2.0003092 0.1290950
vn -4.9796524 -2.2177005 -1.0527537
v -0.0379288 1.9122531 0.1741000
vn -4.8141112 2.5976198 0.4567686
v -0.0379245 1.9366202 0.1810920
vn -4.9340787 -0.8041471 -2.3518860
v -0.0379213 2.0178051 0.0694430
vn -4.7065587 1.5707637 1.5769552
v -0.0379244 2.1352532 0.1144730
vn -4.8534956 2.1950817 1.3871881
v -0.0379240 1.9387531 0.1751850
vn -5.5377088 -1.5350637 1.2878634
v -0.0379249 2.0831041 0.1758190
vn -5.6336589 -0.5566198 1.7904745
v -0.0379229 2.0684912 0.1652700
vn -5.5748105 0.4791059 1.8939275
v -0.0379223 1.9945221 0.1651490
vn -5.0220342 1.0348784 2.1692619
v -0.0379214 1.9905331 0.1236711
vn -5.6401443 1.7852648 0.5545605
v -0.0379180 1.9735522 0.1847290
vn -4.1293139 -2.3583639 -1.7641902
v -0.0379250 1.9522221 0.1784580
vn -5.5370646 1.3027600 1.5177325
v -0.0379233 1.9829402 0.1713500
vn -4.3523102 -0.7620096 2.7024574
v -0.0379195 1.9939232 0.1237140
vn -2.3045709 4.7731614 2.8361595
v -0.0338892 1.9798272 0.1813910
vn 2.3251002 4.7467542 2.8354392
v 0.0380400 1.9794083 0.1821750
vn 2.1675372 -4.9673619 2.7020819
v 0.0380260 2.8936982 0.1819110
vn 2.3850312 -5.3947544 0.7356357
v 0.0380537 2.8963242 0.1901910
vn -2.3442817 -5.4313960 0.7446584
v -0.0338682 2.8962791 0.1899660
vn -2.3225429 -4.8477302 2.6773963
v -0.0338732 2.8935492 0.1816360
vn 2.3947320 -4.8213229 2.6084247
v 0.0380391 2.0821712 0.1820050
vn 2.3729870 -5.4044681 0.7359756
v 0.0380548 2.0847502 0.1901780
vn -2.3437746 -5.4325728 0.8150704
v -0.0338681 2.0847051 0.1899630
vn 2.3151324 -5.4696617 0.7300477
v 0.0380546 2.7340093 0.1901801
vn 2.1747825 -5.5790453 -0.6708797
v 0.0380188 2.7339642 0.5988712
vn -2.3155725 -5.4680691 -0.7408558
v -0.0339038 2.7340093 0.5986555
vn -2.1980393 -5.5609431 0.7371997
v -0.0338680 2.7339642 0.1899641
vn 2.3079848 -5.4731584 0.7188895
v 0.0380545 2.5716941 0.1901801
vn 2.3540184 -5.4103699 -1.0849721
v 0.0380266 2.5713751 0.6012372
vn -2.3480558 -5.4018421 -0.9569904
v -0.0339038 2.5716941 0.5986550
vn -2.1332555 5.6057434 -0.6113224
v -0.0338913 1.9768913 0.5984000
vn 2.3870065 5.3887372 -0.8033894
v 0.0380424 1.9769893 0.5990603
vn 2.1365178 5.6033149 0.6133589
v 0.0380422 1.9768913 0.1904351
vn -2.3143618 5.4625182 0.7168193
v -0.0338917 1.9769893 0.1897750
vn 2.3147128 5.4625454 -0.7113642
v 0.0380425 2.4639332 0.5990605
vn 2.3010786 5.4689331 0.6697717
v 0.0380422 2.4638362 0.1904351
vn -2.3150971 5.4623194 0.7156783
v -0.0338916 2.4639332 0.1897750
vn -2.3011386 4.3895974 -3.4246964
v -0.0338894 2.3067262 0.6108404
vn 2.3005924 4.3098745 -3.5179944
v 0.0380400 2.3072901 0.6115277
vn 2.4738286 5.2959352 -1.2207525
v 0.0380292 2.3019452 0.6015335
vn -2.3678920 5.4188328 -1.0113440
v -0.0338985 2.3017812 0.6006897
vn -2.3727291 4.9143586 -2.4479172
v -0.0338894 3.1156123 0.6066599
vn 2.4125910 4.7886276 -2.6023853
v 0.0380409 3.1160271 0.6074391
vn -1.9199950 2.5281816 -4.3019080
v -0.0331167 3.1852922 0.0664930
vn 2.1959901 3.2030151 -3.9338593
v 0.0372528 3.1893523 0.0695111
vn 1.9241959 1.3000422 -4.8159189
v 0.0372645 3.1818311 0.0650600
vn -5.6398892 1.7848518 0.5540950
v -0.0379180 2.4604921 0.1847470
vn -5.6548748 -1.7213359 0.6426696
v -0.0379163 2.4123681 0.1835051
vn -5.5070257 2.0282581 0.3058944
v -0.0379241 2.6221743 0.1898870
vn -5.5052223 -2.0292439 0.2906200
v -0.0379240 2.5755823 0.1891190
vn -5.5195842 -2.0039001 -0.3436832
v -0.0379239 2.5756962 0.5989496
vn -5.5013175 2.0260663 -0.3512803
v -0.0379241 2.6222873 0.5997163
vn -5.6627917 1.7211587 -0.6279122
v -0.0379145 2.7855031 0.6053296
vn -5.5641952 1.9299945 0.4260617
v -0.0379222 2.7847321 0.1873620
vn -5.6607294 -1.7338256 0.6090408
v -0.0379170 2.7369993 0.1835051
vn -5.6691060 1.7235910 -0.6035330
v -0.0379188 2.2984762 0.6052010
vn -5.5240140 1.3368565 1.5202427
v -0.0379247 2.1450253 0.2541100
vn -4.6596289 1.5696020 -1.6041203
v -0.0379246 2.1352532 0.1944840
vn -5.5850744 -1.8943180 0.4733576
v -0.0379220 2.0882781 0.1862880
vn -5.6420112 1.7786463 0.5494049
v -0.0379152 2.1358621 0.2672780
vn -5.5576158 -1.9383922 -0.4289523
v -0.0379227 2.9000082 0.6016218
vn -5.6652708 1.7397141 -0.5849887
v -0.0379188 2.9477351 0.6052018
vn -5.6516976 0.6161382 1.7426652
v -0.0379147 2.9656401 0.2482100
vn -3.1415927 -0.0000329 -3.1410484
v -0.0379246 2.9719973 0.1944840
vn -4.7097111 1.5710300 -1.5722612
v -0.0379246 2.9441283 0.1944840
vn -5.5712709 -1.9078563 0.4717484
v -0.0379257 2.8999252 0.1864870
vn -5.5323348 1.5687025 1.2672837
v -0.0379227 2.9528282 0.2580210
vn -5.5645771 1.9331675 0.4261046
v -0.0379211 2.9470451 0.2698940
vn -5.5012465 2.0261402 -0.3540376
v -0.0379241 3.1093061 0.5998979
vn 2.3254271 -0.7126401 5.4638071
v 0.0378083 1.8873131 0.5193729
vn -2.3102219 -0.8120543 5.4698153
v -0.0330969 1.8876052 0.5193708
vn 2.4605083 -1.2836975 -5.2986894
v 0.0375421 1.8898473 0.4200766
vn -2.2641077 -0.7270670 -5.5017023
v -0.0333355 1.8872941 0.4201956
vn -2.4060817 -3.0109999 -4.5535297
v -0.0331922 1.8957613 0.4172324
vn 2.1951993 -0.5265257 -5.0505109
v 0.0372528 2.0217841 0.0643231
vn -1.8922143 -1.3328232 -4.8459501
v -0.0331246 2.0167792 0.0650610
vn -2.3209300 0.0000781 -5.2586551
v -0.0331081 2.1948502 0.0643231
vn 3.0479045 0.3907541 -3.5432773
v -0.0306386 2.1914833 0.0643231
vn 2.6233895 1.6126040 -3.5232937
v -0.0267184 2.1805573 0.0643231
vn -3.0463192 -0.3768083 -3.5637169
v 0.0348518 2.1982772 0.0643231
vn -2.9317060 0.9112388 -3.5688319
v 0.0338258 2.1868463 0.0643231
vn -2.3200283 2.0263443 -3.5314858
v 0.0279934 2.1766052 0.0643231
vn 1.8002613 2.5097620 -3.4930584
v -0.0184100 2.1717741 0.0643231
vn -1.4029732 2.7544243 -3.4879677
v 0.0181988 2.1691182 0.0643231
vn 0.7716827 2.9971316 -3.4712710
v -0.0069430 2.1664941 0.0643231
vn -0.3200448 3.0800216 -3.4641125
v 0.0059241 2.1655591 0.0643231
vn -0.7447844 -2.3275151 -4.9670115
v -0.0078074 1.8078902 0.4202586
vn -2.2653766 -0.7405519 -5.0420752
v -0.0331221 1.8328071 0.4202606
vn 2.6967156 1.3415244 -3.7076890
v -0.0253081 1.8408651 0.4202606
vn 1.6300596 2.5721581 -3.6297152
v -0.0142773 1.8291032 0.4202606
vn 0.9837260 -2.2425346 -4.9555640
v 0.0144009 1.8082232 0.4202579
vn 2.2905018 -0.9182162 -4.9231272
v 0.0375699 1.8312843 0.4202582
vn -2.6365197 1.5862445 -3.5374532
v 0.0294429 1.8386142 0.4202606
vn -1.8103985 2.4986451 -3.5131748
v 0.0218912 1.8305042 0.4202606
vn 0.3661487 3.0648329 -3.5089805
v -0.0006601 1.8247161 0.4202606
vn -0.7746322 2.9945543 -3.4866629
v 0.0112647 1.8255882 0.4202606
vn 0.7666364 -2.3217912 4.9590936
v 0.0131196 1.8078971 0.5193097
vn 2.2936351 -0.7547826 5.0035553
v 0.0377309 1.8328252 0.5193094
vn -2.3322546 2.0108263 3.5345223
v 0.0268721 1.8350081 0.5193070
vn -0.3586968 -2.3517132 5.1624722
v -0.0077153 1.8078721 0.5193071
vn -2.2136261 -0.9617791 5.0019121
v -0.0326964 1.8308232 0.5193071
vn -1.4226266 -1.9581032 5.1152749
v -0.0105586 1.8090332 0.5193071
vn -2.9484236 0.5834332 3.7425590
v 0.0330748 1.8461592 0.5193070
vn -1.3976488 2.7561367 3.4977319
v 0.0177932 1.8280323 0.5193070
vn -2.7290912 -1.2711915 3.7525985
v 0.0310588 1.8632081 0.5193070
vn -0.3249362 3.0765436 3.4829192
v 0.0064108 1.8247161 0.5193070
vn 0.7803475 2.9913692 3.4911652
v -0.0055140 1.8255882 0.5193070
vn -1.6357903 -2.5827379 3.6295779
v 0.0200278 1.8749692 0.5193070
vn -0.3667821 -3.0893071 3.5088971
v 0.0064108 1.8793571 0.5193070
vn 1.8479078 2.4601312 3.5457695
v -0.0165849 1.8307652 0.5193070
vn 2.6724451 1.5181150 3.5554099
v -0.0243485 1.8395431 0.5193070
vn 0.8154765 -2.9935212 3.5125170
v -0.0055147 1.8784852 0.5193070
vn 3.0714819 0.2682318 3.5588732
v -0.0275854 1.8498352 0.5193070
vn 2.0146997 -2.2920885 3.6376777
v -0.0184362 1.8720481 0.5193070
vn 2.8846390 -1.0790155 3.5856152
v -0.0262193 1.8604512 0.5193070
vn 2.2387528 -0.7591292 5.5260177
v 0.0380190 2.0634601 0.1687191
vn -2.2890191 -0.6564202 5.4857354
v -0.0339041 2.0632463 0.1686740
vn -2.2768970 4.3409162 3.4797702
v -0.0338460 2.1448371 0.2600570
vn 2.3065767 4.7498665 2.8375139
v 0.0380401 2.1417232 0.2647010
vn 2.3674967 3.1427474 4.5508676
v 0.0380989 2.1498992 0.2550570
vn -2.3584421 -2.6279948 -4.8408947
v -0.0338893 2.0712481 0.6176695
vn 2.3305101 -3.5433867 -4.2115016
v 0.0379967 2.0758932 0.6145547
vn 2.4182794 -1.3674103 -5.3013840
v 0.0380376 2.0661082 0.6197732
vn 2.3857687 0.8209603 5.3915462
v 0.0380549 1.9984202 0.1686740
vn -2.3992176 1.2642337 5.3338032
v -0.0338763 1.9958413 0.1689930
vn 2.4592457 -1.2059178 -5.3013802
v 0.0380376 3.2023122 0.6197732
vn -2.1702955 -0.6749672 -5.5807800
v -0.0338915 3.1991923 0.6201860
vn 2.3853204 3.1504648 4.5264320
v 0.0381021 1.9875913 0.1725221
vn -2.3784764 3.4023049 4.2960434
v -0.0338458 1.9860573 0.1740470
vn -2.3042569 -0.6631401 -5.4653168
v -0.0338915 2.0629892 0.6201860
vn 2.3376358 1.0196679 -5.4406486
v 0.0380378 1.9964962 0.6199757
vn -2.4299693 1.3813871 -5.2956266
v -0.0338869 1.9955592 0.6197734
vn -2.3662117 3.5877106 -4.1638060
v -0.0338892 1.9855492 0.6144165
vn 2.3036373 3.4239955 -4.3877521
v 0.0380401 1.9862361 0.6149806
vn 2.3469698 4.8178916 -2.6835008
v 0.0380401 1.9798272 0.6074448
vn -2.3573296 4.7789488 -2.7098122
v -0.0338892 1.9794083 0.6066604
vn -2.3452311 4.7888017 -2.7012093
v -0.0338892 2.1417232 0.6066597
vn 2.2759197 4.5658698 -3.2528749
v 0.0380314 2.1434062 0.6098203
vn -2.3256068 -5.4592838 -0.7370690
v -0.0339158 2.0847023 0.5987273
vn 2.1790442 -5.5754700 -0.6738676
v 0.0379964 2.0846772 0.5989251
vn 2.2907209 -4.7603278 -2.8472776
v 0.0380301 2.0819871 0.6071876
vn -2.2960379 -4.6043134 -3.1912119
v -0.0339512 2.0809011 0.6094857
vn 2.2660513 -3.2318449 4.5890698
v 0.0380068 2.0740461 0.1726010
vn -2.2686679 -2.8314645 4.8079371
v -0.0338868 2.0715551 0.1713120
vn -2.4407089 -4.5011520 3.1067855
v -0.0338954 2.0808151 0.1793361
vn 5.5829821 -1.5334531 1.2150238
v 0.0420758 2.0831373 0.1758560
vn 4.7103949 1.5705003 -1.5744057
v 0.0420754 2.1352332 0.1944840
vn 3.1415925 0.0000000 -3.1416454
v 0.0420754 2.1559322 0.1944840
vn 5.5904617 0.4386617 1.8939015
v 0.0420763 2.1578681 0.2474080
vn 5.5581455 -1.9410768 0.4224666
v 0.0420731 2.0885103 0.1873651
vn 5.5583777 1.3369197 1.4558963
v 0.0420756 2.1456912 0.2535660
vn 5.6563215 1.7252520 0.6354067
v 0.0420653 2.1362412 0.2660370
vn -2.4624984 5.3012466 1.2030542
v -0.0338866 2.1396191 0.2698420
vn 2.1328912 5.6057091 0.6033239
v 0.0380424 2.1392062 0.2729610
vn -2.4598768 5.3029885 1.1987996
v -0.0338867 2.3019342 0.1873161
vn 2.1634090 5.5864019 0.6711720
v 0.0380419 2.3015211 0.1904340
vn 2.4050932 0.8136125 5.3837996
v 0.0380537 2.1607492 0.2512000
vn 2.3832378 -1.1193525 5.3909554
v 0.0380270 2.2281401 0.2515190
vn -2.3504326 0.7396505 5.4335670
v -0.0338683 2.1605241 0.2512450
vn -2.3016846 -0.6654459 -5.4653420
v -0.0338915 2.2253041 0.6201860
vn 2.4167588 -1.3757727 -5.2997947
v 0.0380377 2.2284231 0.6197732
vn -2.4412811 -1.1214941 5.3411803
v -0.0338795 2.2278283 0.2514501
vn -2.3154714 2.6618180 4.8587523
v -0.0338725 2.1521921 0.2539760
vn 2.3424070 5.4399705 -0.7971658
v 0.0380242 2.1393292 0.5991052
vn 2.3016634 0.6654112 -5.4653602
v 0.0380423 2.1609921 0.6201860
vn -2.4177351 1.3795146 -5.2981715
v -0.0338869 2.1578722 0.6197732
vn -2.3480525 3.5905333 -4.1655884
v -0.0338893 2.1478631 0.6144160
vn 2.3555789 2.6185520 -4.8472815
v 0.0380401 2.1527331 0.6176696
vn -2.1799242 5.5699053 -0.6022572
v -0.0339051 2.1392462 0.5983938
vn 5.6407328 1.7804663 -0.5492046
v 0.0420653 2.2981641 0.6039834
vn 5.6452193 -1.7472517 -0.6273496
v 0.0420626 2.2500501 0.6052719
vn 2.2792146 -4.7671614 -2.8530755
v 0.0380318 2.2443082 0.6071782
vn -2.2957699 -4.6046066 -3.1911576
v -0.0339513 2.2432172 0.6094855
vn 2.3288565 -3.5462232 -4.2104521
v 0.0379967 2.2382081 0.6145546
vn -2.3254914 -5.4593210 -0.7369184
v -0.0339158 2.2470171 0.5987267
vn 2.1807752 -5.5739479 -0.6758844
v 0.0379969 2.2469912 0.5989316
vn -2.3584180 -2.6279063 -4.8409657
v -0.0338894 2.2335632 0.6176696
vn 2.3038232 -3.5117824 4.3196373
v 0.0380302 2.2382092 0.2567500
vn -2.2954195 -3.4376211 4.3853788
v -0.0338794 2.2379792 0.2565610
vn 2.3353255 -4.8799071 2.5932479
v 0.0380301 2.2444422 0.2644360
vn -2.3447618 -4.8350892 2.6638803
v -0.0338793 2.2443011 0.2641730
vn 2.3797317 -5.3987122 0.7407430
v 0.0380547 2.2470641 0.2727031
vn -2.3235674 -5.4495173 0.7365497
v -0.0338680 2.2470202 0.2724880
vn 2.3749323 4.8390293 2.6269712
v 0.0380401 2.4663522 0.1821760
vn -2.3032367 4.7742376 2.8364024
v -0.0338892 2.4667711 0.1813920
vn 2.3339064 -0.7472185 5.4441714
v 0.0380190 2.3880901 0.1687191
vn -2.3735130 -0.9245753 5.3920789
v -0.0339041 2.3878751 0.1686740
vn -2.3005812 -0.6695526 -5.4653196
v -0.0338915 2.3876181 0.6201860
vn 2.4168317 -1.3757885 -5.2997446
v 0.0380376 2.3907382 0.6197732
vn 2.3720903 -2.7130313 4.7961016
v 0.0380300 2.3964062 0.1714370
vn -2.3812606 -3.1292462 4.5216169
v -0.0338659 2.3983393 0.1723660
vn 2.3663044 2.6590562 4.8312030
v 0.0380300 2.3147821 0.1712970
vn -2.3906889 2.5539942 4.8492684
v -0.0338792 2.3145192 0.1714370
vn 2.3729811 0.7378913 5.4047651
v 0.0380549 2.3230503 0.1686740
vn -2.3496757 0.8556763 5.4097486
v -0.0338682 2.3228352 0.1687191
vn 2.3375273 4.5777812 3.1751442
v 0.0381021 2.3051991 0.1796410
vn -2.1670218 4.4030747 3.5509393
v -0.0338458 2.3071523 0.1775310
vn 2.3072467 0.6717110 -5.4636755
v 0.0380423 2.3233073 0.6201860
vn -2.3882475 0.8091110 -5.3862262
v -0.0338917 2.3226471 0.6200886
vn -2.3454278 2.6831439 -4.8194132
v -0.0338892 2.3142641 0.6172505
vn 2.3461771 2.5677264 -4.8815913
v 0.0380401 2.3150482 0.6176696
vn -2.3906176 4.3390808 -3.3378215
v -0.0338892 2.4690411 0.6108408
vn 2.2868652 4.7764583 -2.8360028
v 0.0380400 2.4667711 0.6074431
vn -2.3969820 5.3601551 -1.1511990
v -0.0338867 2.4640462 0.6005832
vn 2.2888072 -4.7605214 -2.8483779
v 0.0380301 2.4066162 0.6071878
vn 2.3306036 -3.5433791 -4.2113748
v 0.0379966 2.4005222 0.6145549
vn -2.3537881 -4.6347818 -3.0583484
v -0.0339513 2.4055312 0.6094855
vn 2.1743114 -5.5794253 -0.6712478
v 0.0380188 2.4093351 0.5988729
vn -2.3953092 -5.3883572 -0.8295639
v -0.0339038 2.4093792 0.5986564
vn -2.2778018 -2.6833458 -4.8844848
v -0.0338893 2.3958771 0.6176696
vn 2.2805011 -4.6423883 3.1439695
v 0.0380167 2.4056871 0.1797140
vn -2.2440598 -4.7236190 2.9905736
v -0.0338794 2.4066162 0.1816471
vn 2.3149660 -5.4697666 0.7300439
v 0.0380547 2.4093792 0.1901790
vn -2.1761079 -5.5777273 0.6726304
v -0.0338679 2.4093351 0.1899620
vn 5.6495733 -1.7407273 -0.6263062
v 0.0420671 2.4123681 0.6053296
vn 5.5679646 1.9109313 0.4794126
v 0.0420730 2.4603372 0.1862791
vn 2.3197327 -0.7345586 5.4522309
v 0.0380189 2.5504053 0.1687191
vn 2.3695292 -2.7196660 4.7928748
v 0.0380301 2.5587211 0.1714370
vn -2.2441456 -2.8075733 4.8330746
v -0.0338793 2.5584571 0.1712960
vn -2.2790840 -0.6503766 5.4944267
v -0.0339041 2.5501902 0.1686740
vn -2.3505218 5.4008517 0.9253274
v -0.0338915 2.6262481 0.1897750
vn 2.1368434 5.6030302 0.6132645
v 0.0380420 2.6261511 0.1904351
vn 2.3232756 4.7476792 2.8367045
v 0.0380401 2.6286671 0.1821750
vn -2.4301336 4.7766056 2.6018972
v -0.0338893 2.6290863 0.1813910
vn -2.2008188 -2.7573586 -4.9182515
v -0.0338893 2.5581923 0.6176699
vn 2.3520885 -2.6813400 -4.8195090
v 0.0380401 2.5589762 0.6172507
vn 2.3883045 -0.7996164 -5.3891430
v 0.0380425 2.5505931 0.6200886
vn -2.3001781 -0.6647971 -5.4709477
v -0.0338914 2.5499332 0.6201860
vn 2.3058693 0.7326334 5.4712729
v 0.0380549 2.4853652 0.1686740
vn -2.3991685 1.2635719 5.3339233
v -0.0338763 2.4827852 0.1689930
vn 2.2928879 3.2061553 4.5959682
v 0.0381020 2.4745362 0.1725221
vn -2.3785660 3.4024901 4.2958698
v -0.0338458 2.4730012 0.1740470
vn 2.3995991 1.1581614 -5.3566561
v 0.0380377 2.4834392 0.6199755
vn -2.3153532 0.7153918 -5.4608917
v -0.0338917 2.4849622 0.6200886
vn -2.2870560 2.8359406 -4.7763190
v -0.0338893 2.4765782 0.6172504
vn 2.3908727 3.3377137 -4.3388772
v 0.0380401 2.4731812 0.6149804
vn -2.1892197 3.5726273 -4.3744798
v -0.0338893 2.6348093 0.6144168
vn 2.5307109 3.2216375 -4.2830176
v 0.0380401 2.6354971 0.6149812
vn 2.1685615 4.9251561 -2.7763817
v 0.0380401 2.6290863 0.6074441
vn -2.3696518 4.9104981 -2.4576969
v -0.0338893 2.6286671 0.6066603
vn 2.2819078 -4.3509626 -3.4792838
v 0.0379967 2.5663211 0.6110201
vn -2.4900537 -4.5448790 -2.9658146
v -0.0339512 2.5678473 0.6094852
vn 2.2739606 -4.6378384 3.1523700
v 0.0380166 2.5680022 0.1797150
vn -2.3866255 -4.1519599 3.5728252
v -0.0338794 2.5661452 0.1775301
vn -2.3715672 -5.3558726 1.3291677
v -0.0338758 2.5713751 0.1875980
vn 5.6562023 1.7247781 0.6378669
v 0.0420671 2.6231861 0.1835060
vn -2.3474922 5.4156837 -0.7724244
v -0.0338913 2.6261511 0.5984003
vn 2.3885365 5.3870769 -0.8057612
v 0.0380424 2.6262481 0.5990600
vn -2.3945160 5.3861575 0.8079087
v -0.0338914 2.7885633 0.1897750
vn 2.1653094 5.5857677 0.6826782
v 0.0380420 2.7884653 0.1904351
vn -2.2959514 -0.6545134 -5.4725413
v -0.0338914 2.7122481 0.6201860
vn 2.4182441 -1.3673259 -5.3014250
v 0.0380376 2.7153671 0.6197732
vn 2.3856502 0.8210475 5.3916483
v 0.0380549 2.6476791 0.1686740
vn 2.3474050 -0.8517820 5.4119477
v 0.0380190 2.7127202 0.1687191
vn -2.3414173 -0.8590307 5.4124489
v -0.0339041 2.7125051 0.1686740
vn -2.3716340 1.1127104 5.3925552
v -0.0338763 2.6451001 0.1689930
vn 2.4098802 -2.6233041 4.8028235
v 0.0380300 2.7210362 0.1714380
vn -2.4100668 -2.5510509 4.8328094
v -0.0338793 2.7207732 0.1712970
vn 2.3853183 3.1504893 4.5263314
v 0.0381020 2.6368511 0.1725221
vn -2.1496520 3.5652812 4.4066310
v -0.0338460 2.6353171 0.1740470
vn 2.3442428 1.2890697 -5.3825002
v 0.0380378 2.6457541 0.6199756
vn -2.4732361 1.2279627 -5.2932076
v -0.0338869 2.6448171 0.6197732
vn -2.1591117 4.4422336 -3.5130870
v -0.0338894 2.7936702 0.6108399
vn 2.3347583 4.8214211 -2.6829612
v 0.0380402 2.7914011 0.6074448
vn -2.3121116 5.4560366 -1.0034566
v -0.0338869 2.7886763 0.6005820
vn 2.2891884 -4.7605186 -2.8478937
v 0.0380301 2.7312462 0.6071879
vn 2.3304667 -3.5432985 -4.2116160
v 0.0379967 2.7251523 0.6145550
vn -2.2938035 -4.6032619 -3.1953661
v -0.0339512 2.7301621 0.6094854
vn -2.3584418 -2.6277936 -4.8409667
v -0.0338893 2.7205071 0.6176694
vn 2.1867585 -4.6755619 3.2151804
v 0.0380167 2.7303171 0.1797150
vn -2.2083306 -4.5902414 3.3087006
v -0.0338660 2.7300792 0.1793580
vn 2.3878760 5.3879728 -0.7995694
v 0.0380424 2.7885633 0.5990602
vn 2.3455718 2.6589446 4.8353558
v 0.0380300 2.9640412 0.2538230
vn 2.3615427 0.7218510 5.4116402
v 0.0380544 2.9723091 0.2512010
vn -2.3583877 1.0986410 5.4040394
v -0.0338764 2.9697301 0.2515190
vn -2.3419569 4.8277493 2.6696045
v -0.0338893 2.7914011 0.1813910
vn 2.2260258 4.6168766 3.2486031
v 0.0381020 2.7921431 0.1796410
vn -2.2698243 3.4714143 4.3596258
v -0.0338459 2.7976313 0.1740470
vn 2.4155877 -1.3653729 -5.3025184
v 0.0380376 2.8776822 0.6197734
vn -2.1946440 -0.6964194 -5.5614767
v -0.0338915 2.8745632 0.6201860
vn 2.3426862 -1.3879735 5.3692431
v 0.0380270 2.8773992 0.1689930
vn -2.4370835 -1.1115197 5.3458276
v -0.0338796 2.8770862 0.1689240
vn 2.3375645 0.8495973 5.4142847
v 0.0380549 2.8099952 0.1686740
vn -2.3617189 1.0927811 5.4042058
v -0.0338763 2.8074152 0.1689930
vn 2.3894696 2.5634680 4.8301344
v 0.0380300 2.8017271 0.1712970
vn 5.6504383 -1.7708095 0.5542862
v 0.0420688 2.7373781 0.1847470
vn 2.3286760 1.0165520 -5.4426160
v 0.0380377 2.8080692 0.6199755
vn -2.3497968 0.9212793 -5.4007812
v -0.0338917 2.8095922 0.6200886
vn -2.4118977 2.6054478 -4.7781210
v -0.0338893 2.8012083 0.6172505
vn 2.2906792 3.4251616 -4.3889937
v 0.0380401 2.7978113 0.6149805
vn -2.3292353 4.6204343 -3.1012905
v -0.0338807 2.9542742 0.6087635
vn 2.2959452 4.3003068 -3.5252738
v 0.0380401 2.9565492 0.6115271
vn 2.4591570 5.3009319 -1.2109326
v 0.0380320 2.9512031 0.6015353
vn 2.3035614 -4.7497282 -2.8628988
v 0.0380300 2.8935611 0.6071878
vn 2.3465283 -3.5543962 -4.1996384
v 0.0379968 2.8874671 0.6145552
vn -2.3381855 -3.1747942 -4.5773864
v -0.0339513 2.8853571 0.6165079
vn -2.3675640 -4.8348255 -2.6519322
v -0.0338794 2.8937011 0.6069248
vn 2.1718416 -5.5769486 -0.6692616
v 0.0379965 2.8962522 0.5989249
vn -2.3687518 -5.4081130 -0.7278072
v -0.0339160 2.8962762 0.5987268
vn 2.5469148 -3.3553948 4.1640940
v 0.0380301 2.8874691 0.1742240
vn -2.3052785 -3.4341185 4.3782439
v -0.0338794 2.8872383 0.1740350
vn -2.3953636 5.3849788 0.8094178
v -0.0338917 2.9508781 0.2723020
vn 2.1637495 5.5866222 0.6814620
v 0.0380422 2.9507802 0.2729630
vn 5.5728498 -1.9084923 0.4515902
v 0.0420759 2.9001181 0.1873250
vn 4.5983453 1.5667558 -1.6365894
v 0.0420753 2.9441082 0.1944840
vn 5.5592642 0.4248007 1.9371020
v 0.0420717 2.9694922 0.2474480
vn 5.6624289 1.7510673 0.5936741
v 0.0420640 2.9478161 0.2660370
vn 5.5672741 1.2466712 1.5341574
v 0.0420734 2.9576261 0.2532231
vn -2.3516419 5.4000006 0.9252399
v -0.0338917 3.1131921 0.1897750
vn 2.3515055 5.4117002 0.7761267
v 0.0380419 3.1130962 0.1904330
vn 2.3939435 4.8677297 2.5245786
v 0.0380400 3.1156111 0.1821760
vn -2.4303894 4.7762222 2.6020060
v -0.0338894 3.1160312 0.1813910
vn -2.1896911 3.5726571 -4.3740621
v -0.0338894 3.1217532 0.6144163
vn 2.1785588 3.5076127 -4.4385858
v 0.0380401 3.1224411 0.6149807
vn -2.3420157 4.8276010 2.6696873
v -0.0338894 2.9537172 0.2639160
vn -2.3235719 -2.8364673 -4.7475204
v -0.0338894 3.0451372 0.6176695
vn 2.2308428 -2.9036696 -4.7944450
v 0.0380400 3.0459211 0.6172503
vn 2.3162618 -0.7214505 -5.4598198
v 0.0380425 3.0375371 0.6200886
vn -2.1608067 -0.6290591 -5.5846558
v -0.0338915 3.0368772 0.6201860
vn 2.3686674 -1.1160959 5.3936062
v 0.0380265 3.0397162 0.2515200
vn 2.2846255 -3.5143709 4.3211250
v 0.0380301 3.0497832 0.2567500
vn -2.2944760 -2.7422955 4.8176517
v -0.0338794 3.0454032 0.2538230
vn -2.2697110 3.4715326 4.3596520
v -0.0338459 2.9599462 0.2565730
vn 2.3367467 4.5854144 3.1635447
v 0.0381020 2.9544582 0.2621670
vn 2.2977991 0.6672994 -5.4709058
v 0.0380422 2.9725661 0.6201860
vn -2.3882103 0.8090859 -5.3862557
v -0.0338917 2.9719071 0.6200886
vn 2.3462303 2.5678420 -4.8815198
v 0.0380401 2.9643071 0.6176695
vn -2.3704865 2.7470443 -4.7720184
v -0.0338892 2.9635231 0.6172502
vn -2.2055387 5.5540671 -0.6569431
v -0.0339050 2.9508202 0.5983919
vn 5.5083590 2.0302157 -0.2858714
v 0.0420754 3.1090441 0.5984459
vn 5.5115147 -2.0271089 -0.2629925
v 0.0420754 3.0626171 0.5990928
vn -2.3837793 -5.3954124 -0.8095711
v -0.0339159 3.0585911 0.5987263
vn 2.3466628 -5.3721561 -1.3465236
v 0.0380137 3.0583012 0.6012675
vn 2.3747113 -5.4012332 0.7304826
v 0.0380547 3.0586381 0.2727040
vn -2.4048972 -5.3295641 1.2721764
v -0.0338761 3.0583191 0.2701240
vn 2.4045978 -4.1961489 -3.4892557
v 0.0379966 3.0532663 0.6110195
vn -2.3862412 -4.5288062 -3.1461205
v -0.0339513 3.0547922 0.6094849
vn 2.3184652 -4.8815074 2.5945671
v 0.0380301 3.0560162 0.2644360
vn -2.3770077 -4.2532525 3.4576535
v -0.0338795 3.0530901 0.2600560
vn -2.2717969 -0.6437028 5.4966903
v -0.0339041 3.0371342 0.2512000
vn 2.1749249 -0.6661142 5.5739794
v 0.0380189 3.1996641 0.1687191
vn 2.2697201 -2.8737974 4.7543283
v 0.0380300 3.2079811 0.1714380
vn -2.3855767 -1.2724035 5.3587956
v -0.0338796 3.2017171 0.1689240
vn 2.3091962 0.7299893 5.4710054
v 0.0380549 3.1346242 0.1686740
vn 2.1831040 3.2735267 4.6390252
v 0.0381020 3.1237962 0.1725221
vn -2.3755517 1.1067369 5.3922873
v -0.0338763 3.1320453 0.1689930
vn -2.1501324 3.5651968 4.4063292
v -0.0338460 3.1222613 0.1740470
vn 2.3414912 5.4044442 -0.9473765
v 0.0380238 3.1132181 0.5991088
vn 2.3273439 1.0103899 -5.4489317
v 0.0380377 3.1326993 0.6199756
vn -2.4732323 1.2279723 -5.2932053
v -0.0338869 3.1317623 0.6197732
vn -2.3452404 5.4177675 -0.7507827
v -0.0339050 3.1131351 0.5983943
vn 2.3495698 -5.4110184 -0.8515422
v 0.0380189 3.2209091 0.5988701
vn -2.3739221 -5.4046168 -0.7371233
v -0.0339040 3.2209532 0.5986552
vn -2.1673927 -5.5801497 0.6592976
v -0.0338681 3.2209091 0.1899650
vn 2.3907723 -4.8491459 -2.5539777
v 0.0380301 3.2181902 0.6071879
vn -2.3663006 -4.8313656 -2.6589236
v -0.0338794 3.2183311 0.6069248
vn 2.1671457 -3.5511277 -4.4028435
v 0.0379966 3.2120962 0.6145555
vn -2.3383660 -3.1746225 -4.5773382
v -0.0339513 3.2099862 0.6165082
vn 2.3438985 -4.2643228 3.4766140
v 0.0380300 3.2155931 0.1777600
vn -2.2909715 -3.6105654 4.2112193
v -0.0338793 3.2118671 0.1740340
vn 2.4067311 -5.3277144 1.2756414
v 0.0380303 3.2207041 0.1879110
vn -2.2697396 -4.7543387 2.8737860
v -0.0338793 3.2181902 0.1816471
vn 2.9352415 -0.9199834 -3.5375888
v -0.0296127 2.2029142 0.0643231
vn 3.0478990 -0.3907599 3.5432882
v -0.0306386 2.1982772 0.1144730
vn 2.6233542 -1.6126519 3.5233092
v -0.0267180 2.2092042 0.1144730
vn 2.3219643 -2.0285678 -3.5107384
v -0.0237807 2.2131541 0.0643231
vn 1.8001683 -2.5098202 3.4930799
v -0.0184103 2.2179861 0.1144730
vn 1.3927572 -2.7603104 -3.4822004
v -0.0139859 2.2206421 0.0643231
vn 0.7717337 -2.9971564 3.4711246
v -0.0069438 2.2232652 0.1144730
vn 0.3236001 -3.0790336 -3.4671938
v -0.0017089 2.2242012 0.0643231
vn -0.3236187 -3.0790286 3.4672093
v 0.0059226 2.2242012 0.1144730
vn -0.7717636 -2.9971426 -3.4711490
v 0.0111576 2.2232652 0.0643231
vn -1.3927785 -2.7603040 3.4821825
v 0.0181990 2.2206421 0.1144730
vn -1.8001915 -2.5098109 -3.4930611
v 0.0226234 2.2179861 0.0643231
vn -2.3507776 -1.9765210 3.5453148
v 0.0279938 2.2131541 0.1144730
vn -2.6238012 -1.6114315 -3.5274496
v 0.0309312 2.2092042 0.0643231
vn -2.9661624 -0.5618627 3.6888511
v 0.0348459 2.1999071 0.1144730
vn -2.9002588 0.9795856 3.5885942
v 0.0334917 2.1858523 0.1144730
vn -2.2072420 2.1358581 3.5536120
v 0.0272636 2.1758032 0.1144730
vn -1.0261048 2.8791637 3.5895991
v 0.0141319 2.1671462 0.1144730
vn 0.2851269 3.0759637 3.4885857
v -0.0017109 2.1655591 0.1144730
vn 1.3928428 2.7602835 3.4821389
v -0.0139856 2.1691182 0.1144730
vn 2.3219616 2.0285759 3.5107269
v -0.0237803 2.1766062 0.1144730
vn 2.9339974 0.9195390 3.5375836
v -0.0296126 2.1868463 0.1144730
vn 3.1415925 0.0000149 3.1416042
v 0.0420754 2.1915631 0.1144730
vn 0.8076895 2.9856522 2.7982523
v -0.0136012 2.1276243 0.1144730
vn 0.4027220 3.0505207 -2.7568274
v -0.0045247 2.1258361 0.1944840
vn -0.4027198 3.0505216 2.7568285
v 0.0087379 2.1258361 0.1144730
vn 0.6767901 2.9880612 3.5949461
v -0.0296561 2.1352391 0.1144730
vn 0.6191933 -3.0419748 3.4605422
v -0.0297362 2.2537053 0.1144730
vn -4.6387882 -1.5690087 1.6175396
v -0.0379246 2.2533212 0.1144730
vn -0.5963141 3.0423007 3.4775612
v 0.0341949 2.1349871 0.1144730
vn -0.8076571 -2.9856689 2.7984052
v 0.0178146 2.2609491 0.1144730
vn -0.6715816 -2.9880240 3.5996974
v 0.0338693 2.2533343 0.1144730
vn 4.6633644 1.5700332 1.6021444
v 0.0420754 2.1352332 0.1144730
vn 0.4012089 -3.0510447 2.7577405
v -0.0045238 2.2627373 0.1144730
vn 4.7089367 -1.5706613 1.5768650
v 0.0420754 2.2533402 0.1144730
vn -0.6730048 2.9880526 -3.5973482
v 0.0338693 2.1352391 0.1944840
vn -0.8076878 2.9856529 -2.7982569
v 0.0178144 2.1276243 0.1944840
vn 0.6000566 3.0421784 -3.4751785
v -0.0299789 2.1349862 0.1944840
vn -4.7052751 -1.5701922 -1.5789692
v -0.0379246 2.2533212 0.1944840
vn 0.6751787 -2.9880354 -3.5974200
v -0.0296561 2.2533343 0.1944840
vn 0.8076639 -2.9856663 -2.7984004
v -0.0136015 2.2609491 0.1944840
vn -0.4012069 -3.0510445 -2.7577405
v 0.0087367 2.2627373 0.1944840
vn -0.6157178 -3.0421319 -3.4627640
v 0.0339550 2.2537031 0.1944840
vn 4.6422648 -1.5685548 -1.6151882
v 0.0420754 2.2533402 0.1944840
vn 2.4413044 -1.9191039 -2.4242628
v -0.0307515 3.0060732 0.0643231
vn 3.0489514 0.2200423 3.5843942
v -0.0307515 3.0013881 0.1144730
vn -0.0442988 -0.8635095 -3.8667395
v -0.0323264 3.0053532 0.0641860
vn 2.6678550 1.5268811 3.5512197
v -0.0272629 2.9904332 0.1144730
vn 2.6663115 1.6405385 -3.5723245
v -0.0267207 2.9895241 0.0643231
vn 1.8362968 2.4720411 3.5298352
v -0.0188904 2.9810841 0.1144730
vn 1.5873297 2.6158714 -3.5824862
v -0.0164073 2.9793181 0.0643231
vn 0.7724555 2.9964144 3.4751053
v -0.0069460 2.9755681 0.1144730
vn 0.3608850 3.0683215 -3.4884048
v -0.0017101 2.9746401 0.0643231
vn -0.3608844 3.0683219 3.4884064
v 0.0059232 2.9746401 0.1144730
vn -0.7724582 2.9964132 -3.4751039
v 0.0111591 2.9755681 0.0643231
vn -1.6205623 2.5823779 3.6108723
v 0.0206204 2.9793181 0.1144730
vn -1.8412291 2.4665213 -3.5407820
v 0.0231035 2.9810841 0.0643231
vn -2.6929147 1.3514721 3.7017803
v 0.0325125 2.9918451 0.1144730
vn -2.6796525 1.4767715 -3.5912161
v 0.0314760 2.9904332 0.0643231
vn -3.0135093 -0.0784688 -3.7029252
v 0.0353131 3.0044661 0.0643231
vn -3.0457480 -0.2249002 3.6065741
v 0.0349646 3.0060732 0.1144730
vn -2.6704855 -1.5185620 3.5628266
v 0.0314760 3.0170293 0.1144730
vn -2.6040313 -1.5998065 -3.5984945
v 0.0309337 3.0179381 0.0643231
vn -1.8362651 -2.4720829 3.5297766
v 0.0231038 3.0263772 0.1144730
vn -1.5873468 -2.6158600 -3.5824976
v 0.0206203 3.0281441 0.0643231
vn -0.7725591 -2.9964118 3.4749920
v 0.0111594 3.0318933 0.1144730
vn -0.3608360 -3.0683019 -3.4885066
v 0.0059240 3.0328221 0.0643231
vn 0.3608344 -3.0683022 3.4885063
v -0.0017109 3.0328221 0.1144730
vn 0.7725562 -2.9964130 -3.4749899
v -0.0069462 3.0318933 0.0643231
vn 1.6205699 -2.5823741 3.6108942
v -0.0164073 3.0281441 0.1144730
vn 1.8411925 -2.4665651 -3.5407238
v -0.0188907 3.0263772 0.0643231
vn 2.6922042 -1.3551599 3.6951277
v -0.0282995 3.0156171 0.1144730
vn 2.6611202 -1.5376786 -3.5520015
v -0.0272629 3.0170293 0.0643231
vn 3.1415925 -0.0000407 3.1416247
v 0.0420753 3.0070481 0.1144730
vn 0.8076398 -2.9856713 2.7983966
v -0.0136008 3.0698242 0.1144730
vn -0.3969678 -3.0525157 2.7603230
v 0.0087372 3.0716121 0.1144730
vn 0.4012204 -3.0510461 -2.7577498
v -0.0045241 3.0716121 0.1944840
vn 0.6753565 -2.9880373 3.5973058
v -0.0296561 3.0622091 0.1144730
vn -4.5951104 1.5663097 1.6386384
v -0.0379246 2.9441283 0.1144730
vn 0.6740124 3.0398042 3.4119821
v -0.0290744 2.9434202 0.1144730
vn -0.6707754 -3.0400701 3.4140975
v 0.0332979 3.0628991 0.1144730
vn -0.8075044 2.9857383 2.7988594
v 0.0178135 2.9364991 0.1144730
vn -4.7050943 -1.5707443 1.5798374
v -0.0379247 3.0621951 0.1144730
vn -0.6762379 2.9880042 3.5934532
v 0.0338692 2.9441142 0.1144730
vn 4.5983415 -1.5665932 1.6371526
v 0.0420753 3.0622151 0.1144730
vn 0.3969496 3.0525210 2.7603295
v -0.0045241 2.9347112 0.1144730
vn 4.7135277 1.5701185 1.5692682
v 0.0420753 2.9441082 0.1144730
vn -0.6707758 3.0400681 -3.4141061
v 0.0332975 2.9434242 0.1944840
vn -0.3969748 3.0525124 -2.7603140
v 0.0087372 2.9347112 0.1944840
vn 0.8075088 2.9857364 -2.7988534
v -0.0136004 2.9364991 0.1944840
vn 0.6800409 2.9880080 -3.5910206
v -0.0296561 2.9441142 0.1944840
vn -4.6388454 -1.5687509 -1.6170348
v -0.0379246 3.0621963 0.1944840
vn 0.6191618 -3.0419774 -3.4605427
v -0.0297366 3.0625801 0.1944840
vn -0.8075159 -2.9857321 -2.7988482
v 0.0178140 3.0698242 0.1944840
vn -0.6762561 -2.9879959 -3.5934691
v 0.0338692 3.0622091 0.1944840
vn 4.7135282 -1.5704609 -1.5694071
v 0.0420753 3.0622151 0.1944840
vn 5.6537910 -0.6192859 1.7389076
v 0.0420668 3.0437961 0.2482051
vn 5.6500874 -0.6300933 1.7402759
v 0.0420679 3.2061212 0.1656830
vn 5.5676813 0.4817631 -1.9118595
v 0.0420721 2.1568363 0.6236853
vn 5.5601587 1.2923753 -1.5083318
v 0.0420735 2.1452551 0.6174845
vn -5.6517820 0.6317032 1.7340649
v -0.0379171 2.6410081 0.1656830
vn 5.5394249 1.3145190 -1.5173036
v 0.0420741 2.3075693 0.6174849
vn 5.6686664 1.1966747 -1.3846903
v 0.0420635 2.6316082 0.6176886
vn 5.6521177 -1.7419580 -0.6131674
v 0.0420671 2.5746841 0.6053290
vn 5.5324082 -1.2668409 -1.5675876
v 0.0420741 2.5648751 0.6181380
vn -5.6441607 0.5635055 -1.7688531
v -0.0379155 2.6422451 0.6235261
vn -5.5956078 1.5600386 -1.1372318
v -0.0379187 2.6270342 0.6121579
vn 5.5660992 -0.4048978 -1.8841392
v 0.0420732 2.8776462 0.6239171
vn 5.5663881 -0.4806451 1.9127992
v 0.0420740 2.3917751 0.1651480
vn 5.5615726 -1.2998021 1.4995674
v 0.0420741 2.4033561 0.1713500
vn -5.5637598 0.4283742 -1.9324907
v -0.0379228 2.9694822 0.6239174
vn -5.6515198 1.7386866 -0.6268614
v -0.0379161 1.9739292 0.6053424
vn -5.5080256 2.0246344 0.3051089
v -0.0379241 3.1091151 0.1898850
vn -5.5282397 -1.5193270 1.3332117
v -0.0379247 2.8934293 0.1744831
vn 5.5035191 -0.3473114 2.0236580
v 0.0420748 2.7135751 0.1647860
vn 5.6099744 -1.1332129 1.5433211
v 0.0420724 2.7260082 0.1695300
vn -5.6619453 -0.5958923 -1.7420051
v -0.0379171 3.2061212 0.6231525
vn -5.5095901 -0.3166155 2.0220149
v -0.0379239 2.7128372 0.1646770
vn -5.6435099 1.7711655 0.5572632
v -0.0379161 2.2981763 0.1847520
vn -5.5981512 -1.0675688 1.5925094
v -0.0379208 2.4001532 0.1687120
vn 5.5583625 -1.5357440 1.2452489
v 0.0420743 3.2189302 0.1754930
vn -5.6037521 -1.5543736 1.1236045
v -0.0379200 2.5708361 0.1766760
vn 5.6595707 0.6221672 -1.7320524
v 0.0420722 1.9917481 0.6231566
vn -5.6083217 -1.0505867 1.6012939
v -0.0379200 2.7247822 0.1687130
vn -5.6417933 -0.5598975 1.7777448
v -0.0379144 2.8802543 0.1653100
vn -5.5704231 -1.2871249 -1.4972157
v -0.0379233 2.2410421 0.6174843
vn -5.6588058 -1.7670093 -0.5417024
v -0.0379185 2.2504101 0.6041282
vn -5.5712032 -0.4971505 -1.8995515
v -0.0379221 2.3917751 0.6236861
vn -5.6105084 -1.3603189 -1.3475393
v -0.0379211 2.4057722 0.6155114
vn 5.5537281 -1.2479259 -1.5410501
v 0.0420741 2.7271891 0.6181386
vn 5.5664067 -0.4049403 -1.9339846
v 0.0420732 2.7153323 0.6239170
vn 5.5685191 0.4780865 -1.9114463
v 0.0420734 2.9684103 0.6236865
vn 5.6483192 -1.7803586 0.5447623
v 0.0420683 2.4127471 0.1847470
vn -5.6441693 0.5629609 -1.7684168
v -0.0379209 3.1291871 0.6235312
vn -5.6609907 1.7296300 -0.6127889
v -0.0379188 2.1361611 0.6052011
vn -5.5076704 -0.3213485 2.0253897
v -0.0379241 2.3882082 0.1646770
vn 5.5621557 -1.9259629 0.4294717
v 0.0420732 3.2247102 0.1873510
vn -5.6399593 -0.5676048 1.7774017
v -0.0379178 2.5556252 0.1653070
vn 5.5537438 -1.2452457 -1.5406488
v 0.0420735 2.0779293 0.6181383
vn 5.5664558 -0.4044386 -1.9262695
v 0.0420732 2.0660732 0.6239171
vn -5.6516027 0.6153444 1.7429394
v -0.0379165 2.8033233 0.1656830
vn 5.5645537 1.9296386 -0.4287343
v 0.0420728 1.9731691 0.6015289
vn -5.5369473 1.2658054 -1.5631012
v -0.0379233 2.3083661 0.6181386
vn -5.5637522 0.4277023 -1.9306964
v -0.0379222 2.3202231 0.6239169
vn 5.5341334 -1.5688707 1.2644169
v 0.0420734 2.2450421 0.2580210
vn 5.6497941 -1.7405229 -0.6259017
v 0.0420678 2.7369993 0.6053304
vn 5.5608139 -1.9351147 0.4247817
v 0.0420720 2.2508461 0.2699610
vn 5.5341163 -1.5689223 1.2643025
v 0.0420734 3.0566161 0.2580210
vn -5.5542045 1.2422285 -1.5467310
v -0.0379233 1.9837363 0.6181385
vn -5.5793242 -1.9093976 -0.4393960
v -0.0379229 3.0623231 0.6016224
vn -5.5580969 -1.4785892 -1.3105261
v -0.0379233 3.0566161 0.6133410
vn -5.6589069 -1.7668883 -0.5419386
v -0.0379185 2.0880952 0.6041289
vn 5.6649418 1.7290809 0.6074189
v 0.0420671 2.7855012 0.1835051
vn 5.6133857 1.0515299 1.5914371
v 0.0420712 2.7977183 0.1687130
vn 5.5030251 2.0221467 0.3468722
v 0.0420745 3.1092081 0.1892140
vn -5.5676565 -0.4817423 -1.9114083
v -0.0379226 2.2294602 0.6236865
vn -5.5752892 -0.5080536 -1.8860582
v -0.0379213 2.5540891 0.6236852
vn 5.5536838 -1.2480276 -1.5415027
v 0.0420741 2.8895032 0.6181392
vn -5.5951662 1.0529147 -1.6170428
v -0.0379200 2.7977183 0.6201223
vn -5.5763974 -1.8909649 0.4826915
v -0.0379223 3.0621672 0.2688140
vn -5.5545492 1.2428941 -1.5451450
v -0.0379233 2.1460512 0.6181383
vn -5.5926099 1.6207590 1.0519357
v -0.0379200 2.6262152 0.1779010
vn 5.6564741 1.7244614 0.6374031
v 0.0420715 1.9739242 0.1834950
vn -5.5674057 -1.5337557 -1.2462471
v -0.0379233 2.8943021 0.6133406
vn 5.5648937 -0.4080145 -1.9278111
v 0.0420736 2.2283881 0.6239174
vn 5.5798078 0.4389808 1.9090561
v 0.0420732 1.9955931 0.1649181
vn 5.5676646 0.4817485 -1.9141980
v 0.0420732 2.3191512 0.6236864
vn 5.6398411 1.7849543 -0.5546409
v 0.0420689 2.4604921 0.6040886
vn 5.6486697 -1.7414584 -0.6268855
v 0.0420679 2.8993123 0.6053341
vn 5.6425705 -0.5658209 -1.7840619
v 0.0420685 3.0425701 0.6235282
vn 5.6426263 -0.5594272 -1.7781633
v 0.0420651 3.2048843 0.6235250
vn -5.4980273 -0.2488015 2.0467432
v -0.0379242 3.1997821 0.1646770
vn -5.6365490 -0.5556498 1.7883389
v -0.0379172 3.0425723 0.2478350
vn 5.6466537 -0.5915000 1.7644663
v 0.0420754 2.0695572 0.1656040
vn -5.5810356 -1.9031801 -0.4477277
v -0.0379222 2.4131382 0.6014725
vn 5.5378885 1.3121948 -1.5155566
v 0.0420741 2.4698842 0.6174847
vn -5.6685104 -1.4277322 -1.1334453
v -0.0379151 2.5702941 0.6134268
vn 5.6560726 0.5443546 1.7715569
v 0.0420679 2.4799292 0.1653080
vn -5.5015373 0.2485521 -1.8522590
v -0.0379239 2.8096621 0.6241579
vn -5.6611862 -0.5999241 -1.7429680
v -0.0379146 2.8814902 0.6231501
vn -5.6556249 -0.6405366 -1.7254699
v -0.0379171 3.0438061 0.6231525
vn -5.5648656 0.4082085 -1.9279101
v -0.0379224 1.9955943 0.6239171
vn 5.5673070 -0.4768474 1.9123758
v 0.0420732 2.5540891 0.1651490
vn -5.6083789 -1.0549088 1.5978252
v -0.0379205 3.2117271 0.1687130
vn 5.5096288 0.3144518 2.0175078
v 0.0420747 2.8096621 0.1646770
vn 5.5129838 -0.3166011 2.0130615
v 0.0420749 2.8758903 0.1647860
vn -5.5885673 1.1407305 1.5690283
v -0.0379177 2.3095491 0.1695340
vn -5.5020437 0.3504651 2.0252109
v -0.0379241 2.3219802 0.1647860
vn 5.6187057 1.5347050 1.1286523
v 0.0420724 3.1139762 0.1766760
vn 5.5885706 -1.5693170 -1.1406871
v 0.0420685 3.2200942 0.6121570
vn 5.5678477 1.9146465 -0.4470838
v 0.0420732 2.6224172 0.6014716
vn -5.5592637 -1.9369141 -0.4285144
v -0.0379222 3.2247093 0.6014839
vn 5.6623502 0.6282554 -1.7244776
v 0.0420685 3.1279521 0.6231530
vn -5.6518865 0.6315849 1.7335082
v -0.0379215 3.1279511 0.1656780
vn 5.6629043 1.7411606 0.5931183
v 0.0420655 2.2985461 0.1835281
vn -5.6409926 -0.5642377 1.7782761
v -0.0379143 2.2309952 0.2478360
vn -5.5718060 0.4692183 1.9073079
v -0.0379263 2.1570482 0.2475981
vn 5.6486416 -1.7413338 -0.6260270
v 0.0420672 2.0877371 0.6053334
vn -5.5644622 1.2542902 -1.5319828
v -0.0379235 2.9576261 0.6181392
vn 5.6536255 -0.6208317 1.7395879
v 0.0420642 2.2322302 0.2482120
vn -5.5685768 -0.4784051 -1.9097676
v -0.0379213 2.7164042 0.6236852
vn 5.5974650 -1.5593518 -1.1287082
v 0.0420723 3.0577302 0.6122189
vn 5.5918283 1.6168913 -1.0588785
v 0.0420726 3.1132541 0.6110526
vn -5.5676665 -0.4836450 -1.9140650
v -0.0379223 2.0671451 0.6236863
vn 5.5645604 -0.4251953 -1.9296350
v 0.0420734 2.5530171 0.6239173
vn -5.5648279 0.4079563 -1.9278352
v -0.0379224 2.1579092 0.6239171
vn 5.5592766 0.4282069 1.9369043
v 0.0420721 2.3202231 0.1649190
vn -5.5671978 -1.9116145 0.4776282
v -0.0379220 2.2505932 0.2688150
vn 5.5640817 1.9300987 -0.4264677
v 0.0420730 2.7847321 0.6014733
vn -5.5703983 -1.2870977 -1.4975413
v -0.0379242 2.0787272 0.6174852
vn 5.5616369 -1.2999480 1.4995196
v 0.0420741 2.5656722 0.1713510
vn -5.5957603 1.5604424 -1.1384314
v -0.0379200 3.1139772 0.6121582
vn -5.5672741 -1.5342351 -1.2479049
v -0.0379227 3.2189302 0.6133410
vn 5.6607985 -1.2010814 1.3923712
v 0.0420638 2.8907871 0.1710800
vn 5.6578460 0.5535997 1.7612484
v 0.0420728 3.1291871 0.1653030
vn -5.5751519 0.4784494 1.8932132
v -0.0379217 2.4814651 0.1651490
vn 5.5544491 -1.2485764 -1.5397339
v 0.0420741 2.2402451 0.6181382
vn 5.5759315 0.4979993 -1.8917991
v 0.0420732 2.4814651 0.6236863
vn -5.5766139 1.8894461 -0.4948834
v -0.0379222 2.4603372 0.6025567
vn -5.5377793 1.5155761 -1.3102552
v -0.0379226 2.4665382 0.6141376
vn 5.5368509 1.5637189 -1.2642967
v 0.0420741 2.7905121 0.6133402
vn -5.6559954 -1.7695659 -0.5446876
v -0.0379193 2.7373791 0.6040888
vn 5.5704613 1.4970334 1.2856319
v 0.0420741 2.4665372 0.1746970
vn 5.5612569 -1.9352396 0.4241284
v 0.0420724 3.0624211 0.2699590
vn -5.5926924 1.6207228 1.0531358
v -0.0379217 3.1131573 0.1779010
vn 5.5366015 1.5640180 -1.2666125
v 0.0420738 1.9789391 0.6133411
vn 5.5649252 -0.4080123 -1.9266655
v 0.0420734 2.3907032 0.6239173
vn 5.6596556 0.6219706 -1.7411604
v 0.0420685 2.8033233 0.6231530
vn 5.5673776 1.2479763 1.5340170
v 0.0420734 2.3083661 0.1706970
vn 5.6438990 1.7745920 -0.5525614
v 0.0420689 2.9474392 0.6040934
vn 5.5391035 1.3138525 -1.5188243
v 0.0420741 2.9568291 0.6174855
vn -5.6512284 -1.7330476 0.6341273
v -0.0379171 3.2239451 0.1835070
vn -5.5370698 1.3078539 1.5197145
v -0.0379226 2.4698842 0.1713510
vn 5.5577660 1.3124923 1.4795779
v 0.0420738 1.9837382 0.1706960
vn 5.5028362 -2.0244541 -0.3485699
v 0.0420749 3.2248421 0.5997262
vn 5.5062509 0.3391349 -2.0091157
v 0.0420750 2.6466091 0.6240492
vn -5.5704823 -1.2871634 -1.4970537
v -0.0379226 2.7279861 0.6174840
vn -5.5401111 -1.5186982 1.3025076
v -0.0379227 3.0559621 0.2572240
vn 5.5581713 1.3118639 1.4786462
v 0.0420741 2.6329961 0.1706960
vn 5.6557751 1.7687697 -0.5457510
v 0.0420684 2.1358652 0.6040931
vn -5.5323424 1.5684800 1.2657868
v -0.0379233 2.7905121 0.1754950
vn -5.6397853 0.5554035 -1.7884494
v -0.0379155 2.4799302 0.6235261
vn 5.6485023 -1.7798566 0.5442637
v 0.0420688 2.5750632 0.1847470
vn 5.5796967 0.4395037 1.9092020
v 0.0420736 2.6448522 0.1649181
vn 5.5538802 -1.2480608 -1.5412776
v 0.0420741 2.4025602 0.6181384
vn -5.5350699 -1.5211859 1.3194026
v -0.0379226 2.2443881 0.2572240
vn -2.7279978 1.3559253 -3.7198954
v -0.0218021 3.3637671 0.5493594
vn 2.6613457 1.6251142 -3.5439711
v 0.0247987 3.3656142 0.5493594
vn 3.0852864 0.4024971 -3.5636678
v 0.0278847 3.3569722 0.5493594
vn -2.4627950 1.3602616 -5.2822151
v -0.0332702 3.3074181 0.5492285
vn -2.8281069 -0.2440847 -3.6043825
v -0.0237351 3.3524163 0.5493594
vn 2.4287164 1.1712898 -5.3427954
v 0.0373919 3.3079731 0.5492801
vn -2.6583426 -1.5049365 -3.5589426
v -0.0209873 3.3436801 0.5493594
vn 2.9146225 -0.9121525 -3.5582840
v 0.0270769 3.3479302 0.5493594
vn -1.8359599 -2.4520414 -3.5457115
v -0.0143997 3.3362312 0.5493594
vn 2.3172312 -2.0155163 -3.5323579
v 0.0224870 3.3398302 0.5493594
vn -0.7771420 -2.9760017 -3.4976454
v -0.0050023 3.3318362 0.5493594
vn 1.3929932 -2.7472048 -3.5040829
v 0.0147793 3.3339093 0.5493594
vn 0.3248282 -3.0636821 -3.4889848
v 0.0051198 3.3310962 0.5493594
vn -1.2894219 2.3555629 -2.4618261
v -0.0330338 3.3836281 0.5495657
vn 1.3074404 2.3597639 -2.5196133
v 0.0372088 3.3835561 0.5495877
vn -1.6723781 4.3500381 1.8575398
v -0.0331477 3.3837912 0.5574639
vn 1.6512560 4.3596840 1.7885529
v 0.0372795 3.3838961 0.5572180
vn 1.8259903 2.5383141 -3.5144818
v 0.0182605 3.3725603 0.5493594
vn -1.6473528 2.6086037 -3.6369133
v -0.0124400 3.3737493 0.5493594
vn 0.7791467 3.0936337 -3.4912870
v 0.0092399 3.3767331 0.5493594
vn -0.3565522 3.2331495 -3.5114403
v -0.0008821 3.3774731 0.5493594
vn -4.3747673 0.9164563 -2.6559718
v -0.0379245 3.2039323 0.6839184
vn -4.3838248 2.6140022 -1.0066637
v -0.0379245 3.1980662 0.6782802
vn -5.1272659 2.1096039 0.8846453
v -0.0379250 3.1977141 0.6752666
vn -4.8239417 -2.4280143 0.9299301
v -0.0379246 3.2614822 0.3119010
vn -4.6367545 -1.4283979 2.1981328
v -0.0379243 3.2597651 0.3096991
vn -4.1190386 2.4393389 1.6379917
v -0.0379246 3.2463262 0.6285317
vn -4.2790928 2.8638017 0.4730794
v -0.0379246 3.2484322 0.6226026
vn -5.1019773 2.2092361 0.7562344
v -0.0379247 3.2486622 0.3116031
vn -4.2121201 2.2633235 -1.8630263
v -0.0379247 3.2451742 0.1775470
vn -4.1904073 2.8261087 -0.7197241
v -0.0379247 3.2481582 0.1831260
vn -5.0247402 2.1946783 -0.9161626
v -0.0379247 3.2487342 0.2568181
vn -4.2439508 1.1361369 -2.6117477
v -0.0379245 3.2511573 0.2587640
vn -4.2955041 1.1502849 2.5618360
v -0.0379245 3.2510762 0.3094220
vn -4.2631903 -1.1733618 -2.5807149
v -0.0379245 3.2591081 0.2587340
vn -4.8866858 -2.2866802 -1.0851964
v -0.0379247 3.2613323 0.2567900
vn -1.5281930 -2.7367511 0.1565367
v -0.0379246 3.2616291 0.3129801
vn -1.7210330 -2.6154940 -0.1910048
v -0.0379246 3.2616291 0.2552190
vn -4.7103462 -2.7069924 -0.2046644
v -0.0379246 3.2616291 0.6248767
vn -4.5982490 -2.7805817 0.0777260
v -0.0379246 3.2616291 0.1826470
vn -5.0434918 -0.9433656 2.1783082
v -0.0379233 3.2073281 0.1235061
vn -4.3206635 0.8283255 2.7193923
v -0.0379216 3.2042491 0.1237020
vn -5.1306601 2.1083486 -0.8996975
v -0.0379238 3.1975641 0.1322110
vn -4.5091681 2.5104918 1.0189339
v -0.0379222 3.1978402 0.1291260
vn -4.9145451 0.9622373 -2.3047543
v -0.0379327 3.1814473 0.0695961
vn -4.9737363 2.2892790 -0.9156651
v -0.0379281 3.2868671 0.1753070
vn -5.5789566 1.8808500 -0.5050438
v -0.0379230 3.2881341 0.5363490
vn -4.9745879 0.9103782 2.2921979
v -0.0379259 3.1813233 0.7518858
vn -5.2902784 1.6187756 1.6223643
v -0.0379246 3.2923062 0.6424294
vn -4.9710407 -1.0338960 2.2306528
v -0.0379283 2.0162842 0.7514668
vn -4.9707022 -2.2858341 0.9314572
v -0.0379265 1.9118083 0.6465348
vn -4.8528156 2.5553286 -0.5156515
v -0.0379245 1.9366651 0.6269429
vn -4.7943292 2.1993213 -1.4635696
v -0.0379245 1.9391131 0.6327905
vn -4.8939505 -2.2124150 1.2992184
v -0.0379238 3.2597482 0.1756550
vn -4.7373109 -2.6487508 0.4942963
v -0.0379246 3.2615492 0.1813430
vn -5.0694265 0.9428887 -2.1605589
v -0.0379250 1.9908953 0.6842184
vn -4.4112325 -0.8447510 -2.6519892
v -0.0379244 1.9940541 0.6840430
vn -4.1310329 -2.4291131 1.6514953
v -0.0379245 1.9519203 0.6286466
vn -5.1390586 -2.1018434 0.8662866
v -0.0379248 2.0004532 0.6752196
vn -4.2724433 -2.8636129 0.4806172
v -0.0379247 1.9497421 0.6227267
vn -4.3605990 -2.6139703 -1.0414078
v -0.0379245 2.0000372 0.6783398
vn -4.9509678 -2.2437787 -1.1335291
v -0.0379234 3.2604921 0.6307317
vn -5.1137438 -0.8336928 -2.1441896
v -0.0379247 3.2071183 0.6842997
vn 2.1126792 3.1949906 4.0331707
v 0.0372572 3.1893172 0.7521565
vn 4.1570826 2.3322566 1.7941509
v 0.0420755 3.2453072 0.6292625
vn 4.2456746 2.8453531 0.5907899
v 0.0420754 3.2479091 0.6235103
vn 5.1542692 2.1027319 0.7104146
v 0.0420754 3.1972661 0.6754335
vn 4.0870876 2.6020601 -1.3491927
v 0.0420753 3.1980813 0.6783978
vn 5.0268092 -2.1981199 0.9028507
v 0.0420753 3.2617621 0.3114390
vn 4.2740574 -1.1490160 2.5909817
v 0.0420752 3.2593012 0.3094240
vn 5.0897408 0.5077929 -2.3408828
v 0.0420729 3.2520082 0.3007040
vn 4.9627008 -0.9819489 -2.3114958
v 0.0420746 3.2613332 0.2995180
vn 5.0601187 -2.0367563 -1.3237993
v 0.0420734 3.2683082 0.2938590
vn 4.8336782 -2.5757697 -0.4881222
v 0.0420753 3.2618952 0.6267801
vn 5.0515761 0.3537935 2.4138505
v 0.0420741 3.2529972 0.2692831
vn 4.0604634 -0.9560996 -2.7747440
v 0.0420753 3.2589092 0.2588370
vn 4.9628067 -0.9219812 2.3458848
v 0.0420748 3.2611113 0.2704380
vn 4.9958739 -1.9513953 1.5500853
v 0.0420744 3.2673001 0.2749801
vn 5.0558600 -2.0903296 -1.0030710
v 0.0420754 3.2616103 0.2571410
vn 5.0471945 -2.4257066 0.1843607
v 0.0420738 3.2709641 0.2836980
vn 5.0402226 -0.8040438 2.1966689
v 0.0420753 3.2072222 0.1230860
vn 4.0054035 1.1896505 2.7145343
v 0.0420752 3.2039981 0.1237540
vn 4.4814677 2.5314133 1.0233196
v 0.0420751 3.1975281 0.1294661
vn 5.1177039 2.1233170 -0.8796881
v 0.0420753 3.1972392 0.1323431
vn 4.2495308 1.1217523 2.6237061
v 0.0420753 3.2508392 0.3094400
vn 5.1024561 1.9058400 -1.4123845
v 0.0420731 3.2422161 0.2945510
vn 5.0665588 2.1438570 0.9240915
v 0.0420754 3.2483711 0.3113180
vn 5.3498840 0.0041207 -2.2345421
v 0.0420753 3.0037673 0.0690970
vn 4.9724789 0.8473244 -2.3079143
v 0.0420805 3.1813211 0.0697631
vn 4.9732704 2.2310646 -1.0324634
v 0.0420784 3.2864511 0.1743010
vn 5.5770631 1.9019014 -0.4413914
v 0.0420734 3.2879102 0.5354047
vn 5.3201790 1.6017473 1.5992441
v 0.0420753 3.2923062 0.6424294
vn 4.9825392 0.9596394 2.2624953
v 0.0420765 3.1823301 0.7514686
vn 4.9779081 -0.9111653 2.2882628
v 0.0420784 2.0172911 0.7518844
vn 4.9816623 -2.2139378 1.0599805
v 0.0420793 1.9122462 0.6475310
vn 4.8650374 2.5391502 -0.5374135
v 0.0420754 1.9363272 0.6272434
vn 4.8060455 2.1945224 -1.4610835
v 0.0420750 1.9388552 0.6330759
vn 4.8431215 -2.2031844 1.3942440
v 0.0420748 3.2596211 0.1748520
vn 4.8385577 -2.5737274 0.4801835
v 0.0420753 3.2619171 0.1808310
vn 5.0798731 0.7404835 -2.1736557
v 0.0420754 1.9912071 0.6847226
vn 4.0207958 -1.3099052 -2.6487048
v 0.0420754 1.9943011 0.6839468
vn 5.0977559 -2.1207333 0.9633861
v 0.0420758 2.0006411 0.6748306
vn 4.1760263 -2.3141849 1.8090868
v 0.0420754 1.9529731 0.6293887
vn 4.2127762 -2.8500276 0.6089157
v 0.0420754 1.9502151 0.6235390
vn 4.8571453 0.2520646 2.6036325
v 0.0420750 2.0551503 0.6541729
vn 4.8508334 1.0579535 2.3923798
v 0.0420750 2.0436761 0.6571182
vn 4.9266367 1.8245355 1.7846928
v 0.0420738 2.0315711 0.6650837
vn 4.4402776 -2.6046546 -0.9013435
v 0.0420753 2.0004802 0.6777798
vn 4.9534111 2.4112072 0.7490935
v 0.0420737 2.0220952 0.6805440
vn 4.9778562 2.4351473 -0.5650395
v 0.0420721 2.0211222 0.7010689
vn 4.9430556 1.8202666 -1.7585341
v 0.0420742 2.0311372 0.7190520
vn 4.9448080 0.7952581 -2.4092855
v 0.0420728 2.0470302 0.7288995
vn 4.8313923 -2.2104676 -1.3955162
v 0.0420753 3.2596741 0.6325724
vn 4.8737640 -0.2446401 -2.5848207
v 0.0420749 2.0624912 0.7303279
vn 4.9176626 -1.2244525 -2.2484751
v 0.0420734 2.0768533 0.7261410
vn 5.0938258 -1.0032717 -2.1199396
v 0.0420759 3.2075772 0.6844709
vn 4.9101171 -2.0504839 -1.5434567
v 0.0420739 2.0895641 0.7151136
vn 4.8700328 -2.4985516 -0.7237927
v 0.0420750 2.0954583 0.7028979
vn 4.9176803 -2.5460875 0.2668729
v 0.0420734 2.0969791 0.6884873
vn 4.3414798 0.9023357 -2.6628180
v 0.0420752 3.2044992 0.6843304
vn 4.9222603 -2.1862013 1.3212967
v 0.0420739 2.0916562 0.6725253
vn 4.9312820 -1.4093330 2.1243353
v 0.0420728 2.0796382 0.6599535
vn 4.8510008 -0.5085548 2.5671818
v 0.0420753 2.0657361 0.6546703
vn 5.1090956 2.3546686 0.2510547
v 0.0420725 3.2391741 0.2834500
vn 4.2743173 1.1868919 -2.5766301
v 0.0420753 3.2506471 0.2587010
vn 5.0957384 1.6861500 1.6856749
v 0.0420729 3.2439733 0.2735660
vn 5.0079970 2.2141135 -0.9126647
v 0.0420753 3.2483661 0.2567970
vn 4.2046885 2.8461905 -0.6317376
v 0.0420753 3.2479022 0.1838530
vn 4.1749506 2.3215783 -1.8025885
v 0.0420760 3.2450442 0.1779100
vn -2.4133544 5.3310513 -1.2666034
v -0.0330238 3.2927442 0.5345678
vn 2.4653292 5.2735872 -1.3949907
v 0.0373096 3.2926791 0.5347763
vn -2.4717834 3.9508111 -3.7580686
v -0.0330855 3.2973633 0.5435231
vn 2.4792707 3.7214656 -3.9784856
v 0.0372360 3.2981422 0.5443019
vn -5.6694856 -1.6402436 0.7108199
v -0.0379392 1.9096682 0.5305388
vn -5.6773152 -1.6235890 -0.6328463
v -0.0379439 1.9101202 0.4077544
vn -5.6723547 -0.6755358 1.6832455
v -0.0378402 1.8937852 0.5155002
vn -5.7134414 -0.7181311 -1.6011451
v -0.0378439 1.8950231 0.4236456
vn -4.0760031 -1.8314788 -1.8750405
v -0.0375087 1.8288271 0.4250350
vn -4.1948934 -1.8097054 1.8024030
v -0.0375087 1.8288271 0.5145327
vn -2.1171401 5.1011543 -0.6088241
v -0.0331029 3.2923062 0.1798010
vn 2.1998944 5.0461779 -0.5380664
v 0.0372528 3.2923062 0.1798010
vn 5.0309787 0.0545446 -2.4522228
v 0.0420740 1.9422581 0.3008660
vn 4.9128685 2.4466169 -0.6529530
v 0.0420754 1.9362001 0.2558980
vn 4.7793274 1.4709889 -2.0289674
v 0.0420747 1.9378791 0.2585050
vn 4.9707055 -2.2852058 -0.9320815
v 0.0420776 1.9118142 0.1750950
vn 4.8087850 2.6066117 0.4170192
v 0.0420754 1.9362392 0.1809940
vn 4.2740541 1.1268491 2.6122632
v 0.0420753 1.9389012 0.3094400
vn 4.9200587 1.3318676 -2.1829655
v 0.0420751 1.9348092 0.2984021
vn 5.0072603 2.1639171 -1.2078149
v 0.0420747 1.9294991 0.2931581
vn 5.0825415 2.1321423 0.9188191
v 0.0420754 1.9364321 0.3113180
vn 5.0250235 -2.1742275 -0.9443227
v 0.0420754 1.9497602 0.2569170
vn 4.2113709 -2.8535810 -0.5960520
v 0.0420754 1.9502223 0.1841310
vn 5.0104418 -2.2066214 0.9140992
v 0.0420754 1.9497962 0.3114001
vn 4.2534118 -1.1386983 2.6048191
v 0.0420753 1.9473622 0.3094240
vn 5.1170387 -1.4182929 -1.9016222
v 0.0420714 1.9528441 0.2977450
vn 5.0045109 -2.3970480 -0.6519664
v 0.0420742 1.9584563 0.2888631
vn 4.8998313 -2.5201120 0.5116720
v 0.0420752 1.9584961 0.2819490
vn 5.0178170 -1.9440868 1.5403594
v 0.0420740 1.9556861 0.2753700
vn 5.0045552 -0.9630782 2.2905583
v 0.0420748 1.9491272 0.2704380
vn 4.2136726 -1.0868227 -2.6456032
v 0.0420753 1.9473681 0.2587401
vn 5.0514641 0.2787551 2.4252148
v 0.0420745 1.9415381 0.2692730
vn 5.1381502 1.6679788 1.6558677
v 0.0420710 1.9316993 0.2736250
vn 5.0530887 2.4227338 0.1273179
v 0.0420734 1.9272172 0.2842350
vn 3.0640852 -0.2133570 -3.5956361
v -0.0275854 1.8542383 0.4202606
vn -3.0598767 0.0930186 -3.7102284
v 0.0336965 1.8509963 0.4202606
vn 2.6648386 -1.5457343 -3.5664325
v -0.0243484 1.8645301 0.4202606
vn -2.7320638 -1.4655223 -3.5988889
v 0.0300990 1.8645301 0.4202606
vn 1.6494544 -2.5753317 -3.6233325
v -0.0149477 1.8746421 0.4202606
vn -1.8652135 -2.4837015 -3.5455718
v 0.0223375 1.8733063 0.4202606
vn 0.3733606 -3.1021061 -3.5152218
v -0.0006601 1.8793571 0.4202606
vn -0.7862127 -3.0347083 -3.4909883
v 0.0112654 1.8784852 0.4202606
vn -2.1110575 0.5932229 5.1015334
v -0.0331020 3.1768281 0.7573223
vn 1.9996853 1.1553215 4.7995801
v 0.0373735 3.1811032 0.7567164
vn -1.9910142 2.5960338 4.2100253
v -0.0331155 3.1862812 0.7546004
vn -5.8203502 -0.5893772 -0.8761619
v -0.0236998 3.3519831 0.4024451
vn -5.2650647 2.3817713 -0.8362339
v -0.0220742 3.3631992 0.4024102
vn -3.5880244 4.7125230 -0.7945860
v -0.0142620 3.3724391 0.4025846
vn -1.5204666 5.7758174 -0.8413357
v -0.0049996 3.3767321 0.4024514
vn 0.6463473 5.9594932 -0.7887836
v 0.0051198 3.3774712 0.4024514
vn 2.6881096 5.3213291 -0.8482362
v 0.0147782 3.3746581 0.4024519
vn 4.4988737 3.8808191 -0.8285416
v 0.0224839 3.3687391 0.4024518
vn 5.6233244 1.7653680 -0.8912747
v 0.0270748 3.3606403 0.4024515
vn 5.8519630 -0.7604267 -0.8539253
v 0.0278826 3.3515983 0.4024511
vn 5.0543475 -3.0648232 -0.8829951
v 0.0247962 3.3429551 0.4024514
vn 3.4807556 -4.8426127 -0.8120251
v 0.0182581 3.3360102 0.4024511
vn 1.5153260 -5.7787395 -0.8406227
v 0.0092392 3.3318372 0.4024513
vn -0.7378073 -5.9236050 -0.7825665
v -0.0008809 3.3310981 0.4024517
vn -3.0929544 -4.9811096 -0.8331009
v -0.0127214 3.3350003 0.4021843
vn -5.0583110 -2.9923506 -0.8757063
v -0.0207719 3.3432922 0.4024455
vn -2.9653978 0.2004995 -3.3981643
v -0.0181797 3.3555481 0.3836540
vn -1.8692056 2.3515654 -3.4272146
v -0.0113048 3.3680551 0.3836550
vn 0.1951876 3.0116956 -3.4439805
v 0.0035611 3.3725622 0.3836540
vn 2.1771095 2.0570192 -3.4249749
v 0.0175484 3.3662322 0.3836550
vn 2.9635472 -0.2265282 -3.4060755
v 0.0224182 3.3530221 0.3836540
vn 1.8714033 -2.3465614 -3.4300575
v 0.0155434 3.3405142 0.3836550
vn -0.1981887 -3.0126963 -3.4372492
v 0.0006779 3.3360071 0.3836540
vn -2.1863818 -2.0447872 -3.4159164
v -0.0133100 3.3423381 0.3836550
vn 1.8612530 -4.1656408 1.8517218
v 0.0168244 1.8038192 0.5145657
vn 1.7218715 -4.2919884 -1.7992980
v 0.0159796 1.8034651 0.4250055
vn 5.7304082 -0.6557214 1.5823462
v 0.0421298 1.8950222 0.5159154
vn 4.1769209 -1.7940832 1.8640225
v 0.0419842 1.8293331 0.5146141
vn 4.2569342 -1.8223116 -1.7775856
v 0.0419832 1.8289161 0.4250718
vn 5.6806917 -0.6296372 -1.6696186
v 0.0421387 1.8938062 0.4240591
vn 5.6931453 -1.7126926 0.6378073
v 0.0420430 1.9101162 0.5318197
vn 5.6891465 -1.6568742 -0.6978266
v 0.0420467 1.9096651 0.4090256
vn -1.7037742 -4.3809443 1.7702092
v -0.0107114 1.8034642 0.5145594
vn -1.8279383 -4.2045631 -1.8692808
v -0.0115432 1.8038132 0.4250026
vn 1.9231938 -2.4893098 -4.3203955
v 0.0372643 2.0133193 0.0664940
vn -2.2175844 -3.1886075 -3.9107871
v -0.0331161 2.0092602 0.0695111
vn 2.3708451 -5.3782325 -1.2066371
v 0.0371878 1.9057682 0.4040420
vn -2.3420169 -5.4460449 -0.8137361
v -0.0331860 1.9060903 0.4020332
vn 2.1494350 -4.0308089 -4.0090437
v 0.0372832 1.9002891 0.4136183
vn -2.2097707 -4.5569935 -3.2907839
v -0.0331659 1.9028182 0.4104462
vn 2.3606734 -5.4282050 0.8260429
v 0.0373569 1.9060912 0.5375379
vn -2.2087009 -5.5470114 0.7659417
v -0.0330551 1.9060502 0.5376854
vn -2.2138927 -5.0279384 -0.5422754
v -0.0331348 1.9063063 0.1798010
vn 2.1263428 -5.0895367 -0.6078491
v 0.0372528 1.9063063 0.1798010
vn -2.1266840 -5.0904241 0.6094640
v -0.0331020 1.9063063 0.6418440
vn 2.2069330 -5.0376945 0.5560128
v 0.0372973 1.9063063 0.6418440
vn 2.2395239 -4.5326595 3.2991905
v 0.0373895 1.9028201 0.5291245
vn -2.3788824 -4.5762582 3.0417850
v -0.0330793 1.9032853 0.5298650
vn -2.1999235 -3.3013246 4.5649619
v -0.0330394 1.8964982 0.5227992
vn 2.4491129 -2.9689121 4.5538816
v 0.0375227 1.8957663 0.5223383
vn -5.0683718 2.1575346 -0.9008782
v -0.0379332 1.9367912 0.2568181
vn -4.9667864 2.3153758 0.8048415
v -0.0379397 1.9366891 0.3117421
vn -4.3396740 1.1742507 -2.5526531
v -0.0379333 1.9391062 0.2587130
vn -4.5000553 1.2772411 2.3713195
v -0.0379379 1.9387872 0.3094870
vn -4.5011096 -1.3441806 -2.3227677
v -0.0379331 1.9475501 0.2586830
vn -4.7326097 -1.4877142 2.0568449
v -0.0379284 1.9480591 0.3097900
vn -5.0418382 -2.3365119 -0.6345525
v -0.0379328 1.9496291 0.2561330
vn -2.4293673 -5.5328107 0.6183047
v -0.0379265 1.9496453 0.3122790
vn -4.2690344 -2.8514876 -0.5405568
v -0.0379245 1.9498222 0.1842660
vn 5.5862746 0.5235742 -1.8672574
v 0.0420726 3.3053122 0.5535287
vn 3.8922455 1.7991089 -0.6682982
v 0.0420753 3.3805671 0.5541687
vn 5.6127276 1.3952732 -1.2912800
v 0.0420649 3.2938151 0.5468746
vn -2.1070516 0.5290145 -5.1542349
v -0.0331055 3.1768281 0.0643231
vn 2.2118316 0.0057496 -5.3723726
v 0.0372528 3.0037522 0.0643231
vn 1.9653035 -4.2151952 -2.6020024
v 0.0372709 1.9090371 0.1703430
vn -1.9047266 -4.3295665 -2.4757116
v -0.0331407 1.9084802 0.1713380
vn -1.9631296 -4.2118206 2.6043172
v -0.0331197 1.9090371 0.6513022
vn 1.9045690 -4.3211117 2.4801650
v 0.0372988 1.9084792 0.6503063
vn 1.9052529 4.3245726 -2.4815884
v 0.0372643 3.2901351 0.1713361
vn -1.9767913 4.1989994 -2.5980022
v -0.0331168 3.2895842 0.1703480
vn 2.1193268 -0.6047153 5.0974135
v 0.0372637 2.0217841 0.7573223
vn -2.2026491 -0.5312757 5.0416231
v -0.0331020 2.0217841 0.7573223
vn 4.1699471 -2.3669240 -1.7379668
v 0.0420757 1.9528522 0.1782581
vn 5.2363067 -2.0331497 -0.6359700
v 0.0420754 2.0011992 0.1317410
vn 4.1855035 -2.5178537 1.4485092
v 0.0420754 2.0002823 0.1289550
vn 4.2826624 -0.8468885 2.7281859
v 0.0420753 1.9938402 0.1236050
vn 4.9717393 -1.0373572 -2.2298434
v 0.0420773 2.0162833 0.0701770
vn 5.3517575 -0.0001502 -2.2326705
v 0.0420754 2.1948562 0.0690970
vn 4.8377190 2.2157700 1.3808184
v 0.0420748 1.9383712 0.1750801
vn 5.0641160 0.8942263 2.1702158
v 0.0420755 1.9905362 0.1232901
vn -1.8466856 1.5925866 -4.4443779
v -0.0305209 2.4312692 -0.0305489
vn 2.0221899 0.8882090 -5.0530076
v 0.0346229 2.4290452 -0.0307000
vn 1.8441441 2.4633188 3.5442510
v 0.0185144 2.2127302 0.0533490
vn 2.6685536 1.5245471 3.5551095
v 0.0250603 2.2053652 0.0533490
vn 2.0435042 0.8567023 5.0606666
v 0.0346244 2.2255762 0.0533490
vn -2.0425808 0.8548643 5.0622792
v -0.0304983 2.2255762 0.0533490
vn -1.8078310 2.3993330 3.7219744
v -0.0145265 2.2129412 0.0533490
vn 0.7770481 2.9930367 3.4867713
v 0.0091778 2.2170751 0.0533490
vn -0.4104742 3.0500124 3.5326123
v -0.0008824 2.2178061 0.0533490
vn -2.0435002 -0.8566477 5.0607066
v -0.0304983 2.1638021 0.0533490
vn -2.2111437 -1.6763197 5.1609159
v -0.0304985 2.0483272 0.0130950
vn 2.2205644 -1.6695249 5.1572351
v 0.0346250 2.0469422 0.0126270
vn 2.0425556 -0.8547997 5.0623493
v 0.0346244 2.1638021 0.0533490
vn 3.0494828 0.2114063 3.5951736
v 0.0277893 2.1967301 0.0533490
vn -2.8371987 1.1147044 3.6224880
v -0.0224357 2.2019422 0.0533490
vn -3.0565991 -0.2720196 3.5694904
v -0.0235872 2.1930373 0.0533490
vn 2.6944716 -1.3463424 3.7053339
v 0.0258700 2.1855133 0.0533490
vn -2.6727574 -1.5173301 3.5551622
v -0.0208582 2.1844032 0.0533490
vn 1.6258175 -2.5755196 3.6248345
v 0.0165691 2.1756442 0.0533490
vn -1.8413078 -2.4665148 3.5377080
v -0.0143129 2.1770382 0.0533490
vn -0.7772676 -2.9930139 3.4866531
v -0.0049765 2.1726933 0.0533490
vn 0.3641454 -3.0653334 3.5035033
v 0.0050828 2.1719611 0.0533490
vn 4.9529872 0.9495083 -2.2512772
v 0.0420644 2.4288101 -0.0232930
vn 4.7208614 2.3557408 -0.2325875
v 0.0420762 2.4309211 -0.0210140
vn 4.9524093 1.4083054 2.0117805
v 0.0420654 2.4283531 -0.0168990
vn 5.4573579 0.5873137 2.0398743
v 0.0420628 2.3570921 0.0001160
vn 4.8936586 -1.0487874 -2.2170033
v 0.0420661 1.9602921 -0.0231940
vn 4.7139344 -2.3988810 0.0335601
v 0.0420720 1.9584322 -0.0207210
vn 4.9422607 -1.3735973 2.0606072
v 0.0420657 1.9613202 -0.0166650
vn 5.4488602 -0.5939927 2.0562019
v 0.0420629 2.0342541 0.0007240
vn 5.1831861 0.3950824 2.3344243
v 0.0420630 2.2243292 0.0459850
vn 5.1845474 -0.3921856 2.3338156
v 0.0420630 2.1650481 0.0459850
vn -1.7957547 -4.4946094 1.3712342
v -0.0305120 1.9513452 -0.0178150
vn 1.8057505 -4.5394635 1.1656904
v 0.0346382 1.9512262 -0.0184060
vn -2.2206173 1.6703181 5.1564922
v -0.0304986 2.3424473 0.0126210
vn 2.2114251 1.6770434 5.1600409
v 0.0346247 2.3410583 0.0130900
vn 1.7958511 4.4947057 1.3690386
v 0.0346380 2.4380302 -0.0178779
vn -1.8055723 4.5536170 1.1255568
v -0.0305119 2.4381483 -0.0184640
vn 1.8533840 2.5584583 4.0474586
v 0.0346798 2.4320722 -0.0103780
vn -1.8102760 2.6013565 3.9745116
v -0.0304680 2.4323871 -0.0104550
vn -2.2024491 1.3350506 5.2544136
v -0.0304867 2.3828232 0.0012330
vn 2.1914244 1.3275174 5.2706461
v 0.0346355 2.3820672 0.0013970
vn -1.8530802 -2.5561352 4.0483961
v -0.0305537 1.9573061 -0.0103160
vn 1.8251890 -2.6257885 3.9332294
v 0.0345941 1.9569912 -0.0103920
vn -2.1911294 -1.3242260 5.2720447
v -0.0305094 2.0073092 0.0014191
vn 2.1826246 -1.3278756 5.2755790
v 0.0346128 2.0065491 0.0012550
vn -1.8273402 -4.2633696 -2.0376284
v -0.0305038 1.9519262 -0.0249630
vn 1.8114039 -4.1838813 -2.2308135
v 0.0346301 1.9521191 -0.0253620
vn -1.8071078 -1.7546681 -4.2910404
v -0.0304965 1.9574831 -0.0303670
vn 1.8294261 -1.6556224 -4.4134259
v 0.0346639 1.9578502 -0.0303960
vn 1.8783792 4.4398060 -1.9010109
v 0.0346297 2.4374511 -0.0249640
vn -1.7966224 4.2084785 -2.2179224
v -0.0305042 2.4372582 -0.0253630
vn 1.9702857 2.8784428 -4.0663905
v 0.0346279 2.4341621 -0.0287620
vn -4.8797426 -1.0485601 -2.2509544
v -0.0379396 2.7697041 -0.0232360
vn -4.6742740 -2.3717754 -0.2757497
v -0.0379453 2.7676852 -0.0210150
vn -4.9417472 -1.4202720 2.0157702
v -0.0379398 2.7702591 -0.0168990
vn -5.4547625 -0.5879801 2.0438721
v -0.0379368 2.8415201 0.0001160
vn -4.4927778 1.6619679 -1.5250175
v -0.0379612 3.2395291 -0.0229490
vn -4.8008218 1.7046982 1.7289191
v -0.0379531 3.2385652 -0.0173330
vn -5.4505534 0.5959738 2.0589149
v -0.0379368 3.1643572 0.0007240
vn -5.1833000 -0.3949161 2.3346863
v -0.0379369 2.9742832 0.0459850
vn -5.1845746 0.3921571 2.3337970
v -0.0379369 3.0335631 0.0459850
vn -3.0440040 -0.3902531 -3.5688071
v -0.0234990 2.1922281 0.1204580
vn -2.8961475 0.9755751 -3.6051028
v -0.0226968 2.2011652 0.1204580
vn -2.0459287 2.2350941 -3.6668737
v -0.0163049 2.2113461 0.1204580
vn -0.8209396 2.9719841 -3.5166001
v -0.0049757 2.2170751 0.1204580
vn 0.3642366 3.0653763 -3.5033221
v 0.0050846 2.2178061 0.1204580
vn 1.6258026 2.5754666 -3.6249790
v 0.0165697 2.2141242 0.1204580
vn 2.6945422 1.3462398 -3.7052977
v 0.0258701 2.2042542 0.1204580
vn 3.0494742 -0.2114850 -3.5951805
v 0.0277892 2.1930373 0.1204580
vn 2.6685915 -1.5245368 -3.5550148
v 0.0250602 2.1844032 0.1204580
vn 1.8441932 -2.4632690 -3.5442867
v 0.0185149 2.1770382 0.1204580
vn 0.7772713 -2.9930124 -3.4866557
v 0.0091786 2.1726933 0.1204580
vn -0.3641427 -3.0653341 -3.5035019
v -0.0008807 2.1719611 0.1204580
vn -1.5922933 -2.6097298 -3.5953298
v -0.0123671 2.1756442 0.1204580
vn -2.5907381 -1.6410767 -3.5724840
v -0.0204342 2.1836863 0.1204580
vn 0.2671030 3.0652673 -2.7550604
v 0.0061602 2.2497652 0.1204580
vn -0.9025189 -2.9431314 -2.7597790
v -0.0116748 2.1418791 0.1204580
vn 0.3827143 -3.0531480 -2.7555108
v 0.0079302 2.1401601 0.1204580
vn -0.3827115 -3.0531487 2.7555130
v -0.0037170 2.1401601 0.1883680
vn 2.6575546 -1.1331451 -2.3480325
v 0.0419289 2.1610661 0.1204580
vn -1.9734396 -2.3822389 -2.8035095
v -0.0292223 2.1516352 0.1204580
vn -2.0184565 2.3539329 -2.8322461
v -0.0298540 2.2374442 0.1204580
vn 2.6231861 1.1779267 -2.3290665
v 0.0416664 2.2292662 0.1204580
vn 0.0000000 0.0000000 -3.1415930
v -0.0379368 2.2027543 0.1204580
vn 0.0000000 0.0000000 -3.1415925
v -0.0379368 2.1948681 0.1204580
vn 1.5972544 -2.6326396 -2.7630570
v 0.0266647 2.1467211 0.1204580
vn 0.0000000 0.0000000 -3.1415925
v -0.0379368 2.1869831 0.1204580
vn 1.5059483 2.6833911 -2.7570472
v 0.0250966 2.2439222 0.1204580
vn -1.0054601 2.9115739 -2.7652030
v -0.0133755 2.2472992 0.1204580
vn 0.0000000 0.0000000 -3.1415927
v -0.0379368 2.2112892 0.1204580
vn -2.7760015 -1.0059158 -2.4487426
v -0.0379368 2.1619782 0.1204580
vn -3.1415894 0.0000000 -3.1369796
v -0.0379368 2.1683803 0.1204580
vn 0.0000000 0.0000000 -3.1415925
v -0.0379368 2.2213571 0.1204580
vn 0.0000000 0.0000000 -3.1415925
v -0.0379368 2.1784482 0.1204580
vn -2.7823668 0.9972616 -2.4538326
v -0.0379368 2.2277591 0.1204580
vn 2.7754128 -1.0059447 2.4469943
v 0.0420743 2.1618772 0.1883680
vn 2.7818189 0.9974065 2.4526875
v 0.0420743 2.2278593 0.1883680
vn 2.0180624 2.3543923 2.8325560
v 0.0340676 2.2374442 0.1883680
vn 1.0054466 2.9115815 2.7652092
v 0.0175887 2.2472992 0.1883680
vn -0.2671023 3.0652678 2.7550609
v -0.0019470 2.2497652 0.1883680
vn -1.5065018 2.6829088 2.7566369
v -0.0208835 2.2439222 0.1883680
vn -2.6238329 1.1786535 2.3305471
v -0.0375220 2.2291901 0.1883680
vn -2.6588063 -1.1306354 2.3479354
v -0.0378371 2.1612101 0.1883680
vn -1.5983562 -2.6316192 2.7621951
v -0.0224516 2.1467211 0.1883680
vn 0.9025075 -2.9431381 2.7597857
v 0.0158880 2.1418791 0.1883680
vn 1.9729584 -2.3827970 2.8039665
v 0.0334359 2.1516352 0.1883680
vn -1.8436248 -1.6699092 -4.3587189
v -0.0305591 2.7671921 -0.0305179
vn 1.8033407 -1.7181365 -4.3462677
v 0.0345948 2.7668462 -0.0304070
vn -2.0424993 0.8549107 5.0622916
v -0.0304983 3.0348101 0.0533490
vn 2.0433700 0.8565779 5.0607896
v 0.0346244 3.0348101 0.0533490
vn 2.2176089 1.6702061 5.1599088
v 0.0346436 3.1512573 0.0127600
vn -1.8136121 -2.3932018 3.7247884
v -0.0145996 2.9856513 0.0533490
vn -2.0433547 -0.8566119 5.0607796
v -0.0304983 2.9730363 0.0533490
vn 2.0425076 -0.8549616 5.0622463
v 0.0346244 2.9730363 0.0533490
vn 2.6703291 -1.5218554 3.5544612
v 0.0250596 2.9932182 0.0533490
vn 1.8470939 -2.4609983 3.5445073
v 0.0185131 2.9858322 0.0533490
vn 0.7787268 -2.9923289 3.4876909
v 0.0091744 2.9814742 0.0533490
vn -0.4121114 -3.0493784 3.5338671
v -0.0008849 2.9807422 0.0533490
vn -2.2178330 -1.6709601 5.1590180
v -0.0305175 2.8565741 0.0127530
vn 5.4500952 -0.5926277 2.0464711
v 0.0420629 2.8434823 0.0007160
vn 4.9440498 -1.3712953 2.0560105
v 0.0420650 2.7705572 -0.0167240
vn 4.7139149 -2.3808637 0.0226050
v 0.0420766 2.7676811 -0.0207540
vn 4.8879633 -1.0425465 -2.2191129
v 0.0420655 2.7695262 -0.0231940
vn 4.8857775 1.0279579 -2.2589684
v 0.0420648 3.2380443 -0.0232919
vn 4.6757550 2.3687062 -0.2836220
v 0.0420713 3.2401712 -0.0209880
vn 4.9410567 1.4206717 2.0150728
v 0.0420658 3.2375891 -0.0168390
vn 5.4553213 0.5868228 2.0431931
v 0.0420628 3.1663241 0.0001240
vn 5.1845617 -0.3922060 2.3337991
v 0.0420630 2.9742832 0.0459850
vn 5.1833248 0.3947803 2.3342011
v 0.0420630 3.0335631 0.0459850
vn -1.8063468 4.5139914 1.2589705
v -0.0305206 3.2473092 -0.0179980
vn 1.7944912 4.5258126 1.2380335
v 0.0346444 3.2473512 -0.0181990
vn -2.8414550 -1.1082579 3.6180034
v -0.0224354 2.9966512 0.0533490
vn 3.0499401 -0.2110141 3.5939898
v 0.0277892 3.0018771 0.0533490
vn -3.0570445 0.2713583 3.5683470
v -0.0235872 3.0055821 0.0533490
vn 2.6960411 1.3440982 3.7044222
v 0.0258692 3.0131283 0.0533490
vn -2.6744921 1.5145981 3.5546699
v -0.0208576 3.0142422 0.0533490
vn 1.6285530 2.5735731 3.6252868
v 0.0165684 3.0230241 0.0533490
vn -1.8441724 2.4642735 3.5379627
v -0.0143126 3.0216262 0.0533490
vn 0.3652767 3.0649319 3.5043831
v 0.0050843 3.0267172 0.0533490
vn -0.7788831 2.9923217 3.4875827
v -0.0049735 3.0259843 0.0533490
vn 1.8028574 -4.5002103 1.3036039
v 0.0346461 2.7605391 -0.0180590
vn -1.7944648 -4.5253134 1.2356023
v -0.0305185 2.7604983 -0.0182589
vn 1.8519530 -2.5983000 3.9820433
v 0.0346894 2.7663193 -0.0105090
vn -1.8251215 -2.5966730 3.9859571
v -0.0304620 2.7663922 -0.0103540
vn 2.1867218 -1.3342204 5.2736120
v 0.0346358 2.8159921 0.0012590
vn -2.1924694 -1.3253571 5.2688036
v -0.0304860 2.8165622 0.0014250
vn -1.8335449 2.5676150 4.0297608
v -0.0305634 3.2415261 -0.0104470
vn 1.8247999 2.5945265 3.9863193
v 0.0345882 3.2414541 -0.0102919
vn -2.2061529 1.3348322 5.2550044
v -0.0305098 3.1918571 0.0012810
vn 2.1922286 1.3220372 5.2700934
v 0.0346120 3.1912882 0.0014470
vn -1.7962960 4.2871799 -2.0604548
v -0.0305139 3.2466292 -0.0250950
vn 1.8190292 4.1763372 -2.1771073
v 0.0346356 3.2465641 -0.0252330
vn -1.7826818 1.6928920 -4.3853326
v -0.0304687 3.2410002 -0.0304070
vn 1.8415203 1.6737580 -4.3603282
v 0.0346852 3.2406552 -0.0305179
vn -1.8189348 -4.1773801 -2.1783566
v -0.0305094 2.7612832 -0.0252330
vn 1.8139443 -4.2469268 -2.0965052
v 0.0346400 2.7612181 -0.0250959
vn 2.2141464 -1.6760851 5.1584945
v 0.0346024 2.8570211 0.0129180
vn -2.2140756 1.6753166 5.1592059
v -0.0304763 3.1508172 0.0129230
vn -2.9010284 -0.9673904 -3.5995557
v -0.0226967 2.9974301 0.1204580
vn -3.0444927 0.3893616 -3.5676966
v -0.0234990 3.0063932 0.1204580
vn -2.0509183 -2.2271860 -3.6728852
v -0.0163868 2.9872472 0.1204580
vn -0.8212568 -2.9718993 -3.5166471
v -0.0049724 2.9814742 0.1204580
vn 0.3653900 -3.0649581 -3.5042582
v 0.0050869 2.9807422 0.1204580
vn 1.6285852 -2.5734942 -3.6254394
v 0.0165687 2.9844341 0.1204580
vn 2.6961133 -1.3440144 -3.7043748
v 0.0258693 2.9943311 0.1204580
vn 3.0499430 0.2110228 -3.5939770
v 0.0277892 3.0055821 0.1204580
vn 2.6703722 1.5218059 -3.5544195
v 0.0250595 3.0142412 0.1204580
vn 1.8471361 2.4609518 -3.5445600
v 0.0185143 3.0216262 0.1204580
vn 0.7789119 2.9923043 -3.4876180
v 0.0091759 3.0259843 0.1204580
vn -0.3652978 3.0649283 -3.5043888
v -0.0008828 3.0267172 0.1204580
vn -1.5951012 2.6078072 -3.5957956
v -0.0123665 3.0230241 0.1204580
vn -2.5927072 1.6382924 -3.5719533
v -0.0204334 3.0149603 0.1204580
vn 0.2721343 -3.0638123 -2.7504983
v 0.0061599 2.9488471 0.1204580
vn -0.9024040 2.9431553 -2.7597239
v -0.0116745 3.0567331 0.1204580
vn -0.3828381 3.0531385 2.7555325
v -0.0037189 3.0584512 0.1883680
vn 0.3827692 3.0531621 -2.7555742
v 0.0079315 3.0584512 0.1204580
vn -1.9734086 2.3822403 -2.8035514
v -0.0292228 3.0469773 0.1204580
vn -2.0183182 -2.3540819 -2.8322964
v -0.0298536 2.9611671 0.1204580
vn 2.6169648 -1.1731945 -2.3037958
v 0.0418604 2.9695601 0.1204580
vn -2.7825484 -0.9972935 -2.4567826
v -0.0379369 2.9708531 0.1204580
vn 1.5960090 2.6337764 -2.7639978
v 0.0266641 3.0518911 0.1204580
vn 0.0000000 0.0000000 -3.1415927
v -0.0379369 3.0116291 0.1204580
vn 1.5102496 -2.6768293 -2.7353520
v 0.0250961 2.9546893 0.1204580
vn 2.6561568 1.1410756 -2.3516829
v 0.0417927 3.0377061 0.1204580
vn -1.0054485 -2.9115853 -2.7652264
v -0.0133766 2.9513133 0.1204580
vn 0.0000000 0.0000000 -3.1415927
v -0.0379369 3.0302322 0.1204580
vn -2.7760191 1.0047585 -2.4460144
v -0.0379369 3.0366342 0.1204580
vn 0.0000000 0.0000000 -3.1415925
v -0.0379369 3.0201643 0.1204580
vn -2.6568274 1.1421369 2.3534276
v -0.0376504 3.0376232 0.1883680
vn -2.6263947 -1.1636510 2.3217885
v -0.0377894 2.9697173 0.1883680
vn -1.5085114 -2.6811197 2.7550812
v -0.0208835 2.9546893 0.1883680
vn -0.3329456 -3.0716197 2.7928174
v -0.0019463 2.9488471 0.1883680
vn 0.6925204 -3.0334485 2.8733530
v 0.0119307 2.9499593 0.1883680
vn 1.6376460 -2.6133463 2.7625468
v 0.0266650 2.9555972 0.1883680
vn 2.6474073 -1.1514081 2.3346050
v 0.0417927 2.9697812 0.1883680
vn 2.7754557 1.0013332 2.4437282
v 0.0420743 3.0367341 0.1883680
vn 1.9729714 2.3827538 2.8039653
v 0.0334359 3.0469773 0.1883680
vn 0.9023789 2.9431686 2.7597539
v 0.0158871 3.0567331 0.1883680
vn -1.5966715 2.6332109 2.7636189
v -0.0224512 3.0518901 0.1883680
vn 4.6025152 -1.8105339 -2.3187008
v -0.0283515 3.3487372 0.4044422
vn 1.6010318 -1.5187478 -1.5534245
v -0.0233827 3.3488393 0.4044422
vn 1.6401330 -1.6138419 1.6413777
v -0.0237106 3.3489442 0.5007212
vn 4.6390791 -1.8093309 2.2964382
v -0.0283515 3.3487372 0.5007212
vn 4.5515666 1.8108044 2.3511353
v -0.0283515 3.3596151 0.5007212
vn 1.5501051 1.5193118 1.5212202
v -0.0233827 3.3596742 0.5007212
vn 1.5891182 1.6157122 -1.6091871
v -0.0237130 3.3595591 0.4044422
vn 4.5880752 1.8107884 -2.3289168
v -0.0283515 3.3596151 0.4044422
vn 1.5629194 1.7146297 -1.6868999
v -0.0309369 3.3806112 0.3956504
vn 1.5629183 1.7146302 1.6868995
v -0.0309369 3.3806112 0.5095130
vn 5.7799954 -0.5709421 -1.5519201
v 0.0420754 2.7657921 0.1489900
vn 5.9335780 0.6884578 -1.1694926
v 0.0420754 2.4230542 0.1484610
vn 5.7400031 1.6498587 -0.5033921
v 0.0420754 2.4180131 0.1406900
vn 5.9202757 1.1834010 0.7195871
v 0.0420754 2.4188631 0.0983390
vn 5.9177327 -1.2153738 -0.6832842
v 0.0420754 2.7730832 0.1435330
vn 5.7454171 0.4600405 1.6549376
v 0.0420754 2.4263561 0.0936130
vn 5.8809929 -1.3177321 0.6604935
v 0.0420754 2.7731621 0.0996100
vn 5.8079758 -0.5832832 1.4895158
v 0.0420754 2.7665951 0.0938390
vn -5.6185322 1.2830911 -1.3910531
v -0.0379142 3.2947912 0.5478508
vn -3.8975389 1.8020893 -0.6848481
v -0.0379246 3.3805711 0.5541666
vn -5.5740886 0.4677074 -1.8994119
v -0.0379208 3.3062551 0.5537523
vn 3.7589276 -4.5410781 -1.4595660
v 0.0285224 2.0881631 0.7015198
vn 3.7291379 4.7960420 -0.0454752
v 0.0284480 2.0279551 0.6925130
vn 3.7667696 -3.7908924 2.7967448
v 0.0282128 2.0834122 0.6739559
vn 3.8750083 3.6114008 -3.0214512
v 0.0282987 2.0352311 0.7119379
vn 3.8277152 -0.8560981 4.6599407
v 0.0283230 2.0644722 0.6621109
vn 3.7117400 -1.3302498 -4.6603050
v 0.0284874 2.0674832 0.7218112
vn 3.7511320 -2.4867642 -4.1487288
v 0.0284140 2.0746052 0.7185622
vn 3.7278833 2.7922442 3.9806259
v 0.0283796 2.0404811 0.6675871
vn 4.1016908 3.2188826 3.0302203
v 0.0273973 2.0372143 0.6713542
vn 4.0329847 0.0479734 4.4661555
v 0.0274486 2.0583181 0.6622113
vn 3.8133094 -4.7039390 -0.1247503
v 0.0281890 2.0893862 0.6931136
vn 3.8930902 4.5951505 -1.0443137
v 0.0283803 2.0289631 0.6996833
vn 3.7552698 -3.4155440 -3.3660474
v 0.0284471 2.0806911 0.7138393
vn 3.6874089 4.2466035 2.3381300
v 0.0284821 2.0315642 0.6777178
vn 3.8657608 -2.8735814 3.7075255
v 0.0283795 2.0770452 0.6676199
vn 3.7751911 1.4215280 -4.5375042
v 0.0284818 2.0497851 0.7217437
vn 3.7004611 1.5374463 4.5630960
v 0.0285324 2.0486181 0.6630326
vn 3.5352538 4.4152966 -2.3749056
v 0.0289885 2.0311971 0.7068342
vn 3.7348089 -4.5813432 1.4049416
v 0.0284468 2.0882351 0.6834267
vn 3.6768031 -1.9412082 4.5037150
v 0.0285978 2.0709212 0.6638574
vn 3.7852769 -4.1350436 -2.4093349
v 0.0283797 2.0850492 0.7080563
vn 4.0496597 4.3787327 0.9783514
v 0.0273760 2.0295331 0.6855931
vn 6.0520577 -0.9600661 0.6305488
v 0.0229072 2.0758963 0.6792357
vn 3.7274776 0.0512763 -4.8126845
v 0.0284466 2.0586271 0.7230406
vn 5.1441879 -0.1013690 -3.3053391
v 0.0251663 2.0594542 0.7194124
vn 5.9555602 -0.3224475 -1.3574324
v 0.0229473 2.0646391 0.7135253
vn 5.0411677 -1.0689336 -3.3515439
v 0.0255209 2.0671611 0.7185841
vn 4.9613895 -2.2045200 -2.9098718
v 0.0256572 2.0753641 0.7145987
vn 5.7789068 -1.1957124 -1.7584814
v 0.0235640 2.0719512 0.7122825
vn 5.2296247 -2.6447144 -1.7015808
v 0.0247176 2.0810962 0.7065308
vn 6.0503340 -1.0283644 -0.5302514
v 0.0229058 2.0778751 0.7021670
vn 5.3087893 -2.9316211 -0.7056142
v 0.0245404 2.0842731 0.6980494
vn 6.0000248 -1.2772478 0.1764748
v 0.0229599 2.0805821 0.6897068
vn 5.2465143 -3.2266736 0.0927088
v 0.0248489 2.0853381 0.6918922
vn 5.1706181 -3.0690107 0.9971260
v 0.0249596 2.0844803 0.6844668
vn 5.2476521 -2.3835435 1.9397340
v 0.0246102 2.0793443 0.6756758
vn 5.0656862 -1.3327609 3.1422377
v 0.0252936 2.0693121 0.6669207
vn 5.9449167 -0.7322314 1.2751014
v 0.0230023 2.0693812 0.6727317
vn 5.7797341 -0.2593088 2.0449486
v 0.0233759 2.0617583 0.6690669
vn 5.2557669 0.4285675 3.1254482
v 0.0248109 2.0551312 0.6658611
vn 6.0097508 0.4318433 1.1868231
v 0.0229176 2.0522242 0.6715551
vn 5.0837827 1.5335599 2.9645269
v 0.0252582 2.0466192 0.6676487
vn 6.0489650 0.8622177 0.7288352
v 0.0228816 2.0418231 0.6785896
vn 5.5534754 2.0091577 1.7048007
v 0.0238851 2.0393541 0.6766923
vn 5.2302260 2.8717265 1.3021181
v 0.0249200 2.0343361 0.6810235
vn 6.0061617 1.2595644 0.1143377
v 0.0229020 2.0370202 0.6909287
vn 5.2720828 3.1310754 -0.0322345
v 0.0247014 2.0323491 0.6920029
vn 4.8508625 3.4600401 -1.3863711
v 0.0257461 2.0327322 0.7029397
vn 5.7696643 2.0062001 -0.8452168
v 0.0236602 2.0365613 0.7020820
vn 6.1128182 0.7478951 -0.6349805
v 0.0228808 2.0422223 0.7054083
vn 5.3489699 2.1766794 -2.0389922
v 0.0244760 2.0397272 0.7100193
vn 3.8265703 2.6431642 -3.8526812
v 0.0280556 2.0410352 0.7171649
vn 6.0138645 0.5237761 -1.1349450
v 0.0229135 2.0494223 0.7119627
vn 5.2126813 1.6217176 -2.8218274
v 0.0248824 2.0449591 0.7150427
vn 5.2371473 0.7250848 -3.0009189
v 0.0246723 2.0523381 0.7179491
vn 4.8652821 -2.5377705 -0.5400209
v 0.0358785 1.9471822 0.1833090
vn 0.0000023 0.0001616 0.0036269
v 0.0358785 1.9433582 0.2588770
vn 0.0000017 -0.0001558 0.0032885
v 0.0358785 1.9428632 0.2588770
vn 3.9432123 2.8190906 -0.9131573
v 0.0358785 1.9392741 0.2560580
vn -0.2516930 0.2012107 -3.1149871
v 0.0358785 1.9429052 0.2588770
vn -0.1882964 0.0000002 -3.1359446
v 0.0358785 1.9431112 0.2588770
vn 2.8760900 -1.2312796 -2.7181437
v 0.0358781 1.9955962 0.6824438
vn -0.0557862 0.0022610 3.1410959
v 0.0358785 1.9431112 0.3093220
vn -0.1094246 0.1387164 3.1326289
v 0.0358785 1.9429052 0.3093220
vn 4.1728578 2.4000120 -1.6865374
v 0.0358785 1.9417822 0.6320354
vn 3.8693182 1.2740662 -2.6647508
v 0.0358789 1.9924712 0.6820879
vn 3.0563710 -2.7501185 -0.1843840
v 0.0358795 1.9988871 0.1296630
vn -0.1356589 -0.2347856 3.1182692
v 0.0358785 1.9433172 0.3093220
vn 2.8364761 -2.5204482 -1.6904572
v 0.0358785 1.9980991 0.6802317
vn -0.1973630 -0.1774010 -3.1201618
v 0.0358785 1.9433172 0.2588770
vn 2.8883810 1.1164607 2.7754679
v 0.0358781 3.2027161 0.1251570
vn 2.7620392 2.5000172 1.5923984
v 0.0358782 3.1997602 0.1275320
vn 4.7989569 -2.6092196 0.4353199
v 0.0358785 1.9470983 0.6235170
vn 4.0247626 -2.8537633 0.7568267
v 0.0358785 1.9469821 0.3123080
vn 4.2004099 2.3065829 1.8134559
v 0.0358785 1.9422572 0.1748980
vn 2.6697969 -1.6850963 2.4072149
v 0.0358686 1.9968052 0.1257610
vn 3.9844868 2.8341260 -0.8361338
v 0.0358784 3.2512002 0.2560180
vn 0.0000009 -0.0000160 -0.0020113
v 0.0358785 1.9428632 0.3093220
vn 0.0000026 0.0002056 -0.0040352
v 0.0358785 1.9433582 0.3093220
vn 3.8038251 4.5766239 -0.3816254
v 0.0368186 1.9303021 0.2857471
vn 3.8049338 -3.4188731 3.0612338
v 0.0370280 1.9530561 0.2767050
vn 3.8210425 3.2315550 -3.2323918
v 0.0371268 1.9338043 0.2942280
vn 4.0530977 0.4878259 4.1411724
v 0.0363669 1.9417281 0.2725980
vn 3.6791759 -2.2790916 -4.1452637
v 0.0371295 1.9497511 0.2962201
vn 3.9794803 -4.3821626 -0.0919804
v 0.0367541 1.9558661 0.2852670
vn 4.0907545 3.5495620 2.4301524
v 0.0366392 1.9328001 0.2776490
vn 3.7868509 1.4612389 -4.4080610
v 0.0370389 1.9387431 0.2972320
vn 4.1245065 3.8044693 -1.6985656
v 0.0363948 1.9317961 0.2902820
vn 3.6996114 -3.9493954 -2.3373780
v 0.0369898 1.9542761 0.2916960
vn 3.7880988 -1.7646712 4.1234431
v 0.0367345 1.9480011 0.2731600
vn 3.6783524 4.4869452 1.4369291
v 0.0370645 1.9306731 0.2813200
vn 3.9364023 -4.2598658 1.4232150
v 0.0367424 1.9551523 0.2808750
vn 3.9693365 2.1965535 3.6851091
v 0.0366660 1.9361122 0.2743551
vn 3.8533766 -0.4484074 -4.3957472
v 0.0367397 1.9441972 0.2977641
vn 5.2814832 -1.0171756 -2.7594836
v 0.0354180 1.9467542 0.2953960
vn 4.9759936 -2.3385832 -2.5195115
v 0.0356523 1.9509041 0.2933460
vn 5.8911004 -1.2058160 -0.9398845
v 0.0348036 1.9505782 0.2908820
vn 5.2470393 -2.8123698 -0.7208764
v 0.0352965 1.9536262 0.2877980
vn 5.9361396 -1.3979181 0.1635575
v 0.0347556 1.9521661 0.2840921
vn 5.3580642 -2.6330018 1.1869416
v 0.0353977 1.9530532 0.2804511
vn 5.5233879 -1.3472641 1.6087186
v 0.0348936 1.9495473 0.2772400
vn 5.3930063 -0.5878174 2.6748352
v 0.0353280 1.9457331 0.2744240
vn 5.7616243 0.5424904 1.6255488
v 0.0348125 1.9403031 0.2758360
vn 5.7570319 1.2130445 1.2098908
v 0.0347999 1.9362071 0.2784120
vn 5.5190163 2.1331666 0.6252407
v 0.0349762 1.9332612 0.2821630
vn 5.4187093 2.6985133 -0.1812757
v 0.0352776 1.9323211 0.2857010
vn 5.7568955 1.3738109 -1.0157543
v 0.0347857 1.9352891 0.2904210
vn 4.9378614 1.6534185 -2.9152110
v 0.0357453 1.9374893 0.2952011
vn 5.6884594 0.1752281 -1.7903579
v 0.0347671 1.9424582 0.2945870
vn 0.0000026 0.0001628 0.0036525
v 0.0358784 3.2552981 0.2588770
vn 0.0000017 -0.0001580 0.0033110
v 0.0358784 3.2548032 0.2588770
vn 4.2524080 -2.8576620 0.5372115
v 0.0358784 3.2588291 0.1814620
vn -0.0203055 0.0000000 -3.1415269
v 0.0358784 3.2550502 0.2588770
vn -0.1028416 -0.2194557 -3.1227934
v 0.0358784 3.2552562 0.2588770
vn 2.7104902 2.3898809 -1.7240603
v 0.0358754 3.2000072 0.6803238
vn -0.1281530 -0.2140707 3.1220448
v 0.0358784 3.2552562 0.3093220
vn -0.0557859 0.0022610 3.1410961
v 0.0358784 3.2550502 0.3093220
vn 4.8147774 2.2017958 -1.4355229
v 0.0358784 3.2486551 0.1777890
vn 4.2738571 -2.8660645 -0.4688150
v 0.0358784 3.2588871 0.6256286
vn 3.9290414 -2.8095751 0.9169860
v 0.0358785 3.2588673 0.3120180
vn -0.1318487 0.2405300 -3.1194954
v 0.0358784 3.2548442 0.2588770
vn 3.6079936 2.7635601 0.9602568
v 0.0358791 3.1997452 0.6770249
vn 4.8649650 2.2169268 1.3341935
v 0.0358785 3.2491732 0.6290397
vn 3.8752646 -1.3073494 2.6567922
v 0.0358788 3.2058473 0.1256061
vn 0.0000022 0.0001814 -0.0037284
v 0.0358784 3.2552981 0.3093220
vn 0.0000006 -0.0000888 -0.0030346
v 0.0358784 3.2548032 0.3093220
vn -0.1166800 0.1588991 3.1301565
v 0.0358784 3.2548442 0.3093220
vn 3.8611801 4.3062358 -0.9710320
v 0.0365501 3.2427702 0.2879230
vn 3.7088594 -0.8371357 -4.6828184
v 0.0370975 3.2576501 0.2977281
vn 3.7308483 -4.5779319 -0.6408293
v 0.0371061 3.2680821 0.2861810
vn 4.1395288 3.2641542 2.4391167
v 0.0362952 3.2455242 0.2770280
vn 3.6876619 -2.6735513 -3.8842056
v 0.0371047 3.2623382 0.2958680
vn 4.1122251 -0.2921931 4.1782007
v 0.0363560 3.2558141 0.2725950
vn 4.0109596 2.3277390 -3.4750905
v 0.0364028 3.2479701 0.2953310
vn 4.1537461 -3.5247116 2.3309014
v 0.0364423 3.2654631 0.2781080
vn 3.7955582 2.6366704 3.8583796
v 0.0370140 3.2469411 0.2749170
vn 3.5844433 4.5741057 1.2325706
v 0.0370976 3.2423162 0.2822781
vn 3.9488230 3.5678778 -2.7517061
v 0.0370000 3.2449462 0.2931050
vn 3.9537344 -3.9118023 -2.0274186
v 0.0366514 3.2662001 0.2911460
vn 3.7362857 -2.4080904 3.9131119
v 0.0368794 3.2617612 0.2738810
vn 3.6629210 -4.5746799 1.5161983
v 0.0371145 3.2674732 0.2811570
vn 4.0935383 1.3860481 3.9362204
v 0.0364363 3.2511842 0.2731520
vn 3.6972756 0.6202699 -4.7573614
v 0.0371780 3.2533681 0.2979701
vn 4.9833574 0.4888052 -3.3484230
v 0.0357384 3.2532501 0.2964671
vn 5.8207870 0.7666618 -1.4229776
v 0.0347950 3.2508492 0.2935650
vn 5.7730074 1.4395220 -0.8205777
v 0.0347927 3.2463641 0.2892940
vn 5.1977935 2.9758983 -1.2228420
v 0.0355176 3.2446322 0.2890960
vn 5.2530870 2.9505212 0.5775908
v 0.0355068 3.2441642 0.2826060
vn 5.8227510 1.4269918 0.8178259
v 0.0348253 3.2467163 0.2802171
vn 5.7827148 0.8442173 1.4591701
v 0.0347965 3.2502542 0.2768850
vn 5.7885370 -0.0489277 1.6743195
v 0.0348130 3.2554922 0.2753960
vn 5.1429849 -1.4052652 2.9754441
v 0.0358200 3.2604001 0.2746170
vn 5.6178117 -1.4939748 1.3987566
v 0.0349538 3.2624102 0.2780230
vn 5.0152898 -3.2855978 0.3769369
v 0.0356601 3.2665012 0.2837460
vn 5.9682813 -1.3211167 -0.0131673
v 0.0347494 3.2642612 0.2850831
vn 5.6024504 -2.0472074 -0.9385349
v 0.0350772 3.2642541 0.2897000
vn 5.0322013 -2.3465810 -2.4098735
v 0.0357455 3.2632222 0.2931620
vn 5.9161663 -0.4152414 -1.3440266
v 0.0347546 3.2577741 0.2940650
vn 5.0514235 -1.0495235 -3.1923385
v 0.0355763 3.2585711 0.2958000
vn 5.1639180 -0.8876495 2.0654767
v 0.0373643 2.7640922 0.0990140
vn 5.1599274 -2.3364010 0.3372619
v 0.0373642 2.7689602 0.1066411
vn 5.1714606 -2.2587171 -0.5075725
v 0.0373642 2.7687342 0.1373200
vn 5.1893573 -0.6916000 -2.1669686
v 0.0373642 2.7626441 0.1440990
vn 5.1579804 0.3808545 -2.3181643
v 0.0373642 2.4303303 0.1442490
vn 5.2301517 2.0754056 -0.8201170
v 0.0373643 2.4233191 0.1389860
vn 5.1174979 2.3797009 0.3303841
v 0.0373642 2.4226782 0.1066411
vn 5.2098050 0.8910723 2.0342579
v 0.0373643 2.4274151 0.0991300
vn 3.4745340 0.7890904 2.8424251
v 0.0358793 1.9927881 0.1253340
vn 3.1070039 -1.4471664 -2.6373627
v 0.0358779 1.9454162 0.2584250
vn 3.9791358 -2.8346190 -0.8344527
v 0.0358785 1.9469612 0.2560170
vn 3.1202066 1.5063368 -2.5995917
v 0.0358779 1.9407573 0.2583790
vn 3.4794772 -2.8242786 0.6956064
v 0.0358786 1.9985831 0.6773900
vn 3.0795069 1.0560124 2.8803205
v 0.0358783 1.9415653 0.3095100
vn 3.5682373 2.6056306 1.3668500
v 0.0358786 1.9394631 0.3113430
vn 3.1450751 -1.5449333 2.5725002
v 0.0358777 1.9455681 0.3098670
vn 3.6876526 2.7463472 -1.0212092
v 0.0358788 3.1996772 0.1305040
vn 3.1352687 1.4868963 -2.6182227
v 0.0358779 3.2526963 0.2583790
vn 3.1117222 -1.4447836 -2.6400130
v 0.0358779 3.2573562 0.2584250
vn 3.9666250 -2.8443365 -0.8111936
v 0.0358784 3.2589002 0.2560170
vn 2.9929039 0.0211151 -2.7690387
v 0.0358782 3.2042091 0.6827475
vn 3.1438923 -1.4319880 2.6615438
v 0.0358779 3.2572932 0.3097700
vn 3.0916913 1.1671722 2.8215256
v 0.0358782 3.2532861 0.3095731
vn 3.7037320 2.6900094 1.2140009
v 0.0358785 3.2513351 0.3115680
vn 4.2102766 2.8391101 0.6499300
v 0.0358785 1.9394531 0.1805490
vn 4.8075628 -2.1938982 -1.4587959
v 0.0358785 1.9496782 0.1775680
vn 4.2254424 2.8609619 -0.5510123
v 0.0358785 1.9393373 0.6262100
vn 4.8536367 -2.1975002 1.3855044
v 0.0358789 1.9492261 0.6294018
vn 4.1566148 -2.4140759 1.6695031
v 0.0358784 3.2565413 0.1757001
vn 4.8398657 2.5667746 -0.4953518
v 0.0358784 3.2510111 0.1835450
vn 4.1325073 -2.4448209 -1.6297550
v 0.0358780 3.2567432 0.6315809
vn 4.7905397 2.6248195 0.3946094
v 0.0358784 3.2510982 0.6232086
vn -0.0000013 0.0003404 0.0023454
v -0.0325006 1.9433582 0.2588770
vn -4.7778807 -2.6356196 -0.3870283
v -0.0325006 1.9470561 0.1844120
vn -3.5608218 2.6018105 -1.3788718
v -0.0325007 1.9394631 0.2568560
vn -0.0000005 -0.0000514 0.0021351
v -0.0325006 1.9428632 0.2588770
vn 0.1121614 -0.0000001 -3.1395898
v -0.0325006 1.9431112 0.2588770
vn 0.1486024 0.1288699 -3.1314297
v -0.0325006 1.9429052 0.2588770
vn -2.5960128 -1.9319344 -2.1744363
v -0.0324825 1.9971511 0.6816209
vn 0.1636569 0.2080430 3.1202753
v -0.0325006 1.9429052 0.3093220
vn 0.0952823 -0.0000001 3.1401477
v -0.0325006 1.9431112 0.3093220
vn -3.4942873 0.6770714 -2.8431153
v -0.0325007 1.9930372 0.6824040
vn -4.1420655 2.4446313 -1.6277518
v -0.0325002 1.9414191 0.6315840
vn -3.9425018 -2.6026137 -1.3624247
v -0.0325009 1.9982803 0.1307731
vn 0.2216804 -0.1814708 3.1243567
v -0.0325006 1.9433172 0.3093220
vn 0.2022063 -0.2770377 -3.1042664
v -0.0325006 1.9433172 0.2588770
vn -2.8103569 1.3890177 2.6894429
v -0.0325006 3.2021062 0.1254410
vn -3.7563984 -2.6813185 1.2276157
v -0.0325007 1.9468262 0.3115680
vn -4.8409777 -2.5682211 0.4972774
v -0.0325006 1.9470992 0.6237163
vn -2.8318377 -1.5066221 2.6394851
v -0.0325006 1.9962583 0.1255850
vn -4.1217256 2.4751558 1.5778250
v -0.0325006 1.9411182 0.1763951
vn -2.8888400 -2.6551461 1.2762922
v -0.0325003 1.9986882 0.1280000
vn -3.9300425 2.8091569 -0.9146647
v -0.0325007 3.2512331 0.2561800
vn -0.0000003 -0.0001397 -0.0026205
v -0.0325006 1.9428632 0.3093220
vn -0.0000009 0.0000905 -0.0030906
v -0.0325006 1.9433582 0.3093220
vn -0.0000039 -0.0001879 0.0046089
v -0.0325007 3.2548032 0.2588770
vn -0.0000013 0.0003285 0.0023606
v -0.0325007 3.2552981 0.2588770
vn -4.2979383 -2.8576622 0.4746644
v -0.0325007 3.2588871 0.1818960
vn 0.1826457 -0.2908858 -3.1036978
v -0.0325007 3.2552562 0.2588770
vn 0.0740096 -0.0047767 -3.1407146
v -0.0325007 3.2550502 0.2588770
vn -2.5503535 1.8408747 -2.2097490
v -0.0324777 3.2010641 0.6817254
vn 0.0579217 0.0000000 3.1410587
v -0.0325007 3.2550502 0.3093220
vn 0.1788728 -0.1824552 3.1269047
v -0.0325007 3.2552562 0.3093220
vn -4.8211470 2.1901612 -1.4463359
v -0.0325010 3.2486372 0.1777110
vn -3.7419655 -2.6779528 1.2409489
v -0.0325008 3.2587903 0.3116111
vn -4.2797346 -2.8337557 -0.5830627
v -0.0325006 3.2587233 0.6268098
vn 0.1333383 0.1945781 -3.1245522
v -0.0325007 3.2548442 0.2588770
vn -4.8610945 2.1850920 1.3911852
v -0.0325010 3.2488551 0.6295044
vn -3.3234873 2.8206935 0.4645084
v -0.0325008 3.1995702 0.6773982
vn -2.8340189 2.5118246 1.6610188
v -0.0325006 3.1998742 0.1274140
vn -3.5698824 -0.8949248 2.8144133
v -0.0325014 3.2053373 0.1252940
vn -0.0000017 -0.0002242 -0.0027949
v -0.0325007 3.2552981 0.3093220
vn -0.0000001 0.0000000 -0.0000000
v -0.0325007 3.2548032 0.3093220
vn 0.1618844 0.2990482 3.1033120
v -0.0325007 3.2548442 0.3093220
vn -3.4868288 0.7598796 2.8447928
v -0.0325015 1.9929712 0.1252201
vn -3.0394721 -2.0060461 -1.9585941
v -0.0324999 1.9462903 0.2579340
vn -3.0690637 1.0563617 -2.8794146
v -0.0325005 1.9415653 0.2586890
vn -3.3237734 -2.8205457 0.4701527
v -0.0325008 1.9985871 0.6773550
vn -3.1562450 1.5104237 2.6002514
v -0.0325002 1.9407361 0.3098220
vn -3.9904397 2.8314006 0.8402985
v -0.0325006 1.9392612 0.3121830
vn -3.0488849 -1.1205028 2.8391185
v -0.0325004 1.9448752 0.3095731
vn -3.5562124 2.8052425 -0.7973594
v -0.0325008 3.1995332 0.1302071
vn -3.1128027 1.3928210 -2.6798661
v -0.0325001 3.2528563 0.2584730
vn -3.0213833 -1.9928747 -1.9721458
v -0.0324999 3.2582302 0.2579330
vn -3.5346711 -0.8140240 -2.8232954
v -0.0325012 3.2054162 0.6822710
vn -3.0585451 -1.1449076 2.8271270
v -0.0325004 3.2568133 0.3095731
vn -3.0119612 2.0193686 1.9380105
v -0.0324999 3.2518811 0.3102790
vn -4.3007574 2.8684595 0.4145602
v -0.0325006 1.9392512 0.1821730
vn -4.8831172 -2.2164400 -1.3067560
v -0.0325006 1.9488761 0.1786370
vn -4.2849908 2.8632360 -0.4591238
v -0.0325006 1.9392912 0.6257089
vn -4.8377318 -2.1798987 1.4339437
v -0.0325010 1.9494812 0.6297324
vn -4.1317153 -2.4233429 1.6593012
v -0.0325007 3.2567883 0.1760340
vn -4.8360224 2.5797622 -0.4505446
v -0.0325007 3.2510471 0.1837471
vn -4.0768509 -2.3006282 -1.8863388
v -0.0325007 3.2560642 0.6324326
vn -4.8260217 2.5854592 0.4715723
v -0.0325007 3.2510912 0.6234499
vn -4.5140519 1.6965302 -1.4585267
v -0.0379650 2.4303751 -0.0227420
vn -4.9515176 -1.4092222 2.0117133
v -0.0379389 1.9610221 -0.0168380
vn -4.7995286 1.7011482 1.7526014
v -0.0379530 2.4293292 -0.0173950
vn -4.6905193 -2.3570764 -0.2827516
v -0.0379504 1.9584472 -0.0209880
vn -4.8856168 -0.9897008 -2.2707603
v -0.0379388 1.9605682 -0.0232919
vn -5.4481640 0.5941243 2.0512221
v -0.0379368 2.3551302 0.0007160
vn -5.4578719 -0.5862513 2.0396228
v -0.0379367 2.0322871 0.0001240
vn -5.1845627 0.3922056 2.3338032
v -0.0379369 2.2243292 0.0459850
vn -5.1831861 -0.3950412 2.3342566
v -0.0379369 2.1650481 0.0459850
vn -1.5707964 1.5707947 -1.5707949
v -0.0378510 3.3806112 0.3956504
vn 1.5629189 -1.7146262 -1.6868948
v -0.0309369 3.3277402 0.3956504
vn -1.5707964 -1.5707982 -1.5707974
v -0.0378510 3.3277402 0.3956504
vn 1.5629199 -1.7146251 1.6868953
v -0.0309369 3.3277402 0.5095130
vn -1.5707964 1.5707968 1.5707973
v -0.0378510 3.3806112 0.5095130
vn -1.5707964 -1.5707979 1.5707970
v -0.0378510 3.3277402 0.5095130
vn -1.9035157 -2.4862266 4.3181534
v -0.0331135 5.0259891 0.7551514
vn 1.9757499 -2.5977652 4.1958866
v 0.0372832 5.0249996 0.7545991
vn -5.1898227 -2.0831292 -0.7596608
v -0.0379222 5.0134215 0.1318660
vn -4.5322037 -2.5070269 1.0497726
v -0.0379243 5.0129752 0.1290840
vn -4.9795122 -2.2177463 -1.0527658
v -0.0379288 4.9249229 0.1741000
vn -4.8139567 2.5977755 0.4565240
v -0.0379245 4.9492898 0.1810960
vn -4.9343753 -0.8041457 -2.3517172
v -0.0379213 5.0304756 0.0694430
vn -4.7067823 1.5707645 1.5768154
v -0.0379244 5.1479230 0.1144730
vn -4.8535876 2.1951141 1.3869750
v -0.0379240 4.9514227 0.1751860
vn -5.5376153 -1.5350869 1.2880085
v -0.0379249 5.0957742 0.1758190
vn -5.6331267 -0.5588837 1.7909396
v -0.0379229 5.0811610 0.1652700
vn -5.5673194 0.4773549 1.9118966
v -0.0379223 5.0071917 0.1651490
vn -5.0226636 1.0321480 2.1695728
v -0.0379214 5.0032034 0.1236711
vn -5.6421666 1.7783854 0.5507138
v -0.0379180 4.9862223 0.1847301
vn -4.1330495 -2.3601751 -1.7603544
v -0.0379250 4.9648919 0.1784580
vn -5.5313134 1.3181305 1.5204588
v -0.0379233 4.9956098 0.1713500
vn -4.3728867 -0.7527378 2.7046330
v -0.0379237 5.0066085 0.1237171
vn -2.4612384 5.3031034 1.2003064
v -0.0338871 4.9899745 0.1873140
vn 2.3596852 4.8399119 2.6277270
v 0.0380401 4.9920778 0.1821760
vn -2.2675149 4.3479805 3.4828596
v -0.0338458 4.9951930 0.1775310
vn 2.3718624 -5.3251634 1.3600949
v 0.0380363 5.9087443 0.1878860
vn -2.3653793 -5.4164081 0.8156205
v -0.0338682 5.9089494 0.1899660
vn 2.3949654 -4.8211546 2.6083319
v 0.0380394 5.0948410 0.1820050
vn 2.3732004 -5.4042525 0.7359119
v 0.0380549 5.0974197 0.1901780
vn -2.3450005 -5.4315124 0.8162165
v -0.0338681 5.0973754 0.1899630
vn 2.3383849 -5.4121470 0.8600577
v 0.0380547 5.7466793 0.1901780
vn 2.3560207 -5.4094815 -0.8587864
v 0.0380188 5.7466345 0.5988726
vn -2.3748643 -5.3906827 -0.9318424
v -0.0339040 5.7466793 0.5986569
vn -2.3723307 -5.3553801 1.3299181
v -0.0338759 5.7463598 0.1875970
vn 2.2877848 -5.4865556 0.6621214
v 0.0380548 5.5843644 0.1901780
vn 2.1747160 -5.5791082 -0.6711329
v 0.0380188 5.5843196 0.5988729
vn -2.3542821 -5.3991027 -0.9682530
v -0.0339040 5.5843644 0.5986572
vn -2.1714361 -5.5776663 0.6692249
v -0.0338680 5.5843196 0.1899630
vn 2.2985795 5.4706564 0.6614425
v 0.0380421 4.9895616 0.1904370
vn -2.1562979 5.5918708 -0.6610192
v -0.0338913 5.4765062 0.5984010
vn 2.2981398 5.4705586 0.6617379
v 0.0380421 5.4765062 0.1904340
vn -2.4618709 5.3018975 1.2027106
v -0.0338868 5.4769192 0.1873150
vn -2.4282093 4.6224279 -2.9257534
v -0.0338807 5.3176851 0.6087636
vn 2.2903683 4.3062229 -3.5245278
v 0.0380401 5.3199611 0.6115283
vn 2.4591134 5.2994270 -1.2174910
v 0.0380293 5.3146148 0.6015336
vn -2.4038353 4.3374543 -3.3365314
v -0.0338893 6.1309710 0.6108405
vn 2.2900636 4.1403728 -3.7110176
v 0.0380401 6.1315351 0.6115280
vn 2.3901722 5.3470812 -1.3704871
v 0.0380292 6.1261892 0.6015344
vn -2.4181643 5.3498917 -1.1556021
v -0.0338987 6.1260257 0.6006906
vn -1.9199349 2.5285063 -4.3020000
v -0.0331166 6.1979628 0.0664940
vn 2.1958473 3.2031147 -3.9339921
v 0.0372528 6.2020221 0.0695111
vn 1.9241321 1.3000170 -4.8159900
v 0.0372645 6.1945009 0.0650600
vn -5.6430588 1.7711610 0.5580800
v -0.0379180 5.4731622 0.1847470
vn -5.6502824 -1.7389240 0.6280301
v -0.0379163 5.4250393 0.1835051
vn -5.5191202 -2.0039997 -0.3442246
v -0.0379239 5.5883665 0.5989468
vn -5.6510725 1.7387108 -0.6263911
v -0.0379163 5.6358566 0.6053296
vn -5.5072837 -2.0255935 -0.3185015
v -0.0379242 5.7506814 0.5989473
vn -5.6511354 1.7397505 -0.6279130
v -0.0379145 5.7981730 0.6053291
vn -5.6418824 1.7783096 0.5510423
v -0.0379175 5.7977924 0.1847460
vn -5.5052962 -2.0287471 0.2904771
v -0.0379241 5.7505674 0.1891190
vn -5.5143619 2.0076058 -0.3669100
v -0.0379242 5.3104024 0.5998981
vn -5.5239363 1.3370019 1.5202336
v -0.0379247 5.1576948 0.2541111
vn -4.6598206 1.5696083 -1.6039987
v -0.0379246 5.1479230 0.1944840
vn -5.5849223 -1.8944724 0.4738650
v -0.0379220 5.1009488 0.1862890
vn -5.6421404 1.7786497 0.5488098
v -0.0379152 5.1485324 0.2672790
vn -5.4942651 2.0373585 -0.3151148
v -0.0379242 5.1480875 0.5998981
vn -5.6419678 -1.7739884 -0.5667070
v -0.0379189 5.9123402 0.6041291
vn -5.5805330 1.8851572 -0.4914944
v -0.0379230 5.9599819 0.6026239
vn -5.5676174 0.4769192 1.9116271
v -0.0379218 5.9810829 0.2476740
vn -3.1415927 0.0000612 -3.1413693
v -0.0379246 5.9846673 0.1944840
vn -4.7098503 1.5709219 -1.5723144
v -0.0379246 5.9567981 0.1944840
vn -5.5883150 -1.8862375 0.4753495
v -0.0379257 5.9125953 0.1864870
vn -5.5311775 1.3217416 1.5230231
v -0.0379227 5.9694996 0.2538770
vn -5.6422396 1.7890918 0.5495739
v -0.0379140 5.9601078 0.2672790
vn -5.5800276 1.8858808 -0.4929735
v -0.0379227 6.1222973 0.6026244
vn -5.5021024 -2.0331695 -0.3124451
v -0.0379241 6.0752487 0.5989402
vn 2.3254087 -0.7126054 5.4638162
v 0.0378083 4.8999829 0.5193729
vn -2.3102260 -0.8120188 5.4698133
v -0.0330969 4.9002752 0.5193708
vn 2.3146532 -0.7865260 -5.4695477
v 0.0374681 4.9002776 0.4201966
vn -2.2772057 -0.7352715 -5.4988990
v -0.0333355 4.8999643 0.4201956
vn -2.4253812 -3.0058603 -4.5532212
v -0.0331922 4.9084306 0.4172326
vn 2.2064450 -3.2802334 -4.5747247
v 0.0373054 4.9091692 0.4167681
vn 2.1952529 -0.5264571 -5.0505400
v 0.0372528 5.0344543 0.0643231
vn -1.8923365 -1.3329012 -4.8456011
v -0.0331246 5.0294495 0.0650600
vn -2.3209279 0.0000801 -5.2586617
v -0.0331081 5.2075205 0.0643231
vn 3.0479000 0.3907461 -3.5432954
v -0.0306386 5.2041535 0.0643231
vn 2.6234572 1.6125371 -3.5232151
v -0.0267186 5.1932282 0.0643231
vn -3.0463247 -0.3767554 -3.5637214
v 0.0348518 5.2109470 0.0643231
vn -2.9317102 0.9112493 -3.5688057
v 0.0338257 5.1995168 0.0643231
vn -2.3200612 2.0263212 -3.5314462
v 0.0279931 5.1892753 0.0643231
vn 1.8002536 2.5097327 -3.4931407
v -0.0184105 5.1844444 0.0643231
vn -1.4029564 2.7544155 -3.4880149
v 0.0181993 5.1817884 0.0643231
vn 0.7716041 2.9971654 -3.4712157
v -0.0069431 5.1791649 0.0643231
vn -0.3199938 3.0800378 -3.4640629
v 0.0059247 5.1782298 0.0643231
vn -0.7448221 -2.3276641 -4.9667954
v -0.0078070 4.8205605 0.4202586
vn -2.2653661 -0.7405555 -5.0420790
v -0.0331221 4.8454776 0.4202606
vn 2.6967196 1.3415238 -3.7076824
v -0.0253081 4.8535352 0.4202606
vn 1.6301556 2.5721264 -3.6296458
v -0.0142784 4.8417745 0.4202606
vn 0.9836108 -2.2426455 -4.9554801
v 0.0144005 4.8208933 0.4202579
vn 2.2904418 -0.9175631 -4.9231987
v 0.0375699 4.8439546 0.4202582
vn -2.6365290 1.5862470 -3.5374146
v 0.0294428 4.8512845 0.4202606
vn -1.8104429 2.4986186 -3.5131474
v 0.0218921 4.8431754 0.4202606
vn 0.3664424 3.0648160 -3.5089238
v -0.0006635 4.8373871 0.4202606
vn -0.7744564 2.9945576 -3.4868121
v 0.0112626 4.8382578 0.4202606
vn 0.7665748 -2.3217649 4.9591603
v 0.0131193 4.8205676 0.5193097
vn 2.2936201 -0.7548503 5.0035439
v 0.0377309 4.8454952 0.5193094
vn -2.3321753 2.0108905 3.5345774
v 0.0268718 4.8476772 0.5193070
vn -0.3588498 -2.3518379 5.1622233
v -0.0077153 4.8205423 0.5193071
vn -2.2136343 -0.9618706 5.0018411
v -0.0326964 4.8434930 0.5193071
vn -1.4227316 -1.9580470 5.1152821
v -0.0105586 4.8217039 0.5193071
vn -2.9484162 0.5834592 3.7425637
v 0.0330747 4.8588285 0.5193070
vn -1.3976061 2.7561767 3.4976683
v 0.0177933 4.8407025 0.5193070
vn -2.7291355 -1.2711400 3.7525661
v 0.0310588 4.8758783 0.5193070
vn -0.3251594 3.0765498 3.4828169
v 0.0064142 4.8373871 0.5193070
vn 0.7801051 2.9914029 3.4912746
v -0.0055119 4.8382578 0.5193070
vn -1.6357508 -2.5827177 3.6296816
v 0.0200277 4.8876405 0.5193070
vn -0.3667316 -3.0893362 3.5088253
v 0.0064111 4.8920274 0.5193070
vn 1.8478891 2.4601204 3.5458350
v -0.0165858 4.8434358 0.5193070
vn 2.6724701 1.5180945 3.5553730
v -0.0243483 4.8522129 0.5193070
vn 0.8154111 -2.9935412 3.5125134
v -0.0055145 4.8911557 0.5193070
vn 3.0714784 0.2682384 3.5588827
v -0.0275854 4.8625054 0.5193070
vn 2.0146630 -2.2921154 3.6376796
v -0.0184353 4.8847194 0.5193070
vn 2.8846331 -1.0790296 3.5856164
v -0.0262193 4.8731213 0.5193070
vn 2.2257800 -0.7492292 5.5361724
v 0.0380190 5.0761309 0.1687191
vn -2.2961643 -0.6673115 5.4788876
v -0.0339041 5.0759163 0.1686740
vn -2.2767608 4.3411250 3.4796014
v -0.0338459 5.1575069 0.2600580
vn 2.3066392 4.7498455 2.8375130
v 0.0380401 5.1543932 0.2647010
vn 2.3674390 3.1427524 4.5509124
v 0.0380988 5.1625695 0.2550570
vn -2.3069680 -2.8372021 -4.7496510
v -0.0338893 5.0839186 0.6176694
vn 2.3304448 -3.5432370 -4.2116842
v 0.0379967 5.0885625 0.6145555
vn 2.4167626 -1.3756779 -5.2998066
v 0.0380377 5.0787783 0.6197732
vn 2.3146186 0.7404215 5.4686918
v 0.0380549 5.0110908 0.1686740
vn -2.3277595 0.7401997 5.4500308
v -0.0338682 5.0108762 0.1687191
vn 2.2935476 -2.8247926 -4.7819548
v 0.0380401 6.2209067 0.6172502
vn 2.3220716 -0.7251561 -5.4585938
v 0.0380425 6.2125225 0.6200886
vn -2.1738939 -0.6888013 -5.5785894
v -0.0338915 6.2118626 0.6201860
vn 2.2941277 3.1953323 4.6029682
v 0.0381021 5.0002623 0.1725221
vn -2.3396471 2.6471179 4.8450737
v -0.0338793 5.0025592 0.1714380
vn -2.1403518 -0.6126068 -5.5975623
v -0.0338914 5.0756593 0.6201860
vn 2.1622384 0.6250302 -5.5844231
v 0.0380423 5.0113478 0.6201860
vn -2.3163037 0.7214739 -5.4597864
v -0.0338917 5.0106878 0.6200886
vn -2.2975807 2.8362558 -4.7745032
v -0.0338892 5.0023036 0.6172502
vn 2.3555591 2.7109122 -4.7799783
v 0.0380401 5.0030880 0.6176694
vn 2.3659537 4.1633372 -3.5884228
v 0.0380401 4.9953318 0.6115284
vn -2.4043808 4.3367939 -3.3368979
v -0.0338893 4.9947672 0.6108408
vn 2.4334455 5.2978315 -1.3661002
v 0.0380380 4.9899745 0.6015208
vn -2.4084413 5.3590422 -1.1493092
v -0.0338869 4.9897723 0.6005835
vn -2.4337635 4.2419786 -3.4116046
v -0.0338893 5.1570816 0.6108402
vn 2.1892855 4.3744149 -3.5727494
v 0.0380401 5.1576457 0.6115277
vn 2.4737024 5.2975531 -1.2145354
v 0.0380322 5.1522989 0.6015358
vn -2.3848855 5.3672719 -1.2383831
v -0.0338986 5.1521368 0.6006903
vn -2.3911340 -5.3919888 -0.8206458
v -0.0339159 5.0973721 0.5987275
vn 2.1789382 -5.5755463 -0.6739722
v 0.0379965 5.0973477 0.5989255
vn 2.2905991 -4.7602301 -2.8475266
v 0.0380301 5.0946569 0.6071883
vn -2.3874292 -4.5357013 -3.1353958
v -0.0339513 5.0935731 0.6094848
vn 2.2661176 -3.2317057 4.5891023
v 0.0380068 5.0867147 0.1726000
vn -2.2686045 -2.8314393 4.8079929
v -0.0338868 5.0842252 0.1713120
vn -2.4406581 -4.5013561 3.1066794
v -0.0338957 5.0934868 0.1793370
vn 5.5831165 -1.5333287 1.2149152
v 0.0420758 5.0958076 0.1758560
vn 4.7105227 1.5704995 -1.5743295
v 0.0420754 5.1479034 0.1944840
vn 3.1415927 0.0000000 -3.1416454
v 0.0420754 5.1686020 0.1944840
vn 5.5904183 0.4386472 1.8939595
v 0.0420763 5.1705389 0.2474080
vn 5.5583172 -1.9408729 0.4224108
v 0.0420731 5.1011806 0.1873651
vn 5.5583601 1.3369008 1.4559271
v 0.0420756 5.1583614 0.2535660
vn 5.6564255 1.7251495 0.6352867
v 0.0420653 5.1489105 0.2660381
vn -2.4624805 5.3018594 1.2011049
v -0.0338868 5.1522894 0.2698420
vn 2.1340973 5.6053343 0.6021267
v 0.0380422 5.1518769 0.2729601
vn -2.3966413 5.3384328 1.3476238
v -0.0338868 5.3146043 0.1873150
vn 2.1364863 5.6032257 0.6030339
v 0.0380419 5.3141923 0.1904310
vn 2.3053298 4.7500825 2.8388610
v 0.0380401 5.3167081 0.1821760
vn 2.4050794 0.8136827 5.3838081
v 0.0380537 5.1734190 0.2512000
vn 2.3832576 -1.1193920 5.3909326
v 0.0380270 5.2408109 0.2515190
vn -2.3573065 0.7477642 5.4273901
v -0.0338683 5.1731939 0.2512450
vn -2.2922535 -0.6608819 -5.4725528
v -0.0338915 5.2379737 0.6201860
vn 2.4167609 -1.3757458 -5.2997913
v 0.0380377 5.2410936 0.6197731
vn -2.4191906 -1.2868685 5.3231635
v -0.0338795 5.2404985 0.2514501
vn -2.3152897 2.6621108 4.8588200
v -0.0338725 5.1648617 0.2539760
vn 2.3467469 0.7648178 -5.4170876
v 0.0380423 5.1736622 0.6201860
vn -2.3163147 0.7215047 -5.4597797
v -0.0338917 5.1730027 0.6200886
vn -2.2226372 2.9052517 -4.7957988
v -0.0338892 5.1646180 0.6172499
vn 2.3701015 2.4578204 -4.9099507
v 0.0380401 5.1654024 0.6176691
vn 5.6406450 1.7805519 -0.5492897
v 0.0420653 5.3108344 0.6039833
vn 5.6452441 -1.7472061 -0.6273825
v 0.0420626 5.2627206 0.6052721
vn 2.2792580 -4.7671108 -2.8531361
v 0.0380318 5.2569785 0.6071785
vn -2.2958963 -4.6045947 -3.1910017
v -0.0339513 5.2558875 0.6094848
vn 2.3288023 -3.5461702 -4.2105713
v 0.0379967 5.2508779 0.6145551
vn -2.3256669 -5.4591451 -0.7367250
v -0.0339158 5.2596869 0.5987251
vn 2.1806383 -5.5740733 -0.6758161
v 0.0379969 5.2596622 0.5989296
vn -2.3584785 -2.6278770 -4.8409472
v -0.0338893 5.2462330 0.6176698
vn 2.3038929 -3.5118446 4.3194947
v 0.0380301 5.2508793 0.2567500
vn -2.3623297 -3.4743924 4.2629523
v -0.0338793 5.2506485 0.2565600
vn 2.3355193 -4.8797469 2.5931990
v 0.0380301 5.2571120 0.2644360
vn -2.2852736 -4.7523232 2.8736320
v -0.0338793 5.2569714 0.2641730
vn 2.3798430 -5.3986392 0.7407160
v 0.0380546 5.2597346 0.2727050
vn -2.1692948 -5.5793958 0.6663707
v -0.0338681 5.2596903 0.2724900
vn 2.3581820 4.8411961 2.6278369
v 0.0380401 5.4790225 0.1821760
vn 2.4205754 -1.2890519 5.3223038
v 0.0380270 5.4031258 0.1689930
vn -2.4190698 -1.2868378 5.3232822
v -0.0338796 5.4028134 0.1689240
vn -2.2922721 -0.6608617 -5.4725351
v -0.0338914 5.4002881 0.6201860
vn 2.4167933 -1.3757854 -5.2997613
v 0.0380377 5.4034085 0.6197731
vn 2.3960533 -3.4552760 4.2516074
v 0.0380301 5.4131942 0.1742240
vn -2.3624871 -3.4742739 4.2628975
v -0.0338793 5.4129634 0.1740340
vn 2.4000866 3.2028441 4.4626565
v 0.0381021 5.3248911 0.1725221
vn -2.2890406 2.8480885 4.7604327
v -0.0338793 5.3271894 0.1714380
vn 2.3768659 0.9201435 5.3924603
v 0.0380549 5.3357201 0.1686740
vn -2.2028754 0.6836313 5.5600405
v -0.0338682 5.3355055 0.1687191
vn -2.2602649 4.1787043 3.6716211
v -0.0338459 5.3198223 0.1775310
vn 2.3072412 0.6717290 -5.4636803
v 0.0380423 5.3359771 0.6201860
vn -2.3162858 0.7215071 -5.4598002
v -0.0338917 5.3353176 0.6200886
vn -2.2523859 2.9553947 -4.7531662
v -0.0338893 5.3269339 0.6172502
vn 2.3460741 2.5678978 -4.8816247
v 0.0380401 5.3277178 0.6176695
vn -2.3575001 5.4091563 -0.8208978
v -0.0339050 5.3142319 0.5983955
vn -2.2286777 4.6429982 -3.1887927
v -0.0338807 5.4800000 0.6087632
vn 2.2957954 4.3002424 -3.5254035
v 0.0380401 5.4822760 0.6115284
vn 2.4587545 5.3013396 -1.2093651
v 0.0380376 5.4769192 0.6015200
vn 2.2889800 -4.7603536 -2.8484063
v 0.0380301 5.4192863 0.6071886
vn 2.3304710 -3.5433006 -4.2115865
v 0.0379967 5.4131923 0.6145552
vn -2.3536565 -4.6348953 -3.0583465
v -0.0339512 5.4182019 0.6094853
vn 2.1747808 -5.5790730 -0.6712220
v 0.0380188 5.4220052 0.5988735
vn -2.3952277 -5.3884425 -0.8295811
v -0.0339040 5.4220495 0.5986578
vn -2.2776988 -2.6833620 -4.8845959
v -0.0338893 5.4085479 0.6176697
vn 2.3115325 -4.8158770 2.7410331
v 0.0380301 5.4194269 0.1819100
vn -2.2856784 -4.7521181 2.8733363
v -0.0338793 5.4192863 0.1816471
vn 2.2877340 -5.4865794 0.6620539
v 0.0380547 5.4220495 0.1901780
vn -2.1699278 -5.5788221 0.6682162
v -0.0338680 5.4220052 0.1899620
vn 5.6497636 -1.7404820 -0.6262117
v 0.0420671 5.4250393 0.6053299
vn 5.5679512 1.9109350 0.4794471
v 0.0420730 5.4730072 0.1862791
vn 2.4138935 -1.2779225 5.3286848
v 0.0380270 5.5654402 0.1689930
vn -2.4191628 -1.2868371 5.3232107
v -0.0338796 5.5651283 0.1689240
vn -2.3215086 5.4601355 0.7213710
v -0.0338916 5.6389184 0.1897740
vn 2.1623104 5.5875883 0.6816239
v 0.0380421 5.6388211 0.1904340
vn -2.2933998 4.7819390 2.8250442
v -0.0338894 5.6417575 0.1813900
vn -2.1841505 -2.7581935 -4.9203863
v -0.0338893 5.5708628 0.6176696
vn 2.4167526 -1.3757899 -5.2998004
v 0.0380376 5.5657234 0.6197732
vn -2.3060455 -0.6752510 -5.4605098
v -0.0338915 5.5626030 0.6201860
vn 2.3101048 0.7266433 5.4756198
v 0.0380549 5.4980354 0.1686740
vn -2.3584116 0.8505558 5.4103675
v -0.0338682 5.4978204 0.1687191
vn -2.3780377 2.5383255 4.8594761
v -0.0338793 5.4895043 0.1714380
vn 2.2940404 3.1954710 4.6029682
v 0.0381021 5.4872060 0.1725221
vn -2.1511619 4.4147396 3.5400639
v -0.0338459 5.4821372 0.1775310
vn 2.3072326 0.6716782 -5.4636836
v 0.0380423 5.4982924 0.6201860
vn -2.3506453 0.9273745 -5.3997607
v -0.0338917 5.4976325 0.6200886
vn 2.3461206 2.5678179 -4.8816266
v 0.0380401 5.4900327 0.6176695
vn -2.4395421 2.6837616 -4.7278943
v -0.0338893 5.4892488 0.6172503
vn -2.3659089 3.5883050 -4.1635227
v -0.0338893 5.6474791 0.6144165
vn 2.4038055 3.3363032 -4.3377566
v 0.0380401 5.6481667 0.6149807
vn 2.2973118 4.7745705 -2.8365660
v 0.0380401 5.6417575 0.6074453
vn -2.3553610 4.7799110 -2.7113032
v -0.0338893 5.6413383 0.6066609
vn 2.2888646 -4.7604685 -2.8484097
v 0.0380301 5.5816007 0.6071892
vn 2.3304646 -3.5433393 -4.2115545
v 0.0379967 5.5755072 0.6145553
vn -2.4912686 -4.5516567 -2.9553037
v -0.0339513 5.5805168 0.6094855
vn 2.3960421 -3.4551644 4.2517047
v 0.0380301 5.5755091 0.1742240
vn -2.3624778 -3.4742663 4.2628946
v -0.0338793 5.5752783 0.1740340
vn 2.3113561 -4.8159819 2.7411723
v 0.0380301 5.5817413 0.1819090
vn -2.2854621 -4.7522836 2.8734438
v -0.0338793 5.5816007 0.1816460
vn 5.6620741 1.7419324 0.5949895
v 0.0420671 5.6358566 0.1835060
vn -2.1341243 5.6050711 -0.6117290
v -0.0338913 5.6388211 0.5984016
vn 2.3156607 5.4614110 -0.7175702
v 0.0380424 5.6389184 0.5990609
vn -2.4592164 5.3030500 1.2004368
v -0.0338867 5.8015485 0.1873161
vn 2.1581326 5.5897503 0.6717646
v 0.0380421 5.8011360 0.1904340
vn -2.1587689 -0.6162565 -5.5864358
v -0.0338915 5.7249184 0.6201860
vn 2.4617913 -1.2081026 -5.3003359
v 0.0380376 5.7280378 0.6197732
vn 2.3659551 0.7312524 5.4067788
v 0.0380549 5.6603503 0.1686740
vn 2.2175851 -0.7527596 5.5428834
v 0.0380190 5.7253900 0.1687191
vn -2.2792449 -0.6505333 5.4943194
v -0.0339041 5.7251754 0.1686740
vn -2.3999133 1.2647022 5.3335729
v -0.0338763 5.6577706 0.1689930
vn -2.2335706 -2.8017337 4.8375597
v -0.0338793 5.7334428 0.1712970
vn 2.3466048 2.6591816 4.8342662
v 0.0380301 5.6520820 0.1712970
vn -2.3666265 3.3943992 4.3044648
v -0.0338459 5.6479869 0.1740470
vn 2.3369646 4.5852661 3.1634305
v 0.0381020 5.6424990 0.1796410
vn 2.4047635 1.1500794 -5.3591871
v 0.0380377 5.6584249 0.6199755
vn -2.4299717 1.3815712 -5.2955990
v -0.0338869 5.6574874 0.6197732
vn -2.3554597 4.7799287 -2.7111871
v -0.0338893 5.8036523 0.6066597
vn 2.2974000 4.7745309 -2.8364546
v 0.0380401 5.8040719 0.6074441
vn 2.3775961 -4.8600478 -2.5381107
v 0.0380301 5.7439165 0.6071874
vn 2.1514771 -3.5399473 -4.4145470
v 0.0379967 5.7378230 0.6145546
vn -2.4002948 -4.4629178 -3.2022593
v -0.0339513 5.7428317 0.6094854
vn -2.3066056 -2.8375673 -4.7497602
v -0.0338893 5.7331777 0.6176696
vn 2.1918344 -3.3066740 4.5950298
v 0.0380167 5.7359962 0.1726050
vn 2.3894424 -4.8364325 2.5506854
v 0.0380300 5.7440572 0.1819110
vn -2.3779266 -4.1578393 3.5675824
v -0.0338793 5.7411294 0.1775290
vn -2.1340847 5.6051121 -0.6113918
v -0.0338914 5.8011360 0.5984015
vn 2.3156300 5.4614339 -0.7175133
v 0.0380424 5.8012333 0.5990608
vn 2.2934968 3.1953704 4.6034908
v 0.0381021 5.9741511 0.2550480
vn 2.3129241 0.7402062 5.4700294
v 0.0380544 5.9849792 0.2512010
vn -2.3276007 0.7394314 5.4502106
v -0.0338683 5.9847655 0.2512450
vn -2.3395250 2.6473520 4.8450956
v -0.0338793 5.9764476 0.2539641
vn -2.2827687 4.3369527 3.4937956
v -0.0338459 5.8067665 0.1775310
vn 2.3382835 4.5773644 3.1746926
v 0.0381020 5.8048139 0.1796410
vn 2.2186017 -2.8941867 -4.8029590
v 0.0380401 5.8962774 0.6172499
vn 2.3194928 -0.7147622 -5.4634719
v 0.0380425 5.8878927 0.6200886
vn -2.3627615 -0.8565857 -5.4063931
v -0.0338915 5.8872333 0.6201860
vn 2.3473637 -0.8517608 5.4119782
v 0.0380189 5.8877053 0.1687191
vn 2.3097486 -2.5681255 4.9199491
v 0.0380300 5.8960218 0.1714380
vn -2.3489218 -2.7833893 4.7750354
v -0.0338794 5.8957586 0.1712970
vn -2.2866309 -0.6613961 5.4873352
v -0.0339041 5.8874903 0.1686740
vn 2.3729537 0.7377177 5.4047723
v 0.0380549 5.8226652 0.1686740
vn -2.3198273 0.7344493 5.4521532
v -0.0338682 5.8224506 0.1687191
vn 2.3663335 2.6589270 4.8312969
v 0.0380300 5.8143978 0.1712960
vn -2.3523352 2.6626010 4.8348360
v -0.0338794 5.8141341 0.1714370
vn 5.5069890 -2.0257192 0.3189856
v 0.0420748 5.7506814 0.1898880
vn 5.5020642 -2.0246129 -0.3484323
v 0.0420748 5.7505674 0.5997159
vn 2.4036338 1.1541934 -5.3592072
v 0.0380377 5.8207393 0.6199755
vn -2.4300122 1.3816411 -5.2955561
v -0.0338869 5.8198018 0.6197731
vn 2.4038386 3.3364208 -4.3376389
v 0.0380401 5.8104815 0.6149806
vn -2.3660173 3.5882792 -4.1634135
v -0.0338893 5.8097939 0.6144163
vn -2.4038463 4.3374329 -3.3365028
v -0.0338894 5.9686561 0.6108402
vn 2.3662548 4.1631508 -3.5884628
v 0.0380401 5.9692202 0.6115277
vn 2.4324608 5.2982683 -1.3696514
v 0.0380320 5.9638734 0.6015364
vn -2.4164681 5.3511791 -1.1537118
v -0.0338987 5.9637108 0.6006905
vn 2.3914502 -4.2026358 -3.4852931
v 0.0379967 5.9036212 0.6110204
vn -2.4504743 -3.0077083 -4.5597491
v -0.0339513 5.8980274 0.6165079
vn -2.2608383 -4.7966247 -2.8522310
v -0.0338794 5.9063721 0.6069242
vn 2.3705325 -5.3581944 -1.3244361
v 0.0380157 5.9086580 0.6012672
vn -2.2931974 -5.4799428 -0.6458511
v -0.0339159 5.9089465 0.5987265
vn 2.1694012 -4.5796690 3.2962778
v 0.0380305 5.9036369 0.1777630
vn -2.3652127 -4.5735397 3.1206429
v -0.0338579 5.9050469 0.1793430
vn -2.4624724 5.3018432 1.2011784
v -0.0338867 5.9638638 0.2698410
vn 2.3014672 5.4682112 0.6624521
v 0.0380422 5.9634504 0.2729630
vn 5.5950108 -1.8648999 0.4716906
v 0.0420759 5.9127884 0.1873250
vn 4.5983124 1.5668188 -1.6365607
v 0.0420753 5.9567785 0.1944840
vn 5.6555643 0.5454269 1.7708616
v 0.0420654 5.9795413 0.2478410
vn 5.5057077 -2.0286989 -0.2895477
v 0.0420748 5.9128785 0.5997285
vn 5.5683279 1.9143554 0.4797899
v 0.0420719 5.9599490 0.2688110
vn 5.5704074 1.4972101 1.2870678
v 0.0420734 5.9661527 0.2572240
vn -2.3970952 5.3384967 1.3463759
v -0.0338867 6.1261787 0.1873150
vn 2.3064198 5.4639659 0.6644322
v 0.0380419 6.1257658 0.1904360
vn 2.3575902 4.8417530 2.6279309
v 0.0380400 6.1282816 0.1821771
vn -2.2976680 2.8362663 -4.7744136
v -0.0338893 6.1385069 0.6172498
vn 2.3555961 2.7110360 -4.7798715
v 0.0380401 6.1392913 0.6176691
vn 2.3583152 4.8410635 2.6279218
v 0.0380400 5.9659672 0.2647020
vn 2.3423045 -2.6697419 -4.8273168
v 0.0380401 6.0585923 0.6172499
vn 2.3940766 -0.8128546 -5.3849750
v 0.0380425 6.0502076 0.6200886
vn -2.1738498 -0.6888148 -5.5786247
v -0.0338915 6.0495481 0.6201860
vn 2.2847927 -2.8743255 4.7523117
v 0.0380300 6.0583372 0.2539641
vn -2.3117633 -2.7410555 4.8156667
v -0.0338794 6.0580740 0.2538230
vn -2.2664211 4.3492017 3.4827018
v -0.0338459 5.9690809 0.2600580
vn 2.1608806 0.6291618 -5.5846062
v 0.0380422 5.9852366 0.6201860
vn -2.3163643 0.7215353 -5.4597330
v -0.0338917 5.9845772 0.6200886
vn 2.3555746 2.7110598 -4.7798772
v 0.0380401 5.9769769 0.6176692
vn -2.2976644 2.8362713 -4.7744174
v -0.0338893 5.9761925 0.6172499
vn 5.5284843 2.0162570 -0.2162121
v 0.0420754 6.1217136 0.5984449
vn 5.6474924 -1.7493669 -0.6139894
v 0.0420645 6.0742970 0.6052728
vn -2.3329940 -5.4164352 -0.8517597
v -0.0339158 6.0712614 0.5987237
vn 2.3582253 -5.4066925 -1.0928406
v 0.0380136 6.0709705 0.6012679
vn 2.4231751 -5.3222165 1.2826066
v 0.0380301 6.0710588 0.2704350
vn -2.4207809 -5.3257565 1.2765075
v -0.0338759 6.0709896 0.2701230
vn 2.2649484 -4.3644938 -3.4714961
v 0.0379966 6.0659361 0.6110202
vn -2.3872774 -4.8377872 -2.5542665
v -0.0338793 6.0686870 0.6069236
vn 2.3623769 -4.2627292 3.4745429
v 0.0380301 6.0659485 0.2602860
vn -2.3959816 -4.2518568 3.4550655
v -0.0338794 6.0657597 0.2600560
vn -2.2263348 -3.2484298 -4.6167412
v -0.0339513 6.0603418 0.6165081
vn 2.1796849 -0.6748359 5.5710111
v 0.0380187 6.0500221 0.2512450
vn -2.2864742 -0.6613324 5.4874587
v -0.0339041 6.0498047 0.2512000
vn 2.3198552 -0.7347434 5.4521475
v 0.0380189 6.2123346 0.1687191
vn 2.3451340 -2.6635740 4.8349094
v 0.0380300 6.2206507 0.1714380
vn -2.3117099 -2.7407305 4.8158245
v -0.0338794 6.2203875 0.1712970
vn -2.2866583 -0.6615070 5.4873075
v -0.0339041 6.2121196 0.1686740
vn 2.3147295 0.7405089 5.4685817
v 0.0380549 6.1472945 0.1686740
vn -2.1854284 0.6796895 5.5705614
v -0.0338682 6.1470795 0.1687191
vn 2.2942460 3.1954765 4.6027780
v 0.0381021 6.1364655 0.1725221
vn -2.2890360 2.8481383 4.7604771
v -0.0338793 6.1387625 0.1714380
vn -2.2602501 4.1788998 3.6713753
v -0.0338459 6.1313968 0.1775310
vn 2.1456025 0.6187939 -5.5961394
v 0.0380422 6.1475515 0.6201860
vn -2.3163719 0.7215604 -5.4597220
v -0.0338917 6.1468921 0.6200886
vn 2.4054832 -5.3323927 -1.2597674
v 0.0380269 6.2333050 0.6012376
vn -2.3690224 -5.4071617 -0.7269095
v -0.0339040 6.2336240 0.5986535
vn -2.4198627 -5.3267722 1.2749294
v -0.0338762 6.2333050 0.1875970
vn -2.3466218 -4.8344655 -2.6588883
v -0.0338793 6.2310023 0.6069227
vn 2.3664622 -4.3042889 -3.3948290
v 0.0379966 6.2282500 0.6110213
vn -2.3370869 -3.1635206 -4.5851102
v -0.0339513 6.2226572 0.6165079
vn 2.2956972 -4.3850269 3.4376986
v 0.0380301 6.2282624 0.1777591
vn -2.3959949 -4.2514019 3.4556687
v -0.0338793 6.2280731 0.1775280
vn 2.4407411 -5.3448682 1.1114951
v 0.0380303 6.2333741 0.1879100
vn 2.9352522 -0.9199808 -3.5375500
v -0.0296126 5.2155843 0.0643231
vn 3.0479095 -0.3907210 3.5432758
v -0.0306386 5.2109470 0.1144730
vn 2.6234128 -1.6125686 3.5232873
v -0.0267185 5.2218733 0.1144730
vn 2.3219836 -2.0285404 -3.5107546
v -0.0237803 5.2258248 0.0643231
vn 1.8001747 -2.5097966 3.4931335
v -0.0184096 5.2306571 0.1144730
vn 1.3928266 -2.7602861 -3.4821582
v -0.0139872 5.2333117 0.0643231
vn 0.7715968 -2.9971731 3.4712043
v -0.0069427 5.2359362 0.1144730
vn 0.3237517 -3.0790274 -3.4671574
v -0.0017102 5.2368712 0.0643231
vn -0.3237536 -3.0790267 3.4671602
v 0.0059234 5.2368712 0.1144730
vn -0.7716005 -2.9971719 -3.4712086
v 0.0111559 5.2359362 0.0643231
vn -1.3928293 -2.7602856 3.4821553
v 0.0182004 5.2333117 0.1144730
vn -1.8001775 -2.5097959 -3.4931369
v 0.0226228 5.2306571 0.0643231
vn -2.3507745 -1.9765341 3.5453043
v 0.0279935 5.2258248 0.1144730
vn -2.6238554 -1.6113636 -3.5274060
v 0.0309316 5.2218733 0.0643231
vn -2.9661524 -0.5618997 3.6888607
v 0.0348458 5.2125778 0.1144730
vn -2.9002330 0.9796106 3.5886436
v 0.0334917 5.1985221 0.1144730
vn -2.2072189 2.1358984 3.5535779
v 0.0272630 5.1884727 0.1144730
vn -1.0260259 2.8791704 3.5896604
v 0.0141321 5.1798162 0.1144730
vn 0.2851532 3.0759830 3.4885190
v -0.0017115 5.1782298 0.1144730
vn 1.3927534 2.7603238 3.4821634
v -0.0139862 5.1817884 0.1144730
vn 2.3219483 2.0285656 3.5107932
v -0.0237799 5.1892753 0.1144730
vn 2.9340131 0.9195181 3.5375597
v -0.0296126 5.1995168 0.1144730
vn 3.1415925 0.0000149 3.1416051
v 0.0420754 5.2042341 0.1144730
vn 0.8077760 2.9856110 2.7981844
v -0.0136023 5.1402946 0.1144730
vn 0.4027182 3.0505207 -2.7568331
v -0.0045235 5.1385064 0.1944840
vn -0.4026858 3.0505319 2.7568526
v 0.0087367 5.1385064 0.1144730
vn 0.6766499 2.9880188 3.5951569
v -0.0296561 5.1479101 0.1144730
vn 0.6191863 -3.0419636 3.4605887
v -0.0297365 5.2663751 0.1144730
vn -4.6388316 -1.5689776 1.6174934
v -0.0379246 5.2659912 0.1144730
vn -0.5962984 3.0423067 3.4775543
v 0.0341949 5.1476574 0.1144730
vn -0.8076546 -2.9856730 2.7984285
v 0.0178130 5.2736197 0.1144730
vn -0.6715305 -2.9880219 3.5997503
v 0.0338693 5.2660041 0.1144730
vn 4.6633687 1.5700293 1.6021441
v 0.0420754 5.1479034 0.1144730
vn 0.4012526 -3.0510283 2.7577021
v -0.0045244 5.2754078 0.1144730
vn 4.7089739 -1.5706539 1.5768604
v 0.0420754 5.2660103 0.1144730
vn -0.6729549 2.9880064 -3.5975239
v 0.0338693 5.1479101 0.1944840
vn -0.8077675 2.9856148 -2.7981992
v 0.0178155 5.1402946 0.1944840
vn 0.5998846 3.0421779 -3.4753206
v -0.0299785 5.1476569 0.1944840
vn -4.7053208 -1.5705993 -1.5788718
v -0.0379246 5.2659912 0.1944840
vn 0.6751294 -2.9880373 -3.5974476
v -0.0296561 5.2660041 0.1944840
vn 0.8076633 -2.9856691 -2.7984140
v -0.0135998 5.2736197 0.1944840
vn -0.4012308 -3.0510354 -2.7577155
v 0.0087376 5.2754078 0.1944840
vn -0.6158183 -3.0421257 -3.4627023
v 0.0339550 5.2663736 0.1944840
vn 4.6421733 -1.5685508 -1.6152464
v 0.0420754 5.2660103 0.1944840
vn 2.4416287 -1.9189631 -2.4245000
v -0.0307515 6.0187440 0.0643231
vn 3.0489714 0.2199526 3.5843477
v -0.0307515 6.0140591 0.1144730
vn -0.0439902 -0.8633996 -3.8664684
v -0.0323264 6.0180235 0.0641860
vn 2.6678903 1.5268065 3.5512381
v -0.0272632 6.0031037 0.1144730
vn 2.6663544 1.6404941 -3.5722964
v -0.0267211 6.0021949 0.0643231
vn 1.8363158 2.4720178 3.5298533
v -0.0188913 5.9937549 0.1144730
vn 1.5873294 2.6158485 -3.5825429
v -0.0164076 5.9919882 0.0643231
vn 0.7724940 2.9964185 3.4750438
v -0.0069466 5.9882388 0.1144730
vn 0.3608168 3.0683255 -3.4884272
v -0.0017102 5.9873104 0.0643231
vn -0.3608160 3.0683255 3.4884253
v 0.0059233 5.9873104 0.1144730
vn -0.7724962 2.9964168 -3.4750457
v 0.0111598 5.9882388 0.0643231
vn -1.6205320 2.5823832 3.6109095
v 0.0206207 5.9919882 0.1144730
vn -1.8412650 2.4664781 -3.5408051
v 0.0231044 5.9937549 0.0643231
vn -2.6929250 1.3514321 3.7018049
v 0.0325127 6.0045152 0.1144730
vn -2.6797202 1.4766647 -3.5911779
v 0.0314763 6.0031042 0.0643231
vn -3.0135050 -0.0785769 -3.7029295
v 0.0353131 6.0171375 0.0643231
vn -3.0457387 -0.2249728 3.6065841
v 0.0349646 6.0187440 0.1144730
vn -2.6704836 -1.5185959 3.5627763
v 0.0314756 6.0296998 0.1144730
vn -2.6039896 -1.5998839 -3.5984750
v 0.0309334 6.0306087 0.0643231
vn -1.8363708 -2.4720244 3.5297236
v 0.0231046 6.0390468 0.1144730
vn -1.5872582 -2.6159108 -3.5824900
v 0.0206193 6.0408149 0.0643231
vn -0.7726368 -2.9963729 3.4750648
v 0.0111611 6.0445633 0.1144730
vn -0.3607613 -3.0683260 -3.4884458
v 0.0059230 6.0454922 0.0643231
vn 0.3607621 -3.0683255 3.4884458
v -0.0017099 6.0454922 0.1144730
vn 0.7726343 -2.9963739 -3.4750619
v -0.0069479 6.0445633 0.0643231
vn 1.6204705 -2.5824389 3.6108723
v -0.0164062 6.0408149 0.1144730
vn 1.8412943 -2.4665103 -3.5406649
v -0.0188915 6.0390468 0.0643231
vn 2.6921661 -1.3552154 3.6951463
v -0.0282993 6.0282879 0.1144730
vn 2.6611221 -1.5377083 -3.5519414
v -0.0272626 6.0296998 0.0643231
vn 0.8076391 -2.9856679 2.7983882
v -0.0135992 6.0824952 0.1144730
vn -0.3970288 -3.0524991 2.7602932
v 0.0087377 6.0842829 0.1144730
vn 0.4012575 -3.0510378 -2.7577348
v -0.0045245 6.0842829 0.1944840
vn 0.6752326 -2.9880288 3.5974188
v -0.0296561 6.0748792 0.1144730
vn -4.5952110 1.5663298 1.6385690
v -0.0379246 5.9567981 0.1144730
vn 0.6739582 3.0397990 3.4120603
v -0.0290738 5.9560905 0.1144730
vn 3.1415925 -0.0000367 3.1416180
v 0.0420753 6.0131087 0.1144730
vn -0.6707785 -3.0400569 3.4141541
v 0.0332979 6.0755692 0.1144730
vn -0.8075196 2.9857216 2.7988188
v 0.0178138 5.9491692 0.1144730
vn -4.7052197 -1.5707579 1.5797534
v -0.0379247 6.0748658 0.1144730
vn -0.6762411 2.9879816 3.5935214
v 0.0338692 5.9567847 0.1144730
vn 4.5983872 -1.5665976 1.6371251
v 0.0420753 6.0748854 0.1144730
vn 0.3970057 3.0525122 2.7603245
v -0.0045253 5.9473815 0.1144730
vn 4.7135720 1.5701185 1.5692385
v 0.0420753 5.9567785 0.1144730
vn -0.6708329 3.0400608 -3.4140761
v 0.0332975 5.9560943 0.1944840
vn -0.3970089 3.0525110 -2.7603226
v 0.0087383 5.9473815 0.1944840
vn 0.8075293 2.9857175 -2.7988052
v -0.0136007 5.9491692 0.1944840
vn 0.6799491 2.9879868 -3.5911384
v -0.0296561 5.9567847 0.1944840
vn -4.6386499 -1.5687425 -1.6171780
v -0.0379246 6.0748658 0.1944840
vn 0.6193477 -3.0419621 -3.4604571
v -0.0297365 6.0752506 0.1944840
vn -0.8075180 -2.9857271 -2.7988341
v 0.0178123 6.0824952 0.1944840
vn -0.6762218 -2.9879904 -3.5935054
v 0.0338692 6.0748792 0.1944840
vn 4.7135758 -1.5705733 -1.5694445
v 0.0420753 6.0748854 0.1944840
vn 5.6504517 -0.6279187 1.7386069
v 0.0420668 6.0564661 0.2482040
vn 5.5674438 -0.4771879 1.9120164
v 0.0420731 6.2160196 0.1651490
vn 5.5351129 -1.3199494 1.5212467
v 0.0420740 6.2276015 0.1713510
vn 5.5095763 0.3164408 2.0234220
v 0.0420747 5.3353882 0.1646770
vn 5.5956612 1.1383948 -1.5620228
v 0.0420685 5.1599050 0.6193017
vn -5.5749927 0.4785441 1.8937808
v -0.0379224 5.6564507 0.1651490
vn 5.5393615 1.3146352 -1.5173044
v 0.0420741 5.3202391 0.6174842
vn 5.5378809 1.3121781 -1.5155792
v 0.0420741 5.6448693 0.6174848
vn 5.6398978 1.7848971 -0.5546166
v 0.0420688 5.6354771 0.6040883
vn 5.6497397 -1.7405281 -0.6261883
v 0.0420671 5.5873537 0.6053299
vn 5.5537539 -1.2480693 -1.5414715
v 0.0420741 5.5775442 0.6181389
vn -5.5543346 1.2417972 -1.5447983
v -0.0379226 5.6456666 0.6181382
vn -5.5648651 0.4068985 -1.9250072
v -0.0379218 5.6575232 0.6239164
vn 5.6430507 -0.5643438 -1.7880833
v 0.0420685 5.8929253 0.6235283
vn 5.5738535 -0.4894194 1.8933197
v 0.0420740 5.4044452 0.1651480
vn 5.5402327 -1.3025814 1.5181857
v 0.0420741 5.4160261 0.1713500
vn -5.6397371 0.5543047 -1.7849189
v -0.0379191 5.9795442 0.6235296
vn -5.5773554 1.8884691 -0.4965019
v -0.0379223 4.9860706 0.6025950
vn -5.5209560 2.0209370 0.2298325
v -0.0379241 6.1217856 0.1898870
vn -5.5376062 1.5159223 -1.3132532
v -0.0379230 4.9922633 0.6141377
vn -5.5236444 -1.4850552 1.3755000
v -0.0379247 5.9060988 0.1744820
vn 5.6599474 -0.6131541 1.7353970
v 0.0420694 5.7318468 0.1656810
vn -5.6619368 -0.5958716 -1.7420183
v -0.0379171 6.2187910 0.6231526
vn -5.6401129 -0.5676027 1.7771372
v -0.0379164 5.7306099 0.1653080
vn -5.6051002 1.6014395 1.0593952
v -0.0379177 5.3142576 0.1779020
vn -5.5204716 2.0241158 0.2318282
v -0.0379241 5.3102117 0.1898850
vn -5.5583901 -1.2446601 1.5348992
v -0.0379237 5.4152298 0.1706960
vn -5.6501989 -1.7390020 0.6282142
v -0.0379163 5.5873537 0.1835051
vn 5.6416621 -1.7778594 0.5617911
v 0.0420691 6.2369919 0.1847420
vn -5.5584297 -1.2446402 1.5352191
v -0.0379233 5.5775442 0.1706960
vn 5.6502943 0.6306075 -1.7392800
v 0.0420722 5.0044184 0.6231566
vn -5.6039062 -1.5542800 1.1234812
v -0.0379200 5.7458220 0.1766760
vn -5.6359043 -0.5569847 1.7903816
v -0.0379144 5.8929243 0.1653100
vn -5.5704317 -1.2869098 -1.4968604
v -0.0379233 5.2537112 0.6174851
vn -5.6589785 -1.7669026 -0.5414826
v -0.0379185 5.2630806 0.6041285
vn -5.5720472 -0.4934999 -1.8988496
v -0.0379221 5.4044452 0.6236861
vn -5.6104536 -1.3602614 -1.3476326
v -0.0379211 5.4184427 0.6155112
vn 5.6425123 -0.5596200 -1.7897265
v 0.0420685 5.7306104 0.6235283
vn 5.5886655 -1.5678134 -1.1403866
v 0.0420708 5.7458220 0.6121589
vn 5.6503949 0.6301937 -1.7417610
v 0.0420685 5.9783082 0.6231531
vn 5.6362200 -1.7887855 0.5584983
v 0.0420683 5.4254179 0.1847460
vn -5.6396904 0.5541373 -1.7847842
v -0.0379209 6.1418581 0.6235312
vn -5.6067986 1.5548776 -1.1154894
v -0.0379199 5.1527591 0.6121587
vn -5.5608335 -0.4312483 1.9270490
v -0.0379218 5.4033728 0.1649190
vn -5.5608830 -0.4317833 1.9275727
v -0.0379224 5.5656877 0.1649181
vn 5.5537095 -1.2457956 -1.5410401
v 0.0420735 5.0905991 0.6181385
vn 5.5649052 -0.4076328 -1.9277939
v 0.0420732 5.0787430 0.6239171
vn -5.5674200 0.4766446 1.9113009
v -0.0379222 5.8187656 0.1651490
vn -5.5312424 1.3230156 1.5222298
v -0.0379233 5.8071842 0.1713500
vn 5.5677414 1.9243560 -0.4055299
v 0.0420728 4.9858394 0.6015291
vn -5.6426783 0.5661470 -1.7749757
v -0.0379171 5.3302855 0.6235277
vn 5.5341845 -1.5688416 1.2643647
v 0.0420734 5.2577124 0.2580210
vn 5.5609431 -1.9349474 0.4248251
v 0.0420720 5.2635169 0.2699610
vn 5.5584450 -1.5355916 1.2441909
v 0.0420734 6.0692863 0.2580210
vn -5.6397419 0.5555128 -1.7857695
v -0.0379177 5.0056553 0.6235283
vn -5.6144753 -1.5915543 -1.0469737
v -0.0379200 6.0712700 0.6109336
vn -5.5791998 -1.9095395 -0.4400653
v -0.0379225 5.1011043 0.6016220
vn -5.5581880 -1.4784230 -1.3113430
v -0.0379233 5.0953979 0.6133405
vn 5.6621337 1.7419502 0.5947719
v 0.0420671 5.7981715 0.1835051
vn 5.5673084 1.2483033 1.5333749
v 0.0420741 5.8079810 0.1706960
vn 5.5688906 1.9296733 0.4894097
v 0.0420725 6.1222501 0.1863210
vn 5.5024290 0.3503946 -2.0251904
v 0.0420748 5.1723356 0.6240490
vn -5.5685472 -0.4779170 -1.9099535
v -0.0379226 5.2421308 0.6236864
vn -5.5070181 0.3090286 -2.0266964
v -0.0379241 5.4977026 0.6241580
vn -5.5738635 -0.5138260 -1.8890713
v -0.0379213 5.5667596 0.6236852
vn -5.5544124 1.2420356 -1.5450075
v -0.0379230 5.8079810 0.6181386
vn -5.5760803 -1.8912750 0.4834696
v -0.0379223 6.0748377 0.2688140
vn -5.6426754 0.5661361 -1.7743949
v -0.0379177 5.1679702 0.6235283
vn 5.5592537 0.4283076 1.9364266
v 0.0420729 5.8198376 0.1649181
vn -5.6398864 1.7849259 0.5545934
v -0.0379180 5.6354771 0.1847470
vn 5.5682774 1.9105290 0.4808533
v 0.0420745 4.9860668 0.1862500
vn -5.5867219 -1.1509266 -1.5555234
v -0.0379194 5.9009919 0.6193028
vn 5.5648999 -0.4082946 -1.9277449
v 0.0420736 5.2410583 0.6239174
vn 5.6561065 0.5445665 1.7704999
v 0.0420686 5.0056553 0.1653070
vn 5.5676446 0.4817552 -1.9142178
v 0.0420732 5.3318214 0.6236864
vn 5.6442118 1.7742302 -0.5526452
v 0.0420688 5.4731627 0.6040885
vn 5.5990143 -1.5588386 -1.1278840
v 0.0420708 5.9081364 0.6121588
vn 5.5637674 -0.4275891 -1.9201956
v 0.0420732 6.0526328 0.6239170
vn 5.6398106 -0.5544841 -1.7914101
v 0.0420651 6.2175541 0.6235250
vn -5.6362143 -0.5581108 1.7885631
v -0.0379173 6.0552425 0.2478340
vn 5.6082916 -1.5997411 1.0503777
v 0.0420707 5.7466402 0.1779010
vn 5.6471725 -0.5885800 1.7640966
v 0.0420754 5.0822272 0.1656040
vn -5.5809469 -1.9028784 -0.4476002
v -0.0379222 5.4258080 0.6014734
vn 5.5390444 1.3139964 -1.5187111
v 0.0420741 5.4825535 0.6174842
vn -5.6685009 -1.4276762 -1.1335114
v -0.0379151 5.5829639 0.6134268
vn 5.6566834 0.5420491 1.7710079
v 0.0420679 5.4926004 0.1653070
vn -5.5186377 -0.3679484 -2.0020847
v -0.0379241 5.8885603 0.6240489
vn -5.6648893 -0.6080381 -1.7292261
v -0.0379171 6.0564766 0.6231525
vn 5.5770082 -0.4808824 1.8907037
v 0.0420732 5.5667596 0.1651490
vn -5.6361766 -0.5588395 1.7896323
v -0.0379178 6.2175550 0.1653070
vn 5.5052919 -0.3588087 2.0171869
v 0.0420749 5.8885603 0.1647860
vn -5.6499858 0.6367123 1.7347853
v -0.0379134 5.3290510 0.1656860
vn 5.5704246 1.4965624 1.2851981
v 0.0420735 4.9922638 0.1746970
vn 5.5370173 -1.5205069 -1.3070415
v 0.0420734 6.2309465 0.6141376
vn -5.5595150 -1.9366475 -0.4280199
v -0.0379222 6.2373800 0.6014849
vn -5.5648623 0.4080136 -1.9271438
v -0.0379222 5.8198380 0.6239168
vn 5.6517243 0.6345333 -1.7377746
v 0.0420685 6.1406226 0.6231530
vn -5.6502576 0.6338931 1.7338138
v -0.0379215 6.1406217 0.1656790
vn 5.6575766 1.7187804 0.6410006
v 0.0420655 5.3112168 0.1835281
vn -5.5609674 -0.4317034 1.9270917
v -0.0379213 5.2410579 0.2474450
vn -5.5706835 0.4730957 1.9083508
v -0.0379263 5.1697192 0.2475981
vn 5.6486278 -1.7413108 -0.6260466
v 0.0420672 5.1004071 0.6053337
vn 5.6536579 -0.6208510 1.7395312
v 0.0420642 5.2449012 0.2482120
vn -5.6562748 -0.6464680 -1.7204210
v -0.0379134 5.7318449 0.6231490
vn 5.5325356 -1.2677282 -1.5673072
v 0.0420741 6.0644889 0.6181387
vn 5.6054440 1.5983375 -1.0605925
v 0.0420726 6.1259241 0.6110519
vn -5.6560059 -0.6377446 -1.7242814
v -0.0379217 5.0825891 0.6231568
vn 5.5648899 -0.4079767 -1.9274188
v 0.0420734 5.5656877 0.6239173
vn 5.5704355 1.4970486 1.2860422
v 0.0420746 6.1284666 0.1746970
vn -5.6506534 -1.7385170 0.6259761
v -0.0379154 5.2627273 0.2660381
vn 5.5775385 0.4931883 -1.8902414
v 0.0420732 5.6564507 0.6236864
vn 5.6399398 1.7851214 -0.5545465
v 0.0420683 5.7977924 0.6040887
vn 5.5402303 -1.3027258 1.5182422
v 0.0420741 5.5783410 0.1713500
vn -5.5377760 1.5154359 -1.3116519
v -0.0379233 6.1284666 0.6141374
vn -5.5672665 -1.5342505 -1.2479659
v -0.0379227 6.2316003 0.6133410
vn 5.6674953 -1.2166233 1.3648741
v 0.0420638 5.9034576 0.1710800
vn 5.6559839 0.5443935 1.7697635
v 0.0420728 6.1418576 0.1653030
vn -5.5035129 0.3472462 2.0233343
v -0.0379242 5.4969649 0.1647860
vn 5.5543885 -1.2485677 -1.5398368
v 0.0420741 5.2529144 0.6181388
vn -5.5871196 1.5516524 -1.1559983
v -0.0379199 5.3150740 0.6121590
vn 5.5676756 0.4817364 -1.9131730
v 0.0420732 5.4941363 0.6236864
vn -5.6576819 1.7368916 -0.6100603
v -0.0379163 5.4735417 0.6053294
vn -5.6107554 1.0553547 -1.5991981
v -0.0379177 5.4857593 0.6201198
vn -5.5981011 -1.5993896 -1.0556980
v -0.0379194 5.7466397 0.6109337
vn 5.5379066 1.3119503 -1.5153643
v 0.0420741 5.8071847 0.6174852
vn 5.5704308 1.4970751 1.2856432
v 0.0420741 5.4792075 0.1746970
vn 5.5640240 -1.9244522 0.4235691
v 0.0420724 6.0750914 0.2699610
vn -5.5401459 -1.5186801 1.3032547
v -0.0379233 6.2309465 0.1746960
vn -5.6050315 1.5998851 1.0604388
v -0.0379217 6.1258273 0.1779020
vn 5.5543523 1.5459102 -1.2431035
v 0.0420738 4.9916096 0.6133413
vn 5.5743899 -1.8945940 -0.4803919
v 0.0420725 6.2371483 0.6025576
vn 5.5649323 -0.4079769 -1.9266685
v 0.0420734 5.4033728 0.6239173
vn 5.5774765 0.4929701 -1.8739693
v 0.0420734 5.8187652 0.6236865
vn 5.5981603 1.0566101 1.6002436
v 0.0420685 5.3234444 0.1687150
vn 5.5541587 1.5455222 -1.2410654
v 0.0420741 5.9654984 0.6133413
vn 5.5670762 1.9256821 -0.4023253
v 0.0420732 5.9597206 0.6014812
vn -5.5761261 -1.8913149 0.4836291
v -0.0379226 6.2371492 0.1862770
vn -5.5378194 1.5154346 -1.3113365
v -0.0379233 5.9661522 0.6141379
vn -5.5583267 -1.2436293 1.5355098
v -0.0379226 5.2529140 0.2532231
vn -5.5886731 1.1417072 1.5726287
v -0.0379177 5.4845343 0.1695340
vn -5.5402246 -1.5186493 1.3023725
v -0.0379227 6.0686326 0.2572240
vn 5.5673451 1.2484088 1.5339708
v 0.0420741 5.6456661 0.1706960
vn -5.5371737 1.3077322 1.5198312
v -0.0379233 5.6448693 0.1713500
vn 5.6450152 1.7678980 -0.5594618
v 0.0420684 5.1485357 0.6040931
vn 5.6361513 -1.7886001 0.5583995
v 0.0420688 5.5877333 0.1847470
vn 5.5591617 0.4277681 1.9370717
v 0.0420736 5.6575227 0.1649181
vn 5.5537386 -1.2480630 -1.5415050
v 0.0420741 5.4152293 0.6181388
vn -2.7279713 1.3559595 -3.7199128
v -0.0218020 6.3764377 0.5493594
vn 2.6613460 1.6251012 -3.5440259
v 0.0247988 6.3782845 0.5493594
vn 3.0853133 0.4024301 -3.5636480
v 0.0278848 6.3696418 0.5493594
vn -2.4628086 1.3603108 -5.2821999
v -0.0332702 6.3200884 0.5492285
vn -2.8280721 -0.2440736 -3.6043777
v -0.0237351 6.3650866 0.5493594
vn 2.4287407 1.1713363 -5.3427682
v 0.0373919 6.3206434 0.5492801
vn -2.6584239 -1.5048378 -3.5588729
v -0.0209876 6.3563514 0.5493594
vn 2.9145710 -0.9122593 -3.5583329
v 0.0270769 6.3606005 0.5493594
vn -1.8359312 -2.4520016 -3.5458617
v -0.0143995 6.3489008 0.5493594
vn 2.3172534 -2.0155461 -3.5322335
v 0.0224861 6.3525000 0.5493594
vn -0.7768981 -2.9760594 -3.4976764
v -0.0049994 6.3445053 0.5493594
vn 1.3933191 -2.7470725 -3.5039825
v 0.0147818 6.3465810 0.5493594
vn 0.3252377 -3.0636196 -3.4890735
v 0.0051227 6.3437662 0.5493594
vn -1.2894572 2.3555481 -2.4617870
v -0.0330338 6.3962984 0.5495657
vn 1.3074121 2.3597879 -2.5196331
v 0.0372087 6.3962269 0.5495878
vn -1.6724745 4.3499656 1.8574874
v -0.0331477 6.3964615 0.5574639
vn 1.6511987 4.3597050 1.7886018
v 0.0372793 6.3965669 0.5572183
vn 1.8261837 2.5382481 -3.5142946
v 0.0182611 6.3852296 0.5493594
vn -1.6473986 2.6086051 -3.6368513
v -0.0124391 6.3864202 0.5493594
vn 0.7792713 3.0935681 -3.4914939
v 0.0092400 6.3894043 0.5493594
vn -0.3567256 3.2330661 -3.5114329
v -0.0008836 6.3901439 0.5493594
vn -4.3751025 0.9163533 -2.6558294
v -0.0379245 6.2166023 0.6839185
vn -4.3849888 2.6137660 -1.0056131
v -0.0379245 6.2107348 0.6782786
vn -5.1278696 2.1084590 0.8857538
v -0.0379250 6.2103844 0.6752663
vn -4.8971810 -2.0648482 1.3883549
v -0.0379245 6.2737527 0.3108290
vn -4.0121393 -0.9001130 2.8207030
v -0.0379246 6.2711344 0.3093630
vn -4.1849842 2.3283460 1.7849382
v -0.0379246 6.2582393 0.6294950
vn -4.2020249 2.8503964 0.6212528
v -0.0379246 6.2610121 0.6235935
vn -5.0992661 2.2159781 0.7515531
v -0.0379247 6.2613325 0.3116031
vn -4.1447854 2.3852026 -1.7169222
v -0.0379247 6.2585621 0.1783741
vn -4.2443008 2.8535166 -0.5664366
v -0.0379247 6.2610102 0.1842740
vn -5.0665689 2.1650414 -0.9030980
v -0.0379247 6.2614045 0.2568170
vn -4.3347163 1.1900721 -2.5517046
v -0.0379245 6.2637196 0.2587130
vn -4.2900887 1.2081375 2.5487220
v -0.0379245 6.2636628 0.3094651
vn -4.1546445 -1.0453193 -2.6955380
v -0.0379246 6.2714691 0.2588110
vn -4.8958302 -2.2111619 -1.1877546
v -0.0379246 6.2739191 0.2570070
vn -4.7429624 -2.6771457 0.2714148
v -0.0379246 6.2742991 0.3129801
vn -4.8699141 -2.6075873 -0.2114134
v -0.0379246 6.2742991 0.2552190
vn -4.6973085 -2.7136474 -0.2136921
v -0.0379246 6.2742996 0.6248767
vn -4.5987062 -2.7802582 0.0784415
v -0.0379246 6.2742996 0.1826470
vn -5.0804386 -0.9965251 2.1240244
v -0.0379232 6.2199984 0.1235061
vn -4.2369628 0.9340926 2.7021472
v -0.0379249 6.2168016 0.1237370
vn -5.1584358 2.1018398 -0.8015243
v -0.0379238 6.2101240 0.1320190
vn -4.3661256 2.5487006 1.1503145
v -0.0379242 6.2106237 0.1290280
vn -4.9143758 0.9623383 -2.3048432
v -0.0379327 6.1941175 0.0695961
vn -4.9736328 2.2893505 -0.9157073
v -0.0379281 6.2995377 0.1753070
vn -5.5793967 1.8807479 -0.5050056
v -0.0379230 6.3008041 0.5363491
vn -4.9746466 0.9104545 2.2922285
v -0.0379259 6.1939936 0.7518858
vn -5.2902026 1.6188204 1.6224165
v -0.0379246 6.3049765 0.6424294
vn -4.9709849 -1.0339105 2.2307072
v -0.0379283 5.0289540 0.7514669
vn -4.9708452 -2.2857165 0.9314811
v -0.0379265 4.9244790 0.6465351
vn -4.8371134 2.5754156 -0.4816570
v -0.0379245 4.9492950 0.6265903
vn -4.8314857 2.2102642 -1.3954870
v -0.0379245 4.9515390 0.6324674
vn -4.8963852 -2.2077012 1.3024334
v -0.0379238 6.2724180 0.1756550
vn -4.7364411 -2.6491997 0.4950001
v -0.0379246 6.2742190 0.1813440
vn -5.0693345 0.9428120 -2.1606383
v -0.0379250 5.0035658 0.6842184
vn -4.4131813 -0.8668786 -2.6358793
v -0.0379247 5.0067239 0.6840431
vn -4.1298041 -2.4282444 1.6529270
v -0.0379245 4.9645910 0.6286481
vn -5.1214499 -2.0808311 1.0143394
v -0.0379248 5.0130095 0.6750262
vn -4.2726936 -2.8636346 0.4811561
v -0.0379245 4.9624119 0.6227263
vn -4.3786750 -2.6045146 -0.9826069
v -0.0379247 5.0128431 0.6781410
vn -4.9566336 -2.2402999 -1.1306852
v -0.0379234 6.2731624 0.6307320
vn -5.1137671 -0.8336456 -2.1441934
v -0.0379247 6.2197881 0.6842997
vn 2.1126263 3.1949453 4.0332041
v 0.0372572 6.2019877 0.7521563
vn 4.1569028 2.3323486 1.7940325
v 0.0420755 6.2579775 0.6292624
vn 4.2457252 2.8453500 0.5907403
v 0.0420754 6.2605791 0.6235103
vn 5.1542563 2.1027684 0.7100662
v 0.0420754 6.2099366 0.6754346
vn 4.0864110 2.6021044 -1.3497081
v 0.0420753 6.2107525 0.6783982
vn 5.0269737 -2.1961682 0.9024572
v 0.0420753 6.2744331 0.3114400
vn 4.2742095 -1.1483907 2.5905259
v 0.0420752 6.2719712 0.3094240
vn 5.0331225 -0.3953383 -2.4152181
v 0.0420740 6.2701221 0.3007090
vn 5.1534328 -1.8039993 -1.4737693
v 0.0420700 6.2801938 0.2952321
vn 4.8337674 -2.5757160 -0.4881337
v 0.0420753 6.2745657 0.6267804
vn 5.0920372 -2.3964946 0.1368597
v 0.0420738 6.2836347 0.2836970
vn 4.9433308 0.0850151 2.5354075
v 0.0420750 6.2671475 0.2692920
vn 4.0604134 -0.9560283 -2.7748423
v 0.0420753 6.2715793 0.2588370
vn 5.0234857 -1.1505736 2.1839449
v 0.0420734 6.2752461 0.2709761
vn 4.9310489 -2.1101205 1.4067881
v 0.0420751 6.2808037 0.2762860
vn 5.0559111 -2.0902629 -1.0031191
v 0.0420754 6.2742805 0.2571410
vn 5.0050316 -0.9744482 2.2030690
v 0.0420753 6.2203512 0.1232810
vn 4.2794728 0.8454174 2.7105663
v 0.0420755 6.2172480 0.1234380
vn 4.3514380 2.5225518 1.2249315
v 0.0420756 6.2103710 0.1292241
vn 5.1549153 2.1013863 -0.7789004
v 0.0420753 6.2098088 0.1321321
vn 4.2285795 1.1168810 2.6341610
v 0.0420753 6.2635078 0.3094400
vn 5.0215559 1.1180713 -2.1894181
v 0.0420740 6.2607417 0.2992520
vn 5.1052017 2.1525166 -0.9822052
v 0.0420730 6.2532730 0.2918600
vn 5.0526652 2.1552727 0.9273908
v 0.0420754 6.2610416 0.3113180
vn 5.3498507 0.0041146 -2.2345481
v 0.0420753 6.0164380 0.0690970
vn 4.9723592 0.8474468 -2.3079605
v 0.0420805 6.1939921 0.0697631
vn 4.9731531 2.2311487 -1.0324786
v 0.0420784 6.2991219 0.1743010
vn 5.5770760 1.9018855 -0.4413940
v 0.0420734 6.3005800 0.5354044
vn 5.3202491 1.6016988 1.5991994
v 0.0420753 6.3049765 0.6424294
vn 4.9825134 0.9596718 2.2625313
v 0.0420765 6.1950006 0.7514686
vn 4.9779305 -0.9111283 2.2882929
v 0.0420784 5.0299616 0.7518844
vn 4.9815660 -2.2139809 1.0600483
v 0.0420793 4.9249163 0.6475310
vn 4.8426814 2.5662360 -0.4961879
v 0.0420754 4.9489503 0.6269058
vn 4.8322506 2.2028100 -1.4117689
v 0.0420749 4.9512868 0.6327708
vn 4.8381119 -2.1993957 1.4053618
v 0.0420748 6.2722902 0.1748511
vn 4.8355341 -2.5759761 0.4822999
v 0.0420753 6.2745872 0.1808300
vn 5.0800090 0.7407298 -2.1729488
v 0.0420754 5.0038772 0.6847226
vn 4.0236521 -1.3076665 -2.6494365
v 0.0420754 5.0069709 0.6839471
vn 5.0977902 -2.1205611 0.9632683
v 0.0420758 5.0133114 0.6748305
vn 4.1759758 -2.3141580 1.8091458
v 0.0420754 4.9656429 0.6293886
vn 4.2129307 -2.8499920 0.6088717
v 0.0420754 4.9628859 0.6235407
vn 4.8716011 0.2379313 2.5898683
v 0.0420750 5.0678205 0.6541728
vn 4.9113550 1.1737590 2.2815297
v 0.0420742 5.0545387 0.6578315
vn 4.9745474 2.0126352 1.4915718
v 0.0420726 5.0404224 0.6692720
vn 4.4389610 -2.6059806 -0.9001170
v 0.0420753 5.0131502 0.6777801
vn 4.9643111 2.5000455 0.2387473
v 0.0420732 5.0330739 0.6884792
vn 4.9769812 2.2647009 -1.0658813
v 0.0420728 5.0365348 0.7087495
vn 4.9420538 1.4673531 -2.0687821
v 0.0420741 5.0495672 0.7239229
vn 4.8747816 0.5490027 -2.5389893
v 0.0420750 5.0634918 0.7296536
vn 4.8312917 -2.2104855 -1.3956181
v 0.0420753 6.2723441 0.6325731
vn 4.9308591 -0.4096937 -2.5192006
v 0.0420741 5.0770416 0.7302139
vn 4.9451418 -1.4171022 -2.1055150
v 0.0420728 5.0932550 0.7239221
vn 5.0936356 -1.0033149 -2.1200871
v 0.0420759 6.2202473 0.6844708
vn 4.8631225 -2.1822689 -1.4216838
v 0.0420750 5.1034570 0.7130987
vn 4.9188080 -2.5130911 -0.4818633
v 0.0420734 5.1090970 0.6997494
vn 4.3414736 0.9021702 -2.6628730
v 0.0420752 6.2171702 0.6843305
vn 4.9311285 -2.4616859 0.6461901
v 0.0420739 5.1086364 0.6829303
vn 4.9898510 -1.8199528 1.7024683
v 0.0420704 5.0996399 0.6658726
vn 4.9455838 -0.7423240 2.4237404
v 0.0420747 5.0820341 0.6552773
vn 4.2748985 1.1871747 -2.5763202
v 0.0420753 6.2633162 0.2587010
vn 5.0311422 1.3109583 2.0739009
v 0.0420736 6.2595735 0.2713850
vn 5.0078921 2.2139785 -0.9125806
v 0.0420753 6.2610364 0.2567970
vn 5.1225252 2.2388349 0.7269422
v 0.0420718 6.2525582 0.2798500
vn 4.2048278 2.8461342 -0.6315761
v 0.0420753 6.2605724 0.1838540
vn 4.1762629 2.3219450 -1.8009909
v 0.0420760 6.2577138 0.1779090
vn -2.4134707 5.3309574 -1.2665113
v -0.0330238 6.3054147 0.5345678
vn 2.4653797 5.2735434 -1.3950835
v 0.0373096 6.3053489 0.5347762
vn -2.4718206 3.9508469 -3.7579880
v -0.0330855 6.3100333 0.5435227
vn 2.4792819 3.7214105 -3.9785132
v 0.0372360 6.3108125 0.5443016
vn -5.6694627 -1.6402379 0.7108678
v -0.0379392 4.9223385 0.5305385
vn -5.6771894 -1.6237956 -0.6329220
v -0.0379439 4.9227901 0.4077540
vn -5.6723318 -0.6755174 1.6832896
v -0.0378402 4.9064550 0.5155001
vn -5.7134380 -0.7181230 -1.6011537
v -0.0378439 4.9076929 0.4236457
vn -4.0759363 -1.8315036 -1.8750470
v -0.0375087 4.8414974 0.4250350
vn -4.1948991 -1.8097259 1.8023685
v -0.0375087 4.8414974 0.5145327
vn -2.1170778 5.1011906 -0.6088724
v -0.0331029 6.3049765 0.1798010
vn 2.1998205 5.0462785 -0.5380614
v 0.0372528 6.3049765 0.1798010
vn 5.0074439 -0.4904512 -2.4262536
v 0.0420747 4.9588547 0.3005251
vn 5.0723162 2.0621374 -1.0092415
v 0.0420754 4.9492378 0.2571990
vn 4.0193100 0.9298643 -2.8046710
v 0.0420754 4.9519982 0.2588381
vn 4.9704380 -2.2854524 -0.9314296
v 0.0420776 4.9244843 0.1750950
vn 4.8131847 2.6042762 0.4100644
v 0.0420754 4.9489088 0.1809940
vn 4.2473822 1.1304582 2.6233158
v 0.0420753 4.9515700 0.3094400
vn 5.0641007 1.0173795 -2.1933467
v 0.0420730 4.9494276 0.2996500
vn 5.0897503 2.0932498 -1.1572542
v 0.0420741 4.9417200 0.2925180
vn 5.0668812 2.1444514 0.9231579
v 0.0420755 4.9491024 0.3113190
vn 5.0496473 -2.1012378 -1.0018862
v 0.0420754 4.9623413 0.2571410
vn 4.2112288 -2.8538330 -0.5962372
v 0.0420754 4.9628921 0.1841310
vn 5.0609789 -2.0633354 1.0250965
v 0.0420753 4.9622927 0.3109651
vn 4.0111151 -0.9157834 2.8124111
v 0.0420754 4.9595504 0.3093570
vn 5.0742488 -1.7443600 -1.6786386
v 0.0420730 4.9672084 0.2961130
vn 4.9807158 -2.4454646 -0.5098858
v 0.0420747 4.9712338 0.2880920
vn 5.0618925 -2.2205021 0.9664251
v 0.0420722 4.9705181 0.2789021
vn 5.0509777 -1.1707202 2.1276503
v 0.0420734 4.9632626 0.2709761
vn 4.9971652 0.2429608 2.4695716
v 0.0420745 4.9542089 0.2692730
vn 4.0724635 -1.0048360 -2.7561946
v 0.0420754 4.9597883 0.2587870
vn 5.0578060 1.5542985 1.8624713
v 0.0420734 4.9456606 0.2727100
vn 5.0910950 2.3439646 0.4714681
v 0.0420729 4.9400907 0.2818980
vn 3.0640881 -0.2133461 -3.5956323
v -0.0275854 4.8669086 0.4202606
vn -3.0278707 0.0995255 -3.7106161
v 0.0336966 4.8636665 0.4202606
vn 2.6648538 -1.5457106 -3.5664334
v -0.0243484 4.8772006 0.4202606
vn -2.7067103 -1.4564071 -3.5991514
v 0.0300990 4.8772006 0.4202606
vn 1.6494019 -2.5753379 -3.6233983
v -0.0149472 4.8873134 0.4202606
vn -1.8543870 -2.4691179 -3.5457566
v 0.0223362 4.8859782 0.4202606
vn 0.3768581 -3.0858963 -3.5153334
v -0.0006604 4.8920274 0.4202606
vn -0.7825532 -3.0094955 -3.4911976
v 0.0112652 4.8911557 0.4202606
vn -2.1110411 0.5932566 5.1015244
v -0.0331020 6.1894979 0.7573223
vn 1.9996800 1.1552376 4.7996464
v 0.0373735 6.1937728 0.7567165
vn -1.9909463 2.5961289 4.2101345
v -0.0331155 6.1989508 0.7546003
vn -5.8203816 -0.5892940 -0.8761663
v -0.0236998 6.3646536 0.4024451
vn -5.2650075 2.3818345 -0.8362087
v -0.0220742 6.3758698 0.4024104
vn -3.5883851 4.7124839 -0.7945162
v -0.0142624 6.3851085 0.4025847
vn -1.5207100 5.7756495 -0.8412988
v -0.0050003 6.3894029 0.4024519
vn 0.6464269 5.9594736 -0.7888220
v 0.0051212 6.3901420 0.4024521
vn 2.6880193 5.3213849 -0.8483260
v 0.0147766 6.3873296 0.4024519
vn 4.4987822 3.8808031 -0.8285631
v 0.0224842 6.3814096 0.4024520
vn 5.6233649 1.7653347 -0.8912998
v 0.0270746 6.3733110 0.4024515
vn 5.8519387 -0.7604328 -0.8539166
v 0.0278826 6.3642683 0.4024512
vn 5.0543990 -3.0647974 -0.8830266
v 0.0247963 6.3556261 0.4024513
vn 3.4805315 -4.8426285 -0.8120185
v 0.0182581 6.3486805 0.4024513
vn 1.5150625 -5.7789025 -0.8406188
v 0.0092363 6.3445072 0.4024516
vn -0.7381694 -5.9234085 -0.7826867
v -0.0008835 6.3437681 0.4024516
vn -3.0933769 -4.9809036 -0.8331159
v -0.0127230 6.3476715 0.4021849
vn -5.0584478 -2.9921618 -0.8757285
v -0.0207723 6.3559632 0.4024455
vn -2.9654019 0.2004864 -3.3981881
v -0.0181797 6.3682184 0.3836540
vn -1.8691876 2.3515751 -3.4271550
v -0.0113047 6.3807259 0.3836550
vn 0.1952719 3.0116854 -3.4440551
v 0.0035615 6.3852324 0.3836540
vn 2.1771760 2.0569468 -3.4250247
v 0.0175487 6.3789020 0.3836550
vn 2.9635365 -0.2266104 -3.4060669
v 0.0224181 6.3656921 0.3836540
vn 1.8713124 -2.3466401 -3.4300361
v 0.0155428 6.3531842 0.3836550
vn -0.1981918 -3.0126953 -3.4372754
v 0.0006776 6.3486776 0.3836540
vn -2.1863370 -2.0448282 -3.4158916
v -0.0133098 6.3550081 0.3836550
vn 1.8611795 -4.1655836 1.8517106
v 0.0168246 4.8164892 0.5145654
vn 1.7219195 -4.2920499 -1.7992628
v 0.0159800 4.8161359 0.4250055
vn 5.7303925 -0.6557143 1.5823747
v 0.0421298 4.9076920 0.5159154
vn 4.1769996 -1.7940493 1.8640150
v 0.0419843 4.8420038 0.5146141
vn 4.2568684 -1.8223021 -1.7776233
v 0.0419833 4.8415861 0.4250717
vn 5.6764684 -0.6246391 -1.6782973
v 0.0421387 4.9064760 0.4240591
vn 5.6931162 -1.7127496 0.6378202
v 0.0420430 4.9227862 0.5318200
vn 5.6817865 -1.6611059 -0.7100863
v 0.0420467 4.9223347 0.4090259
vn -1.7038251 -4.3810344 1.7701792
v -0.0107111 4.8161349 0.5145594
vn -1.8279948 -4.2047105 -1.8691967
v -0.0115428 4.8164840 0.4250029
vn 1.9232402 -2.4892385 -4.3203139
v 0.0372644 5.0259886 0.0664940
vn -2.2177093 -3.1887128 -3.9106624
v -0.0331161 5.0219302 0.0695111
vn 2.1981249 -5.5561328 -0.7479429
v 0.0372108 4.9187202 0.4018852
vn -2.3426762 -5.4450135 -0.8195649
v -0.0331860 4.9187613 0.4020316
vn -2.2216897 -4.5547419 -3.2911403
v -0.0331659 4.9154882 0.4104468
vn 2.3886335 -4.5589542 -3.0518651
v 0.0372655 4.9159551 0.4097031
vn 2.3605146 -5.4283385 0.8259280
v 0.0373569 4.9187617 0.5375395
vn -2.2085483 -5.5471516 0.7659607
v -0.0330550 4.9187212 0.5376872
vn -2.2138505 -5.0279880 -0.5422708
v -0.0331348 4.9189763 0.1798010
vn 2.1274400 -5.0881705 -0.6059523
v 0.0372528 4.9189763 0.1798010
vn -2.1268015 -5.0902529 0.6094535
v -0.0331020 4.9189763 0.6418440
vn 2.2068763 -5.0376611 0.5561202
v 0.0372973 4.9189763 0.6418440
vn 2.2394180 -4.5327115 3.2992866
v 0.0373895 4.9154902 0.5291240
vn -2.3788421 -4.5761833 3.0419638
v -0.0330792 4.9159551 0.5298642
vn -2.1998680 -3.3012393 4.5650682
v -0.0330393 4.9091682 0.5227990
vn 2.4491363 -2.9686997 4.5539770
v 0.0375227 4.9084358 0.5223381
vn -5.0539341 2.1646683 -0.9093276
v -0.0379332 4.9494615 0.2568170
vn -4.9667759 2.3151760 0.8053163
v -0.0379397 4.9493594 0.3117410
vn -4.2926540 1.1486808 -2.5864453
v -0.0379333 4.9518852 0.2587640
vn -4.4952393 1.2922021 2.3718367
v -0.0379379 4.9514585 0.3094860
vn -4.2870717 -1.1973249 -2.5522139
v -0.0379332 4.9598436 0.2587340
vn -5.0976567 -2.2159722 -0.7580870
v -0.0379329 4.9622188 0.2565560
vn -4.5630913 -1.3563340 2.2990880
v -0.0379290 4.9602642 0.3096191
vn -4.5191193 -3.9785490 0.7738636
v -0.0379269 4.9622402 0.3118531
vn -4.2693291 -2.8512194 -0.5422382
v -0.0379245 4.9624920 0.1842641
vn 5.5862994 0.5235938 -1.8672173
v 0.0420726 6.3179822 0.5535287
vn 3.8921356 1.7991500 -0.6683063
v 0.0420753 6.3932381 0.5541687
vn 5.6127357 1.3952663 -1.2912841
v 0.0420649 6.3064852 0.5468743
vn -2.1069844 0.5291859 -5.1542301
v -0.0331055 6.1894979 0.0643231
vn 2.2118292 0.0057495 -5.3723712
v 0.0372528 6.0164227 0.0643231
vn 1.9652761 -4.2152514 -2.6021769
v 0.0372708 4.9217076 0.1703430
vn -1.9046795 -4.3296003 -2.4757428
v -0.0331407 4.9211502 0.1713380
vn -1.9631522 -4.2118134 2.6042852
v -0.0331197 4.9217072 0.6513019
vn 1.9045345 -4.3211865 2.4803514
v 0.0372989 4.9211497 0.6503061
vn 1.9051851 4.3246260 -2.4816365
v 0.0372644 6.3028054 0.1713361
vn -1.9767523 4.1990466 -2.5981162
v -0.0331168 6.3022542 0.1703480
vn 2.1193359 -0.6046923 5.0974221
v 0.0372637 5.0344548 0.7573223
vn -2.2026358 -0.5312336 5.0416656
v -0.0331020 5.0344548 0.7573223
vn 4.1700115 -2.3668485 -1.7380338
v 0.0420757 4.9655223 0.1782581
vn 5.2369561 -2.0322418 -0.6342555
v 0.0420754 5.0138698 0.1317400
vn 4.1846161 -2.5134778 1.4555205
v 0.0420743 5.0129409 0.1289370
vn 4.2987595 -0.8197568 2.7304766
v 0.0420741 5.0064049 0.1235710
vn 4.9717975 -1.0372890 -2.2297919
v 0.0420773 5.0289531 0.0701770
vn 5.3517551 -0.0001502 -2.2326705
v 0.0420754 5.2075267 0.0690970
vn 4.8378358 2.2156842 1.3808515
v 0.0420748 4.9510412 0.1750801
vn 5.0627127 0.9003511 2.1709390
v 0.0420755 5.0032063 0.1232901
vn -1.8430978 1.6573974 -4.4161887
v -0.0305377 5.4441977 -0.0303960
vn 2.0182416 0.8879579 -5.0528412
v 0.0346229 5.4417143 -0.0307000
vn 1.8441058 2.4633224 3.5443161
v 0.0185146 5.2254000 0.0533490
vn 2.6685693 1.5245587 3.5550423
v 0.0250604 5.2180347 0.0533490
vn 2.0434964 0.8566946 5.0606809
v 0.0346244 5.2382460 0.0533490
vn -2.0425751 0.8548567 5.0622935
v -0.0304983 5.2382460 0.0533490
vn -1.8079541 2.3992727 3.7219226
v -0.0145276 5.2256103 0.0533490
vn 0.7770348 2.9930563 3.4867196
v 0.0091751 5.2297459 0.0533490
vn -0.4105653 3.0499661 3.5327218
v -0.0008822 5.2304769 0.0533490
vn -2.0435183 -0.8566701 5.0606775
v -0.0304983 5.1764717 0.0533490
vn -2.2112374 -1.6763002 5.1608419
v -0.0304985 5.0609984 0.0130950
vn 2.2204552 -1.6695737 5.1573310
v 0.0346250 5.0596132 0.0126270
vn 2.0425687 -0.8548151 5.0623260
v 0.0346244 5.1764717 0.0533490
vn 3.0494761 0.2114829 3.5951750
v 0.0277892 5.2094011 0.0533490
vn -2.8372109 1.1147050 3.6224589
v -0.0224356 5.2146125 0.0533490
vn -3.0566163 -0.2719346 3.5694637
v -0.0235872 5.2057080 0.0533490
vn 2.6944745 -1.3463081 3.7053590
v 0.0258700 5.1981831 0.0533490
vn -2.6727524 -1.5172918 3.5552447
v -0.0208583 5.1970730 0.0533490
vn 1.6258047 -2.5755236 3.6248479
v 0.0165691 5.1883140 0.0533490
vn -1.8413432 -2.4665103 3.5376585
v -0.0143134 5.1897087 0.0533490
vn -0.7770978 -2.9930110 3.4868169
v -0.0049757 5.1853628 0.0533490
vn 0.3643273 -3.0653512 3.5033689
v 0.0050854 5.1846318 0.0533490
vn 4.9531212 0.9491485 -2.2514558
v 0.0420644 5.4414806 -0.0232930
vn 4.7206855 2.3556554 -0.2331340
v 0.0420762 5.4435921 -0.0210150
vn 4.9523721 1.4083656 2.0117459
v 0.0420654 5.4410238 -0.0168990
vn 5.4574203 0.5872689 2.0398178
v 0.0420628 5.3697615 0.0001160
vn 4.8936548 -1.0488076 -2.2169750
v 0.0420661 4.9729624 -0.0231940
vn 4.7140322 -2.3988853 0.0336154
v 0.0420720 4.9711027 -0.0207210
vn 4.9422488 -1.3736198 2.0605855
v 0.0420657 4.9739904 -0.0166650
vn 5.4487529 -0.5940378 2.0563056
v 0.0420629 5.0469260 0.0007250
vn 5.1831832 0.3950975 2.3344328
v 0.0420630 5.2369995 0.0459850
vn 5.1845775 -0.3921519 2.3337965
v 0.0420630 5.1777186 0.0459850
vn -2.0182793 -0.8880980 -5.0526805
v -0.0304968 4.9730039 -0.0307000
vn -1.7957580 -4.4946752 1.3713827
v -0.0305120 4.9640155 -0.0178150
vn 1.8057617 -4.5394859 1.1653055
v 0.0346382 4.9638963 -0.0184070
vn -2.2206814 1.6702911 5.1564350
v -0.0304987 5.3551178 0.0126210
vn 2.2114637 1.6770078 5.1600447
v 0.0346247 5.3537278 0.0130900
vn 1.7958326 4.4947720 1.3691624
v 0.0346380 5.4507008 -0.0178779
vn -1.8053100 4.5394516 1.1629817
v -0.0305120 5.4508185 -0.0184650
vn 1.8533964 2.5584726 4.0474629
v 0.0346798 5.4447427 -0.0103780
vn -1.8251368 2.6280227 3.9334249
v -0.0304681 5.4450579 -0.0104550
vn -2.1827471 1.3311985 5.2744546
v -0.0304867 5.3954959 0.0012320
vn 2.1915514 1.3274778 5.2704906
v 0.0346355 5.3947401 0.0013970
vn -1.8530939 -2.5561194 4.0483856
v -0.0305537 4.9699764 -0.0103160
vn 1.8251665 -2.6258256 3.9330971
v 0.0345941 4.9696612 -0.0103920
vn -2.1911638 -1.3241892 5.2720132
v -0.0305094 5.0199757 0.0014180
vn 2.1825070 -1.3279135 5.2757134
v 0.0346128 5.0192170 0.0012540
vn -1.8781940 -4.4385996 -1.9008404
v -0.0305038 4.9645963 -0.0249640
vn 1.8184439 -4.1870828 -2.2281733
v 0.0346301 4.9647899 -0.0253630
vn -1.9698403 -2.8773541 -4.0665264
v -0.0305017 4.9678869 -0.0287620
vn 1.8431048 -1.6572756 -4.4163961
v 0.0346638 4.9705205 -0.0303960
vn 1.8782306 4.4396071 -1.9011211
v 0.0346299 5.4501219 -0.0249640
vn -1.8189878 4.1872787 -2.2292974
v -0.0305039 5.4499283 -0.0253620
vn 1.9691317 2.8774281 -4.0670795
v 0.0346279 5.4468322 -0.0287620
vn -4.8798275 -1.0484681 -2.2509367
v -0.0379396 5.7823744 -0.0232360
vn -4.6742778 -2.3717625 -0.2755768
v -0.0379453 5.7803555 -0.0210150
vn -4.9418597 -1.4201523 2.0157759
v -0.0379398 5.7829299 -0.0168990
vn -5.4547620 -0.5879423 2.0438948
v -0.0379367 5.8541913 0.0001160
vn -4.4926591 1.6621996 -1.5246327
v -0.0379612 6.2522001 -0.0229480
vn -4.8009677 1.7045654 1.7290539
v -0.0379531 6.2512350 -0.0173330
vn -5.4504762 0.5959700 2.0590005
v -0.0379368 6.1770263 0.0007250
vn -5.1832972 -0.3949279 2.3346853
v -0.0379369 5.9869533 0.0459850
vn -5.1845627 0.3921677 2.3338058
v -0.0379369 6.0462341 0.0459850
vn -3.0440192 -0.3901925 -3.5687826
v -0.0234990 5.2048993 0.1204580
vn -2.8961749 0.9755422 -3.6050534
v -0.0226969 5.2138348 0.1204580
vn -2.0457997 2.2351325 -3.6670241
v -0.0163046 5.2240171 0.1204580
vn -0.8208414 2.9720485 -3.5164886
v -0.0049729 5.2297459 0.1204580
vn 0.3643924 3.0653141 -3.5034709
v 0.0050843 5.2304769 0.1204580
vn 1.6259837 2.5754089 -3.6248598
v 0.0165712 5.2267928 0.1204580
vn 2.6945403 1.3462348 -3.7053084
v 0.0258703 5.2169242 0.1204580
vn 3.0494959 -0.2114265 -3.5951333
v 0.0277892 5.2057080 0.1204580
vn 2.6685894 -1.5244956 -3.5550845
v 0.0250603 5.1970730 0.1204580
vn 1.8442241 -2.4632690 -3.5442262
v 0.0185154 5.1897087 0.1204580
vn 0.7771019 -2.9930089 -3.4868197
v 0.0091778 5.1853628 0.1204580
vn -0.3643252 -3.0653524 -3.5033674
v -0.0008833 5.1846318 0.1204580
vn -1.5923297 -2.6096857 -3.5953856
v -0.0123671 5.1883140 0.1204580
vn -2.5907993 -1.6409941 -3.5724573
v -0.0204342 5.1963568 0.1204580
vn 0.2670708 3.0652871 -2.7551103
v 0.0061603 5.2624350 0.1204580
vn -0.9025323 -2.9431410 -2.7598102
v -0.0116764 5.1545501 0.1204580
vn 0.3826190 -3.0531652 -2.7555311
v 0.0079287 5.1528306 0.1204580
vn -0.3826162 -3.0531659 2.7555323
v -0.0037155 5.1528306 0.1883680
vn 2.6575611 -1.1331404 -2.3480477
v 0.0419288 5.1737370 0.1204580
vn -1.9734020 -2.3822579 -2.8034656
v -0.0292223 5.1643047 0.1204580
vn -2.0184467 2.3539095 -2.8321466
v -0.0298533 5.2501159 0.1204580
vn 2.6231945 1.1779138 -2.3290665
v 0.0416665 5.2419367 0.1204580
vn 0.0000000 0.0000000 -3.1415925
v -0.0379368 5.2154241 0.1204580
vn 1.5971977 -2.6326628 -2.7630405
v 0.0266633 5.1593909 0.1204580
vn 1.5058988 2.6834021 -2.7570002
v 0.0250969 5.2565928 0.1204580
vn -1.0053813 2.9116082 -2.7652171
v -0.0133761 5.2599692 0.1204580
vn 0.0000000 0.0000000 -3.1415925
v -0.0379368 5.2239594 0.1204580
vn -2.7760043 -1.0059124 -2.4487460
v -0.0379368 5.1746478 0.1204580
vn 0.0000000 0.0000000 -3.1415925
v -0.0379368 5.2340274 0.1204580
vn -2.7824285 0.9971868 -2.4539015
v -0.0379368 5.2404289 0.1204580
vn 2.7754555 -1.0058930 2.4470327
v 0.0420743 5.1745481 0.1883680
vn 2.7818244 0.9973993 2.4526970
v 0.0420743 5.2405295 0.1883680
vn 2.0180247 2.3544147 2.8325295
v 0.0340664 5.2501159 0.1883680
vn 1.0053787 2.9116094 2.7652240
v 0.0175893 5.2599692 0.1883680
vn -0.2671012 3.0652781 2.7550936
v -0.0019472 5.2624350 0.1883680
vn -1.5064609 2.6829336 2.7566516
v -0.0208839 5.2565923 0.1883680
vn -2.6238220 1.1786638 2.3305399
v -0.0375220 5.2418609 0.1883680
vn -2.6587563 -1.1306835 2.3478987
v -0.0378371 5.1738796 0.1883680
vn -1.5982398 -2.6316979 2.7622333
v -0.0224503 5.1593909 0.1883680
vn 0.9025629 -2.9431243 2.7597909
v 0.0158896 5.1545501 0.1883680
vn 1.9730140 -2.3827376 2.8039243
v 0.0334362 5.1643057 0.1883680
vn -1.8436222 -1.6699814 -4.3585958
v -0.0305591 5.7798615 -0.0305179
vn 1.8033015 -1.7182777 -4.3460851
v 0.0345948 5.7795157 -0.0304070
vn -2.0424862 0.8549046 5.0623031
v -0.0304983 6.0474806 0.0533490
vn 2.0433598 0.8565736 5.0608001
v 0.0346244 6.0474806 0.0533490
vn 2.2176960 1.6701967 5.1598239
v 0.0346436 6.1639247 0.0127610
vn -1.8136138 -2.3932300 3.7247386
v -0.0145999 5.9983220 0.0533490
vn -2.0433497 -0.8566325 5.0607696
v -0.0304983 5.9857063 0.0533490
vn 2.0425000 -0.8549712 5.0622425
v 0.0346244 5.9857063 0.0533490
vn 2.6703303 -1.5218188 3.5545151
v 0.0250597 6.0058880 0.0533490
vn 1.8469579 -2.4610732 3.5445869
v 0.0185131 5.9985023 0.0533490
vn 0.7786374 -2.9923766 3.4876125
v 0.0091730 5.9941444 0.0533490
vn -0.4121376 -3.0493634 3.5339079
v -0.0008849 5.9934125 0.0533490
vn -2.2177784 -1.6709735 5.1591253
v -0.0305175 5.8692474 0.0127530
vn 5.4501071 -0.5926270 2.0464506
v 0.0420629 5.8561525 0.0007160
vn 4.9439216 -1.3714809 2.0559492
v 0.0420650 5.7832270 -0.0167240
vn 4.7140803 -2.3809142 0.0227462
v 0.0420766 5.7803516 -0.0207540
vn 4.8878818 -1.0427271 -2.2190151
v 0.0420655 5.7821960 -0.0231940
vn 4.8857055 1.0280672 -2.2589474
v 0.0420648 6.2507148 -0.0232919
vn 4.6757293 2.3687620 -0.2836568
v 0.0420713 6.2528415 -0.0209880
vn 4.9410915 1.4206169 2.0150821
v 0.0420658 6.2502594 -0.0168390
vn 5.4553962 0.5868124 2.0431104
v 0.0420628 6.1789923 0.0001240
vn 5.1845617 -0.3922068 2.3337994
v 0.0420630 5.9869533 0.0459850
vn 5.1833105 0.3947963 2.3342104
v 0.0420630 6.0462341 0.0459850
vn -1.8064134 4.5141926 1.2592348
v -0.0305206 6.2599788 -0.0179970
vn 1.7945306 4.5258379 1.2385951
v 0.0346444 6.2600207 -0.0181969
vn -2.8414285 -1.1082988 3.6180305
v -0.0224354 6.0093207 0.0533490
vn 3.0499551 -0.2109444 3.5939636
v 0.0277892 6.0145478 0.0533490
vn -3.0570393 0.2713638 3.5683596
v -0.0235872 6.0182519 0.0533490
vn 2.6960361 1.3441113 3.7044246
v 0.0258692 6.0257988 0.0533490
vn -2.6744871 1.5146117 3.5546639
v -0.0208576 6.0269117 0.0533490
vn 1.6284666 2.5735972 3.6253645
v 0.0165679 6.0356951 0.0533490
vn -1.8441674 2.4642761 3.5379591
v -0.0143115 6.0342970 0.0533490
vn 0.3651983 3.0649581 3.5043283
v 0.0050845 6.0393872 0.0533490
vn -0.7788615 2.9923296 3.4875700
v -0.0049738 6.0386543 0.0533490
vn 1.8030047 -4.5003443 1.3041230
v 0.0346461 5.7732100 -0.0180579
vn -1.7945983 -4.5254421 1.2359552
v -0.0305185 5.7731690 -0.0182580
vn 1.8519547 -2.5983210 3.9820180
v 0.0346893 5.7789893 -0.0105090
vn -1.8251476 -2.5967007 3.9857919
v -0.0304620 5.7790618 -0.0103540
vn 2.1867123 -1.3342119 5.2736201
v 0.0346358 5.8286624 0.0012590
vn -2.1925280 -1.3252919 5.2687221
v -0.0304860 5.8292313 0.0014250
vn -1.8335487 2.5677130 4.0295591
v -0.0305633 6.2541971 -0.0104470
vn 1.8248354 2.5944722 3.9864001
v 0.0345881 6.2541246 -0.0102919
vn -2.2061491 1.3348345 5.2549653
v -0.0305098 6.2045264 0.0012820
vn 2.1923294 1.3220302 5.2700539
v 0.0346120 6.2039576 0.0014470
vn -1.7962725 4.2877779 -2.0598259
v -0.0305138 6.2592998 -0.0250930
vn 1.8189497 4.1767716 -2.1764486
v 0.0346355 6.2592349 -0.0252310
vn -1.7826170 1.6932256 -4.3847747
v -0.0304687 6.2536712 -0.0304070
vn 1.8414110 1.6739937 -4.3600779
v 0.0346852 6.2533255 -0.0305179
vn -1.8188980 -4.1774182 -2.1778941
v -0.0305094 5.7739530 -0.0252330
vn 1.8139044 -4.2471008 -2.0958021
v 0.0346400 5.7738876 -0.0250950
vn 2.2141004 -1.6760963 5.1584797
v 0.0346024 5.8696942 0.0129191
vn -2.2139332 1.6753520 5.1593690
v -0.0304762 6.1634836 0.0129240
vn -2.9010427 -0.9673810 -3.5995185
v -0.0226966 6.0101004 0.1204580
vn -3.0444832 0.3893655 -3.5677218
v -0.0234990 6.0190630 0.1204580
vn -2.0508494 -2.2272084 -3.6729558
v -0.0163870 5.9999175 0.1204580
vn -0.8211998 -2.9719350 -3.5165854
v -0.0049710 5.9941444 0.1204580
vn 0.3654517 -3.0649323 -3.5043201
v 0.0050869 5.9934125 0.1204580
vn 1.6286039 -2.5735259 -3.6253417
v 0.0165690 5.9971051 0.1204580
vn 2.6960709 -1.3440590 -3.7044146
v 0.0258693 6.0070009 0.1204580
vn 3.0499532 0.2109852 -3.5939577
v 0.0277892 6.0182519 0.1204580
vn 2.6703334 1.5218269 -3.5544932
v 0.0250595 6.0269117 0.1204580
vn 1.8470492 2.4610238 -3.5445349
v 0.0185135 6.0342970 0.1204580
vn 0.7788653 2.9923279 -3.4875741
v 0.0091758 6.0386543 0.1204580
vn -0.3651969 3.0649586 -3.5043273
v -0.0008825 6.0393872 0.1204580
vn -1.5950667 2.6077757 -3.5959287
v -0.0123659 6.0356951 0.1204580
vn -2.5927563 1.6382575 -3.5718908
v -0.0204334 6.0276299 0.1204580
vn 0.2721811 -3.0638113 -2.7505119
v 0.0061597 5.9615173 0.1204580
vn -0.9687210 2.9353526 -2.7978194
v -0.0116748 6.0694027 0.1204580
vn -0.3773590 3.0527840 2.7508695
v -0.0037171 6.0711217 0.1883680
vn 0.0378159 3.1107745 -2.8711367
v 0.0021065 6.0712523 0.1204580
vn 2.7943082 0.9800879 -2.4605474
v 0.0420743 6.0494046 0.1204580
vn -1.9733871 2.3822525 -2.8035421
v -0.0292228 6.0596476 0.1204580
vn -2.0183353 -2.3540735 -2.8323066
v -0.0298535 5.9738374 0.1204580
vn 2.6169705 -1.1764873 -2.3047230
v 0.0418605 5.9822307 0.1204580
vn 0.0000000 0.0000000 -3.1415925
v -0.0379369 6.0085282 0.1204580
vn 0.0000000 0.0000000 -3.1415925
v -0.0379369 6.0164137 0.1204580
vn 1.0547048 2.8978684 -2.7634315
v 0.0175905 6.0688438 0.1204580
vn 0.0000000 0.0000000 -3.1415930
v -0.0379369 6.0242991 0.1204580
vn 1.5102739 -2.6768219 -2.7353823
v 0.0250966 5.9673600 0.1204580
vn -1.0054470 -2.9115701 -2.7651656
v -0.0133765 5.9639831 0.1204580
vn 0.0000000 0.0000000 -3.1415925
v -0.0379369 5.9999933 0.1204580
vn 2.0407915 2.3265033 -2.7995312
v 0.0348107 6.0584264 0.1204580
vn 0.0000000 0.0000000 -3.1415925
v -0.0379369 6.0429025 0.1204580
vn -2.7760127 1.0047666 -2.4460022
v -0.0379369 6.0493045 0.1204580
vn -3.1415856 0.0000000 -3.1347682
v -0.0379369 5.9899254 0.1204580
vn 0.0000000 0.0000000 -3.1415925
v -0.0379369 6.0328345 0.1204580
vn -2.7825384 -0.9973056 -2.4567685
v -0.0379369 5.9835234 0.1204580
vn -2.6568742 1.1420940 2.3534698
v -0.0376504 6.0502930 0.1883680
vn -2.6264007 -1.1636436 2.3217976
v -0.0377894 5.9823880 0.1883680
vn -1.5085586 -2.6811037 2.7551229
v -0.0208836 5.9673600 0.1883680
vn -0.3330004 -3.0716133 2.7928216
v -0.0019466 5.9615173 0.1883680
vn 0.6924730 -3.0334568 2.8733327
v 0.0119307 5.9626293 0.1883680
vn 1.6376196 -2.6133516 2.7624948
v 0.0266652 5.9682670 0.1883680
vn 2.6474063 -1.1514076 2.3345957
v 0.0417927 5.9824510 0.1883680
vn 2.7740455 1.0039190 2.4430130
v 0.0420743 6.0494046 0.1883680
vn 1.9656469 2.3862228 2.7898672
v 0.0334360 6.0596476 0.1883680
vn 0.9052314 2.9392555 2.7412934
v 0.0158879 6.0694027 0.1883680
vn -1.5966488 2.6331897 2.7635119
v -0.0224514 6.0645609 0.1883680
vn 4.6025143 -1.8105402 -2.3186984
v -0.0283515 6.3614073 0.4044422
vn 1.6010318 -1.5187478 -1.5534248
v -0.0233827 6.3615093 0.4044422
vn 1.6401331 -1.6138409 1.6413773
v -0.0237106 6.3616142 0.5007212
vn 4.6390781 -1.8093373 2.2964358
v -0.0283515 6.3614073 0.5007212
vn 4.5517201 1.8108060 2.3510351
v -0.0283515 6.3722858 0.5007212
vn 1.5502533 1.5193146 1.5213126
v -0.0233827 6.3723445 0.5007212
vn 1.5893601 1.6157094 -1.6093415
v -0.0237130 6.3722291 0.4044422
vn 4.5883179 1.8107854 -2.3287630
v -0.0283515 6.3722858 0.4044422
vn 1.5629194 1.7146297 -1.6868999
v -0.0309369 6.3932819 0.3956504
vn 1.5629194 1.7146302 1.6868999
v -0.0309369 6.3932819 0.5095130
vn 5.7330785 -0.5145770 -1.6394527
v 0.0420753 5.7778811 0.1490530
vn 5.9336143 0.6884459 -1.1694191
v 0.0420754 5.4357243 0.1484610
vn 5.7401328 1.6496631 -0.5034056
v 0.0420754 5.4306836 0.1406910
vn 5.9202218 1.1834810 0.7196565
v 0.0420754 5.4315338 0.0983390
vn 5.9394565 -1.1488888 -0.6954920
v 0.0420754 5.7855601 0.1441760
vn 5.7448235 0.4616980 1.6556178
v 0.0420754 5.4390264 0.0936130
vn 5.8957272 -1.2712196 0.6631901
v 0.0420754 5.7858319 0.0996090
vn 5.8561850 -0.6262308 1.3911111
v 0.0420754 5.7792654 0.0938390
vn -5.6185336 1.2830948 -1.3910545
v -0.0379142 6.3074613 0.5478505
vn -3.8977044 1.8020089 -0.6848944
v -0.0379246 6.3932409 0.5541666
vn -5.5740938 0.4677162 -1.8994027
v -0.0379208 6.3189254 0.5537523
vn 3.8013618 -4.3032088 -2.0581913
v 0.0283797 5.0991426 0.7054003
vn 3.7929409 -4.6817079 -0.8844680
v 0.0284070 5.1016097 0.6981965
vn 3.7412884 0.7963071 -4.7243056
v 0.0285135 5.0658855 0.7225915
vn 3.7321196 4.8290119 -0.0567400
v 0.0284457 5.0406246 0.6921398
vn 3.7072470 -3.8726108 2.7990484
v 0.0283232 5.0961781 0.6739468
vn 3.7228799 3.5873768 -3.2431295
v 0.0283457 5.0487533 0.7129072
vn 3.8050494 2.6891627 -3.9220707
v 0.0285528 5.0540915 0.7178166
vn 3.7402112 -1.4591827 4.5752692
v 0.0284876 5.0805635 0.6628209
vn 3.9799974 -0.0104987 4.5009937
v 0.0275746 5.0715499 0.6620707
vn 3.7635171 -2.4093230 -4.0263023
v 0.0283703 5.0873046 0.7186837
vn 3.9669578 2.4988711 3.7436223
v 0.0275301 5.0548840 0.6670574
vn 3.7588084 3.4898071 3.2890103
v 0.0284150 5.0485930 0.6716825
vn 3.7603958 4.6542988 -1.0926903
v 0.0283798 5.0416341 0.6996847
vn 3.6641264 4.4041605 2.0215292
v 0.0287088 5.0433292 0.6790098
vn 3.7914174 -4.7622480 0.2662264
v 0.0283803 5.1020541 0.6905532
vn 3.6994808 -2.7118120 3.9768581
v 0.0284878 5.0887136 0.6667452
vn 3.7119355 1.3841875 4.6370082
v 0.0284467 5.0625834 0.6627595
vn 3.7448282 -3.6765683 -3.0882599
v 0.0283338 5.0951924 0.7116844
vn 3.8170209 4.1593285 -2.2836771
v 0.0284072 5.0442972 0.7068186
vn 3.7997799 -4.4900408 1.4448023
v 0.0283337 5.1007795 0.6832759
vn 3.8515413 4.6262164 1.0788821
v 0.0282408 5.0416002 0.6854854
vn 3.7275481 -0.7444650 -4.6881366
v 0.0283079 5.0759830 0.7226875
vn 5.0511088 0.0295474 -3.5165777
v 0.0253804 5.0711594 0.7196421
vn 5.8261371 0.1513748 -1.9995073
v 0.0233805 5.0693288 0.7156423
vn 4.9831891 -1.2575879 -3.2798011
v 0.0251837 5.0812674 0.7177761
vn 5.9105258 -0.4241679 -1.5594665
v 0.0231833 5.0786085 0.7140828
vn 5.7496815 -1.2973682 -1.7575953
v 0.0235203 5.0853572 0.7115940
vn 5.0956635 -2.5616453 -2.2157290
v 0.0250373 5.0921474 0.7096622
vn 5.7493520 -2.0250256 -1.0045100
v 0.0235758 5.0923691 0.7039871
vn 6.1498208 -0.7422556 -0.4537710
v 0.0228559 5.0893369 0.7034994
vn 5.0984392 -3.2917004 -1.0359466
v 0.0253805 5.0975475 0.7004434
vn 5.2914724 -2.9932342 0.0086525
v 0.0244647 5.0975571 0.6918806
vn 6.0157285 -1.2240963 0.2393921
v 0.0229217 5.0929036 0.6880756
vn 5.2302570 -2.9227223 1.2248453
v 0.0247127 5.0957170 0.6817550
vn 4.9606576 -2.8944044 2.2044744
v 0.0257203 5.0939589 0.6757452
vn 5.8640919 -1.2762626 1.1915187
v 0.0232211 5.0885911 0.6768631
vn 5.1189809 -1.7944262 2.8140023
v 0.0251663 5.0859056 0.6692756
vn 5.9689255 -0.3364972 1.3054529
v 0.0229311 5.0772090 0.6709468
vn 5.2029204 -0.6692550 3.1272452
v 0.0248375 5.0773201 0.6661547
vn 5.1997466 0.8257179 3.0853686
v 0.0249801 5.0640855 0.6663220
vn 6.0169988 0.3661239 1.1799589
v 0.0228935 5.0643215 0.6718775
vn 5.5068064 1.6809745 2.0994947
v 0.0240784 5.0554805 0.6727070
vn 4.9942713 2.9516788 1.9446774
v 0.0253976 5.0483952 0.6770482
vn 5.9415803 1.3281372 0.8369229
v 0.0231082 5.0523739 0.6800535
vn 5.2514634 3.0880430 0.8126505
v 0.0248828 5.0456018 0.6856826
vn 6.0305829 1.1832978 0.2191210
v 0.0229273 5.0502920 0.6876330
vn 5.1449995 3.3265529 -0.0435021
v 0.0251549 5.0442595 0.6925653
vn 5.9529409 1.3569436 -0.2927426
v 0.0229937 5.0495877 0.6975528
vn 5.2696238 2.7992027 -1.2093643
v 0.0244707 5.0471706 0.7022247
vn 5.1670113 2.4308951 -2.1904488
v 0.0250319 5.0513949 0.7103433
vn 5.8467965 1.1644154 -1.5121186
v 0.0233433 5.0579109 0.7113520
vn 5.1667509 1.2746029 -3.0135067
v 0.0250059 5.0608287 0.7171490
vn 3.8523364 1.7837232 -4.4007535
v 0.0278348 5.0598979 0.7202427
vn 6.0915046 0.3709607 -0.9816478
v 0.0228493 5.0639305 0.7121109
vn 4.8651972 -2.5377979 -0.5401433
v 0.0358785 4.9598527 0.1833071
vn 0.0000025 0.0001616 0.0036269
v 0.0358785 4.9560289 0.2588770
vn 0.0000024 -0.0001558 0.0032885
v 0.0358785 4.9555340 0.2588770
vn 3.9616487 2.8483732 -0.7975742
v 0.0358785 4.9519444 0.2560580
vn -0.1101981 0.2377712 -3.1196973
v 0.0358785 4.9555755 0.2588770
vn -0.0197617 -0.0000000 -3.1415305
v 0.0358785 4.9557815 0.2588770
vn 2.9182522 -1.1898668 -2.7446065
v 0.0358782 5.0081887 0.6824554
vn 2.8272722 -2.5036631 -1.7101307
v 0.0358785 5.0107465 0.6802812
vn -0.0380329 0.0118853 3.1413257
v 0.0358785 4.9557815 0.3093220
vn -0.1166989 0.1589620 3.1301477
v 0.0358785 4.9555755 0.3093220
vn 4.1708364 2.3924694 -1.6977677
v 0.0358785 4.9544520 0.6320354
vn 3.8754575 1.2848852 -2.6600432
v 0.0358789 5.0051413 0.6820879
vn 3.0557992 -2.7502663 -0.1850464
v 0.0358795 5.0115576 0.1296650
vn -0.1123017 -0.2479343 3.1178982
v 0.0358785 4.9559870 0.3093220
vn -0.1123781 -0.2229696 -3.1224742
v 0.0358785 4.9559870 0.2588770
vn 2.7825606 1.1656271 2.7374682
v 0.0358781 6.2152748 0.1251700
vn 4.7989655 -2.6092467 0.4352051
v 0.0358785 4.9597688 0.6235186
vn 3.9982941 -2.8701763 0.7244400
v 0.0358785 4.9596519 0.3123070
vn 4.2006893 2.3062470 1.8137784
v 0.0358785 4.9549303 0.1748950
vn 2.6639743 -1.6848702 2.4070270
v 0.0358686 5.0094762 0.1257610
vn 3.9846542 2.8342023 -0.8358352
v 0.0358784 6.2638702 0.2560170
vn 0.0000011 -0.0000548 -0.0028979
v 0.0358785 4.9555340 0.3093220
vn 0.0000024 0.0002057 -0.0040423
v 0.0358785 4.9560289 0.3093220
vn 3.6536889 -4.5909252 -1.3041621
v 0.0370735 4.9683743 0.2881510
vn 3.7824271 -4.0517745 2.2712197
v 0.0370278 4.9671555 0.2788100
vn 3.7774506 2.8238745 -3.5701993
v 0.0366607 4.9484129 0.2952920
vn 4.0481138 -0.5656643 4.2555108
v 0.0365966 4.9572029 0.2724720
vn 3.7163279 -1.3082075 -4.4396558
v 0.0370201 4.9595532 0.2974470
vn 3.6651182 3.6897781 2.9891772
v 0.0370735 4.9461117 0.2763020
vn 3.8855076 4.2969227 -0.9439970
v 0.0367691 4.9432874 0.2878510
vn 3.7640588 -2.9497626 -3.6705503
v 0.0371390 4.9643960 0.2947800
vn 3.9387562 -2.9783771 3.3024929
v 0.0366158 4.9641023 0.2755640
vn 3.7116539 0.8532205 -4.5465884
v 0.0371589 4.9528465 0.2978361
vn 3.7985024 1.0941855 4.4807334
v 0.0369250 4.9529767 0.2724150
vn 3.7767646 -4.6004705 0.6608157
v 0.0371892 4.9686880 0.2831330
vn 3.7768841 4.3515501 1.3180053
v 0.0369814 4.9431868 0.2816401
vn 3.8643067 -1.8497934 4.2242751
v 0.0371290 4.9612098 0.2731810
vn 4.1477780 3.2573247 -2.3760183
v 0.0362729 4.9456220 0.2921250
vn 4.3547106 -3.2189004 -2.1470778
v 0.0361700 4.9656858 0.2921671
vn 4.1894498 2.1211293 3.6392214
v 0.0364357 4.9492512 0.2743990
vn 5.1272044 -1.2821802 -3.0016913
v 0.0355847 4.9600801 0.2954530
vn 5.8482962 -0.9357206 -1.1773863
v 0.0347917 4.9610968 0.2928110
vn 5.8597388 -1.4851807 -0.1665420
v 0.0347735 4.9652853 0.2859970
vn 4.9886718 -3.3808422 -0.2862476
v 0.0356183 4.9671483 0.2862300
vn 5.3348770 -2.2852063 1.3938755
v 0.0352966 4.9648452 0.2789500
vn 5.6104336 -0.8312529 1.7404717
v 0.0348350 4.9602013 0.2762080
vn 5.5633888 0.4513768 2.0338006
v 0.0349519 4.9535303 0.2750570
vn 5.8671126 1.3841908 0.5784573
v 0.0347349 4.9468961 0.2818680
vn 5.3178301 2.2362039 1.8143822
v 0.0354039 4.9473224 0.2780011
vn 5.2203932 2.8854494 0.1255332
v 0.0352967 4.9448152 0.2840710
vn 5.8622870 1.2411914 -0.8649836
v 0.0347922 4.9483013 0.2906480
vn 5.3456073 1.2704265 -2.5752180
v 0.0353530 4.9510813 0.2948630
vn 5.4933810 0.0849381 -2.0942583
v 0.0348927 4.9550257 0.2950780
vn 0.0000021 0.0001627 0.0036525
v 0.0358784 6.2679677 0.2588770
vn 0.0000022 -0.0001581 0.0033110
v 0.0358784 6.2674727 0.2588770
vn 4.2799644 -2.8622766 0.4778758
v 0.0358784 6.2715397 0.1818140
vn -0.0203055 0.0000000 -3.1415269
v 0.0358784 6.2677207 0.2588770
vn -0.1028416 -0.2194557 -3.1227937
v 0.0358784 6.2679262 0.2588770
vn 2.7101502 2.3895686 -1.7243388
v 0.0358754 6.2126784 0.6803253
vn -0.1282970 -0.2144678 3.1219759
v 0.0358784 6.2679262 0.3093220
vn -0.0557851 0.0022609 3.1410961
v 0.0358784 6.2677207 0.3093220
vn 4.8145919 2.2025230 -1.4348227
v 0.0358784 6.2613258 0.1777890
vn 4.2739806 -2.8660152 -0.4687518
v 0.0358784 6.2715573 0.6256287
vn 3.9293635 -2.8095114 0.9169773
v 0.0358785 6.2715373 0.3120180
vn -0.1318081 0.2404704 -3.1195047
v 0.0358784 6.2675147 0.2588770
vn 3.6079478 2.7634923 0.9604440
v 0.0358791 6.2124162 0.6770242
vn 4.8650866 2.2168059 1.3342357
v 0.0358785 6.2618427 0.6290414
vn 2.7809834 2.4713426 1.6872811
v 0.0358783 6.2125239 0.1274550
vn 3.8698485 -1.2522433 2.6812441
v 0.0358788 6.2185183 0.1256061
vn 0.0000022 0.0001646 -0.0037052
v 0.0358784 6.2679677 0.3093220
vn 0.0000025 -0.0001404 -0.0040357
v 0.0358784 6.2674727 0.3093220
vn -0.1237430 0.1785254 3.1274424
v 0.0358784 6.2675147 0.3093220
vn 3.9554310 4.1467986 -0.8018404
v 0.0364991 6.2554359 0.2877671
vn 3.8102696 3.4735715 2.8794658
v 0.0366802 6.2579832 0.2768390
vn 4.0570393 0.2237408 4.3696318
v 0.0366828 6.2671480 0.2723650
vn 4.0465760 2.3433089 -3.6399558
v 0.0366377 6.2611113 0.2957890
vn 3.6993191 0.7431557 -4.6094618
v 0.0371071 6.2653909 0.2978621
vn 3.7649219 -2.9269693 3.6731071
v 0.0370563 6.2755265 0.2746240
vn 3.9162102 -4.1402321 -1.1732626
v 0.0365252 6.2798553 0.2885060
vn 3.5622725 -1.6749902 -4.4059525
v 0.0370326 6.2721996 0.2972920
vn 3.9911470 -3.7651837 2.0685010
v 0.0366462 6.2789245 0.2789510
vn 4.0088506 -1.0551590 4.2336559
v 0.0366543 6.2708941 0.2727230
vn 3.7593114 3.6401477 -2.8389413
v 0.0370734 6.2572875 0.2927390
vn 3.7269597 4.5415587 1.1606144
v 0.0371442 6.2551727 0.2813870
vn 3.7409194 1.8480215 4.2996378
v 0.0370710 6.2626443 0.2730260
vn 4.0167794 -3.3164158 -2.7809050
v 0.0367302 6.2777801 0.2929701
vn 5.3185501 0.2660484 -2.8300326
v 0.0352897 6.2663512 0.2957190
vn 5.7814951 0.7518072 -1.4932361
v 0.0348439 6.2636657 0.2937590
vn 5.5445714 1.6133775 -1.3025463
v 0.0349170 6.2600141 0.2914950
vn 5.7688637 1.6901472 -0.0719539
v 0.0348199 6.2580857 0.2851690
vn 5.1928763 3.0379813 0.8024510
v 0.0355901 6.2568059 0.2823091
vn 5.3230724 1.9849410 2.0167019
v 0.0353082 6.2601724 0.2771571
vn 6.0647249 0.6029369 0.8492399
v 0.0347497 6.2624173 0.2776200
vn 5.3198609 0.9905931 2.7974870
v 0.0354274 6.2639098 0.2746960
vn 5.7466359 -0.1664023 1.7305416
v 0.0348095 6.2686810 0.2754470
vn 5.2218866 -1.6586552 2.5993681
v 0.0355220 6.2737393 0.2755480
vn 5.7510085 -1.3894063 1.0108531
v 0.0347882 6.2752724 0.2791460
vn 4.3405118 -3.8403347 0.5506580
v 0.0361349 6.2798648 0.2833230
vn 5.8182554 -1.6296288 -0.1910002
v 0.0348049 6.2771778 0.2861301
vn 5.6356397 -1.8046912 -1.3374559
v 0.0350473 6.2759848 0.2909830
vn 5.9799190 -0.5445199 -1.1743598
v 0.0347468 6.2714467 0.2934300
vn 5.0368772 -1.1830397 -3.0805743
v 0.0356703 6.2718353 0.2957940
vn 5.1899204 -0.5401551 2.2364924
v 0.0373642 5.7742696 0.0984141
vn 5.1272478 -2.1840909 0.7157439
v 0.0373642 5.7812018 0.1042180
vn 5.1080647 -2.3238418 -0.4499517
v 0.0373642 5.7814045 0.1373200
vn 5.2016411 -0.6818479 -2.1651847
v 0.0373642 5.7753143 0.1440980
vn 5.1579747 0.3808623 -2.3181591
v 0.0373642 5.4430008 0.1442490
vn 5.2304025 2.0752122 -0.8200614
v 0.0373643 5.4359903 0.1389860
vn 5.1172214 2.3799136 0.3304190
v 0.0373642 5.4353480 0.1066411
vn 5.2107363 0.8930876 2.0331638
v 0.0373643 5.4400854 0.0991300
vn 3.4746082 0.7890126 2.8424435
v 0.0358793 5.0054588 0.1253340
vn 3.1083508 -1.4413507 -2.6413891
v 0.0358779 4.9580870 0.2584250
vn 3.9702020 -2.8426030 -0.8170071
v 0.0358785 4.9596314 0.2560170
vn 3.1400831 1.4742905 -2.6291533
v 0.0358779 4.9534273 0.2583790
vn 3.4750757 -2.8243935 0.6882321
v 0.0358786 5.0112534 0.6773899
vn 3.0918787 1.1673769 2.8214426
v 0.0358782 4.9540181 0.3095731
vn 3.7033007 2.6903083 1.2130873
v 0.0358786 4.9520664 0.3115690
vn 3.1347172 -1.5299404 2.5827026
v 0.0358777 4.9582372 0.3098661
vn 3.5740020 2.7783604 -0.8861795
v 0.0358789 6.2122264 0.1303090
vn 3.1353059 1.4869587 -2.6181202
v 0.0358779 6.2653666 0.2583790
vn 3.1118152 -1.4446224 -2.6401796
v 0.0358779 6.2700262 0.2584250
vn 3.9664116 -2.8442271 -0.8116272
v 0.0358784 6.2715702 0.2560180
vn 2.9931910 0.0205341 -2.7691865
v 0.0358782 6.2168803 0.6827475
vn 3.1447821 -1.4328395 2.6612093
v 0.0358779 6.2699642 0.3097711
vn 3.0997465 1.2765151 2.7557018
v 0.0358780 6.2657413 0.3096440
vn 3.8225315 2.7575476 1.0617745
v 0.0358785 6.2639489 0.3117940
vn 4.2068920 2.8407650 0.6440850
v 0.0358785 4.9521232 0.1805490
vn 4.8076172 -2.1938362 -1.4588277
v 0.0358785 4.9623480 0.1775680
vn 4.2311234 2.8586826 -0.5562114
v 0.0358785 4.9520073 0.6262088
vn 4.8537340 -2.1975203 1.3853208
v 0.0358789 4.9618950 0.6294005
vn 4.1405392 -2.4472034 1.6209522
v 0.0358784 6.2694592 0.1760340
vn 4.8398776 2.5667865 -0.4953031
v 0.0358784 6.2636814 0.1835450
vn 4.1324387 -2.4448280 -1.6297768
v 0.0358780 6.2694135 0.6315816
vn 4.7905703 2.6248293 0.3946479
v 0.0358785 6.2637682 0.6232089
vn -0.0000013 0.0003395 0.0023424
v -0.0325006 4.9560289 0.2588770
vn -4.7765851 -2.6363072 -0.3885256
v -0.0325006 4.9597268 0.1844110
vn -3.6997824 2.6881521 -1.2207056
v -0.0325007 4.9520664 0.2566310
vn -0.0000012 -0.0000906 0.0030906
v -0.0325006 4.9555340 0.2588770
vn 0.0738889 -0.0047701 -3.1407177
v -0.0325006 4.9557815 0.2588770
vn 0.1194664 0.1553624 -3.1302812
v -0.0325006 4.9555755 0.2588770
vn -2.7209897 -1.6901306 -2.4435270
v -0.0324984 5.0090318 0.6820406
vn 0.1631401 0.2081150 3.1202922
v -0.0325006 4.9555755 0.3093220
vn 0.0947320 -0.0000001 3.1401641
v -0.0325006 4.9557815 0.3093220
vn -3.5510890 0.7794215 -2.8314047
v -0.0325007 5.0057073 0.6824041
vn -4.1303825 2.4451907 -1.6309670
v -0.0325002 4.9540901 0.6315842
vn -3.3743041 -2.8180585 -0.6241322
v -0.0325014 5.0113215 0.1301941
vn 0.1799547 -0.1643198 3.1275051
v -0.0325006 4.9559870 0.3093220
vn 0.1825527 -0.2909405 -3.1036966
v -0.0325006 4.9559870 0.2588770
vn -2.6735837 2.3235049 1.7729650
v -0.0324977 6.2125773 0.1271870
vn -3.6925459 -2.6765180 1.2558287
v -0.0325007 4.9594960 0.3115680
vn -4.8407311 -2.5683231 0.4977118
v -0.0325006 4.9597697 0.6237175
vn -2.5797982 -2.0366559 2.0535588
v -0.0324838 5.0103993 0.1264380
vn -4.1215787 2.4752650 1.5777171
v -0.0325006 4.9537878 0.1763960
vn -3.5623059 2.6010318 -1.3817632
v -0.0325008 6.2640724 0.2568560
vn -0.0000005 -0.0001397 -0.0026205
v -0.0325006 4.9555340 0.3093220
vn -0.0000012 0.0000906 -0.0030906
v -0.0325006 4.9560289 0.3093220
vn -0.0000014 -0.0000752 0.0031257
v -0.0325007 6.2674727 0.2588770
vn -0.0000010 0.0003454 0.0023756
v -0.0325007 6.2679677 0.2588770
vn -4.2976742 -2.8577037 0.4749900
v -0.0325007 6.2715573 0.1818941
vn 0.1471598 -0.3030503 -3.1040077
v -0.0325007 6.2679262 0.2588770
vn 0.0382495 0.0000000 -3.1413596
v -0.0325007 6.2677207 0.2588770
vn -2.5505607 1.8410239 -2.2096391
v -0.0324777 6.2137341 0.6817249
vn 0.0515611 0.0164403 3.1410999
v -0.0325007 6.2677207 0.3093220
vn 0.0776969 -0.1441927 3.1332581
v -0.0325007 6.2679262 0.3093220
vn -4.8387561 2.1873586 -1.4229867
v -0.0325010 6.2613072 0.1777110
vn -3.6779816 -2.6003711 1.3560724
v -0.0325008 6.2713971 0.3113850
vn -4.2955008 -2.8428271 -0.5308358
v -0.0325006 6.2714515 0.6264279
vn 0.1127195 0.1491497 -3.1323488
v -0.0325007 6.2675147 0.2588770
vn -4.8276587 2.1873386 1.4414480
v -0.0325010 6.2612705 0.6298308
vn -3.3237832 2.8200514 0.4661189
v -0.0325008 6.2122412 0.6773976
vn -3.0294614 -0.1053253 2.7982173
v -0.0325015 6.2170782 0.1249040
vn -0.0000012 -0.0002565 -0.0028361
v -0.0325007 6.2679677 0.3093220
vn -0.0000001 0.0000000 -0.0000000
v -0.0325007 6.2674727 0.3093220
vn 0.1843244 0.2956455 3.1025112
v -0.0325007 6.2675147 0.3093220
vn -3.3808501 0.5687353 2.8509128
v -0.0325015 5.0056419 0.1252201
vn -3.0049717 -2.0020711 -1.9583620
v -0.0324999 4.9589610 0.2579330
vn -3.0962608 1.1733791 -2.8190327
v -0.0325004 4.9540186 0.2586260
vn -2.9804714 -2.7390223 -0.0220080
v -0.0325004 5.0115247 0.6780230
vn -3.1569316 1.5102172 2.6005645
v -0.0325002 4.9534068 0.3098220
vn -3.9898465 2.8311992 0.8412346
v -0.0325006 4.9519310 0.3121821
vn -3.0634069 -1.1621097 2.8201687
v -0.0325004 4.9575448 0.3095731
vn -3.6502690 2.7702777 -0.9216400
v -0.0325008 6.2123156 0.1304030
vn -3.0688391 1.0562396 -2.8790278
v -0.0325005 6.2661743 0.2586890
vn -3.0110714 -1.9900773 -1.9750416
v -0.0324999 6.2709007 0.2579330
vn -3.5345902 -0.8139373 -2.8232799
v -0.0325012 6.2180862 0.6822709
vn -3.0988514 -1.0430536 2.8873160
v -0.0325005 6.2692671 0.3095100
vn -3.0098271 2.0164540 1.9397752
v -0.0324999 6.2645521 0.3102790
vn -4.3007073 2.8684711 0.4147090
v -0.0325006 4.9519210 0.1821740
vn -4.8819618 -2.2184641 -1.3055664
v -0.0325006 4.9615474 0.1786350
vn -4.2792697 2.8620796 -0.4790938
v -0.0325006 4.9519620 0.6257094
vn -4.8380699 -2.1793365 1.4343202
v -0.0325010 4.9621515 0.6297322
vn -4.1248741 -2.4190474 1.6677436
v -0.0325007 6.2694583 0.1760340
vn -4.8445005 2.5645349 -0.5000747
v -0.0325007 6.2637172 0.1837471
vn -4.0790868 -2.3265078 -1.8448576
v -0.0325007 6.2689714 0.6321360
vn -4.8344417 2.5717607 0.4878951
v -0.0325007 6.2637334 0.6237817
vn -4.7103105 2.3976660 0.0294441
v -0.0379460 5.4436059 -0.0207549
vn -4.9515400 -1.4090996 2.0117428
v -0.0379388 4.9736924 -0.0168380
vn -4.9438958 1.3717186 2.0607746
v -0.0379403 5.4407253 -0.0167249
vn -4.8949156 1.0454811 -2.2188351
v -0.0379405 5.4417558 -0.0231930
vn -4.7242918 -2.3570302 -0.2331408
v -0.0379504 4.9711170 -0.0209880
vn -4.9513474 -0.9532788 -2.2493997
v -0.0379388 4.9732380 -0.0232919
vn -5.4482956 0.5929851 2.0492463
v -0.0379368 5.3677998 0.0007160
vn -5.4579477 -0.5862278 2.0395308
v -0.0379367 5.0449600 0.0001240
vn -5.1845479 0.3922221 2.3338127
v -0.0379369 5.2369995 0.0459850
vn -5.1832104 -0.3950178 2.3342385
v -0.0379369 5.1777186 0.0459850
vn -1.5707961 1.5707965 -1.5707958
v -0.0378510 6.3932819 0.3956504
vn 1.5629194 -1.7146285 -1.6868974
v -0.0309369 6.3404107 0.3956504
vn -1.5707964 -1.5707958 -1.5707957
v -0.0378510 6.3404107 0.3956504
vn 1.5629196 -1.7146274 1.6868976
v -0.0309369 6.3404107 0.5095130
vn -1.5707964 1.5707946 1.5707955
v -0.0378510 6.3932819 0.5095130
vn -1.5707961 -1.5707997 1.5707977
v -0.0378510 6.3404107 0.5095130
vn -1.9035351 -2.4861691 4.3181171
v -0.0331135 6.5286040 0.7551515
vn 1.9757270 -2.5978179 4.1959405
v 0.0372832 6.5276151 0.7545991
vn -5.1905789 -2.0823553 -0.7561692
v -0.0379222 6.5160365 0.1318650
vn -4.5236020 -2.5016942 1.0684050
v -0.0379248 6.5155687 0.1290350
vn -4.9793215 -2.2178423 -1.0529369
v -0.0379288 6.4275379 0.1740990
vn -4.8140645 2.5976915 0.4566121
v -0.0379245 6.4519053 0.1810941
vn -4.9341578 -0.8040978 -2.3518889
v -0.0379213 6.5330906 0.0694430
vn -4.7066975 1.5707636 1.5768628
v -0.0379244 6.6505384 0.1144730
vn -4.8537421 2.1949959 1.3869888
v -0.0379240 6.4540377 0.1751860
vn -5.5377316 -1.5350237 1.2878683
v -0.0379249 6.5983891 0.1758190
vn -5.6331401 -0.5588789 1.7909236
v -0.0379229 6.5837760 0.1652700
vn -5.5703130 0.4911907 1.9006975
v -0.0379223 6.5098066 0.1651490
vn -5.0196638 1.0396093 2.1703951
v -0.0379214 6.5058188 0.1236711
vn -5.5772409 1.9045142 0.4242902
v -0.0379224 6.4884515 0.1873180
vn -4.1330466 -2.3605788 -1.7606856
v -0.0379250 6.4675069 0.1784580
vn -5.5960693 1.4068892 1.3182971
v -0.0379199 6.4958110 0.1733230
vn -4.3771243 -0.7317494 2.7096789
v -0.0379226 6.5091333 0.1236950
vn -2.3917465 5.3099051 1.3965019
v -0.0338870 6.4925895 0.1873150
vn 2.4027977 4.5944777 3.0515096
v 0.0381020 6.4958544 0.1796410
vn -2.3930330 4.2959299 3.3827884
v -0.0338458 6.4978075 0.1775310
vn 2.3709943 -5.3252592 1.3596431
v 0.0380363 7.4113593 0.1878880
vn -2.3400431 -5.4341183 0.7346037
v -0.0338682 7.4115644 0.1899660
vn -2.3063467 -4.8499947 2.6779788
v -0.0338730 7.4088345 0.1816350
vn 2.3949547 -4.8213477 2.6079245
v 0.0380393 6.5974569 0.1820080
vn 2.3726768 -5.4047465 0.7346675
v 0.0380549 6.6000342 0.1901780
vn -2.3458486 -5.4307537 0.8172281
v -0.0338681 6.5999899 0.1899630
vn 2.3378093 -5.4126649 0.8590909
v 0.0380547 7.2492943 0.1901780
vn 2.3572843 -5.4079175 -1.0889617
v 0.0380267 7.2489753 0.6012395
vn -2.3377724 -5.4127083 -0.8590410
v -0.0339040 7.2492943 0.5986573
vn -2.4043324 -5.3299503 1.2734195
v -0.0338759 7.2489753 0.1875950
vn 2.2878401 -5.4864669 0.6618960
v 0.0380547 7.0869789 0.1901790
vn 2.1748040 -5.5790710 -0.6712410
v 0.0380188 7.0869350 0.5988724
vn -2.3541670 -5.3991609 -0.9680739
v -0.0339040 7.0869789 0.5986565
vn -2.1715357 -5.5776143 0.6694126
v -0.0338680 7.0869350 0.1899630
vn 2.3211713 5.4552021 0.7390549
v 0.0380421 6.4921765 0.1904390
vn 2.2986124 5.4705954 0.6608059
v 0.0380421 6.9791212 0.1904340
vn -2.4618220 5.3023515 1.2014408
v -0.0338868 6.9795341 0.1873140
vn -2.3406079 4.7857838 -2.7087116
v -0.0338894 6.8193221 0.6066589
vn 2.2863829 4.3104801 -3.5201418
v 0.0380401 6.8225760 0.6115280
vn 2.4613144 5.2983627 -1.2192245
v 0.0380294 6.8172302 0.6015348
vn -2.4039111 4.3374124 -3.3365450
v -0.0338893 7.6335859 0.6108410
vn 2.3005154 4.3096561 -3.5181210
v 0.0380401 7.6341515 0.6115284
vn 2.4734955 5.2961154 -1.2213962
v 0.0380292 7.6288042 0.6015352
vn -2.4179599 5.3500476 -1.1555210
v -0.0338986 7.6286411 0.6006912
vn -1.9198856 2.5284829 -4.3020453
v -0.0331167 7.7005782 0.0664940
vn 2.1958799 3.2030251 -3.9339547
v 0.0372528 7.7046375 0.0695111
vn 1.9241534 1.2999589 -4.8160334
v 0.0372645 7.6971159 0.0650600
vn -5.6431646 1.7710574 0.5576819
v -0.0379180 6.9757771 0.1847470
vn -5.6548748 -1.7381892 0.6151533
v -0.0379163 6.9276543 0.1835060
vn -5.5196118 2.0244584 0.2313288
v -0.0379241 7.1374593 0.1898880
vn -5.5190873 -2.0040421 -0.3441937
v -0.0379239 7.0909810 0.5989462
vn -5.6508884 1.7388840 -0.6271757
v -0.0379163 7.1384721 0.6053299
vn -5.5071039 -2.0260744 -0.3181646
v -0.0379242 7.2532959 0.5989467
vn -5.5017214 2.0256875 -0.3498873
v -0.0379240 7.2998881 0.5997183
vn -5.6417394 1.7784853 0.5512717
v -0.0379176 7.3004074 0.1847470
vn -5.5755186 -1.8913697 0.4841614
v -0.0379223 7.2528181 0.1862780
vn -5.6608939 1.7297298 -0.6127111
v -0.0379188 6.8137612 0.6052009
vn -5.5240307 1.3368573 1.5202066
v -0.0379247 6.6603103 0.2541100
vn -4.6598215 1.5696083 -1.6039982
v -0.0379246 6.6505384 0.1944840
vn -5.5848145 -1.8945657 0.4743133
v -0.0379220 6.6035633 0.1862890
vn -5.6419969 1.7787687 0.5493224
v -0.0379152 6.6511469 0.2672790
vn -5.5016880 -2.0336735 -0.3132829
v -0.0379239 6.6039743 0.5989413
vn -5.5020995 2.0253375 -0.3522112
v -0.0379242 6.6507020 0.5998986
vn -5.6607943 -1.7582098 -0.5505347
v -0.0379189 7.4149551 0.6041286
vn -5.6608715 1.7297678 -0.6133373
v -0.0379188 7.4630213 0.6052023
vn -5.6517248 0.6161160 1.7426450
v -0.0379147 7.4809251 0.2482100
vn -3.1415930 -0.0000337 -3.1410499
v -0.0379246 7.4872823 0.1944840
vn -4.7097631 1.5710301 -1.5722324
v -0.0379246 7.4594131 0.1944840
vn -5.5712843 -1.9079179 0.4710926
v -0.0379257 7.4152102 0.1864880
vn -5.5323582 1.5686544 1.2672999
v -0.0379227 7.4681139 0.2580200
vn -5.5645356 1.9332190 0.4261280
v -0.0379211 7.4623303 0.2698940
vn -5.5799146 1.8858263 -0.4930575
v -0.0379227 7.6249132 0.6026253
vn 2.3253863 -0.7125358 5.4638300
v 0.0378083 6.4025974 0.5193729
vn -2.3101993 -0.8119444 5.4698358
v -0.0330969 6.4028897 0.5193708
vn 2.3146338 -0.7864465 -5.4695649
v 0.0374681 6.4028921 0.4201966
vn -2.2771683 -0.7352085 -5.4989243
v -0.0333355 6.4025788 0.4201956
vn -2.4254236 -3.0058029 -4.5532365
v -0.0331922 6.4110451 0.4172329
vn 2.2066617 -3.2799854 -4.5746922
v 0.0373053 6.4117832 0.4167685
vn 2.1952069 -0.5264933 -5.0505424
v 0.0372528 6.5370693 0.0643231
vn -1.8922529 -1.3327990 -4.8459406
v -0.0331246 6.5320644 0.0650610
vn -2.3209291 0.0000779 -5.2586622
v -0.0331081 6.7101364 0.0643231
vn 3.0478971 0.3907506 -3.5432987
v -0.0306386 6.7067690 0.0643231
vn 2.6233885 1.6126175 -3.5232670
v -0.0267180 6.6958423 0.0643231
vn -3.0463145 -0.3768004 -3.5637333
v 0.0348518 6.7135620 0.0643231
vn -2.9317191 0.9112253 -3.5688038
v 0.0338259 6.7021322 0.0643231
vn -2.3201108 2.0262690 -3.5314307
v 0.0279937 6.6918912 0.0643231
vn 1.8001702 2.5098081 -3.4931004
v -0.0184099 6.6870594 0.0643231
vn -1.4030583 2.7543740 -3.4879611
v 0.0182004 6.6844044 0.0643231
vn 0.7717243 2.9971628 -3.4711084
v -0.0069430 6.6817803 0.0643231
vn -0.3199230 3.0800142 -3.4641614
v 0.0059228 6.6808443 0.0643231
vn -0.7448320 -2.3275826 -4.9668908
v -0.0078070 6.3231754 0.4202586
vn -2.2653537 -0.7404684 -5.0421376
v -0.0331221 6.3480930 0.4202606
vn 2.6967421 1.3414851 -3.7076747
v -0.0253083 6.3561506 0.4202606
vn 1.6302329 2.5720894 -3.6296132
v -0.0142789 6.3443899 0.4202606
vn 0.9836081 -2.2426462 -4.9554820
v 0.0144003 6.3235083 0.4202579
vn 2.2904208 -0.9174924 -4.9232712
v 0.0375699 6.3465700 0.4202582
vn -2.6365685 1.5861988 -3.5373862
v 0.0294430 6.3539000 0.4202606
vn -1.8105392 2.4985507 -3.5131464
v 0.0218929 6.3457909 0.4202606
vn 0.3664909 3.0647981 -3.5089631
v -0.0006629 6.3400016 0.4202606
vn -0.7745242 2.9945283 -3.4868543
v 0.0112625 6.3408723 0.4202606
vn 0.7665861 -2.3216479 4.9593129
v 0.0131194 6.3231826 0.5193097
vn 2.2936096 -0.7548393 5.0035667
v 0.0377308 6.3481102 0.5193094
vn -2.3321257 2.0109591 3.5345528
v 0.0268712 6.3502917 0.5193070
vn -0.3587018 -2.3517327 5.1624269
v -0.0077153 6.3231573 0.5193071
vn -2.2136221 -0.9617952 5.0019045
v -0.0326964 6.3461080 0.5193071
vn -1.4226491 -1.9581538 5.1152105
v -0.0105586 6.3243184 0.5193071
vn -2.9483929 0.5835669 3.7425623
v 0.0330744 6.3614426 0.5193070
vn -1.3976321 2.7561779 3.4976094
v 0.0177930 6.3433175 0.5193070
vn -2.7291501 -1.2710816 3.7525907
v 0.0310589 6.3784933 0.5193070
vn -0.3251975 3.0765367 3.4828486
v 0.0064136 6.3400016 0.5193070
vn 0.7801720 2.9913735 3.4913170
v -0.0055118 6.3408723 0.5193070
vn -1.6358789 -2.5826712 3.6296070
v 0.0200289 6.3902545 0.5193070
vn -0.3669271 -3.0893013 3.5088718
v 0.0064132 6.3946424 0.5193070
vn 1.8479857 2.4600487 3.5458345
v -0.0165865 6.3460512 0.5193070
vn 2.6725056 1.5180649 3.5553229
v -0.0243484 6.3548284 0.5193070
vn 0.8152753 -2.9935832 3.5125065
v -0.0055128 6.3937712 0.5193070
vn 3.0714755 0.2682727 3.5588813
v -0.0275854 6.3651199 0.5193070
vn 2.0146000 -2.2921410 3.6377387
v -0.0184351 6.3873348 0.5193070
vn 2.8846436 -1.0790015 3.5856173
v -0.0262193 6.3757362 0.5193070
vn 2.2257898 -0.7492104 5.5361667
v 0.0380190 6.5787449 0.1687191
vn -2.2961919 -0.6673142 5.4788690
v -0.0339041 6.5785313 0.1686740
vn -2.2768552 4.3407574 3.4799299
v -0.0338460 6.6601233 0.2600560
vn 2.3070784 4.7498388 2.8368490
v 0.0380402 6.6570072 0.2647030
vn 2.3673074 3.1429489 4.5509272
v 0.0380989 6.6651840 0.2550570
vn -2.2265480 -3.2483981 -4.6165967
v -0.0339513 6.5890684 0.6165077
vn 2.2936010 -2.8248420 -4.7819090
v 0.0380401 6.5873184 0.6172500
vn 2.2866673 0.6614911 5.4873047
v 0.0380549 6.5137057 0.1686740
vn -2.3203926 0.7351661 5.4516659
v -0.0338682 6.5134912 0.1687191
vn 2.4594276 -1.2153298 -5.2983570
v 0.0380376 7.7175970 0.6197733
vn -2.1666231 -0.6815488 -5.5807848
v -0.0338915 7.7144785 0.6201860
vn 2.3447404 2.7954197 4.7723560
v 0.0380301 6.5054379 0.1712970
vn -2.2639291 2.7213070 4.8827114
v -0.0338793 6.5051746 0.1714370
vn -2.1741259 -0.6889752 -5.5784082
v -0.0338914 6.5782743 0.6201860
vn 2.3221352 -0.7251745 -5.4585342
v 0.0380425 6.5789332 0.6200886
vn 2.1458802 0.6187995 -5.5959225
v 0.0380423 6.5139627 0.6201860
vn -2.3162901 0.7214170 -5.4597945
v -0.0338917 6.5133033 0.6200886
vn -2.2976189 2.8362172 -4.7744951
v -0.0338892 6.5049191 0.6172504
vn 2.3556409 2.7108703 -4.7799492
v 0.0380401 6.5057030 0.6176696
vn 2.3659248 4.1635227 -3.5882785
v 0.0380401 6.4979463 0.6115280
vn -2.4043441 4.3368006 -3.3369229
v -0.0338893 6.4973822 0.6108405
vn 2.4333742 5.2978835 -1.3660378
v 0.0380379 6.4925895 0.6015203
vn -2.4091907 5.3583622 -1.1506162
v -0.0338869 6.4923868 0.6005828
vn -2.3798494 4.8793883 -2.5041184
v -0.0338894 6.6570072 0.6066578
vn 2.2671854 4.1435041 -3.7179763
v 0.0380401 6.6602621 0.6115289
vn 2.3967898 5.3372788 -1.3529462
v 0.0380322 6.6549139 0.6015373
vn -2.3328404 -5.4159632 -0.8539928
v -0.0339159 6.5999870 0.5987273
vn 2.4046783 -5.3319793 -1.2647005
v 0.0380157 6.5996981 0.6012686
vn 2.3666387 -4.3043308 -3.3947165
v 0.0379966 6.5946612 0.6110210
vn -2.3873363 -4.8376102 -2.5543246
v -0.0338792 6.5974131 0.6069227
vn 2.2661085 -3.2320051 4.5889244
v 0.0380068 6.5893312 0.1726010
vn -2.2686484 -2.8314655 4.8079515
v -0.0338869 6.5868402 0.1713120
vn -2.4407985 -4.5013103 3.1065302
v -0.0338959 6.5961013 0.1793370
vn 5.5831237 -1.5333523 1.2148864
v 0.0420758 6.5984221 0.1758560
vn 4.7105212 1.5704998 -1.5743295
v 0.0420754 6.6505184 0.1944840
vn 3.1415927 0.0000000 -3.1416440
v 0.0420754 6.6712170 0.1944840
vn 5.5894675 0.4416941 1.8948617
v 0.0420763 6.6731539 0.2474080
vn 5.5586023 -1.9405892 0.4217992
v 0.0420731 6.6037960 0.1873660
vn 5.5580902 1.3370639 1.4562310
v 0.0420756 6.6609774 0.2535660
vn 5.5192981 2.0251002 -0.2314295
v 0.0420748 6.6505184 0.5989584
vn 5.6563787 1.7252234 0.6361263
v 0.0420653 6.6515250 0.2660381
vn -2.4626710 5.3010545 1.2035030
v -0.0338868 6.6549044 0.2698400
vn 2.1391571 5.6010299 0.6066822
v 0.0380422 6.6544924 0.2729601
vn -2.4625597 5.3013711 1.2027166
v -0.0338869 6.8172193 0.1873140
vn 2.1361954 5.6034112 0.6027128
v 0.0380419 6.8168073 0.1904330
vn 2.3052599 4.7503481 2.8385916
v 0.0380401 6.8193221 0.1821771
vn 2.4058416 0.8260093 5.3795271
v 0.0380537 6.6760340 0.2512000
vn 2.1929426 -0.6854081 5.5607867
v 0.0380190 6.7410603 0.2512450
vn -2.2866333 -0.6613635 5.4873362
v -0.0339041 6.7408452 0.2512000
vn -2.3466957 0.7457715 5.4335790
v -0.0338683 6.6758089 0.2512450
vn -2.3220456 -0.7461087 -5.4549365
v -0.0338915 6.7405882 0.6201860
vn 2.3940463 -0.8128247 -5.3849959
v 0.0380425 6.7412481 0.6200886
vn 2.2853522 -2.8736100 4.7523489
v 0.0380301 6.7493773 0.2539630
vn -2.2441127 -2.8078942 4.8329091
v -0.0338793 6.7491140 0.2538230
vn -2.3153863 2.6618280 4.8588171
v -0.0338725 6.6674771 0.2539760
vn 2.1606386 0.6291533 -5.5848007
v 0.0380423 6.6762772 0.6201860
vn -2.3420341 0.7992705 -5.4397521
v -0.0338917 6.6756182 0.6200886
vn -2.1637824 3.3186891 -4.6125951
v -0.0338807 6.6648569 0.6159856
vn 2.3460774 2.7057319 -4.7840500
v 0.0380401 6.6680183 0.6176693
vn -2.3412361 5.4203539 -0.7394788
v -0.0339050 6.6545324 0.5983950
vn 5.6407552 1.7804374 -0.5491941
v 0.0420653 6.8134489 0.6039830
vn 5.6473837 -1.7493602 -0.6150560
v 0.0420626 6.7653360 0.6052713
vn 2.3594592 -5.4056625 -1.0940613
v 0.0380136 6.7620111 0.6012679
vn 2.2649386 -4.3645215 -3.4715130
v 0.0379968 6.7569771 0.6110201
vn -2.3271461 -4.7788200 -2.7880821
v -0.0338793 6.7597284 0.6069237
vn -2.4009156 -3.0398827 -4.6030741
v -0.0339513 6.7513819 0.6165085
vn -2.2912285 -5.4816175 -0.6438974
v -0.0339158 6.7623024 0.5987236
vn 2.3422706 -2.6695821 -4.8274198
v 0.0380401 6.7496319 0.6172504
vn 2.3092854 -4.2097664 3.6084917
v 0.0380301 6.7569890 0.2602860
vn -2.3981895 -4.1556110 3.5656900
v -0.0338794 6.7568002 0.2600560
vn 2.3988142 -5.3560481 1.2820930
v 0.0380301 6.7620993 0.2704350
vn -2.3876369 -5.3521767 1.3317921
v -0.0338759 6.7620301 0.2701230
vn 2.3582749 4.8412967 2.6275854
v 0.0380402 6.9816360 0.1821780
vn 2.3272307 -0.7428280 5.4456215
v 0.0380190 6.9033751 0.1687191
vn -2.3727491 -0.7376174 5.4049449
v -0.0339041 6.9031601 0.1686740
vn -2.3071916 -0.6715816 -5.4637141
v -0.0338914 6.9029031 0.6201860
vn 2.3882153 -0.8090013 -5.3862495
v 0.0380425 6.9035630 0.6200886
vn 2.3450282 -2.6636436 4.8350606
v 0.0380301 6.9116912 0.1714370
vn -2.3371263 -2.5931478 4.8783436
v -0.0338792 6.9114285 0.1712960
vn 2.3864160 3.1400630 4.5331802
v 0.0381020 6.8275061 0.1725221
vn -2.3779275 2.5385451 4.8595304
v -0.0338793 6.8298035 0.1714380
vn 2.3943996 0.8286569 5.3890615
v 0.0380549 6.8383350 0.1686740
vn -2.3547218 0.8565162 5.4103508
v -0.0338682 6.8381205 0.1687191
vn -2.1507282 4.4149756 3.5402102
v -0.0338458 6.8224373 0.1775310
vn 2.3005898 0.6696742 -5.4653115
v 0.0380423 6.8385921 0.6201860
vn -2.4177117 1.3793987 -5.2982106
v -0.0338869 6.8354731 0.6197733
vn -2.3506587 3.5917993 -4.1640053
v -0.0338892 6.8254642 0.6144167
vn 2.3321068 2.5700545 -4.8824821
v 0.0380401 6.8303323 0.6176691
vn -2.1766503 5.5720282 -0.5932376
v -0.0339050 6.8168459 0.5983934
vn -2.3035343 4.3875566 -3.4242878
v -0.0338892 6.9843273 0.6108415
vn 2.3057179 4.3038373 -3.5192456
v 0.0380401 6.9848909 0.6115291
vn 2.4732931 5.2978358 -1.2130867
v 0.0380376 6.9795341 0.6015211
vn -2.3225381 5.4551516 -1.0029093
v -0.0338867 6.9793320 0.6005843
vn 2.2818770 -4.3507466 -3.4795077
v 0.0379966 6.9192901 0.6110212
vn -2.3523808 -4.6280475 -3.0690405
v -0.0339512 6.9208174 0.6094851
vn 2.3544996 -5.4104233 -1.0843067
v 0.0380268 6.9243460 0.6012379
vn -2.3892148 -5.3915119 -0.8174866
v -0.0339040 6.9246640 0.5986574
vn 2.3522635 -2.6812325 -4.8194089
v 0.0380401 6.9119463 0.6172507
vn -2.2944584 -2.6825042 -4.8823881
v -0.0338894 6.9111624 0.6176699
vn 2.2951992 -4.3853774 3.4378088
v 0.0380302 6.9193029 0.1777591
vn -2.3039060 -4.3194580 3.5118191
v -0.0338792 6.9191141 0.1775290
vn 2.4408679 -5.3447151 1.1117836
v 0.0380303 6.9244151 0.1879100
vn -2.3723316 -5.4032249 1.0987358
v -0.0338760 6.9243460 0.1875970
vn 5.6520672 -1.7422618 -0.6139171
v 0.0420671 6.9276543 0.6053293
vn 5.5679016 1.9110063 0.4794184
v 0.0420730 6.9756222 0.1862791
vn 2.4138610 -1.2778755 5.3287239
v 0.0380270 7.0680552 0.1689930
vn -2.4191480 -1.2869594 5.3232040
v -0.0338796 7.0677433 0.1689240
vn -2.3932076 5.3401313 1.3455025
v -0.0338868 7.1418490 0.1873161
vn 2.3558409 5.4082050 0.8549849
v 0.0380420 7.1414361 0.1904351
vn -2.1840072 -2.7583125 -4.9204597
v -0.0338894 7.0734782 0.6176696
vn 2.4167225 -1.3758185 -5.2998180
v 0.0380376 7.0683384 0.6197732
vn -2.3005056 -0.6694691 -5.4653711
v -0.0338915 7.0652180 0.6201860
vn 2.3100905 0.7266766 5.4756289
v 0.0380549 7.0006504 0.1686740
vn -2.3583760 0.8506535 5.4103923
v -0.0338682 7.0004349 0.1687191
vn -2.3780012 2.5383291 4.8594975
v -0.0338793 6.9921193 0.1714380
vn 2.2941902 3.1953814 4.6028924
v 0.0381021 6.9898214 0.1725221
vn -2.1512003 4.4145751 3.5401907
v -0.0338460 6.9847531 0.1775301
vn 2.3072355 0.6717222 -5.4636817
v 0.0380423 7.0009069 0.6201860
vn -2.3881819 0.8091432 -5.3862782
v -0.0338917 7.0002470 0.6200886
vn 2.3459518 2.5678926 -4.8817153
v 0.0380401 6.9926472 0.6176694
vn -2.3453166 2.6832399 -4.8194652
v -0.0338893 6.9918633 0.6172502
vn -2.3659322 3.5882218 -4.1635780
v -0.0338893 7.1500940 0.6144166
vn 2.4036467 3.3364012 -4.3379021
v 0.0380401 7.1507812 0.6149809
vn 2.2971792 4.7746773 -2.8365858
v 0.0380401 7.1443720 0.6074451
vn -2.3553298 4.7799768 -2.7112143
v -0.0338893 7.1439533 0.6066607
vn 2.2890916 -4.7601609 -2.8485088
v 0.0380300 7.0842152 0.6071894
vn 2.3304992 -3.5432274 -4.2115974
v 0.0379967 7.0781212 0.6145557
vn -2.4910810 -4.5519733 -2.9551003
v -0.0339513 7.0831323 0.6094850
vn 2.3958631 -3.4551709 4.2519240
v 0.0380301 7.0781231 0.1742231
vn -2.3624613 -3.4742174 4.2629142
v -0.0338793 7.0778923 0.1740340
vn 2.3114471 -4.8159523 2.7411246
v 0.0380301 7.0843563 0.1819090
vn -2.2855988 -4.7519813 2.8736756
v -0.0338793 7.0842152 0.1816460
vn 5.5181036 2.0022075 0.3676641
v 0.0420747 7.1375723 0.1891190
vn -2.1383057 5.6019669 -0.6145967
v -0.0338913 7.1414361 0.5984008
vn 2.3155158 5.4615459 -0.7175416
v 0.0380424 7.1415329 0.5990605
vn -2.4590454 5.3030972 1.2010795
v -0.0338867 7.3041630 0.1873150
vn 2.3231468 5.4529619 0.7423270
v 0.0380421 7.3037510 0.1904330
vn -2.1924193 -0.6926764 -5.5672669
v -0.0338914 7.2275333 0.6201860
vn 2.3580968 -0.9227857 -5.4000425
v 0.0380425 7.2281933 0.6200886
vn 2.2867112 0.6614479 5.4872608
v 0.0380549 7.1629653 0.1686740
vn 2.2035911 -0.7426496 5.5536132
v 0.0380189 7.2280054 0.1687191
vn -2.2866704 -0.6612598 5.4872861
v -0.0339041 7.2277899 0.1686740
vn -2.1778553 0.6746780 5.5723562
v -0.0338682 7.1627512 0.1687191
vn -2.3009918 -2.7349148 4.8205409
v -0.0338792 7.2360573 0.1712960
vn 2.2778935 2.8597116 4.7907009
v 0.0380301 7.1546965 0.1712970
vn -2.3016009 2.8638330 4.7501879
v -0.0338793 7.1544333 0.1714380
vn 2.4514108 4.5522518 3.0188513
v 0.0381020 7.1451139 0.1796410
vn -2.2763922 4.1669698 3.6823044
v -0.0338458 7.1470661 0.1775320
vn 2.4117138 1.1659852 -5.3517613
v 0.0380377 7.1610403 0.6199756
vn -2.4300377 1.3814209 -5.2955599
v -0.0338869 7.1601033 0.6197732
vn -2.3557270 4.9112816 -2.4596288
v -0.0338894 7.3062673 0.6066583
vn 2.2698929 4.1419306 -3.7190731
v 0.0380401 7.3095212 0.6115290
vn 2.3966813 5.3372488 -1.3522751
v 0.0380375 7.3041630 0.6015200
vn 2.1374781 -4.4149179 -3.5579526
v 0.0379966 7.2439203 0.6110216
vn -2.2259443 -3.2486801 -4.6168966
v -0.0339513 7.2383280 0.6165076
vn -2.3894389 -4.8303871 -2.5631146
v -0.0338792 7.2466731 0.6069226
vn 2.4203668 -2.5897770 -4.7845950
v 0.0380400 7.2365761 0.6172506
vn 2.1914649 -3.3070488 4.5950871
v 0.0380167 7.2386122 0.1726050
vn 2.3891516 -4.8368177 2.5503852
v 0.0380300 7.2466731 0.1819130
vn -2.3757820 -4.2537255 3.4571683
v -0.0338793 7.2437429 0.1775280
vn -2.3436944 5.4185829 -0.7620139
v -0.0338913 7.3037510 0.5984024
vn 2.3849003 3.1498880 4.5270734
v 0.0381020 7.4767671 0.2550480
vn 2.3845499 0.8213729 5.3924928
v 0.0380545 7.4875941 0.2512010
vn -2.3574157 1.0974015 5.4045877
v -0.0338764 7.4850163 0.2515190
vn -2.2829404 4.3365240 3.4939823
v -0.0338460 7.3093834 0.1775301
vn 2.4020498 4.5951018 3.0514457
v 0.0381021 7.3074293 0.1796410
vn -2.3957815 -2.5250914 -4.8657503
v -0.0338893 7.3981080 0.6176691
vn 2.3519616 -2.6815774 -4.8195219
v 0.0380401 7.3988934 0.6172499
vn 2.3881967 -0.8091157 -5.3862672
v 0.0380425 7.3905082 0.6200886
vn -2.3427434 -0.7581423 -5.4208856
v -0.0338915 7.3898482 0.6201860
vn 2.3408999 -0.8367609 5.4169846
v 0.0380189 7.3903203 0.1687191
vn 2.2866495 -2.5648425 4.9252172
v 0.0380300 7.3986373 0.1714380
vn -2.4291708 -1.1159159 5.3442883
v -0.0338796 7.3923721 0.1689240
vn 2.2893124 0.6585280 5.4874620
v 0.0380549 7.3252802 0.1686740
vn -2.3236017 0.7285011 5.4521141
v -0.0338683 7.3250651 0.1687191
vn 2.3447216 2.7953222 4.7724886
v 0.0380300 7.3170133 0.1712960
vn -2.3523996 2.6626506 4.8347116
v -0.0338794 7.3167500 0.1714370
vn 5.5071831 -2.0258963 0.3182932
v 0.0420748 7.2532959 0.1898880
vn 5.5194511 2.0246670 -0.2315142
v 0.0420747 7.2997742 0.5989507
vn 2.1552768 0.6227368 -5.5862870
v 0.0380422 7.3255372 0.6201860
vn -2.4611082 1.2258855 -5.2956963
v -0.0338869 7.3224173 0.6197731
vn 2.3416426 2.7128413 -4.7809553
v 0.0380401 7.3172779 0.6176700
vn -2.1753802 3.5748355 -4.3748336
v -0.0338893 7.3124084 0.6144157
vn -2.3544464 4.7849507 -2.7066886
v -0.0338892 7.4685822 0.6066607
vn 2.3465645 4.8197184 -2.6820438
v 0.0380401 7.4690022 0.6074447
vn 2.2819636 -4.3511286 -3.4793007
v 0.0379968 7.4062371 0.6110198
vn -2.1850481 -4.6405706 -3.2692487
v -0.0339513 7.4077611 0.6094858
vn 2.3573761 -5.4079876 -1.0876340
v 0.0380157 7.4112730 0.6012658
vn -2.3202987 -5.4615130 -0.7261743
v -0.0339159 7.4115610 0.5987265
vn 2.1533732 -4.5882034 3.2889407
v 0.0380304 7.4062519 0.1777641
vn -2.2867138 -3.4362373 4.3798509
v -0.0338793 7.4025230 0.1740340
vn -2.3894179 5.3863478 0.8055436
v -0.0338916 7.4661632 0.2723030
vn 2.1388669 5.6016326 0.6140051
v 0.0380422 7.4660654 0.2729640
vn 5.5950360 -1.8648770 0.4716758
v 0.0420759 7.4154034 0.1873260
vn 4.5981431 1.5667545 -1.6367396
v 0.0420753 7.4593945 0.1944840
vn 5.5787497 0.4390805 1.9102212
v 0.0420717 7.4847760 0.2474490
vn 5.6564779 1.7345346 0.6366849
v 0.0420640 7.4631014 0.2660370
vn 5.5584793 1.3097754 1.4785190
v 0.0420734 7.4729109 0.2532231
vn -2.3973331 5.3382716 1.3464295
v -0.0338868 7.6287942 0.1873140
vn 2.3036525 5.4664235 0.6617284
v 0.0380419 7.6283798 0.1904370
vn 2.3576810 4.8416290 2.6279762
v 0.0380401 7.6308961 0.1821780
vn -2.2977369 2.8360105 -4.7745223
v -0.0338893 7.6411228 0.6172505
vn 2.3460875 2.5679948 -4.8815994
v 0.0380401 7.6419072 0.6176697
vn 2.3230162 4.7475224 2.8373461
v 0.0380400 7.4685831 0.2647001
vn -2.3518887 4.8197193 2.6813583
v -0.0338894 7.4690022 0.2639160
vn 2.3423212 -2.6697156 -4.8273249
v 0.0380401 7.5612073 0.6172500
vn 2.3941331 -0.8034701 -5.3878956
v 0.0380425 7.5528231 0.6200886
vn -2.3627937 -0.8565988 -5.4063616
v -0.0338915 7.5521631 0.6201860
vn 2.2848940 -2.8740594 4.7523732
v 0.0380300 7.5609522 0.2539641
vn -2.3118029 -2.7409625 4.8156409
v -0.0338794 7.5606880 0.2538230
vn -2.2818193 3.4791796 4.3512573
v -0.0338460 7.4752321 0.2565720
vn 2.3875074 5.3871689 -0.8074097
v 0.0380240 7.4661884 0.5991035
vn 2.3364418 1.0236876 -5.4407377
v 0.0380377 7.4856701 0.6199757
vn -2.4300532 1.3813473 -5.2955723
v -0.0338869 7.4847331 0.6197733
vn 2.3038239 3.4238429 -4.3876443
v 0.0380401 7.4754124 0.6149813
vn -2.3651175 3.5893579 -4.1632438
v -0.0338892 7.4747243 0.6144170
vn -2.1828306 5.5675721 -0.6041453
v -0.0339051 7.4661064 0.5983908
vn 5.6405406 1.7809020 -0.5497197
v 0.0420633 7.6250262 0.6039831
vn 5.6472526 -1.7491246 -0.6141828
v 0.0420645 7.5769119 0.6052720
vn -2.2914476 -5.4813952 -0.6438265
v -0.0339158 7.5738764 0.5987245
vn 2.3579361 -5.4068637 -1.0933921
v 0.0380135 7.5735865 0.6012695
vn 2.4233127 -5.3221016 1.2825567
v 0.0380302 7.5736732 0.2704340
vn -2.4195282 -5.3269300 1.2743266
v -0.0338759 7.5736041 0.2701221
vn 2.2648487 -4.3643026 -3.4717226
v 0.0379966 7.5685501 0.6110210
vn -2.2611163 -4.7966890 -2.8517931
v -0.0338792 7.5713034 0.6069221
vn 2.3622706 -4.2627850 3.4746957
v 0.0380301 7.5685635 0.2602850
vn -2.3959813 -4.2515526 3.4553764
v -0.0338794 7.5683732 0.2600551
vn -2.4505169 -3.0078070 -4.5596471
v -0.0339513 7.5629573 0.6165078
vn 2.1936727 -0.6849903 5.5602651
v 0.0380187 7.5526371 0.2512450
vn -2.2789688 -0.6503860 5.4945359
v -0.0339041 7.5524192 0.2512000
vn 2.3168550 -0.7261339 5.4538193
v 0.0380189 7.7149501 0.1687191
vn 2.3292482 -2.6642246 4.8369722
v 0.0380300 7.7232661 0.1714380
vn -2.4072108 -1.2813256 5.3261786
v -0.0338796 7.7170019 0.1689240
vn 2.3176081 0.7378016 5.4685655
v 0.0380549 7.6499090 0.1686740
vn -2.2034130 0.6836627 5.5596170
v -0.0338682 7.6496944 0.1687191
vn 2.2943776 3.1953714 4.6027231
v 0.0381020 7.6390810 0.1725221
vn -2.2895257 2.8475101 4.7604051
v -0.0338794 7.6413794 0.1714370
vn -2.2602451 4.1788197 3.6715496
v -0.0338459 7.6340122 0.1775301
vn 2.2988954 0.6630742 -5.4709315
v 0.0380422 7.6501665 0.6201860
vn -2.3163292 0.7214186 -5.4597492
v -0.0338917 7.6495075 0.6200886
vn 2.3235672 -5.4499335 -0.7350612
v 0.0380190 7.7361941 0.5988701
vn -2.3740063 -5.4046221 -0.7374468
v -0.0339041 7.7362394 0.5986551
vn -2.1673548 -5.5801673 0.6591469
v -0.0338683 7.7361941 0.1899650
vn 2.3524573 -4.8347821 -2.6625571
v 0.0380300 7.7334762 0.6071876
vn -2.3664856 -4.8310409 -2.6590159
v -0.0338794 7.7336159 0.6069246
vn 2.2828469 -3.4937887 -4.3368859
v 0.0379966 7.7273822 0.6145552
vn -2.3382246 -3.1748383 -4.5773187
v -0.0339513 7.7252722 0.6165079
vn 2.2769511 -4.3867650 3.4398363
v 0.0380300 7.7308779 0.1777600
vn -2.3438864 -3.4766190 4.2643952
v -0.0338794 7.7271528 0.1740340
vn 2.4270439 -5.3471508 1.1093239
v 0.0380303 7.7359891 0.1879110
vn -2.2697287 -4.7545352 2.8735046
v -0.0338792 7.7334762 0.1816480
vn 2.9353065 -0.9198852 -3.5374987
v -0.0296127 6.7181983 0.0643231
vn 3.0478966 -0.3907686 3.5432992
v -0.0306386 6.7135620 0.1144730
vn 2.6233499 -1.6126573 3.5233045
v -0.0267178 6.7244892 0.1144730
vn 2.3220682 -2.0284173 -3.5108271
v -0.0237812 6.7284393 0.0643231
vn 1.8001386 -2.5098476 3.4930396
v -0.0184090 6.7332721 0.1144730
vn 1.3928314 -2.7602637 -3.4822478
v -0.0139874 6.7359271 0.0643231
vn 0.7715937 -2.9971735 3.4711895
v -0.0069423 6.7385511 0.1144730
vn 0.3237311 -3.0790350 -3.4671440
v -0.0017110 6.7394862 0.0643231
vn -0.3237347 -3.0790336 3.4671471
v 0.0059242 6.7394862 0.1144730
vn -0.7715972 -2.9971719 -3.4711928
v 0.0111555 6.7385511 0.0643231
vn -1.3928319 -2.7602646 3.4822373
v 0.0182005 6.7359271 0.1144730
vn -1.8001376 -2.5098503 -3.4930322
v 0.0226222 6.7332721 0.0643231
vn -2.3508337 -1.9764458 3.5453568
v 0.0279943 6.7284393 0.1144730
vn -2.6237910 -1.6114502 -3.5274286
v 0.0309310 6.7244892 0.0643231
vn -2.9661808 -0.5618330 3.6888311
v 0.0348459 6.7151923 0.1144730
vn -2.9002795 0.9795439 3.5885811
v 0.0334918 6.7011380 0.1144730
vn -2.2073050 2.1357911 3.5536296
v 0.0272637 6.6910882 0.1144730
vn -1.0261313 2.8791311 3.5896800
v 0.0141329 6.6824312 0.1144730
vn 0.2851656 3.0759583 3.4886079
v -0.0017097 6.6808443 0.1144730
vn 1.3928444 2.7602844 3.4821496
v -0.0139872 6.6844044 0.1144730
vn 2.3219860 2.0285208 3.5107994
v -0.0237805 6.6918912 0.1144730
vn 2.9340286 0.9194793 3.5375514
v -0.0296127 6.7021322 0.1144730
vn 3.1415925 0.0000149 3.1416049
v 0.0420754 6.7068491 0.1144730
vn 0.8078419 2.9856062 2.7982328
v -0.0136030 6.6429100 0.1144730
vn 0.4027146 3.0504975 -2.7567601
v -0.0045233 6.6411209 0.1944840
vn -0.4026558 3.0505180 2.7567952
v 0.0087364 6.6411209 0.1144730
vn 0.6767304 2.9880266 3.5950730
v -0.0296561 6.6505251 0.1144730
vn 0.6192105 -3.0419543 3.4606092
v -0.0297365 6.7689900 0.1144730
vn -4.6388302 -1.5690016 1.6175154
v -0.0379246 6.7686062 0.1144730
vn -0.5963150 3.0423002 3.4775629
v 0.0341948 6.6502724 0.1144730
vn -0.8077059 -2.9856477 2.7983892
v 0.0178137 6.7762351 0.1144730
vn -0.6715879 -2.9879916 3.5998089
v 0.0338693 6.7686191 0.1144730
vn 4.6633668 1.5700333 1.6021435
v 0.0420754 6.6505184 0.1144730
vn 0.4012678 -3.0510232 2.7576981
v -0.0045241 6.7780232 0.1144730
vn 4.7089667 -1.5706623 1.5768574
v 0.0420754 6.7686253 0.1144730
vn -0.6729444 2.9880114 -3.5975161
v 0.0338693 6.6505251 0.1944840
vn -0.8078277 2.9856131 -2.7982571
v 0.0178162 6.6429100 0.1944840
vn 0.5999297 3.0421598 -3.4753528
v -0.0299783 6.6502724 0.1944840
vn -4.7053194 -1.5702407 -1.5789672
v -0.0379246 6.7686062 0.1944840
vn 0.6751879 -2.9880095 -3.5974901
v -0.0296561 6.7686191 0.1944840
vn 0.8077192 -2.9856417 -2.7983680
v -0.0136005 6.7762351 0.1944840
vn -0.4012226 -3.0510387 -2.7577255
v 0.0087372 6.7780232 0.1944840
vn -0.6159081 -3.0421224 -3.4626443
v 0.0339549 6.7689891 0.1944840
vn 4.6420827 -1.5685997 -1.6153388
v 0.0420754 6.7686253 0.1944840
vn 2.4412577 -1.9191782 -2.4242961
v -0.0307515 7.5213594 0.0643231
vn 3.0489631 0.2200027 3.5843661
v -0.0307515 7.5166740 0.1144730
vn -0.0443298 -0.8635455 -3.8667476
v -0.0323264 7.5206394 0.0641860
vn 2.6678686 1.5268433 3.5512450
v -0.0272629 7.5057182 0.1144730
vn 2.6663101 1.6405257 -3.5723403
v -0.0267207 7.5048094 0.0643231
vn 1.8363941 2.4719918 3.5297687
v -0.0188915 7.4963703 0.1144730
vn 1.5872260 2.6159155 -3.5825391
v -0.0164059 7.4946022 0.0643231
vn 0.7726239 2.9963765 3.4750676
v -0.0069488 7.4908543 0.1144730
vn 0.3607149 3.0683415 -3.4884062
v -0.0017095 7.4899254 0.0643231
vn -0.3607156 3.0683410 3.4884083
v 0.0059227 7.4899254 0.1144730
vn -0.7726293 2.9963737 -3.4750750
v 0.0111620 7.4908543 0.0643231
vn -1.6204152 2.5824685 3.6108758
v 0.0206190 7.4946022 0.1144730
vn -1.8413169 2.4664831 -3.5406899
v 0.0231046 7.4963703 0.0643231
vn -2.6928644 1.3515080 3.7018442
v 0.0325124 7.5071292 0.1144730
vn -2.6796691 1.4767274 -3.5912225
v 0.0314760 7.5057182 0.0643231
vn -3.0135143 -0.0785269 -3.7029157
v 0.0353130 7.5197520 0.0643231
vn -3.0457256 -0.2250005 3.6066206
v 0.0349646 7.5213594 0.1144730
vn -2.6705406 -1.5185471 3.5626929
v 0.0314757 7.5323143 0.1144730
vn -2.6039896 -1.5998520 -3.5985248
v 0.0309335 7.5332241 0.0643231
vn -1.8364086 -2.4719756 3.5297747
v 0.0231047 7.5416622 0.1144730
vn -1.5871943 -2.6159468 -3.5824878
v 0.0206190 7.5434303 0.0643231
vn -0.7726241 -2.9963758 3.4750693
v 0.0111620 7.5471783 0.1144730
vn -0.3607145 -3.0683417 -3.4884071
v 0.0059227 7.5481071 0.0643231
vn 0.3607129 -3.0683422 3.4884059
v -0.0017095 7.5481071 0.1144730
vn 0.7726209 -2.9963777 -3.4750667
v -0.0069489 7.5471783 0.0643231
vn 1.6204083 -2.5824735 3.6108744
v -0.0164060 7.5434303 0.1144730
vn 1.8413301 -2.4664633 -3.5407131
v -0.0188916 7.5416622 0.0643231
vn 2.6921551 -1.3552141 3.6951678
v -0.0282994 7.5309033 0.1144730
vn 2.6611774 -1.5376692 -3.5518355
v -0.0272626 7.5323143 0.0643231
vn 0.8076124 -2.9856832 2.7984135
v -0.0135981 7.5851102 0.1144730
vn -0.3970221 -3.0524986 2.7602870
v 0.0087377 7.5868979 0.1144730
vn 0.4012823 -3.0510266 -2.7577097
v -0.0045246 7.5868979 0.1944840
vn 0.6751043 -2.9880493 3.5974305
v -0.0296561 7.5774941 0.1144730
vn -4.5951500 1.5663226 1.6386180
v -0.0379246 7.4594131 0.1144730
vn 0.6740006 3.0398042 3.4119878
v -0.0290732 7.4587049 0.1144730
vn 3.1415925 -0.0000367 3.1416180
v 0.0420753 7.5157242 0.1144730
vn -0.6707724 -3.0400603 3.4141397
v 0.0332982 7.5781841 0.1144730
vn -0.8075685 2.9857411 2.7989357
v 0.0178147 7.4517851 0.1144730
vn -4.7053380 -1.5707548 1.5796901
v -0.0379247 7.5774813 0.1144730
vn -0.6764369 2.9880190 3.5932837
v 0.0338692 7.4593992 0.1144730
vn 4.5983911 -1.5665970 1.6371273
v 0.0420753 7.5775003 0.1144730
vn 0.3968877 3.0525117 2.7602735
v -0.0045233 7.4499960 0.1144730
vn 4.7133002 1.5701191 1.5694132
v 0.0420753 7.4593945 0.1144730
vn -0.6709828 3.0400486 -3.4139829
v 0.0332968 7.4587092 0.1944840
vn -0.3969173 3.0525014 -2.7602556
v 0.0087364 7.4499960 0.1944840
vn 0.8075728 2.9857397 -2.7989304
v -0.0136016 7.4517851 0.1944840
vn 0.6799669 2.9880211 -3.5910263
v -0.0296561 7.4593992 0.1944840
vn -4.6388326 -1.5687511 -1.6170614
v -0.0379246 7.5774813 0.1944840
vn 0.6191890 -3.0419617 -3.4605892
v -0.0297365 7.5778651 0.1944840
vn -0.8074858 -2.9857442 -2.7988684
v 0.0178112 7.5851102 0.1944840
vn -0.6761869 -2.9880075 -3.5934823
v 0.0338692 7.5774941 0.1944840
vn 4.7135763 -1.5705733 -1.5694445
v 0.0420753 7.5775003 0.1944840
vn 5.6499181 -0.6307310 1.7390157
v 0.0420668 7.5590811 0.2482040
vn 5.5673890 -0.4771615 1.9120936
v 0.0420731 7.7186341 0.1651490
vn 5.5350680 -1.3199602 1.5213064
v 0.0420740 7.7302151 0.1713500
vn 5.6513352 0.6372368 -1.7339358
v 0.0420642 6.6693511 0.6231490
vn 5.6091952 1.5980898 -1.0543467
v 0.0420695 6.6545563 0.6109328
vn -5.6503291 0.6340390 1.7350017
v -0.0379171 7.1562943 0.1656830
vn 5.5394101 1.3145875 -1.5172369
v 0.0420741 6.8228540 0.6174844
vn 5.5377154 1.3123211 -1.5157152
v 0.0420741 7.1474843 0.6174844
vn 5.6398311 1.7849658 -0.5546810
v 0.0420688 7.1380920 0.6040884
vn 5.6498685 -1.7403345 -0.6262153
v 0.0420671 7.0899692 0.6053305
vn 5.5537372 -1.2480361 -1.5415355
v 0.0420741 7.0801582 0.6181394
vn -5.5543652 1.2417903 -1.5447611
v -0.0379226 7.1482811 0.6181379
vn -5.5649333 0.4069365 -1.9249389
v -0.0379218 7.1601381 0.6239165
vn 5.5634375 -0.4278776 -1.8879281
v 0.0420732 7.3929319 0.6239171
vn 5.5664005 -0.4806648 1.9127754
v 0.0420740 6.9070601 0.1651480
vn 5.5349236 -1.3195469 1.5207875
v 0.0420741 6.9186401 0.1713500
vn -5.5649037 0.4094118 -1.9294970
v -0.0379228 7.4847670 0.6239174
vn -5.5770297 1.8887696 -0.4973963
v -0.0379223 6.4886856 0.6025952
vn -5.5212002 2.0206389 0.2298571
v -0.0379241 7.6244001 0.1898860
vn -5.5375829 1.5159338 -1.3133049
v -0.0379230 6.4948788 0.6141379
vn -5.5282464 -1.5192953 1.3332199
v -0.0379247 7.4087143 0.1744820
vn 5.6603918 -0.6103809 1.7346904
v 0.0420694 7.2344613 0.1656810
vn -5.6618919 -0.5958984 -1.7420795
v -0.0379171 7.7214060 0.6231525
vn -5.6362181 -0.5573767 1.7888086
v -0.0379164 7.2332253 0.1653080
vn -5.6433296 1.7713554 0.5576710
v -0.0379161 6.8134613 0.1847520
vn -5.5340691 -1.2650069 1.5681512
v -0.0379237 6.9178443 0.1706951
vn -5.6502948 -1.7389604 0.6280188
v -0.0379163 7.0899692 0.1835051
vn 5.6414881 -1.7780359 0.5622733
v 0.0420691 7.7396069 0.1847430
vn -5.5583887 -1.2444538 1.5348997
v -0.0379233 7.0801582 0.1706960
vn 5.6507888 0.6279638 -1.7389315
v 0.0420722 6.5070329 0.6231566
vn -5.5403581 -1.5180973 1.3009094
v -0.0379233 7.2466183 0.1746970
vn -5.6408124 -0.5630454 1.7789873
v -0.0379144 7.3955393 0.1653100
vn -5.5391269 -1.3578606 -1.4778520
v -0.0379233 6.7563272 0.6174842
vn -5.6385031 -1.7863855 -0.5545788
v -0.0379185 6.7656951 0.6041280
vn -5.5711632 -0.4971324 -1.8996072
v -0.0379221 6.9070601 0.6236861
vn -5.6104279 -1.3602730 -1.3476858
v -0.0379211 6.9210572 0.6155116
vn 5.5926580 -1.0528549 -1.6231076
v 0.0420708 7.2400670 0.6201220
vn 5.6596875 0.6219768 -1.7395236
v 0.0420685 7.4809232 0.6231531
vn 5.6415896 -1.7773049 0.5616742
v 0.0420683 6.9280329 0.1847460
vn -5.6396885 0.5542321 -1.7849503
v -0.0379209 7.6444731 0.6235312
vn -5.6119719 1.5437943 -1.1290210
v -0.0379200 6.6553741 0.6121590
vn -5.5591302 -0.4284838 1.9369363
v -0.0379218 6.9059882 0.1649190
vn -5.5608644 -0.4317461 1.9275954
v -0.0379224 7.0683022 0.1649181
vn 5.6397729 -0.5555643 -1.7857556
v 0.0420680 6.5839663 0.6235277
vn 5.5370359 -1.5199753 -1.3078662
v 0.0420735 6.5973582 0.6141369
vn -5.5674715 0.4766897 1.9112189
v -0.0379222 7.3213801 0.1651490
vn -5.5313611 1.3230660 1.5220215
v -0.0379233 7.3097982 0.1713510
vn 5.5677319 1.9243597 -0.4055561
v 0.0420728 6.4884543 0.6015289
vn -5.5545301 1.2428199 -1.5447938
v -0.0379233 6.8236513 0.6181382
vn -5.5648222 0.4079791 -1.9278097
v -0.0379222 6.8355093 0.6239168
vn 5.6085348 -1.6016304 1.0538832
v 0.0420685 6.7623091 0.2604290
vn 5.6535125 -1.7326933 -0.6241570
v 0.0420678 7.2522840 0.6053297
vn 5.5583291 -1.5357307 1.2442349
v 0.0420734 7.5719013 0.2580210
vn -5.6397557 0.5555147 -1.7857493
v -0.0379177 6.5082703 0.6235283
vn -5.6421142 -1.7737777 -0.5662968
v -0.0379193 7.5772705 0.6041302
vn -5.6145620 -1.5914862 -1.0478616
v -0.0379199 6.5999961 0.6109339
vn 5.5391774 1.4773520 1.3557177
v 0.0420741 7.3064523 0.1746970
vn 5.5896683 1.8847998 0.4824106
v 0.0420727 7.3002520 0.1862780
vn 5.5691214 1.9294790 0.4884115
v 0.0420725 7.6248651 0.1863201
vn -5.5904474 -0.4800109 -1.8840082
v -0.0379226 6.7447462 0.6236864
vn -5.5744405 -0.5114366 -1.8881028
v -0.0379213 7.0693741 0.6236853
vn -5.5958676 1.5606413 -1.1386144
v -0.0379177 7.3046350 0.6121580
vn 5.5321856 -1.2674309 -1.5683477
v 0.0420741 7.4047890 0.6181384
vn -5.5768018 -1.8904566 0.4818608
v -0.0379223 7.5774522 0.2688121
vn 5.5084434 -0.3062342 -1.9993540
v 0.0420749 7.2281222 0.6241581
vn -5.6584506 0.5551395 -1.7601280
v -0.0379177 6.6705852 0.6235283
vn 5.6360884 0.5580789 1.7886863
v 0.0420679 7.3198442 0.1653080
vn -5.6051140 1.5997565 1.0594263
v -0.0379200 7.1415000 0.1779010
vn 5.5902476 1.8838832 0.4825479
v 0.0420745 6.4886818 0.1862500
vn -5.6187425 -1.1282967 -1.5355042
v -0.0379194 7.4036074 0.6193028
vn 5.5637650 -0.4273244 -1.9306430
v 0.0420736 6.7436733 0.6239173
vn 5.6362014 0.5578892 1.7892838
v 0.0420686 6.5082698 0.1653070
vn 5.5676637 0.4817622 -1.9141928
v 0.0420732 6.8344364 0.6236864
vn 5.6442428 1.7741934 -0.5526070
v 0.0420688 6.9757771 0.6040883
vn 5.6511464 -1.7434460 -0.6141206
v 0.0420679 7.4145970 0.6053338
vn 5.5645375 -0.4251739 -1.9194825
v 0.0420732 7.5552473 0.6239170
vn 5.6406145 -0.5544754 -1.7867715
v 0.0420651 7.7201700 0.6235249
vn -5.6367383 -0.5555835 1.7880917
v -0.0379173 7.5578570 0.2478340
vn 5.6081738 -1.5998518 1.0500560
v 0.0420708 7.2492552 0.1779020
vn 5.6472197 -0.5885656 1.7640383
v 0.0420754 6.5848422 0.1656040
vn -5.5811286 -1.9027067 -0.4469696
v -0.0379222 6.9284229 0.6014728
vn 5.5388184 1.3141290 -1.5189648
v 0.0420741 6.9851694 0.6174842
vn -5.6684346 -1.4277682 -1.1335206
v -0.0379151 7.0855789 0.6134264
vn 5.5021558 -2.0429914 0.2438581
v 0.0420744 6.7663832 0.2725561
vn 5.6566863 0.5420597 1.7709996
v 0.0420679 6.9952154 0.1653070
vn -5.5042977 -0.3455749 -2.0228388
v -0.0379241 7.3911753 0.6240489
vn -5.5186672 -0.3679602 -2.0020487
v -0.0379242 7.5534902 0.6240492
vn 5.5769691 -0.4806978 1.8896364
v 0.0420732 7.0693741 0.1651490
vn -5.5610089 -0.4315214 1.9269027
v -0.0379224 7.7175632 0.1649181
vn 5.5074434 -0.3535556 2.0147910
v 0.0420749 7.3911753 0.1647860
vn -5.5884790 1.1407355 1.5691686
v -0.0379177 6.8248353 0.1695340
vn -5.5035305 0.3469920 2.0235972
v -0.0379241 6.8372650 0.1647860
vn -5.5867352 -1.1509020 -1.5555192
v -0.0379200 7.5659213 0.6193039
vn 5.5388937 1.4773179 1.3562146
v 0.0420735 6.4948792 0.1746970
vn 5.5312333 -1.5232810 -1.3224156
v 0.0420734 7.7335625 0.6141375
vn -5.5593424 -1.9367808 -0.4286505
v -0.0379222 7.7399950 0.6014851
vn -5.6441860 0.5640284 -1.7694528
v -0.0379171 7.3198442 0.6235276
vn 5.5685010 0.4781045 -1.9116848
v 0.0420734 7.6460104 0.6236864
vn -5.5583301 -1.2449884 1.5357790
v -0.0379235 7.7294183 0.1706960
vn -5.6498609 0.6366432 1.7340187
v -0.0379215 7.6432371 0.1656780
vn 5.6568704 1.7243794 0.6354020
v 0.0420655 6.8138323 0.1835281
vn -5.6396747 -0.5702187 1.7768852
v -0.0379143 6.7462802 0.2478360
vn -5.5717459 0.4691911 1.9073905
v -0.0379263 6.6723342 0.2475981
vn 5.5735784 -1.8951250 -0.4804369
v 0.0420731 6.6035562 0.6025638
vn -5.5547366 1.2425747 -1.5448936
v -0.0379235 7.4729099 0.6181386
vn 5.6504483 -0.6383196 1.7333448
v 0.0420642 6.7475162 0.2482120
vn -5.6645174 -0.6105877 -1.7303596
v -0.0379134 7.2344599 0.6231491
vn 5.5326099 -1.2678072 -1.5676019
v 0.0420741 7.5671043 0.6181387
vn 5.5394039 1.3145642 -1.5173453
v 0.0420741 7.6344290 0.6174845
vn -5.6646996 -0.6078714 -1.7288723
v -0.0379217 6.5852032 0.6231568
vn 5.5648522 -0.4079506 -1.9274573
v 0.0420734 7.0683022 0.6239173
vn 5.5705624 1.4968814 1.2859899
v 0.0420746 7.6310821 0.1746960
vn 5.5798283 0.4392173 1.9090110
v 0.0420721 6.8355083 0.1649190
vn -5.5076251 -2.0265458 0.2882419
v -0.0379241 6.7662430 0.2716560
vn 5.5748005 0.5012011 -1.8927617
v 0.0420732 7.1590662 0.6236864
vn 5.6094666 1.5974184 -1.0542728
v 0.0420708 7.3038149 0.6109343
vn 5.5400472 -1.3027290 1.5181394
v 0.0420741 7.0809550 0.1713500
vn -5.5378504 1.5155010 -1.3117927
v -0.0379233 7.6310811 0.6141376
vn -5.5673313 -1.5342155 -1.2478105
v -0.0379227 7.7342162 0.6133403
vn 5.6675997 -1.2165902 1.3647099
v 0.0420638 7.4060731 0.1710800
vn 5.6559520 0.5443891 1.7698127
v 0.0420728 7.6444731 0.1653030
vn -5.5034804 0.3472262 2.0233743
v -0.0379242 6.9995804 0.1647860
vn 5.5325880 -1.2677895 -1.5678807
v 0.0420741 6.7555304 0.6181382
vn 5.5676565 0.4817520 -1.9133916
v 0.0420732 6.9967513 0.6236864
vn -5.6609526 1.7310550 -0.6168790
v -0.0379163 6.9761562 0.6053290
vn -5.5367804 1.2654368 -1.5635967
v -0.0379226 6.9859662 0.6181376
vn -5.6135502 -1.5914011 -1.0500014
v -0.0379194 7.2492552 0.6109332
vn 5.5705757 1.4969326 1.2855361
v 0.0420741 6.9818220 0.1746970
vn 5.5641680 -1.9242820 0.4235603
v 0.0420724 7.5777063 0.2699600
vn -5.6050081 1.5999317 1.0604353
v -0.0379217 7.6284423 0.1779020
vn 5.5867205 1.5544267 1.1507254
v 0.0420708 7.1423182 0.1766770
vn 5.5542808 1.5459749 -1.2431594
v 0.0420738 6.4942250 0.6133416
vn 5.5672636 -1.9122134 -0.4781819
v 0.0420725 7.7397642 0.6025571
vn 5.5637889 -0.4277097 -1.9287217
v 0.0420735 6.9059882 0.6239173
vn 5.6512146 0.6374367 -1.7430172
v 0.0420685 7.3186083 0.6231530
vn 5.5583096 1.3114789 1.4784441
v 0.0420734 6.8236513 0.1706970
vn 5.5369973 1.5635946 -1.2641906
v 0.0420741 7.4681129 0.6133413
vn 5.5635362 1.9307499 -0.4260965
v 0.0420732 7.4623351 0.6014811
vn -5.6503434 -1.7396438 0.6276752
v -0.0379172 7.7392302 0.1835070
vn -5.5886750 1.1417035 1.5726246
v -0.0379177 6.9871492 0.1695340
vn -5.5402431 -1.5186118 1.3023902
v -0.0379227 7.5712471 0.2572240
vn 5.6395631 0.5696084 1.7771302
v 0.0420695 7.1575289 0.1653060
vn -5.5637188 0.4276606 -1.9305223
v -0.0379218 6.9978232 0.6239164
vn 5.6362743 -1.7886542 0.5582095
v 0.0420688 7.0903482 0.1847460
vn 5.5324697 -1.2673503 -1.5685452
v 0.0420741 6.9178443 0.6181393
vn -5.6038799 -1.5581102 1.1243767
v -0.0379177 6.7614903 0.2592040
vn -2.7274115 1.3592365 -3.7148864
v -0.0218021 7.8790522 0.5493594
vn 2.6614096 1.6249975 -3.5440350
v 0.0247990 7.8808994 0.5493594
vn 3.0853345 0.4023617 -3.5636125
v 0.0278848 7.8722563 0.5493594
vn -2.4627724 1.3602169 -5.2822495
v -0.0332702 7.8227034 0.5492285
vn -2.8294213 -0.2445214 -3.5950594
v -0.0237351 7.8677025 0.5493594
vn 2.4286973 1.1712747 -5.3428130
v 0.0373919 7.8232584 0.5492801
vn -2.6557345 -1.5095650 -3.5586288
v -0.0209875 7.8589649 0.5493594
vn 2.9146223 -0.9121746 -3.5582607
v 0.0270769 7.8632154 0.5493594
vn -1.8376377 -2.4501295 -3.5496781
v -0.0143997 7.8515162 0.5493594
vn 2.3171363 -2.0155852 -3.5324340
v 0.0224868 7.8551149 0.5493594
vn -0.7769796 -2.9760149 -3.4977543
v -0.0050001 7.8471203 0.5493594
vn 1.3931899 -2.7471921 -3.5038114
v 0.0147797 7.8491955 0.5493594
vn 0.3252921 -3.0636084 -3.4890895
v 0.0051232 7.8463812 0.5493594
vn -1.2894661 2.3555505 -2.4617994
v -0.0330338 7.8989134 0.5495657
vn 1.3075109 2.3597612 -2.5196977
v 0.0372087 7.8988419 0.5495878
vn -1.6724920 4.3499703 1.8574907
v -0.0331477 7.8990765 0.5574639
vn 1.6513808 4.3594499 1.7882783
v 0.0372794 7.8991823 0.5572182
vn 1.8263341 2.5381491 -3.5142663
v 0.0182632 7.8878431 0.5493594
vn -1.6474864 2.6085675 -3.6367981
v -0.0124398 7.8890343 0.5493594
vn 0.7794591 3.0935144 -3.4915133
v 0.0092407 7.8920193 0.5493594
vn -0.3567102 3.2331367 -3.5115342
v -0.0008821 7.8927593 0.5493594
vn -4.3070159 0.9667211 -2.6643538
v -0.0379245 7.7192183 0.6839185
vn -4.3373437 2.6103563 -1.0647571
v -0.0379245 7.7133493 0.6782773
vn -5.1383414 2.0882239 0.9183488
v -0.0379250 7.7129993 0.6752660
vn -4.8975258 -2.0647292 1.3880054
v -0.0379245 7.7763681 0.3108290
vn -4.0120239 -0.8999976 2.8207841
v -0.0379246 7.7737494 0.3093630
vn -4.1173778 2.4731438 1.5821056
v -0.0379247 7.7618761 0.6281659
vn -4.3231750 2.8637817 0.3913264
v -0.0379246 7.7637329 0.6223014
vn -5.0991492 2.2154675 0.7514252
v -0.0379247 7.7639475 0.3116040
vn -4.2123408 2.2969193 -1.8199854
v -0.0379247 7.7604599 0.1775470
vn -4.1630526 2.8282487 -0.7241455
v -0.0379247 7.7634430 0.1831270
vn -5.0486078 2.1788709 -0.9100430
v -0.0379247 7.7640190 0.2568170
vn -4.3048315 1.1797687 -2.5679855
v -0.0379245 7.7663355 0.2587130
vn -4.2900853 1.2082459 2.5486305
v -0.0379245 7.7662783 0.3094651
vn -4.2591805 -1.1462264 -2.5933332
v -0.0379245 7.7743101 0.2587770
vn -4.8903499 -2.2799995 -1.0890424
v -0.0379247 7.7766180 0.2567910
vn -1.6012714 -2.6772420 0.2712004
v -0.0379246 7.7769141 0.3129801
vn -1.7205416 -2.6158876 -0.1904939
v -0.0379246 7.7769141 0.2552190
vn -4.7105188 -2.7069182 -0.2042112
v -0.0379246 7.7769141 0.6248767
vn -4.6052213 -2.7719684 0.0911431
v -0.0379246 7.7769141 0.1826470
vn -5.0512729 -0.9458681 2.1682625
v -0.0379233 7.7226133 0.1235061
vn -4.3033299 0.8495979 2.7084944
v -0.0379241 7.7194195 0.1237370
vn -5.1259012 2.1044381 -0.9264444
v -0.0379238 7.7128491 0.1322110
vn -4.4904747 2.5416729 0.9972956
v -0.0379239 7.7130919 0.1292140
vn -4.9143200 0.9623787 -2.3048694
v -0.0379327 7.6967335 0.0695961
vn -4.9736581 2.2893076 -0.9157805
v -0.0379281 7.8021522 0.1753060
vn -5.5795603 1.8807254 -0.5049222
v -0.0379230 7.8034182 0.5363472
vn -4.9747276 0.9103877 2.2922349
v -0.0379259 7.6966081 0.7518859
vn -5.2902365 1.6188011 1.6223946
v -0.0379246 7.8075914 0.6424294
vn -4.9710398 -1.0338843 2.2306628
v -0.0379283 6.5315690 0.7514668
vn -4.9707975 -2.2857285 0.9314923
v -0.0379266 6.4270940 0.6465354
vn -4.8369603 2.5755715 -0.4814860
v -0.0379245 6.4519100 0.6265888
vn -4.8315473 2.2102501 -1.3954107
v -0.0379245 6.4541540 0.6324679
vn -4.8725395 -2.2026734 1.3500835
v -0.0379239 7.7747741 0.1752930
vn -4.7675047 -2.6149654 0.5598955
v -0.0379246 7.7767944 0.1809920
vn -5.0692892 0.9429413 -2.1606295
v -0.0379250 6.5061808 0.6842184
vn -4.4189000 -0.8760616 -2.6285100
v -0.0379244 6.5093389 0.6840431
vn -4.1447062 -2.3938193 1.7028208
v -0.0379245 6.4674621 0.6289823
vn -5.0984077 -2.1230149 0.9559904
v -0.0379248 6.5156240 0.6750256
vn -4.2386384 -2.8600492 0.5440385
v -0.0379247 6.4650550 0.6230554
vn -4.4706688 -2.5824795 -0.9029197
v -0.0379245 6.5154581 0.6781404
vn -4.9509649 -2.2437961 -1.1334566
v -0.0379234 7.7757778 0.6307306
vn -5.0944834 -0.8584562 -2.1533353
v -0.0379247 7.7224035 0.6842997
vn 2.1127210 3.1947978 4.0331101
v 0.0372572 7.7046032 0.7521566
vn 4.1570854 2.3324280 1.7940354
v 0.0420755 7.7605934 0.6292619
vn 4.2458262 2.8452983 0.5908630
v 0.0420754 7.7631931 0.6235135
vn 5.1541686 2.1027970 0.7104334
v 0.0420754 7.7125521 0.6754331
vn 4.0864677 2.6022663 -1.3492509
v 0.0420753 7.7133675 0.6783977
vn 5.0783825 -2.1651013 0.8736235
v 0.0420753 7.7770481 0.3114390
vn 4.3233700 -1.1566595 2.5680008
v 0.0420752 7.7745862 0.3094240
vn 5.1121950 0.3762672 -2.3427999
v 0.0420714 7.7679682 0.3008980
vn 5.0056806 -1.2016490 -2.1652606
v 0.0420746 7.7780104 0.2988350
vn 5.0699592 -2.1392522 -1.1477774
v 0.0420732 7.7843971 0.2925171
vn 4.8245187 -2.5838587 -0.4824258
v 0.0420753 7.7771802 0.6267814
vn 4.9812288 -2.5064712 0.0811712
v 0.0420750 7.7860889 0.2844620
vn 5.1288152 -0.8924720 2.1878531
v 0.0420701 7.7763815 0.2700440
vn 4.1869054 -1.0701712 -2.6691248
v 0.0420753 7.7744303 0.2588080
vn 5.0209312 -2.1619835 1.1891040
v 0.0420748 7.7843094 0.2775600
vn 5.0329800 -2.1617057 -0.9440908
v 0.0420754 7.7769852 0.2569160
vn 5.0384431 -0.8054716 2.1994028
v 0.0420753 7.7225084 0.1230870
vn 4.0147066 1.1934521 2.7068191
v 0.0420754 7.7193141 0.1237400
vn 4.5170746 2.5167649 1.0106567
v 0.0420754 7.7127981 0.1295040
vn 5.1265287 2.1152112 -0.8808895
v 0.0420753 7.7125254 0.1323440
vn 4.2281251 1.1171116 2.6339474
v 0.0420753 7.7661242 0.3094400
vn 5.0399194 1.7900437 -1.6534840
v 0.0420743 7.7586184 0.2956530
vn 5.0528126 2.1550443 0.9273466
v 0.0420754 7.7636561 0.3113190
vn 5.1289077 2.3474247 -0.0734032
v 0.0420722 7.7543039 0.2858030
vn 5.3498640 0.0041087 -2.2345450
v 0.0420753 7.5190535 0.0690970
vn 4.9723825 0.8474136 -2.3079576
v 0.0420805 7.6966071 0.0697631
vn 4.9733291 2.2310286 -1.0324979
v 0.0420784 7.8017359 0.1743010
vn 5.5772715 1.9017109 -0.4412552
v 0.0420734 7.8031940 0.5354025
vn 5.3203425 1.6016339 1.5991325
v 0.0420753 7.8075914 0.6424294
vn 4.9826374 0.9595502 2.2624929
v 0.0420765 7.6976151 0.7514687
vn 4.9779053 -0.9111220 2.2882659
v 0.0420784 6.5325766 0.7518844
vn 4.9816141 -2.2139211 1.0600889
v 0.0420793 6.4275317 0.6475315
vn 4.8421531 2.5667560 -0.4954498
v 0.0420754 6.4515648 0.6268974
vn 4.8322940 2.2030599 -1.4113368
v 0.0420749 6.4539022 0.6327710
vn 4.7403626 -2.1646776 1.5858094
v 0.0420750 7.7741942 0.1739661
vn 4.8833685 -2.5106635 0.5885729
v 0.0420753 7.7770529 0.1797140
vn 5.0387130 0.9201469 -2.1888227
v 0.0420754 6.5060396 0.6845375
vn 4.3242650 -0.9664680 -2.6450436
v 0.0420753 6.5090408 0.6842841
vn 5.1033669 -2.1182353 0.9499823
v 0.0420758 6.5159249 0.6748283
vn 4.1761031 -2.3141005 1.8091398
v 0.0420754 6.4682589 0.6293896
vn 4.2129855 -2.8500178 0.6086758
v 0.0420754 6.4655008 0.6235392
vn 4.9564691 0.7046366 2.4234784
v 0.0420726 6.5631824 0.6552508
vn 4.8736706 1.7091875 1.9524310
v 0.0420747 6.5483065 0.6638766
vn 4.4480696 -2.5740240 -0.9593037
v 0.0420753 6.5157185 0.6779201
vn 4.8586049 2.3013675 1.2304140
v 0.0420751 6.5405350 0.6738196
vn 4.9420166 2.5289195 0.2577045
v 0.0420732 6.5356889 0.6884796
vn 4.8605270 2.4847722 -0.7859654
v 0.0420751 6.5375829 0.7038020
vn 4.9255133 1.9470826 -1.6482658
v 0.0420745 6.5443230 0.7166302
vn 4.9723625 0.8968502 -2.3438051
v 0.0420704 6.5604558 0.7284296
vn 4.8216586 -2.2048059 -1.4155481
v 0.0420753 7.7749605 0.6325718
vn 4.8887601 -0.2243089 -2.5759563
v 0.0420749 6.5777750 0.7303279
vn 4.9074917 -1.2114857 -2.2685025
v 0.0420734 6.5921392 0.7261411
vn 5.0946956 -1.0038937 -2.1186318
v 0.0420759 7.7228622 0.6844708
vn 4.8343129 -1.9337846 -1.7834110
v 0.0420753 6.6023083 0.7178883
vn 4.8684573 -2.3711088 -1.0773817
v 0.0420742 6.6089053 0.7081606
vn 4.8382010 -2.6153011 -0.2461126
v 0.0420750 6.6120453 0.6959941
vn 4.3413420 0.9022103 -2.6629212
v 0.0420752 7.7197852 0.6843304
vn 4.9072342 -2.4757373 0.6766509
v 0.0420739 6.6112509 0.6829290
vn 4.9963698 -1.7966164 1.7149705
v 0.0420704 6.6022553 0.6658726
vn 4.9889784 -0.6084818 2.4145272
v 0.0420740 6.5828123 0.6546215
vn 4.9680910 0.5916173 2.4396675
v 0.0420750 7.7667465 0.2696940
vn 4.3617105 1.2004347 -2.5313289
v 0.0420753 7.7659311 0.2587010
vn 5.1091704 1.7786846 1.5842836
v 0.0420713 7.7586441 0.2740591
vn 5.0600462 2.1726117 -0.9008241
v 0.0420753 7.7636509 0.2567970
vn 4.1871285 2.8492703 -0.6359795
v 0.0420754 7.7631865 0.1838510
vn 4.1773615 2.3405583 -1.7752141
v 0.0420760 7.7603292 0.1779100
vn -2.4135220 5.3309278 -1.2665508
v -0.0330238 7.8080292 0.5345675
vn 2.4655671 5.2733784 -1.3949956
v 0.0373097 7.8079643 0.5347760
vn -2.4717796 3.9509008 -3.7579970
v -0.0330855 7.8126478 0.5435228
vn 2.4792509 3.7215757 -3.9783974
v 0.0372360 7.8134270 0.5443017
vn -5.6694622 -1.6403031 0.7108656
v -0.0379392 6.4249535 0.5305388
vn -5.6771870 -1.6237919 -0.6329125
v -0.0379439 6.4254050 0.4077536
vn -5.6723661 -0.6755385 1.6832273
v -0.0378402 6.4090705 0.5155002
vn -5.7134390 -0.7181208 -1.6011395
v -0.0378440 6.4103079 0.4236457
vn -4.0758376 -1.8315052 -1.8750960
v -0.0375087 6.3441119 0.4250350
vn -4.1948614 -1.8097315 1.8023864
v -0.0375087 6.3441119 0.5145327
vn -2.1171501 5.1010976 -0.6088561
v -0.0331029 7.8075914 0.1798010
vn 2.1999309 5.0460467 -0.5381632
v 0.0372528 7.8075914 0.1798010
vn 5.0479684 -0.6841639 -2.3470876
v 0.0420734 6.4627228 0.3003650
vn 5.1179433 2.0298743 -0.9911107
v 0.0420754 6.4518528 0.2572000
vn 4.0657082 0.9472868 -2.7843037
v 0.0420754 6.4546142 0.2588381
vn 4.9701772 -2.2855327 -0.9315684
v 0.0420776 6.4270992 0.1750940
vn 4.8132091 2.6042643 0.4100740
v 0.0420754 6.4515243 0.1809930
vn 4.2469945 1.1303226 2.6235521
v 0.0420753 6.4541860 0.3094400
vn 4.9784250 0.6791463 -2.4161887
v 0.0420751 6.4543362 0.3002290
vn 5.0628929 1.7129376 -1.7336011
v 0.0420734 6.4471183 0.2962710
vn 5.0668287 2.1450598 0.9229639
v 0.0420754 6.4517169 0.3113201
vn 4.9747419 2.4145172 -0.6610504
v 0.0420752 6.4431601 0.2890550
vn 5.0495300 -2.1019681 -1.0015162
v 0.0420754 6.4649563 0.2571410
vn 4.2111683 -2.8538494 -0.5962535
v 0.0420754 6.4655066 0.1841331
vn 5.0612011 -2.0626795 1.0253469
v 0.0420753 6.4649076 0.3109640
vn 4.0105014 -0.9150234 2.8123913
v 0.0420754 6.4621644 0.3093570
vn 5.0033975 -1.8418291 -1.6755484
v 0.0420750 6.4700494 0.2955970
vn 5.0229774 -2.3934317 -0.5969392
v 0.0420741 6.4737411 0.2888650
vn 5.0171962 -2.3607938 0.7196594
v 0.0420744 6.4735103 0.2804220
vn 5.1457624 -1.2735761 1.9663819
v 0.0420701 6.4673223 0.2716221
vn 5.1499619 0.5705855 2.2640667
v 0.0420706 6.4544687 0.2694250
vn 4.0726523 -1.0033937 -2.7538922
v 0.0420754 6.4624038 0.2587870
vn 5.0284791 1.8501285 1.6214331
v 0.0420749 6.4461784 0.2750040
vn 4.9909835 2.4466014 0.5016667
v 0.0420747 6.4428601 0.2819270
vn 3.0640898 -0.2133723 -3.5956216
v -0.0275854 6.3695240 0.4202606
vn -3.0278766 0.0995304 -3.7106023
v 0.0336966 6.3662815 0.4202606
vn 2.6648810 -1.5456837 -3.5664065
v -0.0243485 6.3798156 0.4202606
vn -2.7067304 -1.4563767 -3.5991423
v 0.0300991 6.3798156 0.4202606
vn 1.6495055 -2.5752816 -3.6233819
v -0.0149483 6.3899279 0.4202606
vn -1.8543460 -2.4691272 -3.5458143
v 0.0223366 6.3885932 0.4202606
vn 0.3770078 -3.0858753 -3.5153511
v -0.0006625 6.3946424 0.4202606
vn -0.7824373 -3.0095260 -3.4912078
v 0.0112635 6.3937712 0.4202606
vn -2.1110425 0.5932475 5.1015377
v -0.0331020 7.6921129 0.7573223
vn 1.9997051 1.1552210 4.7996616
v 0.0373735 7.6963882 0.7567165
vn -1.9910259 2.5960777 4.2100472
v -0.0331155 7.7015662 0.7546002
vn -5.8447309 0.5283997 -0.8470261
v -0.0237048 7.8718262 0.4024451
vn -5.2208190 -2.4217963 -0.8273388
v -0.0220440 7.8605943 0.4023989
vn -5.1010509 2.9778099 -0.8790451
v -0.0207953 7.8805232 0.4024456
vn -3.5266337 4.7947521 -0.7960879
v -0.0142643 7.8877220 0.4025844
vn -1.5210347 5.7756147 -0.8413287
v -0.0050008 7.8920174 0.4024518
vn 0.6460857 5.9593925 -0.7889302
v 0.0051199 7.8927574 0.4024518
vn 2.6879344 5.3214240 -0.8483800
v 0.0147754 7.8899450 0.4024517
vn 4.4986691 3.8809848 -0.8285360
v 0.0224834 7.8840251 0.4024520
vn 5.6233125 1.7654480 -0.8912704
v 0.0270746 7.8759260 0.4024515
vn 5.8519678 -0.7603282 -0.8539251
v 0.0278826 7.8668833 0.4024511
vn 5.0542846 -3.0648332 -0.8830141
v 0.0247963 7.8582401 0.4024512
vn 3.4805284 -4.8427525 -0.8119925
v 0.0182581 7.8512955 0.4024512
vn 1.5151439 -5.7788434 -0.8405885
v 0.0092372 7.8471222 0.4024514
vn -0.7383690 -5.9233823 -0.7826114
v -0.0008844 7.8463831 0.4024517
vn -3.1557992 -4.9073229 -0.8178306
v -0.0127217 7.8502865 0.4021842
vn -2.9655175 0.2306615 -3.4077554
v -0.0181797 7.8708334 0.3836540
vn -1.8705628 2.3476450 -3.4298892
v -0.0113048 7.8833408 0.3836550
vn 0.1953096 3.0116811 -3.4441504
v 0.0035618 7.8878469 0.3836540
vn 2.1771996 2.0569220 -3.4250212
v 0.0175490 7.8815165 0.3836550
vn 2.9635515 -0.2265645 -3.4061055
v 0.0224181 7.8683071 0.3836540
vn 1.8713591 -2.3465996 -3.4300389
v 0.0155433 7.8557992 0.3836550
vn -0.1982296 -3.0126870 -3.4371896
v 0.0006775 7.8512921 0.3836540
vn -2.1731350 -2.0638640 -3.4285903
v -0.0133098 7.8576231 0.3836550
vn 1.8611265 -4.1655059 1.8517528
v 0.0168245 6.3191037 0.5145655
vn 1.7219418 -4.2920604 -1.7992890
v 0.0159799 6.3187509 0.4250055
vn 5.7303915 -0.6557130 1.5823756
v 0.0421298 6.4103069 0.5159154
vn 4.1770101 -1.7940329 1.8640265
v 0.0419843 6.3446188 0.5146141
vn 4.2568183 -1.8222965 -1.7776577
v 0.0419834 6.3442011 0.4250717
vn 5.6765237 -0.6246610 -1.6782007
v 0.0421387 6.4090919 0.4240590
vn 5.6930566 -1.7128104 0.6377963
v 0.0420430 6.4254012 0.5318206
vn 5.6818056 -1.6611034 -0.7100930
v 0.0420467 6.4249501 0.4090256
vn -1.7037637 -4.3810153 1.7702051
v -0.0107110 6.3187494 0.5145594
vn -1.8279071 -4.2046661 -1.8692313
v -0.0115425 6.3190985 0.4250029
vn 1.9231770 -2.4892848 -4.3203855
v 0.0372643 6.5286040 0.0664940
vn -2.2176135 -3.1885476 -3.9107583
v -0.0331161 6.5245452 0.0695111
vn 2.1981201 -5.5561485 -0.7479299
v 0.0372107 6.4213357 0.4018848
vn -2.3426666 -5.4450068 -0.8195518
v -0.0331860 6.4213762 0.4020312
vn -2.2217066 -4.5547466 -3.2911127
v -0.0331660 6.4181032 0.4104466
vn 2.3886454 -4.5588684 -3.0520425
v 0.0372656 6.4185705 0.4097029
vn 2.3604894 -5.4283590 0.8258153
v 0.0373570 6.4213767 0.5375398
vn -2.2085419 -5.5471544 0.7659569
v -0.0330550 6.4213362 0.5376874
vn -2.2137959 -5.0279670 -0.5423633
v -0.0331348 6.4215913 0.1798010
vn 2.1273799 -5.0881624 -0.6060277
v 0.0372528 6.4215913 0.1798010
vn -2.1267896 -5.0902743 0.6094408
v -0.0331020 6.4215913 0.6418440
vn 2.2069511 -5.0375724 0.5561151
v 0.0372973 6.4215913 0.6418440
vn 2.2393551 -4.5328245 3.2992685
v 0.0373896 6.4181056 0.5291242
vn -2.3788126 -4.5761528 3.0420654
v -0.0330793 6.4185700 0.5298643
vn -2.2000015 -3.3010774 4.5650530
v -0.0330393 6.4117823 0.5227986
vn 2.4491937 -2.9685128 4.5540438
v 0.0375227 6.4110503 0.5223378
vn -5.0682073 2.1579695 -0.9005503
v -0.0379332 6.4520760 0.2568170
vn -4.9647903 2.3199391 0.8011464
v -0.0379397 6.4519749 0.3117390
vn -4.3427806 1.1681740 -2.5519102
v -0.0379333 6.4543900 0.2587130
vn -4.4953613 1.3334587 2.3562276
v -0.0379381 6.4539857 0.3095471
vn -4.6132636 -1.4167520 -2.1872616
v -0.0379329 6.4630680 0.2586221
vn -4.2998023 -1.1381800 2.5824375
v -0.0379298 6.4622903 0.3094350
vn -5.0121489 -2.3941367 -0.5679942
v -0.0379328 6.4649410 0.2559270
vn -5.0566640 -2.2388442 0.9027511
v -0.0379268 6.4647355 0.3114130
vn -4.2684207 -2.8521972 -0.5404289
v -0.0379245 6.4651074 0.1842630
vn 5.5862632 0.5235836 -1.8672709
v 0.0420726 7.8205972 0.5535286
vn 3.8925753 1.7989427 -0.6684575
v 0.0420753 7.8958521 0.5541687
vn 5.6127319 1.3952762 -1.2912629
v 0.0420649 7.8091002 0.5468745
vn -2.1069868 0.5291409 -5.1542730
v -0.0331055 7.6921129 0.0643231
vn 2.2118311 0.0057492 -5.3723745
v 0.0372528 7.5190372 0.0643231
vn 1.9651668 -4.2153893 -2.6023726
v 0.0372709 6.4243231 0.1703430
vn -1.9045469 -4.3297768 -2.4759469
v -0.0331408 6.4237657 0.1713380
vn -1.9631305 -4.2118306 2.6042850
v -0.0331197 6.4243221 0.6513020
vn 1.9045464 -4.3211741 2.4803264
v 0.0372988 6.4237647 0.6503062
vn 1.9053073 4.3245497 -2.4817030
v 0.0372644 7.8054199 0.1713361
vn -1.9766940 4.1991148 -2.5981057
v -0.0331168 7.8048692 0.1703480
vn 2.1193290 -0.6047173 5.0974140
v 0.0372637 6.5370698 0.7573223
vn -2.2026668 -0.5312057 5.0416493
v -0.0331020 6.5370698 0.7573223
vn 4.1699195 -2.3668396 -1.7381073
v 0.0420757 6.4681387 0.1782560
vn 5.2361283 -2.0333145 -0.6355659
v 0.0420754 6.5164847 0.1317400
vn 4.1855664 -2.5179386 1.4483556
v 0.0420754 6.5155687 0.1289570
vn 4.2825632 -0.8469025 2.7282171
v 0.0420753 6.5091248 0.1236050
vn 4.9717278 -1.0373608 -2.2298484
v 0.0420773 6.5315681 0.0701770
vn 5.3517556 -0.0001502 -2.2326705
v 0.0420754 6.7101421 0.0690970
vn 4.8378768 2.2157209 1.3807340
v 0.0420748 6.4536557 0.1750810
vn 5.0642104 0.8942398 2.1701317
v 0.0420755 6.5058212 0.1232901
vn -1.8294946 1.6553577 -4.4137225
v -0.0305377 6.9468122 -0.0303960
vn 1.8066207 1.7545702 -4.2918224
v 0.0346227 6.9471803 -0.0303670
vn 1.8441689 2.4632823 3.5442936
v 0.0185149 6.7280149 0.0533490
vn 2.6685710 1.5245780 3.5550110
v 0.0250600 6.7206502 0.0533490
vn 2.0435064 0.8566985 5.0606689
v 0.0346244 6.7408609 0.0533490
vn -2.0425849 0.8548617 5.0622807
v -0.0304983 6.7408609 0.0533490
vn -1.8080295 2.3992496 3.7218585
v -0.0145274 6.7282252 0.0533490
vn 0.7770646 2.9930396 3.4867442
v 0.0091750 6.7323613 0.0533490
vn -0.4106570 3.0499384 3.5327699
v -0.0008831 6.7330923 0.0533490
vn -2.0435219 -0.8566616 5.0606833
v -0.0304983 6.6790872 0.0533490
vn -2.2111626 -1.6763222 5.1609144
v -0.0304985 6.5636129 0.0130950
vn 2.2206073 -1.6695256 5.1571717
v 0.0346250 6.5622268 0.0126270
vn 2.0425758 -0.8548099 5.0623236
v 0.0346244 6.6790872 0.0533490
vn 3.0494623 0.2114927 3.5952115
v 0.0277892 6.7120161 0.0533490
vn -2.8372164 1.1146786 3.6224647
v -0.0224358 6.7172270 0.0533490
vn -3.0566216 -0.2719454 3.5694454
v -0.0235872 6.7083230 0.0533490
vn 2.6944602 -1.3463465 3.7053473
v 0.0258698 6.7007980 0.0533490
vn -2.6727090 -1.5173337 3.5552993
v -0.0208580 6.6996870 0.0533490
vn 1.6258454 -2.5755239 3.6247897
v 0.0165691 6.6909294 0.0533490
vn -1.8411700 -2.4666173 3.5377238
v -0.0143130 6.6923232 0.0533490
vn -0.7771517 -2.9930527 3.4866214
v -0.0049752 6.6879783 0.0533490
vn 0.3642425 -3.0653181 3.5035222
v 0.0050842 6.6872463 0.0533490
vn 4.8883204 0.9845830 -2.2726705
v 0.0420644 6.9440951 -0.0232930
vn 4.6868224 2.3559940 -0.2819389
v 0.0420761 6.9462070 -0.0210140
vn 4.9522705 1.4084438 2.0117836
v 0.0420654 6.9436393 -0.0168990
vn 5.4573026 0.5873098 2.0399408
v 0.0420628 6.8723793 0.0001160
vn 4.9044800 -1.0591060 -2.2058647
v 0.0420661 6.4755778 -0.0231940
vn 4.7140069 -2.3988822 0.0333518
v 0.0420720 6.4737177 -0.0207210
vn 4.9422345 -1.3736726 2.0605307
v 0.0420657 6.4766049 -0.0166650
vn 5.4488640 -0.5940194 2.0561905
v 0.0420629 6.5495396 0.0007240
vn 5.1831870 0.3950808 2.3344240
v 0.0420630 6.7396140 0.0459850
vn 5.1845751 -0.3921556 2.3337967
v 0.0420630 6.6803341 0.0459850
vn -1.9642575 -1.0899906 -4.9348645
v -0.0304968 6.4756184 -0.0307000
vn -1.7390603 -4.4521556 1.1823069
v -0.0305120 6.4666300 -0.0178170
vn 1.7912343 -4.5382328 1.1548858
v 0.0346381 6.4665108 -0.0184079
vn -2.2207170 1.6702713 5.1564083
v -0.0304987 6.8577361 0.0126200
vn 2.2113552 1.6770318 5.1601338
v 0.0346247 6.8563461 0.0130891
vn 1.7955985 4.4946275 1.3682681
v 0.0346378 6.9533162 -0.0178790
vn -1.8052197 4.5392747 1.1624593
v -0.0305122 6.9534340 -0.0184660
vn 1.8533694 2.5584989 4.0475554
v 0.0346798 6.9473572 -0.0103780
vn -1.8251880 2.6278527 3.9333901
v -0.0304681 6.9476719 -0.0104539
vn -2.1828446 1.3311518 5.2743649
v -0.0304867 6.8981113 0.0012320
vn 2.1914291 1.3275038 5.2706265
v 0.0346355 6.8973541 0.0013970
vn -1.8531071 -2.5561783 4.0481439
v -0.0305537 6.4725914 -0.0103160
vn 1.8251038 -2.6259134 3.9328418
v 0.0345941 6.4722753 -0.0103920
vn -2.1910264 -1.3242157 5.2721558
v -0.0305094 6.5225878 0.0014170
vn 2.1825540 -1.3278934 5.2756934
v 0.0346128 6.5218291 0.0012530
vn 1.8050321 -4.1758947 -2.2268188
v 0.0346302 6.4674058 -0.0253640
vn -1.6871625 -3.5537736 -2.6367400
v -0.0305405 6.4681258 -0.0270209
vn 1.8513767 -1.6271099 -4.4322929
v 0.0346471 6.4733939 -0.0305489
vn 1.8273125 4.2644143 -2.0390785
v 0.0346294 6.9527349 -0.0249650
vn -1.8120950 4.1834621 -2.2329113
v -0.0305043 6.9525423 -0.0253640
vn -4.8800449 -1.0480952 -2.2510486
v -0.0379396 7.2849903 -0.0232360
vn -4.6742144 -2.3717012 -0.2759285
v -0.0379453 7.2829704 -0.0210150
vn -4.9418283 -1.4202377 2.0157180
v -0.0379398 7.2855444 -0.0168990
vn -5.4547076 -0.5879797 2.0439346
v -0.0379368 7.3568053 0.0001160
vn -4.4926562 1.6621957 -1.5246572
v -0.0379612 7.7548151 -0.0229480
vn -4.8009558 1.7045571 1.7290750
v -0.0379531 7.7538500 -0.0173330
vn -5.4505367 0.5959911 2.0589261
v -0.0379368 7.6796398 0.0007250
vn -5.1833014 -0.3949246 2.3346884
v -0.0379369 7.4895682 0.0459850
vn -5.1845746 0.3921579 2.3337972
v -0.0379369 7.5488491 0.0459850
vn -3.0440171 -0.3902144 -3.5687783
v -0.0234990 6.7075143 0.1204580
vn -2.8962080 0.9754778 -3.6050239
v -0.0226970 6.7164493 0.1204580
vn -2.0458565 2.2350693 -3.6670489
v -0.0163049 6.7266321 0.1204580
vn -0.8208660 2.9720328 -3.5165188
v -0.0049729 6.7323613 0.1204580
vn 0.3644266 3.0653076 -3.5034816
v 0.0050851 6.7330923 0.1204580
vn 1.6260573 2.5753436 -3.6249077
v 0.0165715 6.7294083 0.1204580
vn 2.6945884 1.3462063 -3.7052469
v 0.0258701 6.7195392 0.1204580
vn 3.0494943 -0.2113966 -3.5951464
v 0.0277892 6.7083230 0.1204580
vn 2.6685443 -1.5245383 -3.5551524
v 0.0250601 6.6996870 0.1204580
vn 1.8440541 -2.4633720 -3.5443001
v 0.0185150 6.6923232 0.1204580
vn 0.7771555 -2.9930511 -3.4866240
v 0.0091773 6.6879783 0.1204580
vn -0.3642399 -3.0653188 -3.5035207
v -0.0008821 6.6872463 0.1204580
vn -1.5923364 -2.6097174 -3.5952988
v -0.0123671 6.6909294 0.1204580
vn -2.5907483 -1.6410530 -3.5724835
v -0.0204340 6.6989713 0.1204580
vn 0.2670763 3.0652888 -2.7551167
v 0.0061608 6.7650499 0.1204580
vn -0.9687549 -2.9353201 -2.7977433
v -0.0116767 6.6571651 0.1204580
vn 0.0378515 -3.1107762 -2.8711464
v 0.0021066 6.6553154 0.1204580
vn -0.3772491 -3.0528207 2.7509494
v -0.0037154 6.6554461 0.1883680
vn 0.0000000 0.0000000 -3.1415930
v 0.0420743 6.7112989 0.1204580
vn 0.0000000 0.0000000 -3.1415925
v 0.0420743 6.6937642 0.1204580
vn -1.9734489 -2.3822210 -2.8034728
v -0.0292226 6.6669202 0.1204580
vn -2.0184739 2.3538911 -2.8321724
v -0.0298538 6.7527304 0.1204580
vn 0.0000000 0.0000000 -3.1415930
v 0.0420743 6.7365923 0.1204580
vn 0.0000000 0.0000000 -3.1415925
v -0.0379368 6.7180390 0.1204580
vn 0.0000000 0.0000000 -3.1415925
v -0.0379368 6.7101541 0.1204580
vn 1.0548077 -2.8978171 -2.7633951
v 0.0175924 6.6577244 0.1204580
vn 0.0000000 0.0000000 -3.1415925
v -0.0379368 6.7022681 0.1204580
vn 1.4619696 2.7201674 -2.7883208
v 0.0250962 6.7592082 0.1204580
vn 0.0000000 0.0000000 -3.1415925
v 0.0420743 6.6837153 0.1204580
vn -1.0053897 2.9116004 -2.7652097
v -0.0133763 6.7625842 0.1204580
vn 0.0000000 0.0000000 -3.1415925
v -0.0379368 6.7265739 0.1204580
vn 2.7943006 -0.9851084 -2.4637172
v 0.0420743 6.6771631 0.1204580
vn 2.0408509 -2.3264771 -2.7996018
v 0.0348112 6.6681423 0.1204580
vn -2.7760212 -1.0058919 -2.4487622
v -0.0379368 6.6772633 0.1204580
vn -3.1415894 0.0000000 -3.1369798
v -0.0379368 6.6836653 0.1204580
vn 0.0000000 0.0000000 -3.1415927
v -0.0379368 6.7366419 0.1204580
vn 2.2538171 2.1572049 -2.9133217
v 0.0377141 6.7489300 0.1204580
vn 0.0000000 0.0000000 -3.1415927
v -0.0379368 6.6937332 0.1204580
vn -2.7824361 0.9971772 -2.4539132
v -0.0379368 6.7430439 0.1204580
vn 2.8252711 0.9453540 -2.4958007
v 0.0420743 6.7431440 0.1204580
vn 2.7740376 -1.0097500 2.4463997
v 0.0420743 6.6771631 0.1883680
vn 2.7797594 1.0028837 2.4535329
v 0.0420743 6.7431440 0.1883680
vn 2.0201733 2.3519418 2.8311927
v 0.0340671 6.7527304 0.1883680
vn 1.0053868 2.9116020 2.7652111
v 0.0175895 6.7625842 0.1883680
vn -0.2670738 3.0652897 2.7551186
v -0.0019476 6.7650499 0.1883680
vn -1.5064099 2.6829522 2.7566149
v -0.0208831 6.7592082 0.1883680
vn -2.6238103 1.1786743 2.3305256
v -0.0375220 6.7444763 0.1883680
vn -2.6587734 -1.1306665 2.3479154
v -0.0378371 6.6764951 0.1883680
vn -1.5982044 -2.6317008 2.7621832
v -0.0224497 6.6620054 0.1883680
vn 0.9053372 -2.9391954 2.7412033
v 0.0158899 6.6571651 0.1883680
vn 1.9657308 -2.3861873 2.7899582
v 0.0334365 6.6669211 0.1883680
vn -1.8435481 -1.6700777 -4.3585262
v -0.0305591 7.2824774 -0.0305179
vn 1.8033005 -1.7182925 -4.3460379
v 0.0345948 7.2821312 -0.0304070
vn -2.0424924 0.8549162 5.0622854
v -0.0304983 7.5500960 0.0533490
vn 2.0433669 0.8565913 5.0607820
v 0.0346244 7.5500960 0.0533490
vn 2.2176991 1.6702167 5.1598439
v 0.0346436 7.6665411 0.0127600
vn -1.8136147 -2.3932757 3.7246616
v -0.0145996 7.5009375 0.0533490
vn -2.0433512 -0.8566266 5.0607715
v -0.0304983 7.4883213 0.0533490
vn 2.0425003 -0.8549657 5.0622449
v 0.0346244 7.4883213 0.0533490
vn 2.6704013 -1.5217030 3.5545099
v 0.0250602 7.5085039 0.0533490
vn 1.8469260 -2.4610481 3.5447137
v 0.0185135 7.5011172 0.0533490
vn 0.7787790 -2.9924035 3.4873793
v 0.0091738 7.4967604 0.0533490
vn -0.4119775 -3.0493279 3.5340874
v -0.0008835 7.4960270 0.0533490
vn -2.2177694 -1.6709815 5.1591244
v -0.0305175 7.3718615 0.0127530
vn 5.4500899 -0.5926065 2.0464730
v 0.0420629 7.3587661 0.0007160
vn 4.9439068 -1.3715425 2.0559123
v 0.0420650 7.2858419 -0.0167240
vn 4.7137194 -2.3808272 0.0219291
v 0.0420766 7.2829661 -0.0207549
vn 4.8881021 -1.0422359 -2.2192931
v 0.0420655 7.2848120 -0.0231940
vn 4.8854628 1.0284610 -2.2588530
v 0.0420648 7.7533302 -0.0232919
vn 4.6759295 2.3687892 -0.2835987
v 0.0420713 7.7554560 -0.0209880
vn 4.9410954 1.4206686 2.0150113
v 0.0420658 7.7528744 -0.0168390
vn 5.4553685 0.5868192 2.0431418
v 0.0420628 7.6816063 0.0001240
vn 5.1845641 -0.3922022 2.3337986
v 0.0420630 7.4895682 0.0459850
vn 5.1833205 0.3947880 2.3342013
v 0.0420630 7.5488491 0.0459850
vn -1.8063408 4.5141764 1.2588590
v -0.0305204 7.7625942 -0.0179980
vn 1.7945348 4.5258231 1.2380853
v 0.0346444 7.7626362 -0.0181980
vn -2.8413835 -1.1083784 3.6180644
v -0.0224352 7.5119352 0.0533490
vn 3.0499649 -0.2108656 3.5939534
v 0.0277892 7.5171633 0.0533490
vn -3.0570128 0.2714217 3.5684268
v -0.0235872 7.5208673 0.0533490
vn 2.6959426 1.3442396 3.7044747
v 0.0258689 7.5284142 0.0533490
vn -2.6744807 1.5146673 3.5545917
v -0.0208572 7.5295272 0.0533490
vn 1.6282904 2.5737331 3.6252921
v 0.0165655 7.5383110 0.0533490
vn -1.8442479 2.4642365 3.5379059
v -0.0143116 7.5369120 0.0533490
vn 0.3649998 3.0649757 3.5043445
v 0.0050831 7.5420022 0.0533490
vn -0.7790758 2.9922795 3.4875522
v -0.0049774 7.5412683 0.0533490
vn 1.8030277 -4.5003963 1.3043027
v 0.0346461 7.2758250 -0.0180579
vn -1.7946401 -4.5255485 1.2359638
v -0.0305185 7.2757840 -0.0182580
vn 1.8519846 -2.5983601 3.9820049
v 0.0346893 7.2816043 -0.0105090
vn -1.8251339 -2.5967474 3.9856946
v -0.0304620 7.2816763 -0.0103540
vn 2.1867507 -1.3341992 5.2735367
v 0.0346358 7.3312783 0.0012600
vn -2.1924553 -1.3253237 5.2688699
v -0.0304860 7.3318481 0.0014250
vn -1.8335426 2.5677145 4.0295105
v -0.0305633 7.7568121 -0.0104470
vn 1.8248155 2.5945220 3.9862127
v 0.0345882 7.7567401 -0.0102919
vn -2.2061212 1.3348553 5.2550139
v -0.0305098 7.7071390 0.0012820
vn 2.1922541 1.3220056 5.2701268
v 0.0346120 7.7065711 0.0014470
vn -1.7962459 4.2875071 -2.0604129
v -0.0305138 7.7619143 -0.0250940
vn 1.8190550 4.1765785 -2.1768503
v 0.0346356 7.7618494 -0.0252320
vn -1.7826875 1.6929851 -4.3850870
v -0.0304687 7.7562852 -0.0304070
vn 1.8414431 1.6739264 -4.3601418
v 0.0346852 7.7559404 -0.0305179
vn -1.8188745 -4.1776633 -2.1776869
v -0.0305094 7.2765675 -0.0252310
vn 1.8138639 -4.2470717 -2.0956697
v 0.0346401 7.2765021 -0.0250940
vn 2.2140560 -1.6760885 5.1585565
v 0.0346024 7.3723092 0.0129191
vn -2.2140403 1.6753298 5.1591926
v -0.0304762 7.6661005 0.0129240
vn -2.9010258 -0.9674271 -3.5995207
v -0.0226965 7.5127153 0.1204580
vn -3.0444889 0.3893269 -3.5677261
v -0.0234990 7.5216780 0.1204580
vn -2.0507543 -2.2272782 -3.6729913
v -0.0163863 7.5025320 0.1204580
vn -0.8213769 -2.9719472 -3.5163848
v -0.0049717 7.4967604 0.1204580
vn 0.3652304 -3.0649180 -3.5044618
v 0.0050855 7.4960270 0.1204580
vn 1.6286615 -2.5734489 -3.6254361
v 0.0165694 7.4997201 0.1204580
vn 2.6961570 -1.3439519 -3.7043462
v 0.0258696 7.5096173 0.1204580
vn 3.0499389 0.2110586 -3.5939837
v 0.0277892 7.5208673 0.1204580
vn 2.6703155 1.5218836 -3.5544512
v 0.0250591 7.5295272 0.1204580
vn 1.8471267 2.4609880 -3.5444851
v 0.0185135 7.5369120 0.1204580
vn 0.7790794 2.9922779 -3.4875546
v 0.0091793 7.5412683 0.1204580
vn -0.3649997 3.0649757 -3.5043435
v -0.0008811 7.5420022 0.1204580
vn -1.5948156 2.6079803 -3.5957904
v -0.0123635 7.5383110 0.1204580
vn -2.5925989 1.6383976 -3.5720589
v -0.0204330 7.5302463 0.1204580
vn 0.2722150 -3.0638049 -2.7505004
v 0.0061608 7.4641323 0.1204580
vn -0.9686710 2.9353299 -2.7976878
v -0.0116757 7.5720181 0.1204580
vn -0.3773937 3.0528100 2.7509670
v -0.0037187 7.5737362 0.1883680
vn 0.0378637 3.1107996 -2.8712580
v 0.0021065 7.5738668 0.1204580
vn 2.7942457 0.9801645 -2.4604840
v 0.0420743 7.5520201 0.1204580
vn -1.9734813 2.3821878 -2.8035862
v -0.0292232 7.5622621 0.1204580
vn -2.0183198 -2.3540633 -2.8322306
v -0.0298536 7.4764519 0.1204580
vn 2.6169534 -1.1765035 -2.3047028
v 0.0418604 7.4848452 0.1204580
vn 0.0000000 0.0000000 -3.1415925
v -0.0379369 7.5150862 0.1204580
vn 1.0547361 2.8978262 -2.7633512
v 0.0175913 7.5714588 0.1204580
vn 0.0000000 0.0000000 -3.1415927
v -0.0379369 7.5269141 0.1204580
vn 1.5102843 -2.6768239 -2.7353914
v 0.0250967 7.4699750 0.1204580
vn -1.0053917 -2.9116011 -2.7652071
v -0.0133760 7.4665980 0.1204580
vn -2.7825732 -0.9972636 -2.4568031
v -0.0379369 7.4861383 0.1204580
vn 2.0408297 2.3265200 -2.7996819
v 0.0348112 7.5610399 0.1204580
vn 0.0000000 0.0000000 -3.1415927
v -0.0379369 7.5455170 0.1204580
vn -2.7760363 1.0047383 -2.4460309
v -0.0379369 7.5519190 0.1204580
vn 0.0000000 0.0000000 -3.1415925
v -0.0379369 7.5354490 0.1204580
vn -2.6568642 1.1421018 2.3534575
v -0.0376504 7.5529079 0.1883680
vn -2.6264119 -1.1636353 2.3218110
v -0.0377894 7.4850030 0.1883680
vn -1.5085759 -2.6810970 2.7551329
v -0.0208837 7.4699750 0.1883680
vn -0.3330363 -3.0716071 2.7928097
v -0.0019476 7.4641323 0.1883680
vn 0.6924989 -3.0334449 2.8733122
v 0.0119307 7.4652443 0.1883680
vn 1.6376616 -2.6133368 2.7625422
v 0.0266653 7.4708824 0.1883680
vn 2.6474183 -1.1513978 2.3346164
v 0.0417927 7.4850664 0.1883680
vn 2.7740273 1.0039387 2.4429867
v 0.0420743 7.5520201 0.1883680
vn 1.9657035 2.3861949 2.7899029
v 0.0334366 7.5622621 0.1883680
vn 0.9052061 2.9392252 2.7411714
v 0.0158888 7.5720181 0.1883680
vn -1.5965935 2.6332142 2.7634914
v -0.0224497 7.5671773 0.1883680
vn 4.6025152 -1.8105339 -2.3187008
v -0.0283515 7.8640223 0.4044422
vn 1.6010318 -1.5187478 -1.5534248
v -0.0233827 7.8641243 0.4044422
vn 1.6401330 -1.6138430 1.6413784
v -0.0237106 7.8642292 0.5007212
vn 4.6390791 -1.8093309 2.2964382
v -0.0283515 7.8640223 0.5007212
vn 4.5518651 1.8108205 2.3509417
v -0.0283515 7.8749008 0.5007212
vn 1.5504084 1.5193145 1.5214142
v -0.0233827 7.8749590 0.5007212
vn 1.5893601 1.6157094 -1.6093413
v -0.0237130 7.8748441 0.4044422
vn 4.5883160 1.8107982 -2.3287582
v -0.0283515 7.8749008 0.4044422
vn 1.5629189 1.7146342 -1.6869044
v -0.0309369 7.8958960 0.3956504
vn 1.5629185 1.7146348 1.6869044
v -0.0309369 7.8958960 0.5095130
vn 5.7620206 -0.5388692 -1.5880474
v 0.0420753 7.2804952 0.1490530
vn 5.9335594 0.6887885 -1.1694331
v 0.0420754 6.9383392 0.1484610
vn 5.7399940 1.6499000 -0.5033610
v 0.0420754 6.9332991 0.1406900
vn 5.9201856 1.1835430 0.7196904
v 0.0420754 6.9341493 0.0983390
vn 5.9446359 -1.1289796 -0.6966751
v 0.0420754 7.2881751 0.1441760
vn 5.7448316 0.4617141 1.6555971
v 0.0420754 6.9416413 0.0936130
vn 5.8957405 -1.2711834 0.6631920
v 0.0420754 7.2884474 0.0996090
vn 5.8561597 -0.6262248 1.3911624
v 0.0420754 7.2818804 0.0938390
vn -5.6185222 1.2831053 -1.3910803
v -0.0379142 7.8100762 0.5478508
vn -3.8977065 1.8020128 -0.6848924
v -0.0379246 7.8958559 0.5541666
vn -5.5740752 0.4677154 -1.8994182
v -0.0379208 7.8215399 0.5537522
vn 3.7637091 -4.5853639 -1.1670012
v 0.0283898 6.6039662 0.6996969
vn 4.0315104 -0.2507533 -4.4664025
v 0.0272757 6.5759354 0.7220800
vn 3.8913312 4.6121063 0.7152815
v 0.0280553 6.5438976 0.6877546
vn 3.8371060 4.5981359 -0.7175580
v 0.0283075 6.5435929 0.6968257
vn 3.6857016 -4.4709697 1.8726641
v 0.0284461 6.6025133 0.6805782
vn 3.7820807 -3.7574167 2.9435968
v 0.0284874 6.5979881 0.6728668
vn 3.6288207 2.7546413 -4.0524983
v 0.0287431 6.5567713 0.7180078
vn 3.4909368 -0.1512906 5.0222607
v 0.0292326 6.5754833 0.6608958
vn 3.5386546 -1.7057753 -4.6839895
v 0.0288266 6.5847483 0.7215013
vn 3.7121222 3.5926085 3.1936474
v 0.0287565 6.5510406 0.6713202
vn 4.0315003 -2.7715371 -3.4651184
v 0.0275024 6.5930109 0.7156138
vn 3.7588620 -4.7598510 0.4879218
v 0.0284893 6.6046629 0.6888744
vn 3.7008631 -2.8515983 3.9062657
v 0.0283798 6.5923300 0.6676197
vn 3.5878074 1.0487348 -4.8146186
v 0.0292153 6.5666409 0.7227426
vn 3.6372340 1.4885988 4.7142076
v 0.0286458 6.5648346 0.6627363
vn 3.7661178 4.3494096 1.9187462
v 0.0281634 6.5460467 0.6797791
vn 3.7904072 4.3392630 -1.9768184
v 0.0284143 6.5462890 0.7054623
vn 3.6990654 -4.0117712 -2.7198639
v 0.0284878 6.5995350 0.7095561
vn 3.7517402 -1.8950177 4.3463202
v 0.0281685 6.5861483 0.6641502
vn 3.7788420 3.6818271 -3.0586948
v 0.0283346 6.5503283 0.7117880
vn 3.7971959 2.4141498 4.1009421
v 0.0283801 6.5582724 0.6659153
vn 5.2894187 0.2363002 -3.0865607
v 0.0248823 6.5726142 0.7188482
vn 5.5200615 -0.7483807 -2.5662858
v 0.0240046 6.5812573 0.7163613
vn 4.7613468 -1.5362445 -3.6003711
v 0.0265745 6.5844960 0.7192842
vn 6.0732188 -0.3663090 -1.0323973
v 0.0229292 6.5813341 0.7127638
vn 5.5743604 -1.6836395 -1.8833644
v 0.0239135 6.5912342 0.7102002
vn 4.9935336 -3.0823879 -1.8015192
v 0.0254923 6.5976381 0.7066244
vn 5.8722248 -1.4454957 -0.6337351
v 0.0230054 6.5947495 0.7013184
vn 5.0561023 -3.4117732 -0.4348879
v 0.0252582 6.6011643 0.6956897
vn 6.0162888 -1.2583637 -0.1042623
v 0.0229332 6.5956511 0.6950101
vn 5.2550402 -3.1547616 0.3996766
v 0.0248489 6.6004591 0.6892865
vn 5.9480524 -1.3279306 0.5051488
v 0.0229617 6.5948181 0.6845819
vn 5.0275474 -3.2394431 1.4000676
v 0.0255214 6.5994053 0.6812937
vn 5.2867441 -2.2605209 1.9854093
v 0.0245440 6.5936890 0.6748116
vn 5.1777225 -1.7063042 2.8150103
v 0.0250192 6.5882173 0.6693342
vn 6.0185285 -0.6479833 1.0674776
v 0.0229211 6.5851111 0.6735180
vn 5.6359167 -0.3223699 2.3553872
v 0.0236960 6.5776300 0.6680198
vn 4.5179734 -0.6568309 4.0278935
v 0.0265636 6.5783510 0.6634872
vn 4.6200390 0.7915742 3.8753004
v 0.0265496 6.5675673 0.6639358
vn 6.1030970 0.1516645 1.0139866
v 0.0228822 6.5710411 0.6712729
vn 5.5948596 0.9856178 2.1810780
v 0.0237064 6.5640750 0.6698568
vn 5.0225167 2.2112842 2.6542795
v 0.0253978 6.5564151 0.6710216
vn 6.0840144 0.8724750 0.6152398
v 0.0228824 6.5560174 0.6805035
vn 5.6042671 2.1556027 1.3466339
v 0.0239215 6.5525942 0.6794588
vn 5.0195451 3.2304897 1.5540380
v 0.0253908 6.5493002 0.6802616
vn 5.3127060 2.9931617 0.2467308
v 0.0244323 6.5480299 0.6904693
vn 6.0904980 1.0563023 0.1231581
v 0.0228801 6.5527496 0.6909560
vn 5.4703970 2.5449748 -0.6841447
v 0.0238775 6.5498457 0.6986421
vn 5.1402321 2.9093740 -1.6636646
v 0.0250258 6.5507212 0.7058170
vn 5.9649305 1.0972134 -0.9115788
v 0.0229708 6.5566878 0.7059794
vn 5.0616627 2.3290999 -2.5719388
v 0.0254516 6.5552382 0.7123752
vn 5.6559234 0.8641723 -2.2157838
v 0.0236515 6.5648541 0.7149344
vn 6.1499190 0.3193934 -0.8147239
v 0.0228736 6.5653963 0.7117574
vn 4.5395789 1.5572916 -3.7529032
v 0.0263355 6.5629859 0.7188968
vn 4.8651133 -2.5378766 -0.5400513
v 0.0358785 6.4624672 0.1833100
vn 0.0000028 0.0001985 0.0040764
v 0.0358785 6.4586439 0.2588770
vn 0.0000002 -0.0000259 0.0010523
v 0.0358785 6.4581490 0.2588770
vn 3.5346119 2.5847795 -1.3864357
v 0.0358785 6.4547892 0.2569671
vn -0.0784163 0.1548354 -3.1321824
v 0.0358785 6.4581904 0.2588770
vn -0.0197616 -0.0000000 -3.1415303
v 0.0358785 6.4583960 0.2588770
vn 2.7857018 -1.2405317 -2.6955080
v 0.0358782 6.5108032 0.6824555
vn 2.7031708 -2.4371734 -1.7637879
v 0.0358785 6.5133610 0.6802826
vn -0.0380345 0.0118859 3.1413255
v 0.0358785 6.4583960 0.3093220
vn -0.1166781 0.1588839 3.1301589
v 0.0358785 6.4581904 0.3093220
vn 4.1708331 2.3924208 -1.6978517
v 0.0358785 6.4570680 0.6320364
vn 3.8826096 1.2426296 -2.6776762
v 0.0358789 6.5077558 0.6820877
vn 3.0563571 -2.7501163 -0.1848517
v 0.0358795 6.5141726 0.1296641
vn -0.1123435 -0.2480116 3.1178846
v 0.0358785 6.4586020 0.3093220
vn -0.1123659 -0.2229608 -3.1224756
v 0.0358785 6.4586020 0.2588770
vn 2.7985954 1.1874008 2.7286954
v 0.0358781 7.7178903 0.1251700
vn 4.7989249 -2.6092649 0.4352732
v 0.0358785 6.4623842 0.6235197
vn 3.9979565 -2.8701160 0.7247809
v 0.0358785 6.4622674 0.3123070
vn 4.2005591 2.3062994 1.8137760
v 0.0358785 6.4575453 0.1748950
vn 2.6694877 -1.6851710 2.4070957
v 0.0358686 6.5120907 0.1257610
vn 3.5057962 2.5710862 -1.4317793
v 0.0358785 7.7666960 0.2569230
vn 0.0000007 -0.0000548 -0.0028979
v 0.0358785 6.4581490 0.3093220
vn 0.0000027 0.0002058 -0.0040423
v 0.0358785 6.4586439 0.3093220
vn 3.6152718 -4.6666846 -0.9483938
v 0.0371262 6.4711924 0.2876160
vn 3.5765510 -3.8301251 2.8000338
v 0.0370566 6.4689407 0.2773000
vn 3.9868779 2.7240303 -3.3966346
v 0.0366400 6.4501677 0.2946860
vn 3.5671430 -0.5933157 4.6734662
v 0.0370737 6.4602585 0.2721530
vn 4.0085797 -2.0611172 -3.7370884
v 0.0365066 6.4641981 0.2962290
vn 3.6577728 3.5153618 3.0066416
v 0.0369086 6.4481506 0.2770730
vn 4.2238607 1.3905921 -3.7130547
v 0.0362082 6.4542847 0.2966321
vn 3.8881688 1.5917730 4.0217781
v 0.0367206 6.4541554 0.2728970
vn 4.1897755 -3.2287116 -2.3924048
v 0.0362269 6.4682856 0.2923400
vn 4.1299386 -4.1138692 0.8004884
v 0.0364432 6.4706059 0.2825511
vn 4.0637527 3.8108957 -1.9828366
v 0.0364626 6.4473610 0.2909350
vn 4.2123308 -1.7452167 3.7542171
v 0.0363912 6.4635000 0.2736480
vn 3.7377365 4.5473838 0.9384151
v 0.0372323 6.4454618 0.2826090
vn 3.7038436 -0.1204676 -4.7529016
v 0.0371352 6.4588556 0.2980390
vn 5.2591252 -0.4286340 -2.9747119
v 0.0353856 6.4600134 0.2959020
vn 5.8010879 -1.0024840 -1.5985229
v 0.0349341 6.4631491 0.2935810
vn 5.9200568 -1.2399606 -0.7178780
v 0.0347549 6.4664521 0.2894250
vn 5.2381115 -2.9805949 -0.4756045
v 0.0355219 6.4694595 0.2868680
vn 5.8913813 -1.4319537 0.4058313
v 0.0347654 6.4672084 0.2823420
vn 5.1932616 -2.4400370 1.8643382
v 0.0355467 6.4674373 0.2782240
vn 5.8030829 -0.7836460 1.4139615
v 0.0348293 6.4630733 0.2766141
vn 5.5630665 -0.0075475 2.0324836
v 0.0349053 6.4584970 0.2750061
vn 5.5496764 1.0854659 1.7521954
v 0.0349075 6.4533682 0.2763360
vn 5.0189352 2.7599173 1.7262840
v 0.0356752 6.4486966 0.2786740
vn 5.7858777 1.6236589 0.3347779
v 0.0347800 6.4492474 0.2827730
vn 4.2820225 3.8660793 -0.4237886
v 0.0362052 6.4461179 0.2862871
vn 5.6444135 1.5064278 -1.1734387
v 0.0348587 6.4504900 0.2911080
vn 5.9213719 0.2864119 -1.4024795
v 0.0347602 6.4572291 0.2941980
vn 0.0000025 0.0001799 0.0036675
v 0.0358784 7.7705822 0.2588770
vn -0.0000002 -0.0000261 0.0010500
v 0.0358784 7.7700882 0.2588770
vn 4.2828474 -2.8700194 0.4247134
v 0.0358784 7.7741542 0.1818130
vn -0.0349897 0.0000000 -3.1413980
v 0.0358784 7.7703352 0.2588770
vn -0.1127985 -0.2135350 -3.1229820
v 0.0358784 7.7705412 0.2588770
vn 2.7097118 2.3895688 -1.7241386
v 0.0358754 7.7152929 0.6803255
vn -0.0970839 -0.1275599 3.1341035
v 0.0358784 7.7705412 0.3093220
vn -0.0557859 0.0022610 3.1410961
v 0.0358784 7.7703352 0.3093220
vn 4.7694445 2.1826727 -1.5256221
v 0.0358784 7.7634492 0.1771820
vn 4.3059144 -2.8680525 -0.4060150
v 0.0358784 7.7741995 0.6252954
vn 3.3993425 -2.4681048 1.5584214
v 0.0358785 7.7738628 0.3110110
vn -0.1125431 0.1591137 -3.1313326
v 0.0358784 7.7701292 0.2588770
vn 3.6081045 2.7635064 0.9605519
v 0.0358791 7.7150311 0.6770240
vn 4.8650250 2.2169237 1.3341252
v 0.0358785 7.7644582 0.6290408
vn 2.7409439 2.4636273 1.6873509
v 0.0358783 7.7151394 0.1274550
vn 3.8673720 -1.2917789 2.6639707
v 0.0358788 7.7211332 0.1256061
vn -0.0000007 -0.0000024 -0.0000296
v 0.0358784 7.7705822 0.3093220
vn 0.0000026 -0.0001404 -0.0040357
v 0.0358784 7.7700882 0.3093220
vn -0.1237895 0.1786109 3.1274314
v 0.0358784 7.7701292 0.3093220
vn 3.5953207 4.4687476 -1.8888183
v 0.0371110 7.7583618 0.2899870
vn 3.7941892 -4.5207510 0.0576353
v 0.0367973 7.7831984 0.2849700
vn 3.7690365 3.9456739 2.4867654
v 0.0371377 7.7596283 0.2776650
vn 4.1215701 -2.5111082 -3.2745218
v 0.0363901 7.7779212 0.2949480
vn 3.6882370 0.5103391 4.6415968
v 0.0371114 7.7689924 0.2720211
vn 4.1298962 1.9314524 -3.5535600
v 0.0362506 7.7645941 0.2959640
vn 3.6458533 -3.0586975 3.5842898
v 0.0370102 7.7786474 0.2750020
vn 4.2375574 4.1940589 -0.3330502
v 0.0365528 7.7578382 0.2861050
vn 3.9891982 2.3972876 3.6077635
v 0.0365659 7.7631855 0.2745860
vn 4.0018888 -3.9285583 1.7842143
v 0.0366471 7.7818270 0.2796150
vn 4.3249812 -3.6307018 -1.4392514
v 0.0361786 7.7816792 0.2897570
vn 3.6681917 -1.1597116 -4.5966454
v 0.0370390 7.7734842 0.2975990
vn 3.8601646 -1.3381102 4.4817042
v 0.0371296 7.7740870 0.2725600
vn 4.1830316 3.0622466 -2.8014801
v 0.0364701 7.7609372 0.2932570
vn 3.9833422 4.0156927 1.1855879
v 0.0364517 7.7582588 0.2817260
vn 4.1236134 -3.2792041 -2.6662321
v 0.0365900 7.7803531 0.2926590
vn 3.9908984 0.6267022 -4.4370313
v 0.0370119 7.7684922 0.2978350
vn 5.8043227 0.6411707 -1.4920346
v 0.0347819 7.7666273 0.2937070
vn 5.3835320 2.3795123 -1.1507040
v 0.0352765 7.7605252 0.2895750
vn 5.8299870 1.5963664 0.0165179
v 0.0347728 7.7610121 0.2852650
vn 5.5825024 1.5818725 1.2228456
v 0.0348576 7.7625852 0.2788221
vn 5.2379270 0.9721549 2.7724087
v 0.0354898 7.7663722 0.2746060
vn 5.0754919 -0.5407828 3.2226646
v 0.0354903 7.7723083 0.2739410
vn 5.9398470 -0.3434405 1.3213254
v 0.0347538 7.7725639 0.2758501
vn 5.1709809 -1.9313583 2.4668343
v 0.0356446 7.7775102 0.2761461
vn 5.7496185 -1.5774075 0.7592479
v 0.0348074 7.7790165 0.2809000
vn 5.5431528 -2.3624318 -0.0188903
v 0.0351445 7.7808619 0.2851410
vn 5.8212147 -1.1375510 -1.1077417
v 0.0347492 7.7769222 0.2916250
vn 5.3204260 -0.4110175 -2.6614809
v 0.0353054 7.7721553 0.2957751
vn 5.1899037 -0.5401865 2.2364972
v 0.0373642 7.2768850 0.0984141
vn 5.1271830 -2.1841381 0.7147321
v 0.0373642 7.2838173 0.1042180
vn 5.1308064 -2.2003369 -0.6652021
v 0.0373642 7.2837281 0.1385580
vn 5.2197404 -0.5357901 -2.2203095
v 0.0373642 7.2767344 0.1442980
vn 5.1592326 0.3819924 -2.3170197
v 0.0373642 6.9456153 0.1442490
vn 5.2302818 2.0753460 -0.8200559
v 0.0373643 6.9386053 0.1389860
vn 5.1170802 2.3800275 0.3304228
v 0.0373642 6.9379630 0.1066411
vn 5.2107143 0.8931252 2.0331626
v 0.0373643 6.9427004 0.0991300
vn 3.4745855 0.7889959 2.8424454
v 0.0358793 6.5080738 0.1253340
vn 3.1084354 -1.4411402 -2.6413131
v 0.0358779 6.4607019 0.2584250
vn 3.9698796 -2.8426058 -0.8171872
v 0.0358785 6.4622469 0.2560170
vn 3.1253247 1.0373772 -2.9000924
v 0.0358784 6.4568830 0.2586820
vn 3.4682260 -2.8260016 0.6853463
v 0.0358786 6.5138679 0.6773888
vn 3.0914271 1.1673045 2.8214338
v 0.0358782 6.4566321 0.3095731
vn 3.7031083 2.6902485 1.2133182
v 0.0358786 6.4546814 0.3115680
vn 3.1350005 -1.5296878 2.5829935
v 0.0358777 6.4608517 0.3098661
vn 3.5579271 2.7890911 -0.8602657
v 0.0358789 7.7148409 0.1303090
vn 3.0978701 1.0521979 -2.8899579
v 0.0358783 7.7688212 0.2586820
vn 3.1150529 -1.4524621 -2.6350451
v 0.0358779 7.7726412 0.2584250
vn 3.9734657 -2.8371673 -0.8262466
v 0.0358784 7.7741861 0.2560170
vn 2.9926338 0.0194626 -2.7686067
v 0.0358782 7.7194948 0.6827474
vn 3.1220345 -0.9252782 2.9492850
v 0.0358784 7.7716379 0.3094640
vn 3.0996270 1.2767143 2.7555904
v 0.0358780 7.7683563 0.3096440
vn 3.8229055 2.7575479 1.0616745
v 0.0358785 7.7665644 0.3117940
vn 4.2070184 2.8407586 0.6437160
v 0.0358785 6.4547386 0.1805490
vn 4.8075514 -2.1939123 -1.4587833
v 0.0358785 6.4649639 0.1775670
vn 4.2310920 2.8586607 -0.5564564
v 0.0358785 6.4546227 0.6262092
vn 4.8539300 -2.1974413 1.3852040
v 0.0358789 6.4645100 0.6294009
vn 4.1713753 -2.4399698 1.6206868
v 0.0358784 7.7720742 0.1760350
vn 4.8951426 2.4979105 -0.5994661
v 0.0358784 7.7661839 0.1827900
vn 4.1200542 -2.4732172 -1.5840113
v 0.0358779 7.7722845 0.6312287
vn 4.7905765 2.6248608 0.3943108
v 0.0358784 7.7663832 0.6232074
vn -0.0000010 0.0003403 0.0023429
v -0.0325006 6.4586439 0.2588770
vn -4.7779789 -2.6356106 -0.3864054
v -0.0325006 6.4623413 0.1844130
vn -3.5615449 2.6022394 -1.3782231
v -0.0325007 6.4547482 0.2568550
vn -0.0000007 -0.0000513 0.0021351
v -0.0325006 6.4581490 0.2588770
vn 0.1473020 0.0000000 -3.1381371
v -0.0325006 6.4583960 0.2588770
vn 0.1643591 0.1193857 -3.1308420
v -0.0325006 6.4581904 0.2588770
vn -2.7853975 -2.5531995 -1.5980417
v -0.0325005 6.5134649 0.6801547
vn -2.8384411 -1.4803942 -2.6409142
v -0.0325005 6.5113101 0.6821731
vn 0.1966729 0.2056781 3.1185913
v -0.0325006 6.4581904 0.3093220
vn 0.0962326 0.0175372 3.1400416
v -0.0325006 6.4583960 0.3093220
vn -3.5736568 0.8215653 -2.8264897
v -0.0325007 6.5083218 0.6824040
vn -4.1302814 2.4453568 -1.6307259
v -0.0325002 6.4567041 0.6315834
vn -3.3743379 -2.8180301 -0.6244034
v -0.0325014 6.5139365 0.1301941
vn 0.1194521 -0.1552130 3.1302986
v -0.0325006 6.4586020 0.3093220
vn 0.2318739 -0.2689544 -3.1032085
v -0.0325006 6.4586020 0.2588770
vn -2.6368918 1.9208701 2.2205193
v -0.0324880 7.7161169 0.1261300
vn -3.7025898 -2.6864173 1.2229594
v -0.0325007 6.4621110 0.3115680
vn -4.8418159 -2.5665042 0.4981145
v -0.0325006 6.4623847 0.6237172
vn -4.1218457 2.4752324 1.5776044
v -0.0325006 6.4564028 0.1763970
vn -3.7041323 2.6867857 -1.2257620
v -0.0325008 7.7666202 0.2566301
vn -2.5767863 -2.0348470 2.0547826
v -0.0324838 6.5130148 0.1264390
vn -0.0000010 -0.0001397 -0.0026205
v -0.0325006 6.4581490 0.3093220
vn -0.0000012 0.0000905 -0.0030906
v -0.0325006 6.4586439 0.3093220
vn -0.0000014 -0.0000905 0.0030906
v -0.0325007 7.7700882 0.2588770
vn -0.0000015 0.0003445 0.0023752
v -0.0325007 7.7705822 0.2588770
vn -4.2913766 -2.8567092 0.4876126
v -0.0325007 7.7741718 0.1818950
vn 0.1601212 -0.2941515 -3.1045201
v -0.0325007 7.7705412 0.2588770
vn 0.0579217 -0.0000000 -3.1410584
v -0.0325007 7.7703352 0.2588770
vn -2.6490052 1.6848128 -2.3934846
v -0.0324926 7.7169051 0.6820212
vn 0.0515649 0.0164407 3.1411002
v -0.0325007 7.7703352 0.3093220
vn 0.0776969 -0.1441927 3.1332579
v -0.0325007 7.7705412 0.3093220
vn -4.7531118 2.1633298 -1.5746515
v -0.0325009 7.7631931 0.1768560
vn -3.6781030 -2.6003757 1.3560091
v -0.0325008 7.7740121 0.3113850
vn -4.2795219 -2.8338068 -0.5830066
v -0.0325006 7.7740083 0.6268116
vn 0.1295396 0.1632124 -3.1297116
v -0.0325007 7.7701292 0.2588770
vn -4.8164611 2.1657126 1.4818652
v -0.0325010 7.7638855 0.6298316
vn -3.0942297 2.7730269 0.1328177
v -0.0325006 7.7146802 0.6778427
vn -3.3890879 -0.6141090 2.8493433
v -0.0325015 7.7204032 0.1251830
vn -0.0000012 -0.0002565 -0.0028362
v -0.0325007 7.7705822 0.3093220
vn -0.0000001 0.0000000 0.0000000
v -0.0325007 7.7700882 0.3093220
vn 0.1843663 0.2957253 3.1024945
v -0.0325007 7.7701292 0.3093220
vn -3.3825662 0.5683896 2.8503261
v -0.0325015 6.5082569 0.1252201
vn -3.0522947 -2.0052297 -1.9588372
v -0.0324999 6.4615765 0.2579330
vn -3.0687053 1.0565882 -2.8791811
v -0.0325005 6.4568496 0.2586890
vn -3.5614791 -2.8076489 0.8255645
v -0.0325008 6.5137653 0.6771484
vn -3.1430726 1.5035852 2.6043582
v -0.0325002 6.4560223 0.3098220
vn -3.9897587 2.8311732 0.8412707
v -0.0325006 6.4545460 0.3121821
vn -3.0948565 -1.1742553 2.8184536
v -0.0325004 6.4601603 0.3095731
vn -3.3490796 2.8082039 -0.4472854
v -0.0325008 7.7147150 0.1300050
vn -3.0839398 1.1676364 -2.8209903
v -0.0325004 7.7685719 0.2586260
vn -3.0241256 -1.9956743 -1.9704458
v -0.0324999 7.7735162 0.2579330
vn -3.6188881 -0.9146491 -2.7965269
v -0.0325012 7.7207012 0.6822710
vn -3.0988874 -1.0430163 2.8873336
v -0.0325005 7.7718821 0.3095100
vn -3.0097592 2.0165329 1.9397552
v -0.0324999 7.7671671 0.3102790
vn -4.3008509 2.8684378 0.4145271
v -0.0325006 6.4545364 0.1821740
vn -4.8819752 -2.2184665 -1.3055377
v -0.0325006 6.4641623 0.1786350
vn -4.2793326 2.8621044 -0.4789305
v -0.0325006 6.4545770 0.6257086
vn -4.8463769 -2.1834922 1.4190190
v -0.0325010 6.4647665 0.6297325
vn -4.1302676 -2.4404042 1.6337482
v -0.0325007 7.7720733 0.1760330
vn -4.9157352 2.4787450 -0.6025275
v -0.0325008 7.7661781 0.1826320
vn -4.0769548 -2.3005836 -1.8864033
v -0.0325007 7.7713499 0.6324314
vn -4.8366280 2.5718870 0.4967829
v -0.0325007 7.7663479 0.6237798
vn -4.7107120 2.3977172 0.0301901
v -0.0379459 6.9462204 -0.0207540
vn -4.9516125 -1.4091848 2.0116000
v -0.0379389 6.4763069 -0.0168390
vn -4.9440341 1.3717946 2.0605438
v -0.0379403 6.9433413 -0.0167260
vn -4.8948145 1.0457704 -2.2185392
v -0.0379405 6.9443712 -0.0231930
vn -4.7434893 -2.3696332 -0.1807763
v -0.0379504 6.4737320 -0.0209880
vn -4.9677100 -0.9110373 -2.2656872
v -0.0379388 6.4758534 -0.0232919
vn -5.4483280 0.5929692 2.0492094
v -0.0379368 6.8704171 0.0007150
vn -5.4578633 -0.5862596 2.0396292
v -0.0379367 6.5475726 0.0001240
vn -5.1845617 0.3922075 2.3338032
v -0.0379369 6.7396140 0.0459850
vn -5.1832118 -0.3950139 2.3342376
v -0.0379369 6.6803341 0.0459850
vn -1.5707965 1.5707965 -1.5707958
v -0.0378510 7.8958960 0.3956504
vn 1.5629196 -1.7146262 -1.6868950
v -0.0309369 7.8430252 0.3956504
vn -1.5707964 -1.5707958 -1.5707954
v -0.0378510 7.8430252 0.3956504
vn 1.5629199 -1.7146251 1.6868950
v -0.0309369 7.8430252 0.5095130
vn -1.5707964 1.5707946 1.5707953
v -0.0378510 7.8958960 0.5095130
vn -1.5707965 -1.5707997 1.5707977
v -0.0378510 7.8430252 0.5095130
vn -1.9035683 -2.4862261 4.3181281
v -0.0331136 3.5252073 0.7551515
vn 1.9758643 -2.5977216 4.1957464
v 0.0372832 3.5242171 0.7545991
vn -5.1631594 -2.0912888 -0.8070583
v -0.0379222 3.5126393 0.1318660
vn -4.4105296 -2.5420122 1.1481748
v -0.0379183 3.5121591 0.1290110
vn -4.9796605 -2.2176735 -1.0527624
v -0.0379288 3.4241412 0.1741000
vn -4.8140469 2.5977082 0.4565690
v -0.0379245 3.4485071 0.1810980
vn -4.9343362 -0.8041964 -2.3517001
v -0.0379213 3.5296931 0.0694430
vn -4.7067404 1.5707642 1.5768362
v -0.0379244 3.6471412 0.1144730
vn -4.8537803 2.1949856 1.3869557
v -0.0379240 3.4506412 0.1751850
vn -5.5375209 -1.5351771 1.2880675
v -0.0379249 3.5949922 0.1758190
vn -5.6330738 -0.5588741 1.7910122
v -0.0379229 3.5803790 0.1652700
vn -5.5673742 0.4773979 1.9118130
v -0.0379223 3.5064092 0.1651490
vn -5.0205026 1.0384535 2.1697907
v -0.0379214 3.5024211 0.1236711
vn -5.6420641 1.7784804 0.5511312
v -0.0379180 3.4854403 0.1847301
vn -4.1350193 -2.3609364 -1.7585456
v -0.0379250 3.4641101 0.1784580
vn -5.5312448 1.3181175 1.5205847
v -0.0379233 3.4948282 0.1713500
vn -4.3666964 -0.7319585 2.7139664
v -0.0379199 3.5057611 0.1237020
vn -2.4586596 5.3037639 1.1993756
v -0.0338871 3.4891922 0.1873161
vn 2.3391852 4.5766768 3.1745219
v 0.0381019 3.4924581 0.1796401
vn -2.2834761 4.3361406 3.4940207
v -0.0338459 3.4944103 0.1775310
vn 2.3722754 -5.3247638 1.3608840
v 0.0380363 4.4079623 0.1878870
vn -2.3654878 -5.4163065 0.8153962
v -0.0338682 4.4081669 0.1899660
vn 2.3947659 -4.8212366 2.6085460
v 0.0380392 3.5940592 0.1820050
vn 2.3729568 -5.4045000 0.7359352
v 0.0380549 3.5966382 0.1901780
vn -2.3437953 -5.4325590 0.8148456
v -0.0338681 3.5965931 0.1899630
vn 2.3991256 -5.3564768 1.2780083
v 0.0380303 4.2456474 0.1879100
vn 2.4061360 -5.3316512 -1.2618985
v 0.0380267 4.2455783 0.6012381
vn -2.2827077 -5.4896479 -0.6509007
v -0.0339040 4.2458973 0.5986561
vn -2.4186614 -5.3277988 1.2739023
v -0.0338759 4.2455783 0.1875970
vn 2.3545899 -5.4103670 -1.0841836
v 0.0380267 4.0832634 0.6012378
vn -2.3489418 -5.4015245 -0.9572998
v -0.0339040 4.0835819 0.5986566
vn -2.1685054 -5.5793004 0.6606490
v -0.0338680 4.0835381 0.1899630
vn -2.3219626 5.4564114 -0.7353052
v -0.0338911 3.4887803 0.5984003
vn 2.4095542 5.3707209 -0.8955914
v 0.0380424 3.4888771 0.5990607
vn 2.1608424 5.5877414 0.6734977
v 0.0380420 3.4887803 0.1904340
vn 2.2986934 5.4705439 0.6608023
v 0.0380422 3.9757242 0.1904351
vn -2.4618556 5.3023777 1.2011340
v -0.0338867 3.9761372 0.1873150
vn -2.3149955 4.7589703 -2.8109007
v -0.0338892 3.8159251 0.6066587
vn 2.1642339 4.3842325 -3.5733128
v 0.0380400 3.8191791 0.6115284
vn 2.4612861 5.2984338 -1.2189845
v 0.0380293 3.8138332 0.6015340
vn -2.4337018 4.2419100 -3.4118457
v -0.0338893 4.6301885 0.6108404
vn 2.3005610 4.3097920 -3.5180469
v 0.0380400 4.6307530 0.6115278
vn 2.4737980 5.2959428 -1.2208822
v 0.0380292 4.6254072 0.6015337
vn -2.3857143 5.3667216 -1.2399708
v -0.0338987 4.6252432 0.6006904
vn -1.9199345 2.5285063 -4.3020005
v -0.0331166 4.6971807 0.0664940
vn 2.1958492 3.2031147 -3.9339881
v 0.0372528 4.7012401 0.0695111
vn 1.9241321 1.3000170 -4.8159900
v 0.0372645 4.6937189 0.0650600
vn -5.6432347 1.7708762 0.5575948
v -0.0379180 3.9723802 0.1847460
vn -5.6568060 -1.7282639 0.6241935
v -0.0379163 3.9242573 0.1835051
vn -5.5191979 -2.0038669 -0.3443160
v -0.0379239 4.0875840 0.5989480
vn -5.6511202 1.7386624 -0.6263387
v -0.0379163 4.1350741 0.6053293
vn -5.6511626 1.7390665 -0.6274577
v -0.0379145 4.2973909 0.6053292
vn -5.6398711 1.7852420 0.5546464
v -0.0379176 4.2970104 0.1847470
vn -5.5761318 -1.8907645 0.4827076
v -0.0379223 4.2494211 0.1862780
vn -5.6647058 1.7191714 -0.6213662
v -0.0379188 3.8103642 0.6052014
vn -5.5241008 1.3368134 1.5201454
v -0.0379247 3.6569133 0.2541100
vn -4.6598206 1.5696083 -1.6039991
v -0.0379246 3.6471412 0.1944840
vn -5.5850568 -1.8943595 0.4732943
v -0.0379220 3.6001663 0.1862880
vn -5.6422138 1.7784438 0.5488729
v -0.0379152 3.6477501 0.2672780
vn -5.6608601 -1.7581052 -0.5505610
v -0.0379189 4.4115582 0.6041291
vn -5.6610646 1.7295333 -0.6127206
v -0.0379188 4.4596233 0.6052016
vn -5.5733061 0.4835892 1.8954098
v -0.0379218 4.4803009 0.2476740
vn -3.1415927 -0.0000048 -3.1414354
v -0.0379246 4.4838853 0.1944840
vn -4.7097578 1.5709084 -1.5723540
v -0.0379246 4.4560161 0.1944840
vn -5.5884118 -1.8861271 0.4753011
v -0.0379257 4.4118133 0.1864860
vn -5.5371661 1.3061876 1.5200891
v -0.0379227 4.4687171 0.2538770
vn -5.6401777 1.7954848 0.5535307
v -0.0379140 4.4593263 0.2672790
vn -5.4929700 2.0387239 -0.3173052
v -0.0379241 4.6211948 0.5998984
vn 2.3254266 -0.7126404 5.4638052
v 0.0378083 3.3992012 0.5193729
vn -2.3102653 -0.8120676 5.4697833
v -0.0330969 3.3994932 0.5193708
vn 2.3146870 -0.7866289 -5.4695196
v 0.0374681 3.3994961 0.4201966
vn -2.2772031 -0.7352539 -5.4988990
v -0.0333355 3.3991821 0.4201956
vn -2.4253373 -3.0059960 -4.5531874
v -0.0331922 3.4076493 0.4172323
vn 2.2065420 -3.2802019 -4.5746427
v 0.0373054 3.4083872 0.4167678
vn 2.1952345 -0.5265169 -5.0505257
v 0.0372528 3.5336721 0.0643231
vn -1.8923064 -1.3329289 -4.8455915
v -0.0331246 3.5286672 0.0650600
vn -2.3209331 0.0000803 -5.2586613
v -0.0331081 3.7067380 0.0643231
vn 3.0478940 0.3907874 -3.5432968
v -0.0306386 3.7033710 0.0643231
vn 2.6234491 1.6125581 -3.5231991
v -0.0267186 3.6924462 0.0643231
vn -3.0463173 -0.3767945 -3.5637233
v 0.0348518 3.7101650 0.0643231
vn -2.9316931 0.9112678 -3.5688431
v 0.0338257 3.6987343 0.0643231
vn -2.3200588 2.0263352 -3.5314159
v 0.0279931 3.6884933 0.0643231
vn 1.8003216 2.5097022 -3.4930937
v -0.0184103 3.6836622 0.0643231
vn -1.4028988 2.7544341 -3.4880445
v 0.0181991 3.6810062 0.0643231
vn 0.7715188 2.9971423 -3.4713964
v -0.0069434 3.6783822 0.0643231
vn -0.3200767 3.0800629 -3.4639485
v 0.0059252 3.6774483 0.0643231
vn -0.7447892 -2.3277643 -4.9666772
v -0.0078069 3.3197782 0.4202586
vn -2.2653668 -0.7405854 -5.0420609
v -0.0331221 3.3446951 0.4202606
vn 2.6967006 1.3415353 -3.7077074
v -0.0253081 3.3527532 0.4202606
vn 1.6301950 2.5721326 -3.6295767
v -0.0142776 3.3409922 0.4202606
vn 0.9836169 -2.2426779 -4.9554372
v 0.0144006 3.3201113 0.4202579
vn 2.2904515 -0.9176302 -4.9231424
v 0.0375699 3.3431721 0.4202582
vn -2.6365538 1.5862163 -3.5374012
v 0.0294428 3.3505023 0.4202606
vn -1.8104616 2.4985936 -3.5131824
v 0.0218925 3.3423932 0.4202606
vn 0.3663448 3.0647817 -3.5090802
v -0.0006627 3.3366041 0.4202606
vn -0.7746270 2.9945505 -3.4866748
v 0.0112644 3.3374763 0.4202606
vn 0.7665696 -2.3218644 4.9590192
v 0.0131194 3.3197851 0.5193097
vn 2.2936075 -0.7547845 5.0035920
v 0.0377308 3.3447132 0.5193094
vn -2.3321815 2.0109036 3.5345352
v 0.0268717 3.3468952 0.5193070
vn -0.3587136 -2.3519058 5.1622305
v -0.0077153 3.3197601 0.5193071
vn -2.2136273 -0.9617780 5.0019112
v -0.0326964 3.3427112 0.5193071
vn -1.4226856 -1.9582441 5.1150913
v -0.0105586 3.3209212 0.5193071
vn -2.9484005 0.5834928 3.7425776
v 0.0330747 3.3580461 0.5193070
vn -1.3975899 2.7561746 3.4977081
v 0.0177917 3.3399191 0.5193070
vn -2.7290854 -1.2711881 3.7526197
v 0.0310586 3.3750973 0.5193070
vn -0.3249699 3.0765440 3.4829144
v 0.0064134 3.3366041 0.5193070
vn 0.7803535 2.9913595 3.4911954
v -0.0055137 3.3374763 0.5193070
vn -1.6356963 -2.5827670 3.6296597
v 0.0200277 3.3868582 0.5193070
vn -0.3666873 -3.0893338 3.5088468
v 0.0064108 3.3912451 0.5193070
vn 1.8479739 2.4600668 3.5458081
v -0.0165863 3.3426542 0.5193070
vn 2.6724846 1.5180968 3.5553272
v -0.0243482 3.3514311 0.5193070
vn 0.8154120 -2.9935551 3.5124576
v -0.0055140 3.3903732 0.5193070
vn 3.0714693 0.2682664 3.5588987
v -0.0275854 3.3617232 0.5193070
vn 2.0146432 -2.2921083 3.6377230
v -0.0184351 3.3839371 0.5193070
vn 2.8846550 -1.0789955 3.5855825
v -0.0262194 3.3723381 0.5193070
vn 2.2387619 -0.7591795 5.5260048
v 0.0380190 3.5753481 0.1687191
vn -2.2961099 -0.6671548 5.4789219
v -0.0339041 3.5751343 0.1686740
vn -2.2769794 4.3408961 3.4796112
v -0.0338459 3.6567252 0.2600580
vn 2.3068948 4.7495723 2.8375826
v 0.0380401 3.6536112 0.2647010
vn 2.3676145 3.1425853 4.5508661
v 0.0380988 3.6617882 0.2550570
vn -2.3584433 -2.6278894 -4.8409414
v -0.0338892 3.5831361 0.6176696
vn 2.3303897 -3.5433719 -4.2116346
v 0.0379967 3.5877812 0.6145549
vn 2.4167807 -1.3757308 -5.2997813
v 0.0380377 3.5779963 0.6197732
vn 2.3729250 0.7378124 5.4048066
v 0.0380549 3.5103092 0.1686740
vn -2.3204689 0.7354143 5.4516068
v -0.0338682 3.5100942 0.1687191
vn -2.3234341 -2.8367038 -4.7475023
v -0.0338894 4.7193408 0.6176693
vn 2.3034339 -2.8365922 -4.7739697
v 0.0380401 4.7201252 0.6172501
vn 2.3162129 -0.7213808 -5.4598708
v 0.0380425 4.7117405 0.6200886
vn -2.1456044 -0.6187798 -5.5961342
v -0.0338915 4.7110806 0.6201860
vn 2.3663459 2.6590061 4.8312302
v 0.0380300 3.5020401 0.1712970
vn -2.3524153 2.6625786 4.8346519
v -0.0338793 3.5017781 0.1714380
vn -2.2922444 -0.6610106 -5.4725623
v -0.0338914 3.5748773 0.6201860
vn 2.1622252 0.6249736 -5.5844302
v 0.0380423 3.5105662 0.6201860
vn -2.3163104 0.7214837 -5.4597807
v -0.0338917 3.5099061 0.6200886
vn -2.3310037 2.8908377 -4.7288361
v -0.0338892 3.5015221 0.6172502
vn 2.3347473 2.8133757 -4.7512197
v 0.0380401 3.5023062 0.6176695
vn 2.3803174 4.4795513 -3.2157362
v 0.0380313 3.4929812 0.6098212
vn -2.3891902 4.6503301 -2.9785514
v -0.0338805 3.4922743 0.6087647
vn -2.1675072 4.4438028 -3.5132978
v -0.0338893 3.6562991 0.6108404
vn 2.2842610 4.1411209 -3.7169440
v 0.0380401 3.6568642 0.6115279
vn 2.4093916 5.3346906 -1.3545790
v 0.0380321 3.6515172 0.6015357
vn -2.3680027 5.4185100 -1.0119123
v -0.0338986 3.6513543 0.6006903
vn -2.3256214 -5.4592547 -0.7368371
v -0.0339159 3.5965900 0.5987269
vn 2.1790559 -5.5754490 -0.6738026
v 0.0379965 3.5965652 0.5989250
vn 2.2907033 -4.7603369 -2.8472822
v 0.0380301 3.5938752 0.6071880
vn -2.2959545 -4.6044984 -3.1910856
v -0.0339512 3.5927901 0.6094853
vn 2.2661407 -3.2317343 4.5890198
v 0.0380068 3.5859332 0.1726010
vn -2.2685478 -2.8312716 4.8081679
v -0.0338867 3.5834422 0.1713110
vn -2.4405513 -4.5013547 3.1068366
v -0.0338954 3.5927043 0.1793361
vn 5.5830002 -1.5333982 1.2150623
v 0.0420758 3.5950251 0.1758560
vn 4.7103815 1.5705000 -1.5744244
v 0.0420754 3.6471221 0.1944840
vn 3.1415925 0.0000000 -3.1416445
v 0.0420754 3.6678202 0.1944840
vn 5.5895276 0.4417202 1.8947765
v 0.0420763 3.6697562 0.2474080
vn 5.5581579 -1.9410421 0.4225039
v 0.0420731 3.6003981 0.1873640
vn 5.5584764 1.3368121 1.4558473
v 0.0420756 3.6575792 0.2535660
vn 5.5193853 2.0246413 -0.2313635
v 0.0420748 3.6471212 0.5989570
vn 5.6563654 1.7251995 0.6362389
v 0.0420653 3.6481280 0.2660370
vn -2.4625232 5.3018179 1.2011420
v -0.0338867 3.6515071 0.2698420
vn 2.1395416 5.6013103 0.6059896
v 0.0380422 3.6510942 0.2729610
vn -2.3967466 5.3383317 1.3476367
v -0.0338868 3.8138223 0.1873150
vn 2.1365314 5.6031656 0.6026409
v 0.0380419 3.8134103 0.1904330
vn 2.3052957 4.7502661 2.8387518
v 0.0380401 3.8159251 0.1821760
vn 2.4087524 0.8232375 5.3794918
v 0.0380537 3.6726372 0.2512000
vn 2.1899314 -0.6767805 5.5624552
v 0.0380190 3.7376633 0.2512450
vn -2.3504193 0.7396889 5.4335775
v -0.0338683 3.6724122 0.2512450
vn -2.3060522 -0.6752331 -5.4604983
v -0.0338915 3.7371912 0.6201860
vn 2.4271836 -1.3384473 -5.3129749
v 0.0380377 3.7403111 0.6197732
vn 2.2693307 -2.8742220 4.7545118
v 0.0380302 3.7459803 0.2539630
vn -2.4292295 -1.1160741 5.3442092
v -0.0338795 3.7397161 0.2514501
vn -2.3154905 2.6619534 4.8587170
v -0.0338725 3.6640801 0.2539760
vn 2.1721332 0.6319218 -5.5768609
v 0.0380423 3.6728802 0.6201860
vn -2.3506463 0.9273196 -5.3997631
v -0.0338917 3.6722212 0.6200886
vn -2.4223146 2.6056678 -4.7764225
v -0.0338892 3.6638372 0.6172504
vn 2.3555830 2.7111049 -4.7798591
v 0.0380401 3.6646211 0.6176696
vn 5.6419086 1.7742068 -0.5561307
v 0.0420653 3.8100522 0.6039840
vn 5.4996953 -2.0316908 -0.3237015
v 0.0420754 3.7629323 0.5990915
vn 2.3594563 -4.8807836 -2.5310831
v 0.0380318 3.7561960 0.6071785
vn -2.2957025 -4.6046000 -3.1912141
v -0.0339513 3.7551050 0.6094855
vn 2.3159409 -3.5055666 -4.2832241
v 0.0379968 3.7500963 0.6145549
vn -2.3262508 -5.4592996 -0.7358745
v -0.0339159 3.7589052 0.5987263
vn 2.3499615 -5.4095354 -0.8896763
v 0.0379970 3.7588801 0.5989303
vn -2.3583996 -2.6278911 -4.8410120
v -0.0338894 3.7454512 0.6176697
vn 2.2909393 -4.2111125 3.6106634
v 0.0380301 3.7535920 0.2602860
vn -2.1599643 -3.5003595 4.4500194
v -0.0338794 3.7498672 0.2565610
vn -2.3666360 -4.8516240 2.5568113
v -0.0338792 3.7561893 0.2641730
vn 2.3847265 -5.3587842 1.2793834
v 0.0380301 3.7587023 0.2704360
vn -2.3457785 -5.4129319 0.8430955
v -0.0338681 3.7589083 0.2724900
vn 2.3583786 4.8411450 2.6276157
v 0.0380400 3.9782400 0.1821771
vn 2.3272521 -0.7428346 5.4456177
v 0.0380190 3.8999782 0.1687191
vn -2.3427577 -0.8671862 5.4101639
v -0.0339041 3.8997631 0.1686740
vn -2.3005280 -0.6694749 -5.4653535
v -0.0338914 3.8995061 0.6201860
vn 2.4168010 -1.3756734 -5.2997742
v 0.0380376 3.9026260 0.6197732
vn 2.3696449 -2.7195392 4.7928233
v 0.0380301 3.9082942 0.1714370
vn -2.3873127 -2.4835672 4.8751950
v -0.0338793 3.9080312 0.1712970
vn 2.3862696 3.1400704 4.5333056
v 0.0381021 3.8241091 0.1725221
vn -2.2889459 2.8482485 4.7605247
v -0.0338793 3.8264072 0.1714370
vn 2.3944011 0.8286498 5.3890586
v 0.0380549 3.8349380 0.1686740
vn -2.2086427 0.6964011 5.5526657
v -0.0338682 3.8347230 0.1687191
vn -2.2601013 4.1788960 3.6715341
v -0.0338459 3.8190403 0.1775310
vn 2.3467526 0.7647461 -5.4170799
v 0.0380423 3.8351951 0.6201860
vn -2.4070084 0.8990397 -5.3691325
v -0.0338917 3.8345351 0.6200886
vn -2.3662360 3.2138815 -4.4846520
v -0.0338807 3.8237753 0.6159859
vn 2.3606935 2.4523792 -4.9141273
v 0.0380401 3.8269362 0.6176696
vn -2.1809237 5.5687304 -0.5962172
v -0.0339051 3.8134491 0.5983939
vn -2.4039161 4.3374896 -3.3364253
v -0.0338892 3.9809303 0.6108410
vn 2.3060317 4.3036866 -3.5190189
v 0.0380401 3.9814942 0.6115284
vn 2.4732819 5.2978439 -1.2130023
v 0.0380375 3.9761372 0.6015200
vn -2.4088347 5.3581834 -1.1520230
v -0.0338867 3.9759340 0.6005831
vn 2.2893198 -4.7603488 -2.8478260
v 0.0380302 3.9185042 0.6071877
vn 2.3305669 -3.5434346 -4.2114377
v 0.0379967 3.9124112 0.6145549
vn -2.3536198 -4.6350565 -3.0581913
v -0.0339513 3.9174201 0.6094852
vn 2.1748195 -5.5790505 -0.6711495
v 0.0380189 3.9212232 0.5988722
vn -2.3946462 -5.3889856 -0.8281510
v -0.0339040 3.9212670 0.5986563
vn -2.2776885 -2.6833916 -4.8845944
v -0.0338894 3.9077663 0.6176696
vn 2.2737494 -4.6379924 3.1524663
v 0.0380167 3.9175763 0.1797150
vn -2.1556287 -4.3763995 3.6036510
v -0.0338794 3.9157181 0.1775290
vn 2.3095534 -5.4718428 0.7201009
v 0.0380547 3.9212670 0.1901790
vn -2.3566232 -5.4067097 1.0945218
v -0.0338761 3.9209480 0.1875980
vn 5.6498318 -1.7404213 -0.6261660
v 0.0420671 3.9242573 0.6053298
vn 5.5680313 1.9108363 0.4794479
v 0.0420730 3.9722252 0.1862780
vn 2.3168085 -0.7260630 5.4538479
v 0.0380189 4.0622931 0.1687191
vn 2.3290260 -2.6642451 4.8371696
v 0.0380301 4.0706100 0.1714380
vn -2.4071059 -1.2814897 5.3262472
v -0.0338796 4.0643463 0.1689240
vn -2.3212671 5.4603343 0.7211271
v -0.0338916 4.1381359 0.1897750
vn 2.1623952 5.5875158 0.6813791
v 0.0380421 4.1380391 0.1904351
vn -2.2933300 4.7820926 2.8250442
v -0.0338894 4.1409740 0.1813910
vn -2.2007911 -2.7575262 -4.9181867
v -0.0338894 4.0700812 0.6176694
vn 2.3520932 -2.6814845 -4.8194323
v 0.0380401 4.0708652 0.6172502
vn 2.3882425 -0.8090887 -5.3862252
v 0.0380425 4.0624809 0.6200886
vn -2.2977715 -0.6671927 -5.4709258
v -0.0338914 4.0618210 0.6201860
vn 2.3176453 0.7375915 5.4685497
v 0.0380549 3.9972532 0.1686740
vn -2.3584175 0.8502830 5.4103780
v -0.0338682 3.9970381 0.1687191
vn -2.3780680 2.5383427 4.8595600
v -0.0338793 3.9887223 0.1714370
vn 2.2941802 3.1954312 4.6028733
v 0.0381021 3.9864242 0.1725221
vn -2.1511660 4.4147854 3.5399826
v -0.0338459 3.9813552 0.1775310
vn 2.3061206 0.6758442 -5.4636717
v 0.0380423 3.9975102 0.6201860
vn -2.3162394 0.7214206 -5.4598470
v -0.0338917 3.9968500 0.6200886
vn 2.3462203 2.5678127 -4.8815093
v 0.0380401 3.9892511 0.6176696
vn -2.2976251 2.8362701 -4.7744751
v -0.0338893 3.9884663 0.6172504
vn -2.3659658 3.5882907 -4.1634545
v -0.0338892 4.1466970 0.6144165
vn 2.4037502 3.3363883 -4.3377595
v 0.0380400 4.1473842 0.6149807
vn 2.2972085 4.7747874 -2.8364246
v 0.0380401 4.1409740 0.6074440
vn -2.3555064 4.7799735 -2.7110150
v -0.0338894 4.1405554 0.6066597
vn 2.2817926 -4.3509541 -3.4793720
v 0.0379967 4.0782089 0.6110201
vn -2.4898021 -4.5450811 -2.9658358
v -0.0339513 4.0797353 0.6094849
vn -2.3439813 -3.4765861 4.2642808
v -0.0338793 4.0744963 0.1740340
vn 2.2764914 -4.3870687 3.4400477
v 0.0380301 4.0782223 0.1777600
vn 2.4262791 -5.3477988 1.1084415
v 0.0380303 4.0833330 0.1879100
vn -2.2696466 -4.7543364 2.8738749
v -0.0338794 4.0808191 0.1816471
vn 5.6621113 1.7419028 0.5949191
v 0.0420671 4.1350741 0.1835060
vn -2.1342077 5.6049838 -0.6115068
v -0.0338913 4.1380391 0.5984005
vn 2.3154342 5.4615984 -0.7173975
v 0.0380424 4.1381359 0.5990603
vn -2.3214059 5.4602122 0.7211180
v -0.0338916 4.3004513 0.1897750
vn 2.1624568 5.5874901 0.6814409
v 0.0380421 4.3003540 0.1904351
vn -2.3627667 -0.8565736 -5.4063821
v -0.0338915 4.2241364 0.6201860
vn 2.3194654 -0.7147968 -5.4634910
v 0.0380425 4.2247963 0.6200886
vn 2.3659770 0.7312650 5.4067645
v 0.0380549 4.1595683 0.1686740
vn 2.1921902 -0.6849411 5.5613704
v 0.0380190 4.2246084 0.1687191
vn -2.2792144 -0.6504470 5.4943357
v -0.0339041 4.2243929 0.1686740
vn -2.3999376 1.2648051 5.3335428
v -0.0338763 4.1569881 0.1689930
vn 2.2857985 -2.8732650 4.7520547
v 0.0380300 4.2329245 0.1714380
vn -2.3117058 -2.7408941 4.8157797
v -0.0338793 4.2326612 0.1712970
vn 2.3466163 2.6590679 4.8342795
v 0.0380300 4.1513004 0.1712970
vn -2.3666227 3.3942373 4.3045278
v -0.0338458 4.1472054 0.1740470
vn 2.3369265 4.5853419 3.1634417
v 0.0381021 4.1417160 0.1796410
vn 2.4036391 1.1541156 -5.3592105
v 0.0380377 4.1576424 0.6199755
vn -2.4299543 1.3816205 -5.2956071
v -0.0338869 4.1567049 0.6197732
vn -2.3460491 4.7840147 -2.7059994
v -0.0338894 4.3028703 0.6066598
vn 2.2753129 4.5657158 -3.2533200
v 0.0380314 4.3045540 0.6098200
vn 2.3664978 -4.3044119 -3.3946128
v 0.0379967 4.2405243 0.6110203
vn -2.4504128 -3.0077147 -4.5598025
v -0.0339513 4.2349300 0.6165082
vn -2.2578716 -4.7940345 -2.8598435
v -0.0338793 4.2432752 0.6069240
vn 2.2936044 -2.8247583 -4.7819214
v 0.0380401 4.2331800 0.6172502
vn 2.3094032 -4.2096610 3.6085024
v 0.0380301 4.2405362 0.1777600
vn -2.3961170 -4.2515144 3.4553125
v -0.0338794 4.2403469 0.1775290
vn -2.1340573 5.6051202 -0.6114752
v -0.0338914 4.3003540 0.5984009
vn 2.3413491 5.4414005 -0.7952459
v 0.0380424 4.3004513 0.5990603
vn 2.3851237 3.1499496 4.5268464
v 0.0381021 4.4733691 0.2550480
vn 2.3848383 0.8212940 5.3922343
v 0.0380544 4.4841971 0.2512010
vn -2.4032335 1.2704841 5.3300247
v -0.0338764 4.4816179 0.2515190
vn -2.2933757 4.7821245 2.8248234
v -0.0338894 4.3032894 0.1813910
vn 2.3371465 4.5851579 3.1633923
v 0.0381021 4.3040314 0.1796410
vn -2.3665786 3.3945289 4.3044353
v -0.0338459 4.3095193 0.1740470
vn -2.3791175 -2.5258651 -4.8679290
v -0.0338893 4.3947101 0.6176694
vn 2.4167769 -1.3757323 -5.2997885
v 0.0380376 4.3895702 0.6197732
vn -2.3411989 -0.7585114 -5.4187441
v -0.0338915 4.3864512 0.6201860
vn 2.3473728 -0.8518619 5.4119711
v 0.0380189 4.3869233 0.1687191
vn 2.3097737 -2.5680509 4.9199185
v 0.0380301 4.3952389 0.1714380
vn -2.3489788 -2.7832644 4.7750292
v -0.0338793 4.3949761 0.1712970
vn -2.2791319 -0.6504424 5.4944124
v -0.0339041 4.3867083 0.1686740
vn 2.3661544 0.7312825 5.4066062
v 0.0380549 4.3218832 0.1686740
vn -2.4000001 1.2646869 5.3335128
v -0.0338763 4.3193030 0.1689930
vn 2.3466644 2.6591129 4.8342123
v 0.0380301 4.3136153 0.1712970
vn 5.4974527 -2.0472786 0.2487373
v 0.0420748 4.2498989 0.1898880
vn 2.3016658 0.6653634 -5.4653540
v 0.0380423 4.3221402 0.6201860
vn -2.4178751 1.3794684 -5.2980776
v -0.0338869 4.3190203 0.6197732
vn 2.3557215 2.6185040 -4.8472080
v 0.0380401 4.3138809 0.6176697
vn -2.3491838 3.5887752 -4.1659942
v -0.0338894 4.3090124 0.6144162
vn -2.3406854 4.7856588 -2.7088332
v -0.0338894 4.4651852 0.6066602
vn 2.3521273 4.1638842 -3.5905492
v 0.0380401 4.4684372 0.6115274
vn 2.4199879 5.3008122 -1.3675380
v 0.0380322 4.4630909 0.6015357
vn 2.2908485 -4.7601113 -2.8473501
v 0.0380301 4.4054489 0.6071879
vn 2.3304574 -3.5433466 -4.2115989
v 0.0379967 4.3993549 0.6145550
vn -2.1863272 -4.6474667 -3.2584965
v -0.0339513 4.4043641 0.6094852
vn 2.1797597 -5.5754008 -0.6732033
v 0.0379965 4.4081402 0.5989243
vn -2.3263562 -5.4591150 -0.7359058
v -0.0339159 4.4081640 0.5987258
vn 2.1692076 -4.5797944 3.2963450
v 0.0380305 4.4028549 0.1777630
vn -2.3653386 -4.5735135 3.1205850
v -0.0338579 4.4042654 0.1793430
vn -2.3161743 5.4610229 0.7171315
v -0.0338917 4.4627662 0.2723020
vn 2.1388276 5.6016631 0.6138470
v 0.0380421 4.4626684 0.2729620
vn 5.5947566 -1.8651247 0.4724284
v 0.0420759 4.4120064 0.1873250
vn 4.5983858 1.5667723 -1.6365830
v 0.0420753 4.4559960 0.1944840
vn 5.5789490 0.4389989 1.9099940
v 0.0420717 4.4813790 0.2474480
vn 5.6563916 1.7346425 0.6367176
v 0.0420640 4.4597044 0.2660370
vn 5.5585437 1.3097068 1.4784685
v 0.0420734 4.4695139 0.2532220
vn -2.3971033 5.3385038 1.3463271
v -0.0338868 4.6253963 0.1873150
vn 2.3039870 5.4660864 0.6619469
v 0.0380418 4.6249838 0.1904330
vn 2.3574502 4.8417010 2.6282885
v 0.0380401 4.6274996 0.1821760
vn -2.2228298 2.9050043 -4.7957687
v -0.0338893 4.6377258 0.6172503
vn 2.3461590 2.5678818 -4.8815598
v 0.0380401 4.6385102 0.6176696
vn 2.3230569 4.7476039 2.8371449
v 0.0380401 4.4651852 0.2647010
vn -2.3030837 4.7741613 2.8368268
v -0.0338894 4.4656053 0.2639160
vn -2.3068149 -2.8373773 -4.7496753
v -0.0338893 4.5570250 0.6176695
vn 2.4620497 -1.2175244 -5.2972507
v 0.0380376 4.5518851 0.6197732
vn -2.1564484 -0.6187106 -5.5862713
v -0.0338915 4.5487661 0.6201860
vn 2.2851548 -2.8738163 4.7522531
v 0.0380301 4.5575542 0.2539641
vn -2.3371708 -2.5932989 4.8781400
v -0.0338794 4.5572910 0.2538230
vn -2.3785591 3.4022183 4.2959785
v -0.0338459 4.4718351 0.2565730
vn 2.1412807 0.6084501 -5.5977230
v 0.0380422 4.4844542 0.6201860
vn -2.4178932 1.3793713 -5.2980800
v -0.0338869 4.4813352 0.6197732
vn 2.3416629 2.7129595 -4.7808094
v 0.0380401 4.4761953 0.6176693
vn -2.3509104 3.5915749 -4.1638546
v -0.0338893 4.4713273 0.6144165
vn -2.1772056 5.5712981 -0.5938143
v -0.0339050 4.4627094 0.5983935
vn 5.6407619 1.7811209 -0.5494840
v 0.0420633 4.6216283 0.6039834
vn 5.4999175 -2.0313828 -0.3227974
v 0.0420754 4.5745058 0.5990922
vn -2.3908646 -5.3929172 -0.8182766
v -0.0339159 4.5704794 0.5987256
vn 2.3494062 -5.4100742 -0.8885232
v 0.0379969 4.5704541 0.5989300
vn 2.4236670 -5.3217359 1.2834524
v 0.0380301 4.5702767 0.2704360
vn -2.3736367 -5.4021339 1.0992588
v -0.0338760 4.5702081 0.2701240
vn 2.3593953 -4.8809943 -2.5310149
v 0.0380318 4.5677710 0.6071783
vn -2.3875561 -4.5355096 -3.1354508
v -0.0339513 4.5666790 0.6094854
vn 2.3623161 -4.2629213 3.4745367
v 0.0380301 4.5651674 0.2602860
vn -2.3038368 -4.3195968 3.5117579
v -0.0338794 4.5649772 0.2600560
vn 2.1552429 -3.5379984 -4.4126749
v 0.0379966 4.5616703 0.6145549
vn 2.1937346 -0.6850888 5.5602207
v 0.0380187 4.5492401 0.2512450
vn -2.3688533 -0.7280926 5.4094963
v -0.0339041 4.5490222 0.2512000
vn 2.3535535 -0.9377776 5.4037504
v 0.0380189 4.7115526 0.1687191
vn 2.4189017 -3.0891840 4.5198874
v 0.0380167 4.7221589 0.1726050
vn -2.3009079 -2.7351124 4.8204813
v -0.0338794 4.7196059 0.1712970
vn -2.2866440 -0.6614715 5.4873157
v -0.0339041 4.7113376 0.1686740
vn 2.3147457 0.7405366 5.4685731
v 0.0380549 4.6465125 0.1686740
vn -2.1857865 0.6796846 5.5702987
v -0.0338682 4.6462979 0.1687191
vn 2.2942545 3.1953371 4.6028419
v 0.0381020 4.6356840 0.1725221
vn -2.2896068 2.8475857 4.7602510
v -0.0338793 4.6379814 0.1714380
vn -2.2606053 4.1786580 3.6713049
v -0.0338459 4.6306143 0.1775310
vn 2.2977905 0.6672383 -5.4709115
v 0.0380422 4.6467695 0.6201860
vn -2.3163741 0.7215106 -5.4597173
v -0.0338917 4.6461101 0.6200886
vn 2.2817860 -5.4899039 0.6516620
v 0.0380548 4.7328420 0.1901801
vn 2.4040296 -5.3328338 -1.2595785
v 0.0380270 4.7325230 0.6012364
vn -2.3693793 -5.3928933 -0.9204642
v -0.0339041 4.7328420 0.5986556
vn -2.4049132 -5.3296471 1.2725258
v -0.0338763 4.7325230 0.1875991
vn -2.3991427 -4.4559655 -3.2129185
v -0.0339513 4.7289944 0.6094852
vn 2.3785877 -4.2958927 -3.4023139
v 0.0379966 4.7274685 0.6110204
vn -2.3757458 -4.2540612 3.4569583
v -0.0338794 4.7272916 0.1775290
vn 2.2552845 -4.7983432 2.8539469
v 0.0380300 4.7302194 0.1819110
vn 2.9352522 -0.9199624 -3.5375769
v -0.0296127 3.7148023 0.0643231
vn 3.0478954 -0.3907584 3.5432978
v -0.0306386 3.7101650 0.1144730
vn 2.6233950 -1.6126169 3.5232446
v -0.0267181 3.7210913 0.1144730
vn 2.3220103 -2.0285139 -3.5107586
v -0.0237808 3.7250423 0.0643231
vn 1.8001631 -2.5098062 3.4931166
v -0.0184092 3.7298751 0.1144730
vn 1.3927715 -2.7602892 -3.4822550
v -0.0139868 3.7325301 0.0643231
vn 0.7716962 -2.9971735 3.4710958
v -0.0069441 3.7351532 0.1144730
vn 0.3235806 -3.0790393 -3.4671822
v -0.0017092 3.7360892 0.0643231
vn -0.3235799 -3.0790396 3.4671869
v 0.0059223 3.7360892 0.1144730
vn -0.7716985 -2.9971724 -3.4710989
v 0.0111573 3.7351532 0.0643231
vn -1.3927724 -2.7602890 3.4822505
v 0.0182000 3.7325301 0.1144730
vn -1.8001616 -2.5098088 -3.4931126
v 0.0226223 3.7298751 0.0643231
vn -2.3507960 -1.9765162 3.5453024
v 0.0279939 3.7250423 0.1144730
vn -2.6238384 -1.6114017 -3.5273685
v 0.0309313 3.7210913 0.0643231
vn -2.9661453 -0.5619140 3.6888766
v 0.0348458 3.7117963 0.1144730
vn -2.9002545 0.9795787 3.5886159
v 0.0334916 3.6977401 0.1144730
vn -2.2072067 2.1358805 3.5536480
v 0.0272631 3.6876903 0.1144730
vn -1.0259352 2.8792019 3.5896659
v 0.0141320 3.6790342 0.1144730
vn 0.2851178 3.0760105 3.4884205
v -0.0017118 3.6774483 0.1144730
vn 1.3927081 2.7603366 3.4821787
v -0.0139859 3.6810062 0.1144730
vn 2.3219411 2.0285783 3.5107856
v -0.0237799 3.6884933 0.1144730
vn 2.9340031 0.9195384 3.5375707
v -0.0296126 3.6987343 0.1144730
vn 3.1415925 0.0000149 3.1416049
v 0.0420754 3.7034521 0.1144730
vn 0.8077476 2.9856203 2.7981901
v -0.0136007 3.6395121 0.1144730
vn 0.4027775 3.0505066 -2.7568097
v -0.0045242 3.6377242 0.1944840
vn -0.4027070 3.0505292 2.7568505
v 0.0087372 3.6377242 0.1144730
vn 0.6766746 2.9880300 3.5951040
v -0.0296561 3.6471281 0.1144730
vn 0.6192031 -3.0419562 3.4605963
v -0.0297365 3.7655931 0.1144730
vn -4.6388302 -1.5689881 1.6174897
v -0.0379246 3.7652092 0.1144730
vn -0.5963159 3.0423043 3.4775355
v 0.0341951 3.6468751 0.1144730
vn -0.8077142 -2.9856722 2.7984841
v 0.0178136 3.7728372 0.1144730
vn -0.6715153 -2.9880321 3.5997202
v 0.0338693 3.7652221 0.1144730
vn 4.6633821 1.5700336 1.6021260
v 0.0420754 3.6471212 0.1144730
vn 0.4012249 -3.0510135 2.7576432
v -0.0045242 3.7746263 0.1144730
vn 4.7089801 -1.5706617 1.5768403
v 0.0420754 3.7652283 0.1144730
vn -0.6730933 2.9880044 -3.5974483
v 0.0338693 3.6471281 0.1944840
vn -0.8077503 2.9856167 -2.7981939
v 0.0178145 3.6395121 0.1944840
vn 0.5999202 3.0421646 -3.4753425
v -0.0299785 3.6468751 0.1944840
vn -4.7053204 -1.5708038 -1.5789778
v -0.0379246 3.7652092 0.1944840
vn 0.6751129 -2.9880452 -3.5974364
v -0.0296561 3.7652221 0.1944840
vn 0.8077177 -2.9856703 -2.7984779
v -0.0136004 3.7728372 0.1944840
vn -0.4012262 -3.0510130 -2.7576408
v 0.0087374 3.7746263 0.1944840
vn -0.6157698 -3.0421124 -3.4627895
v 0.0339549 3.7655911 0.1944840
vn 4.6422648 -1.5686079 -1.6152216
v 0.0420754 3.7652283 0.1944840
vn 2.4412832 -1.9191188 -2.4242268
v -0.0307515 4.5179610 0.0643231
vn 3.0489714 0.2199661 3.5843458
v -0.0307515 4.5132771 0.1144730
vn -0.0442793 -0.8635063 -3.8667064
v -0.0323264 4.5172410 0.0641860
vn 2.6678479 1.5268581 3.5512719
v -0.0272630 4.5023212 0.1144730
vn 2.6663389 1.6405143 -3.5723073
v -0.0267209 4.5014124 0.0643231
vn 1.8362619 2.4720707 3.5298071
v -0.0188913 4.4929733 0.1144730
vn 1.5873147 2.6158509 -3.5825801
v -0.0164079 4.4912062 0.0643231
vn 0.7725288 2.9964275 3.4749608
v -0.0069461 4.4874573 0.1144730
vn 0.3607657 3.0683205 -3.4884720
v -0.0017102 4.4865284 0.0643231
vn -0.3607674 3.0683200 3.4884725
v 0.0059233 4.4865284 0.1144730
vn -0.7725320 2.9964261 -3.4749589
v 0.0111593 4.4874573 0.0643231
vn -1.6205350 2.5823684 3.6109605
v 0.0206209 4.4912062 0.1144730
vn -1.8411938 2.4665506 -3.5407500
v 0.0231044 4.4929733 0.0643231
vn -2.6929286 1.3514466 3.7017865
v 0.0325126 4.5037332 0.1144730
vn -2.6796420 1.4767530 -3.5912652
v 0.0314761 4.5023212 0.0643231
vn -3.0135169 -0.0785262 -3.7029114
v 0.0353131 4.5163550 0.0643231
vn -3.0457489 -0.2249047 3.6065683
v 0.0349646 4.5179610 0.1144730
vn -2.6705718 -1.5184736 3.5627127
v 0.0314761 4.5289164 0.1144730
vn -2.6040599 -1.5997777 -3.5984762
v 0.0309339 4.5298262 0.0643231
vn -1.8363174 -2.4720097 3.5298519
v 0.0231045 4.5382652 0.1144730
vn -1.5873271 -2.6158473 -3.5825586
v 0.0206209 4.5400324 0.0643231
vn -0.7725298 -2.9964259 3.4749665
v 0.0111594 4.5437813 0.1144730
vn -0.3607850 -3.0683165 -3.4884782
v 0.0059237 4.5447102 0.0643231
vn 0.3607851 -3.0683165 3.4884787
v -0.0017105 4.5447102 0.1144730
vn 0.7725320 -2.9964247 -3.4749680
v -0.0069463 4.5437813 0.0643231
vn 1.6205577 -2.5823536 3.6109602
v -0.0164077 4.5400324 0.1144730
vn 1.8412424 -2.4664972 -3.5407891
v -0.0188913 4.5382652 0.0643231
vn 2.6922379 -1.3551241 3.6951025
v -0.0282996 4.5275049 0.1144730
vn 2.6612005 -1.5375953 -3.5519001
v -0.0272630 4.5289164 0.0643231
vn 3.1415925 -0.0000407 3.1416245
v 0.0420753 4.5189362 0.1144730
vn 0.8076664 -2.9856653 2.7984011
v -0.0136011 4.5817122 0.1144730
vn -0.3969738 -3.0525074 2.7603004
v 0.0087371 4.5835004 0.1144730
vn 0.4012206 -3.0510397 -2.7577300
v -0.0045239 4.5835004 0.1944840
vn 0.6752276 -2.9880338 3.5973959
v -0.0296561 4.5740972 0.1144730
vn -4.5951171 1.5663236 1.6386243
v -0.0379246 4.4560161 0.1144730
vn 0.6740262 3.0397978 3.4119885
v -0.0290740 4.4553080 0.1144730
vn -0.6707462 -3.0400665 3.4141450
v 0.0332974 4.5747871 0.1144730
vn -0.8075186 2.9857376 2.7988751
v 0.0178135 4.4483871 0.1144730
vn -4.7052388 -1.5707449 1.5797495
v -0.0379247 4.5740838 0.1144730
vn -0.6761935 2.9880042 3.5934842
v 0.0338692 4.4560022 0.1144730
vn 4.5983782 -1.5665919 1.6371228
v 0.0420753 4.5741034 0.1144730
vn 0.3969640 3.0525119 2.7603040
v -0.0045248 4.4465990 0.1144730
vn 4.7135692 1.5701182 1.5692376
v 0.0420753 4.4559960 0.1144730
vn -0.6707550 3.0400646 -3.4141388
v 0.0332978 4.4553123 0.1944840
vn -0.3969905 3.0525026 -2.7602880
v 0.0087379 4.4465990 0.1944840
vn 0.8075235 2.9857357 -2.7988687
v -0.0136004 4.4483871 0.1944840
vn 0.6799962 2.9880071 -3.5910506
v -0.0296561 4.4560022 0.1944840
vn -4.6387415 -1.5688161 -1.6174544
v -0.0379246 4.5740838 0.1944840
vn 0.6192504 -3.0419679 -3.4605179
v -0.0297364 4.5744681 0.1944840
vn -0.8075439 -2.9857252 -2.7988508
v 0.0178142 4.5817122 0.1944840
vn -0.6762159 -2.9879928 -3.5934987
v 0.0338692 4.5740972 0.1944840
vn 4.7135758 -1.5705733 -1.5694445
v 0.0420753 4.5741034 0.1944840
vn 5.6499605 -0.6307482 1.7389539
v 0.0420668 4.5556841 0.2482040
vn 5.5837083 -1.1435989 1.5641551
v 0.0420707 4.7248397 0.1695321
vn 5.6510472 0.6390381 -1.7345307
v 0.0420642 3.6659532 0.6231490
vn 5.6092434 1.5978932 -1.0542729
v 0.0420695 3.6511593 0.6109330
vn -5.5750065 0.4785646 1.8937546
v -0.0379224 4.1556683 0.1651490
vn 5.5378361 1.3122053 -1.5156244
v 0.0420741 4.1440873 0.6174850
vn 5.6397753 1.7850544 -0.5546449
v 0.0420688 4.1346951 0.6040881
vn 5.6520967 -1.7422338 -0.6138538
v 0.0420671 4.0865722 0.6053291
vn 5.5323453 -1.2674748 -1.5686437
v 0.0420741 4.0767622 0.6181385
vn -5.5543847 1.2417825 -1.5447315
v -0.0379226 4.1448841 0.6181382
vn -5.5648241 0.4075619 -1.9250628
v -0.0379218 4.1567411 0.6239164
vn 5.5648994 -0.4079492 -1.9302881
v 0.0420732 4.3895350 0.6239171
vn 5.5663929 -0.4806481 1.9127924
v 0.0420740 3.9036632 0.1651480
vn 5.5615721 -1.2997760 1.4995959
v 0.0420741 3.9152441 0.1713500
vn -5.5649028 0.4086784 -1.9295062
v -0.0379228 4.4813700 0.6239174
vn -5.5836105 1.8932211 -0.4797686
v -0.0379223 3.4852881 0.6025935
vn -5.5208998 2.0203826 0.2297384
v -0.0379241 4.6210036 0.1898850
vn -5.5444913 1.4775457 -1.3513438
v -0.0379230 3.4914801 0.6141372
vn -5.5236793 -1.4849929 1.3755031
v -0.0379247 4.4053173 0.1744820
vn 5.6504788 -0.6375548 1.7338291
v 0.0420694 4.2310653 0.1656810
vn -5.6566920 -0.6442025 -1.7193996
v -0.0379171 4.7180090 0.6231525
vn -5.6367307 -0.5553557 1.7893335
v -0.0379164 4.2298279 0.1653080
vn -5.6050563 1.6015289 1.0593773
v -0.0379177 3.8134751 0.1779031
vn -5.5205855 2.0240719 0.2317139
v -0.0379241 3.8094292 0.1898850
vn -5.5939260 -1.0517128 1.6214776
v -0.0379208 3.9120412 0.1687120
vn -5.6501932 -1.7390094 0.6282142
v -0.0379163 4.0865722 0.1835060
vn 5.6396809 -1.7770916 0.5700909
v 0.0420691 4.7362099 0.1847430
vn -5.5584350 -1.2446395 1.5352083
v -0.0379233 4.0767622 0.1706960
vn 5.6543670 0.6385961 -1.7283882
v 0.0420722 3.5036361 0.6231566
vn -5.5403476 -1.5180664 1.3009622
v -0.0379233 4.2432213 0.1746970
vn -5.6364074 -0.5547712 1.7899525
v -0.0379144 4.3921423 0.1653100
vn -5.5703449 -1.2871746 -1.4973041
v -0.0379233 3.7529292 0.6174847
vn -5.6588564 -1.7669363 -0.5417169
v -0.0379185 3.7622981 0.6041285
vn -5.5711641 -0.4971259 -1.8996094
v -0.0379221 3.9036632 0.6236861
vn -5.6104240 -1.3603851 -1.3476274
v -0.0379211 3.9176602 0.6155116
vn 5.6400442 -0.5528426 -1.8025051
v 0.0420686 4.2298279 0.6235283
vn 5.5371528 -1.5198306 -1.3064911
v 0.0420741 4.2432213 0.6141376
vn 5.6508589 0.6276641 -1.7464116
v 0.0420685 4.4775262 0.6231531
vn 5.6484632 -1.7801830 0.5446608
v 0.0420683 3.9246361 0.1847470
vn -5.6426449 0.5657499 -1.7735600
v -0.0379209 4.6410761 0.6235313
vn -5.6709843 1.7136250 -0.6133432
v -0.0379188 3.6480491 0.6052014
vn -5.5076847 -0.3206434 2.0253627
v -0.0379241 3.9000962 0.1646770
vn -5.5608540 -0.4317581 1.9276159
v -0.0379224 4.0649052 0.1649181
vn 5.5536509 -1.2417141 -1.5380936
v 0.0420735 3.5898170 0.6181382
vn 5.5649238 -0.4077095 -1.9277922
v 0.0420732 3.5779612 0.6239171
vn -5.5750484 0.4783500 1.8931558
v -0.0379222 4.3179832 0.1651490
vn -5.5371017 1.3076282 1.5193745
v -0.0379233 4.3064022 0.1713500
vn 5.5816174 1.9055159 -0.4400799
v 0.0420728 3.4850571 0.6015287
vn -5.5449553 1.3073341 -1.5023608
v -0.0379233 3.8202543 0.6181386
vn -5.5806642 0.4391066 -1.9067466
v -0.0379222 3.8321111 0.6239168
vn 5.6086779 -1.6014496 1.0538092
v 0.0420685 3.7589121 0.2604281
vn 5.5583239 -1.5357232 1.2442466
v 0.0420734 4.5685043 0.2580210
vn -5.6397552 0.5558984 -1.7857602
v -0.0379177 3.5048733 0.6235283
vn -5.5794096 -1.9092796 -0.4394088
v -0.0379229 4.5742116 0.6016217
vn -5.5582986 -1.4784374 -1.3103269
v -0.0379233 4.5685043 0.6133412
vn -5.6588936 -1.7669313 -0.5418564
v -0.0379185 3.5999832 0.6041289
vn 5.6622105 1.7418615 0.5947120
v 0.0420671 4.2973890 0.1835051
vn 5.5673561 1.2481976 1.5333860
v 0.0420741 4.3071990 0.1706960
vn 5.5691090 1.9295032 0.4882135
v 0.0420725 4.6214676 0.1863220
vn -5.5670748 -0.4841912 -1.9119042
v -0.0379226 3.7413483 0.6236865
vn -5.5753284 -0.5080584 -1.8860056
v -0.0379213 4.0659771 0.6236853
vn 5.5735269 -1.8948157 -0.4818322
v 0.0420730 4.2494211 0.6025569
vn 5.5536737 -1.2479224 -1.5411198
v 0.0420741 4.4013910 0.6181390
vn -5.5544786 1.2416050 -1.5443246
v -0.0379230 4.3071990 0.6181385
vn -5.6550403 -1.7379950 0.6137946
v -0.0379163 4.5735197 0.2660381
vn -5.5951853 1.0530099 -1.6180729
v -0.0379199 3.6603472 0.6201221
vn 5.5592837 0.4283356 1.9363837
v 0.0420729 4.3190560 0.1649181
vn -5.6397715 1.7850745 0.5546159
v -0.0379180 4.1346951 0.1847470
vn 5.6622448 1.7416838 0.5948084
v 0.0420715 3.4858122 0.1834960
vn -5.6187758 -1.1282554 -1.5354866
v -0.0379194 4.4002094 0.6193033
vn 5.5095487 -0.2204326 -2.0407763
v 0.0420751 3.7377810 0.6241582
vn 5.5592570 0.4279501 1.9369545
v 0.0420732 3.5074811 0.1649181
vn 5.5958323 1.1393250 -1.5617235
v 0.0420708 3.8214362 0.6193034
vn 5.6443052 1.7740928 -0.5526302
v 0.0420689 3.9723802 0.6040888
vn 5.6486630 -1.7416855 -0.6269056
v 0.0420679 4.4112000 0.6053340
vn 5.6417584 -0.5616132 -1.7768077
v 0.0420685 4.5544581 0.6235283
vn 5.6397929 -0.5547191 -1.7925676
v 0.0420651 4.7167721 0.6235250
vn -5.5600433 -0.4253196 1.9359907
v -0.0379222 4.5518541 0.2474461
vn 5.6083984 -1.5974683 1.0540904
v 0.0420707 4.2458582 0.1779020
vn 5.6466846 -0.5915214 1.7644135
v 0.0420754 3.5814452 0.1656040
vn -5.5812454 -1.9029919 -0.4471081
v -0.0379222 3.9250262 0.6014728
vn 5.5390377 1.3139859 -1.5187397
v 0.0420741 3.9817722 0.6174846
vn -5.6684093 -1.4277561 -1.1336166
v -0.0379151 4.0821810 0.6134271
vn 5.5014873 -2.0437028 0.2450240
v 0.0420744 3.7629862 0.2725561
vn 5.6561918 0.5442784 1.7714143
v 0.0420679 3.9918182 0.1653070
vn -5.5024128 -0.3505000 -2.0251999
v -0.0379241 4.3877783 0.6240489
vn -5.6556158 -0.6405581 -1.7254720
v -0.0379171 4.5556941 0.6231525
vn 5.5673585 -0.4768964 1.9122976
v 0.0420732 4.0659771 0.1651490
vn -5.6361618 -0.5588446 1.7896439
v -0.0379178 4.7167730 0.1653070
vn 5.5053129 -0.3588350 2.0171595
v 0.0420749 4.3877783 0.1647860
vn -5.6495867 0.6386281 1.7352059
v -0.0379134 3.8282681 0.1656860
vn 5.5371714 -1.5204365 -1.3068371
v 0.0420734 4.7301655 0.6141371
vn -5.5080090 -2.0250127 -0.3204695
v -0.0379241 4.7368393 0.5989887
vn -5.5648689 0.4076332 -1.9259737
v -0.0379222 4.3190560 0.6239168
vn 5.5685482 0.4779217 -1.9081894
v 0.0420734 4.6426129 0.6236865
vn -5.6504593 0.6338179 1.7334704
v -0.0379215 4.6398396 0.1656780
vn 5.6569924 1.7242281 0.6353269
v 0.0420655 3.8104343 0.1835281
vn -5.6422558 -0.5715438 1.7712655
v -0.0379143 3.7428832 0.2478360
vn -5.5717521 0.4691895 1.9073834
v -0.0379263 3.6689372 0.2475981
vn 5.6486626 -1.7415242 -0.6258293
v 0.0420672 3.5996251 0.6053336
vn 5.5024519 0.3505752 -2.0258632
v 0.0420750 3.8338680 0.6240492
vn -5.5547371 1.2425448 -1.5449303
v -0.0379235 4.4695139 0.6181391
vn 5.6503978 -0.6383010 1.7334281
v 0.0420642 3.7441182 0.2482120
vn -5.5186400 -0.3679080 -2.0019317
v -0.0379241 4.2254629 0.6240490
vn 5.5886540 -1.5677948 -1.1381072
v 0.0420723 4.5696182 0.6122191
vn 5.5393806 1.3143854 -1.5170945
v 0.0420741 4.6310320 0.6174848
vn -5.5685024 -0.4800576 -1.9133893
v -0.0379223 3.5790331 0.6236862
vn 5.5637674 -0.4276899 -1.9303744
v 0.0420734 4.0649052 0.6239173
vn -5.5070114 0.3092262 -2.0279660
v -0.0379241 3.6722913 0.6241581
vn 5.5703926 1.4970466 1.2861171
v 0.0420746 4.6276846 0.1746970
vn 5.5798464 0.4392361 1.9089835
v 0.0420721 3.8321111 0.1649190
vn -5.5036249 -2.0237057 0.3466676
v -0.0379241 3.7628460 0.2716560
vn 5.5775084 0.4931951 -1.8902745
v 0.0420732 4.1556683 0.6236863
vn 5.6569114 1.7678543 -0.5460410
v 0.0420683 4.2970104 0.6040886
vn -5.5704508 -1.2869166 -1.4973531
v -0.0379242 3.5906153 0.6174857
vn 5.5348701 -1.3197348 1.5208836
v 0.0420741 4.0775590 0.1713510
vn -5.6067419 1.5550432 -1.1163970
v -0.0379200 4.6258659 0.6121586
vn -5.5980754 -1.6001216 -1.0569630
v -0.0379187 4.7328019 0.6109329
vn 5.5366020 -0.9518402 -1.7804401
v 0.0420741 3.7472873 0.6212547
vn 5.6674938 -1.2165978 1.3649029
v 0.0420638 4.4026752 0.1710800
vn 5.6559887 0.5447010 1.7697083
v 0.0420728 4.6410756 0.1653030
vn -5.5034919 0.3470155 2.0218520
v -0.0379242 3.9961822 0.1647860
vn 5.5844069 -1.5909052 -1.1250634
v 0.0420723 3.7580442 0.6122188
vn 5.5677247 0.4817777 -1.9130756
v 0.0420732 3.9933531 0.6236864
vn -5.5766478 1.8893830 -0.4949513
v -0.0379222 3.9722252 0.6025573
vn -5.5380912 1.5153919 -1.3099033
v -0.0379226 3.9784250 0.6141372
vn -5.6395822 -1.7759483 -0.5692832
v -0.0379193 4.2492671 0.6040891
vn 5.5602503 1.2922229 -1.5078191
v 0.0420741 4.3064022 0.6174852
vn 5.5705500 1.4969628 1.2855529
v 0.0420741 3.9784250 0.1746970
vn 5.5637474 -1.9248595 0.4244948
v 0.0420724 4.5743093 0.2699600
vn -5.5401325 -1.5187731 1.3031693
v -0.0379233 4.7301650 0.1746970
vn -5.6050920 1.5997812 1.0604752
v -0.0379217 4.6250458 0.1779000
vn 5.5443192 1.5038836 -1.3080696
v 0.0420738 3.4908261 0.6133405
vn 5.5744414 -1.8945860 -0.4802748
v 0.0420725 4.7363667 0.6025557
vn 5.5648985 -0.4082545 -1.9375215
v 0.0420734 3.9025912 0.6239173
vn -5.5866780 -1.1510437 -1.5564413
v -0.0379177 4.2378931 0.6193017
vn 5.5676408 0.4815196 -1.8969756
v 0.0420734 4.3179832 0.6236865
vn 5.5581064 1.3115814 1.4786974
v 0.0420734 3.8202553 0.1706970
vn 5.5542297 1.5457052 -1.2414502
v 0.0420741 4.4647150 0.6133406
vn 5.5670853 1.9253156 -0.4022801
v 0.0420732 4.4589381 0.6014809
vn -5.5758953 -1.8915656 0.4841367
v -0.0379226 4.7363672 0.1862791
vn -5.5886102 1.1414641 1.5719894
v -0.0379177 3.9837532 0.1695330
vn 5.5672255 1.2489552 1.5345228
v 0.0420738 3.4956253 0.1706960
vn -5.5341210 -1.2644813 1.5687101
v -0.0379230 4.5637074 0.2532231
vn 5.5673246 1.2483805 1.5340320
v 0.0420741 4.1448841 0.1706960
vn -5.5371861 1.3077054 1.5198421
v -0.0379233 4.1440873 0.1713500
vn -5.6397781 0.5553972 -1.7884642
v -0.0379155 3.9918182 0.6235261
vn 5.6414738 -1.7771864 0.5615497
v 0.0420688 4.0869513 0.1847470
vn 5.5591912 0.4277906 1.9370269
v 0.0420736 4.1567402 0.1649181
vn 5.5537691 -1.2480557 -1.5414568
v 0.0420741 3.9144483 0.6181385
vn -5.5914745 -1.5687007 1.1396567
v -0.0379177 3.7580931 0.2592040
vn 5.5185928 -0.3572880 2.0021033
v 0.0420750 4.7124081 0.1647860
vn -2.7279930 1.3559194 -3.7199104
v -0.0218021 4.8756552 0.5493594
vn 2.6613741 1.6250744 -3.5439913
v 0.0247988 4.8775020 0.5493594
vn 3.0853112 0.4024580 -3.5636446
v 0.0278847 4.8688598 0.5493594
vn -2.4628065 1.3602798 -5.2822046
v -0.0332702 4.8193064 0.5492285
vn -2.8281691 -0.2440724 -3.6043718
v -0.0237351 4.8643041 0.5493594
vn 2.4287572 1.1712835 -5.3427658
v 0.0373919 4.8198614 0.5492801
vn -2.6583400 -1.5049295 -3.5589590
v -0.0209875 4.8555684 0.5493594
vn 2.9145880 -0.9122155 -3.5583236
v 0.0270769 4.8598180 0.5493594
vn -1.8360246 -2.4520166 -3.5456529
v -0.0144000 4.8481197 0.5493594
vn 2.3171756 -2.0155947 -3.5323260
v 0.0224866 4.8517179 0.5493594
vn -0.7772104 -2.9759705 -3.4976997
v -0.0050029 4.8437243 0.5493594
vn 1.3930010 -2.7472129 -3.5040426
v 0.0147792 4.8457975 0.5493594
vn 0.3248664 -3.0636747 -3.4890058
v 0.0051196 4.8429842 0.5493594
vn -1.2893928 2.3555582 -2.4617014
v -0.0330338 4.8955159 0.5495657
vn 1.3074551 2.3597970 -2.5198205
v 0.0372088 4.8954439 0.5495878
vn -1.6724160 4.3500905 1.8577418
v -0.0331478 4.8956785 0.5574642
vn 1.6511514 4.3597002 1.7884583
v 0.0372793 4.8957844 0.5572182
vn 1.8261979 2.5382261 -3.5143404
v 0.0182611 4.8844476 0.5493594
vn -1.6474242 2.6085846 -3.6368580
v -0.0124400 4.8856373 0.5493594
vn 0.7791810 3.0935929 -3.4915240
v 0.0092397 4.8886223 0.5493594
vn -0.3568131 3.2330062 -3.5114048
v -0.0008834 4.8893614 0.5493594
vn -4.2879891 0.9904209 -2.6622531
v -0.0379245 4.7158203 0.6839183
vn -4.3100963 2.6086073 -1.0918583
v -0.0379245 4.7099533 0.6782791
vn -5.1505756 2.0733037 0.9310635
v -0.0379250 4.7096019 0.6752665
vn -4.8186355 -2.4364674 0.9178394
v -0.0379246 4.7733698 0.3119000
vn -4.6162009 -1.4246799 2.2145655
v -0.0379243 4.7716532 0.3096991
vn -4.1850076 2.3283877 1.7848736
v -0.0379246 4.7574577 0.6294938
vn -4.2020416 2.8502834 0.6214067
v -0.0379246 4.7602296 0.6235946
vn -5.1021137 2.2097814 0.7563425
v -0.0379247 4.7605500 0.3116031
vn -4.1447783 2.3852124 -1.7169093
v -0.0379247 4.7577801 0.1783741
vn -4.2444377 2.8534563 -0.5664919
v -0.0379247 4.7602277 0.1842730
vn -5.0689573 2.1583743 -0.9076255
v -0.0379247 4.7606225 0.2568181
vn -4.3219857 1.1543649 -2.5713098
v -0.0379245 4.7630458 0.2587640
vn -4.2955670 1.1502544 2.5618393
v -0.0379245 4.7629642 0.3094220
vn -4.2632556 -1.1733228 -2.5807209
v -0.0379245 4.7709966 0.2587340
vn -4.8874593 -2.2863643 -1.0843958
v -0.0379247 4.7732210 0.2567900
vn -4.6905890 -2.7253087 0.1523339
v -0.0379246 4.7735171 0.3129801
vn -4.8624835 -2.6156483 -0.1906121
v -0.0379246 4.7735171 0.2552190
vn -4.6973238 -2.7136369 -0.2137080
v -0.0379246 4.7735176 0.6248767
vn -4.6054525 -2.7708449 0.0914677
v -0.0379246 4.7735176 0.1826470
vn -5.0793319 -0.9958100 2.1256135
v -0.0379233 4.7192159 0.1235061
vn -4.2365470 0.9328949 2.7258151
v -0.0379218 4.7160201 0.1237381
vn -5.1582470 2.1011376 -0.8026701
v -0.0379238 4.7093420 0.1320190
vn -4.3662925 2.5473192 1.1470293
v -0.0379230 4.7098417 0.1290280
vn -4.9143763 0.9623379 -2.3048460
v -0.0379327 4.6933355 0.0695961
vn -4.9735761 2.2894037 -0.9156591
v -0.0379281 4.7987556 0.1753070
vn -5.5790052 1.8808312 -0.5050650
v -0.0379230 4.8000221 0.5363489
vn -4.9746017 0.9104908 2.2922549
v -0.0379259 4.6932120 0.7518858
vn -5.2902436 1.6187936 1.6223832
v -0.0379246 4.8041940 0.6424294
vn -4.9710364 -1.0338821 2.2306647
v -0.0379283 3.5281723 0.7514669
vn -4.9709830 -2.2856300 0.9314355
v -0.0379266 3.4236972 0.6465350
vn -4.8371420 2.5756574 -0.4763505
v -0.0379245 3.4485133 0.6265889
vn -4.8364625 2.2143602 -1.3848014
v -0.0379245 3.4507573 0.6324678
vn -4.8750081 -2.1984465 1.3526912
v -0.0379239 4.7713771 0.1752930
vn -4.7670007 -2.6152415 0.5602718
v -0.0379246 4.7733974 0.1809930
vn -5.0687189 0.9424581 -2.1615503
v -0.0379250 3.5027831 0.6842184
vn -4.4188991 -0.8760786 -2.6285079
v -0.0379244 3.5059421 0.6840431
vn -4.1709986 -2.3930280 1.6965630
v -0.0379245 3.4640651 0.6289819
vn -5.0999413 -2.1208298 0.9570614
v -0.0379248 3.5122271 0.6750264
vn -4.2508597 -2.8663330 0.4833649
v -0.0379247 3.4616582 0.6230564
vn -4.4708409 -2.5830188 -0.9036546
v -0.0379245 3.5120611 0.6781412
vn -4.9567266 -2.2402458 -1.1306664
v -0.0379234 4.7723804 0.6307319
vn -5.0863075 -0.8683812 -2.1569858
v -0.0379247 4.7190065 0.6842997
vn 2.1126165 3.1949618 4.0332227
v 0.0372573 4.7012053 0.7521565
vn 4.1566534 2.3323848 1.7941587
v 0.0420755 4.7571950 0.6292630
vn 4.2457037 2.8453436 0.5907819
v 0.0420754 4.7597971 0.6235100
vn 5.1485238 2.1056144 0.7155818
v 0.0420754 4.7091546 0.6754336
vn 4.0900478 2.5931983 -1.3636042
v 0.0420753 4.7099690 0.6783972
vn 5.0270805 -2.1986315 0.9028140
v 0.0420753 4.7736506 0.3114390
vn 4.2743459 -1.1491486 2.5909731
v 0.0420752 4.7711897 0.3094240
vn 5.0773673 0.4417188 -2.3781998
v 0.0420729 4.7638965 0.3007040
vn 4.9472108 -0.8544043 -2.3821957
v 0.0420750 4.7724705 0.2997600
vn 4.9763203 -1.7928725 -1.7610077
v 0.0420746 4.7782955 0.2960180
vn 4.9534574 -2.4204388 -0.7477952
v 0.0420747 4.7820592 0.2895941
vn 4.8337812 -2.5757372 -0.4880880
v 0.0420753 4.7737842 0.6267787
vn 5.0187516 -0.3703626 2.4322748
v 0.0420743 4.7693324 0.2693660
vn 4.0607319 -0.9561716 -2.7743433
v 0.0420753 4.7707977 0.2588370
vn 5.1099634 -1.6990312 1.6758081
v 0.0420724 4.7782564 0.2737190
vn 5.0556984 -2.0908897 -1.0029328
v 0.0420754 4.7734981 0.2571410
vn 5.0378523 -2.4046266 0.5190555
v 0.0420750 4.7824984 0.2821621
vn 5.0401268 -0.8061299 2.1970541
v 0.0420753 4.7191100 0.1230860
vn 4.0135064 1.1947737 2.7117875
v 0.0420740 4.7159133 0.1237420
vn 4.5164337 2.5178182 1.0122621
v 0.0420734 4.7094035 0.1295000
vn 5.1269999 2.1135330 -0.8816966
v 0.0420753 4.7091279 0.1323431
vn 4.2498980 1.1220132 2.6235921
v 0.0420753 4.7627273 0.3094400
vn 4.9234600 1.7148240 -1.8820648
v 0.0420751 4.7563992 0.2966670
vn 5.0653334 2.3296354 -0.6474584
v 0.0420734 4.7516727 0.2896520
vn 5.0664854 2.1443381 0.9241765
v 0.0420754 4.7602596 0.3113180
vn 5.3498478 0.0041190 -2.2345414
v 0.0420753 4.5156560 0.0690970
vn 4.9723587 0.8474476 -2.3079596
v 0.0420805 4.6932101 0.0697631
vn 4.9732418 2.2311103 -1.0324320
v 0.0420784 4.7983394 0.1743010
vn 5.5770464 1.9019667 -0.4413704
v 0.0420734 4.7997980 0.5354043
vn 5.3202581 1.6016935 1.5991913
v 0.0420753 4.8041940 0.6424294
vn 4.9825263 0.9596820 2.2625394
v 0.0420765 4.6942186 0.7514686
vn 4.9780664 -0.9109169 2.2881639
v 0.0420784 3.5291803 0.7518844
vn 4.9815464 -2.2139912 1.0600739
v 0.0420793 3.4241343 0.6475309
vn 4.8429585 2.5659556 -0.4964917
v 0.0420754 3.4481683 0.6269083
vn 4.8321733 2.2027764 -1.4119568
v 0.0420749 3.4505053 0.6327712
vn 4.8383718 -2.1990907 1.4054348
v 0.0420748 4.7715082 0.1748511
vn 4.8355427 -2.5760036 0.4822494
v 0.0420753 4.7738051 0.1808310
vn 5.0800838 0.7405643 -2.1728947
v 0.0420754 3.5030951 0.6847227
vn 4.0234485 -1.3080593 -2.6494083
v 0.0420754 3.5061901 0.6839464
vn 5.0976925 -2.1206319 0.9633440
v 0.0420758 3.5125291 0.6748307
vn 4.1763501 -2.3140380 1.8091173
v 0.0420754 3.4648612 0.6293881
vn 4.2129006 -2.8499398 0.6094749
v 0.0420754 3.4621031 0.6235397
vn 4.9466233 0.0227871 2.5321622
v 0.0420747 3.5700221 0.6538625
vn 4.9230795 1.1185292 2.2961338
v 0.0420742 3.5537572 0.6578313
vn 4.9618816 2.0295854 1.4866486
v 0.0420726 3.5396402 0.6692720
vn 4.4390273 -2.6060579 -0.8999903
v 0.0420753 3.5123682 0.6777800
vn 4.9609132 2.5071783 0.2612729
v 0.0420732 3.5322921 0.6884797
vn 4.8839588 2.4787834 -0.7519896
v 0.0420751 3.5341861 0.7038028
vn 4.9170146 1.9479498 -1.6567198
v 0.0420745 3.5409262 0.7166303
vn 4.9952836 0.8387567 -2.3379266
v 0.0420704 3.5570593 0.7284297
vn 4.8314462 -2.2104464 -1.3954797
v 0.0420753 4.7715626 0.6325725
vn 5.0036745 -0.5375206 -2.4186261
v 0.0420709 3.5794442 0.7298723
vn 5.0647726 -0.9538627 -2.1622601
v 0.0420759 4.7194648 0.6844709
vn 4.9456639 -1.6876889 -1.8906034
v 0.0420739 3.5964003 0.7206881
vn 4.9520669 -2.3555110 -0.9093359
v 0.0420728 3.6063852 0.7064497
vn 5.0055833 -2.4458537 0.4057603
v 0.0420704 3.6087570 0.6860025
vn 4.4228954 0.8387073 -2.6418481
v 0.0420752 4.7163877 0.6843305
vn 4.9415536 -2.0376956 1.5148618
v 0.0420742 3.6010990 0.6689914
vn 4.9520388 -1.1355504 2.2597172
v 0.0420728 3.5882611 0.6580609
vn 5.0879531 1.1504580 2.0973067
v 0.0420724 4.7594299 0.2709260
vn 4.2752442 1.1868098 -2.5758412
v 0.0420753 4.7625351 0.2587020
vn 5.0078397 2.2146597 -0.9124337
v 0.0420753 4.7602544 0.2567970
vn 5.0770073 2.2092245 0.9319608
v 0.0420735 4.7522545 0.2789230
vn 4.2048039 2.8462543 -0.6316227
v 0.0420753 4.7597899 0.1838530
vn 4.1759038 2.3219230 -1.8010951
v 0.0420760 4.7569327 0.1779100
vn -2.4133494 5.3310227 -1.2667785
v -0.0330238 4.8046322 0.5345681
vn 2.4653728 5.2735362 -1.3951470
v 0.0373096 4.8045669 0.5347764
vn -2.4717700 3.9507382 -3.7581456
v -0.0330855 4.8092518 0.5435231
vn 2.4793737 3.7212634 -3.9785554
v 0.0372360 4.8100309 0.5443020
vn -5.6694808 -1.6403189 0.7108833
v -0.0379392 3.4215562 0.5305384
vn -5.6772456 -1.6236790 -0.6328958
v -0.0379439 3.4220083 0.4077541
vn -5.6723695 -0.6755244 1.6832309
v -0.0378402 3.4056733 0.5155001
vn -5.7134514 -0.7181152 -1.6011356
v -0.0378439 3.4069111 0.4236457
vn -4.0759449 -1.8315142 -1.8750299
v -0.0375087 3.3407152 0.4250350
vn -4.1948671 -1.8097297 1.8023819
v -0.0375087 3.3407152 0.5145327
vn -2.1170313 5.1013303 -0.6087791
v -0.0331029 4.8041940 0.1798010
vn 2.1998677 5.0463133 -0.5379571
v 0.0372528 4.8041940 0.1798010
vn 5.1023426 -0.7712894 -2.2563908
v 0.0420720 3.4600732 0.3002380
vn 5.1177979 2.0292606 -0.9905431
v 0.0420754 3.4484551 0.2571990
vn 4.0663466 0.9475955 -2.7831466
v 0.0420754 3.4512162 0.2588381
vn 4.9705181 -2.2853756 -0.9313747
v 0.0420776 3.4237022 0.1750950
vn 4.8132062 2.6042144 0.4102990
v 0.0420754 3.4481273 0.1809911
vn 4.2750683 1.1276041 2.6113474
v 0.0420753 3.4507871 0.3094400
vn 5.0022449 0.7379366 -2.3740013
v 0.0420747 3.4501681 0.3000621
vn 4.9694238 1.7759581 -1.7721035
v 0.0420748 3.4438202 0.2961711
vn 5.0824108 2.1320643 0.9186085
v 0.0420755 3.4483202 0.3113180
vn 5.0745401 2.3694890 -0.4166923
v 0.0420734 3.4393082 0.2881310
vn 5.0502563 -2.1005902 -1.0007524
v 0.0420754 3.4615581 0.2571421
vn 4.2878385 -2.8669019 -0.4399813
v 0.0420754 3.4620233 0.1849060
vn 4.1282973 -2.4466491 -1.6258856
v 0.0420759 3.4640353 0.1791500
vn 5.0497665 -2.1734478 0.9087505
v 0.0420754 3.4616842 0.3114001
vn 4.3190336 -1.1555228 2.5692136
v 0.0420753 3.4592493 0.3094240
vn 5.0627608 -2.0659041 -1.2768749
v 0.0420737 3.4686072 0.2931840
vn 5.0211926 -2.4641397 0.0672054
v 0.0420746 3.4707541 0.2850150
vn 5.0969548 -2.0023129 1.3078768
v 0.0420725 3.4682603 0.2761400
vn 4.9718080 -0.9805838 2.3021011
v 0.0420748 3.4610152 0.2704380
vn 5.0853968 0.5398928 2.3322718
v 0.0420725 3.4518611 0.2693470
vn 4.0718198 -1.0037073 -2.7555215
v 0.0420754 3.4590051 0.2587870
vn 5.1586351 1.9125671 1.3067350
v 0.0420710 3.4415841 0.2760661
vn 3.0640740 -0.2134117 -3.5956578
v -0.0275854 3.3661273 0.4202606
vn -3.0278699 0.0995101 -3.7106166
v 0.0336966 3.3628843 0.4202606
vn 2.6647999 -1.5457979 -3.5664418
v -0.0243481 3.3764191 0.4202606
vn -2.7066443 -1.4564903 -3.5991969
v 0.0300987 3.3764191 0.4202606
vn 1.6493607 -2.5753801 -3.6233673
v -0.0149469 3.3865311 0.4202606
vn -1.8542871 -2.4692082 -3.5457118
v 0.0223354 3.3851962 0.4202606
vn 0.3768233 -3.0858910 -3.5153611
v -0.0006601 3.3912451 0.4202606
vn -0.7825561 -3.0095067 -3.4911420
v 0.0112647 3.3903732 0.4202606
vn -2.1110427 0.5932226 5.1015391
v -0.0331020 4.6887159 0.7573223
vn 1.9996721 1.1552404 4.7996588
v 0.0373735 4.6929908 0.7567164
vn -1.9909093 2.5961061 4.2101574
v -0.0331155 4.6981688 0.7546004
vn -5.8203673 -0.5893337 -0.8761595
v -0.0236998 4.8638711 0.4024451
vn -5.2650814 2.3817656 -0.8362036
v -0.0220742 4.8750873 0.4024103
vn -3.5882208 4.7124867 -0.7945114
v -0.0142625 4.8843265 0.4025844
vn -1.5205518 5.7757759 -0.8412560
v -0.0049996 4.8886204 0.4024517
vn 0.6463281 5.9595199 -0.7887772
v 0.0051212 4.8893595 0.4024518
vn 2.6880612 5.3213024 -0.8483009
v 0.0147776 4.8865471 0.4024518
vn 4.4989100 3.8807042 -0.8285771
v 0.0224838 4.8806276 0.4024517
vn 5.6233850 1.7652831 -0.8912872
v 0.0270747 4.8725281 0.4024514
vn 5.8519597 -0.7604347 -0.8539131
v 0.0278826 4.8634858 0.4024512
vn 5.0543227 -3.0648286 -0.8830391
v 0.0247963 4.8548431 0.4024512
vn 3.4807026 -4.8426142 -0.8120652
v 0.0182584 4.8478985 0.4024511
vn 1.5154191 -5.7787457 -0.8406699
v 0.0092397 4.8437257 0.4024513
vn -0.7377090 -5.9235482 -0.7826273
v -0.0008808 4.8429861 0.4024517
vn -3.0929379 -4.9811392 -0.8331363
v -0.0127215 4.8468885 0.4021842
vn -5.0582790 -2.9923539 -0.8757032
v -0.0207721 4.8551803 0.4024455
vn -2.9654088 0.2004486 -3.3981841
v -0.0181797 4.8674359 0.3836540
vn -1.8691891 2.3515685 -3.4270926
v -0.0113048 4.8799438 0.3836550
vn 0.1952413 3.0116930 -3.4440014
v 0.0035614 4.8844504 0.3836540
vn 2.1771748 2.0569541 -3.4250410
v 0.0175485 4.8781199 0.3836550
vn 2.9635439 -0.2265351 -3.4060783
v 0.0224182 4.8649101 0.3836540
vn 1.8713861 -2.3465736 -3.4301143
v 0.0155435 4.8524027 0.3836550
vn -0.1981375 -3.0127008 -3.4373055
v 0.0006782 4.8478956 0.3836540
vn -2.1863277 -2.0448341 -3.4159050
v -0.0133099 4.8542261 0.3836550
vn 1.8612032 -4.1656260 1.8516600
v 0.0168249 3.3157072 0.5145654
vn 1.7219507 -4.2920818 -1.7992363
v 0.0159803 3.3153541 0.4250055
vn 5.7304053 -0.6557180 1.5823525
v 0.0421298 3.4069102 0.5159154
vn 4.1769147 -1.7940633 1.8640469
v 0.0419842 3.3412211 0.5146141
vn 4.2569094 -1.8222985 -1.7776010
v 0.0419833 3.3408041 0.4250717
vn 5.6764898 -0.6246463 -1.6782645
v 0.0421387 3.4056942 0.4240591
vn 5.6931577 -1.7126950 0.6377718
v 0.0420430 3.4220042 0.5318200
vn 5.6818895 -1.6610004 -0.7100438
v 0.0420467 3.4215531 0.4090261
vn -1.7038634 -4.3811378 1.7701144
v -0.0107113 3.3153532 0.5145595
vn -1.8280289 -4.2047644 -1.8691629
v -0.0115430 3.3157022 0.4250029
vn 1.9231912 -2.4893291 -4.3204193
v 0.0372643 3.5252073 0.0664940
vn -2.2176580 -3.1887751 -3.9106956
v -0.0331161 3.5211482 0.0695111
vn 2.1982667 -5.5560298 -0.7478871
v 0.0372108 3.4179382 0.4018848
vn -2.3427544 -5.4449511 -0.8195207
v -0.0331860 3.4179792 0.4020313
vn -2.2217906 -4.5547223 -3.2910497
v -0.0331660 3.4147062 0.4104469
vn 2.3887870 -4.5588450 -3.0518358
v 0.0372656 3.4151731 0.4097032
vn 2.3605998 -5.4282522 0.8258103
v 0.0373569 3.4179792 0.5375397
vn -2.2085145 -5.5471907 0.7659499
v -0.0330551 3.4179392 0.5376873
vn -2.2139049 -5.0278788 -0.5423152
v -0.0331348 3.4181941 0.1798010
vn 2.1274941 -5.0881343 -0.6059012
v 0.0372528 3.4181941 0.1798010
vn -2.1268594 -5.0901532 0.6094770
v -0.0331020 3.4181941 0.6418440
vn 2.2068553 -5.0375667 0.5562665
v 0.0372973 3.4181941 0.6418440
vn 2.2395155 -4.5327573 3.2991276
v 0.0373896 3.4147081 0.5291240
vn -2.3788412 -4.5761704 3.0420172
v -0.0330793 3.4151731 0.5298641
vn -2.1999140 -3.3012362 4.5650072
v -0.0330393 3.4083862 0.5227993
vn 2.4491179 -2.9688206 4.5539217
v 0.0375227 3.4076543 0.5223383
vn -5.0681620 2.1578715 -0.9007080
v -0.0379332 3.4486792 0.2568170
vn -4.9668479 2.3151712 0.8052164
v -0.0379397 3.4485772 0.3117410
vn -4.3476620 1.1523045 -2.5522046
v -0.0379333 3.4509943 0.2587130
vn -4.4910402 1.3053991 2.3718307
v -0.0379379 3.4506762 0.3094860
vn -4.8387961 -1.5251970 -1.8930925
v -0.0379327 3.4601393 0.2584680
vn -4.3442674 -1.1769513 2.5471909
v -0.0379297 3.4590032 0.3094860
vn -5.0712075 -2.2248831 0.8937791
v -0.0379268 3.4613383 0.3114130
vn -4.9520121 -2.4945102 -0.4297609
v -0.0379328 3.4615741 0.2555161
vn -4.2679715 -2.8519669 -0.5394974
v -0.0379245 3.4617102 0.1842641
vn 5.5863194 0.5235943 -1.8671932
v 0.0420726 4.8171997 0.5535287
vn 3.8920834 1.7991867 -0.6683000
v 0.0420753 4.8924556 0.5541687
vn 5.6127925 1.3952056 -1.2912436
v 0.0420649 4.8057032 0.5468747
vn -2.1069849 0.5291854 -5.1542521
v -0.0331055 4.6887159 0.0643231
vn 2.2118311 0.0057494 -5.3723617
v 0.0372528 4.5156403 0.0643231
vn 1.9653189 -4.2151847 -2.6020544
v 0.0372709 3.4209251 0.1703430
vn -1.9047569 -4.3295460 -2.4757659
v -0.0331408 3.4203682 0.1713380
vn -1.9632233 -4.2117181 2.6042495
v -0.0331197 3.4209251 0.6513023
vn 1.9045556 -4.3212004 2.4805663
v 0.0372989 3.4203682 0.6503064
vn 1.9052266 4.3245711 -2.4814477
v 0.0372644 4.8020234 0.1713361
vn -1.9767293 4.1990585 -2.5979993
v -0.0331168 4.8014722 0.1703480
vn 2.1193399 -0.6047300 5.0974016
v 0.0372637 3.5336721 0.7573223
vn -2.2026281 -0.5312701 5.0416508
v -0.0331020 3.5336721 0.7573223
vn 5.2343516 -2.0362146 -0.6346891
v 0.0420754 3.5130873 0.1317410
vn 4.1860409 -2.5180020 1.4477836
v 0.0420754 3.5121722 0.1289580
vn 4.2819161 -0.8475670 2.7283559
v 0.0420753 3.5057271 0.1236050
vn 4.9717078 -1.0373840 -2.2298551
v 0.0420773 3.5281711 0.0701770
vn 5.3517566 -0.0001502 -2.2326705
v 0.0420754 3.7067451 0.0690970
vn 4.8377361 2.2157183 1.3809326
v 0.0420748 3.4502592 0.1750801
vn 5.0644712 0.8938558 2.1699831
v 0.0420755 3.5024242 0.1232890
vn -1.8272550 1.6181529 -4.4308395
v -0.0305377 3.9434152 -0.0303960
vn 1.8066100 1.7545375 -4.2918754
v 0.0346227 3.9437833 -0.0303670
vn 1.8440323 2.4633722 3.5443277
v 0.0185144 3.7246182 0.0533490
vn 2.6685514 1.5245761 3.5550611
v 0.0250603 3.7172532 0.0533490
vn 2.0435083 0.8567151 5.0606532
v 0.0346244 3.7374642 0.0533490
vn -2.0425830 0.8548706 5.0622749
v -0.0304983 3.7374642 0.0533490
vn -1.8079636 2.3992438 3.7219679
v -0.0145270 3.7248292 0.0533490
vn 0.7771610 2.9930654 3.4865606
v 0.0091761 3.7289631 0.0533490
vn -0.4104243 3.0499511 3.5328348
v -0.0008829 3.7296953 0.0533490
vn -2.0435030 -0.8566443 5.0607066
v -0.0304983 3.6756902 0.0533490
vn -2.2112887 -1.6762908 5.1608000
v -0.0304985 3.5602152 0.0130950
vn 2.2206132 -1.6695195 5.1571660
v 0.0346250 3.5588291 0.0126270
vn 2.0425584 -0.8547947 5.0623503
v 0.0346244 3.6756902 0.0533490
vn 3.0494778 0.2114774 3.5951712
v 0.0277892 3.7086191 0.0533490
vn -2.8372376 1.1146849 3.6224027
v -0.0224355 3.7138300 0.0533490
vn -3.0566049 -0.2719458 3.5694947
v -0.0235872 3.7049260 0.0533490
vn 2.6944823 -1.3463001 3.7053533
v 0.0258700 3.6974010 0.0533490
vn -2.6727779 -1.5172826 3.5551832
v -0.0208582 3.6962912 0.0533490
vn 1.6258028 -2.5755172 3.6248662
v 0.0165695 3.6875322 0.0533490
vn -1.8412520 -2.4665351 3.5377626
v -0.0143130 3.6889262 0.0533490
vn -0.7771623 -2.9930503 3.4866188
v -0.0049754 3.6845813 0.0533490
vn 0.3641620 -3.0653403 3.5034788
v 0.0050834 3.6838493 0.0533490
vn 4.8883352 0.9845483 -2.2726941
v 0.0420644 3.9406981 -0.0232930
vn 4.6867361 2.3558753 -0.2816864
v 0.0420762 3.9428101 -0.0210140
vn 4.9524107 1.4082505 2.0118542
v 0.0420654 3.9402413 -0.0168990
vn 5.4573255 0.5872949 2.0399165
v 0.0420628 3.8689802 0.0001160
vn 4.9043832 -1.0592395 -2.2058432
v 0.0420661 3.4721801 -0.0231940
vn 4.7138600 -2.3989322 0.0335389
v 0.0420720 3.4703202 -0.0207210
vn 4.9422517 -1.3735856 2.0606191
v 0.0420657 3.4732082 -0.0166650
vn 5.4488602 -0.5940211 2.0561922
v 0.0420629 3.5461421 0.0007240
vn 5.1832004 0.3950813 2.3344204
v 0.0420630 3.7362170 0.0459850
vn 5.1845474 -0.3921856 2.3338156
v 0.0420630 3.6769361 0.0459850
vn -2.0222545 -0.8881828 -5.0529490
v -0.0304968 3.4722211 -0.0307000
vn -1.7957718 -4.4947557 1.3711280
v -0.0305120 3.4632332 -0.0178159
vn 1.8056833 -4.5395317 1.1652433
v 0.0346381 3.4631143 -0.0184070
vn -2.2205224 1.6703248 5.1566000
v -0.0304987 3.8543372 0.0126200
vn 2.2113638 1.6770394 5.1601338
v 0.0346247 3.8529472 0.0130891
vn 1.7958032 4.4947810 1.3690891
v 0.0346380 3.9499183 -0.0178779
vn -1.8057084 4.5539546 1.1252208
v -0.0305120 3.9500360 -0.0184650
vn 1.8534020 2.5584619 4.0474901
v 0.0346798 3.9439602 -0.0103780
vn -1.8102237 2.6015515 3.9740453
v -0.0304680 3.9442763 -0.0104550
vn -2.2024453 1.3350191 5.2544098
v -0.0304867 3.8947122 0.0012330
vn 2.1914570 1.3274796 5.2706056
v 0.0346355 3.8939562 0.0013970
vn -1.8530421 -2.5562007 4.0482621
v -0.0305537 3.4691942 -0.0103160
vn 1.8251412 -2.6258337 3.9331191
v 0.0345941 3.4688792 -0.0103920
vn -2.1912348 -1.3241919 5.2719469
v -0.0305094 3.5191932 0.0014180
vn 2.1825829 -1.3279127 5.2756639
v 0.0346128 3.5184352 0.0012540
vn -1.8783145 -4.4387732 -1.9007385
v -0.0305039 3.4638143 -0.0249640
vn 1.8144783 -4.1722360 -2.2385638
v 0.0346300 3.4640081 -0.0253630
vn -1.9709101 -2.8781748 -4.0659275
v -0.0305018 3.4671042 -0.0287620
vn 1.8471131 -1.6300384 -4.4297929
v 0.0346470 3.4699962 -0.0305489
vn 1.8272203 4.2642169 -2.0382328
v 0.0346298 3.9493392 -0.0249640
vn -1.7929436 4.2210236 -2.2103739
v -0.0305040 3.9491463 -0.0253630
vn -4.8797426 -1.0485601 -2.2509544
v -0.0379396 4.2815924 -0.0232360
vn -4.6742592 -2.3717914 -0.2757508
v -0.0379453 4.2795734 -0.0210150
vn -4.9417596 -1.4202598 2.0157669
v -0.0379398 4.2821474 -0.0168990
vn -5.4547315 -0.5879708 2.0439095
v -0.0379368 4.3534083 0.0001160
vn -4.4926744 1.6620405 -1.5248872
v -0.0379612 4.7514176 -0.0229490
vn -4.8009367 1.7045990 1.7289799
v -0.0379531 4.7504530 -0.0173330
vn -5.4505486 0.5959703 2.0589175
v -0.0379368 4.6762457 0.0007240
vn -5.1832967 -0.3949228 2.3346877
v -0.0379369 4.4861712 0.0459850
vn -5.1845469 0.3921871 2.3338161
v -0.0379369 4.5454521 0.0459850
vn -3.0440202 -0.3901848 -3.5687842
v -0.0234990 3.7041173 0.1204580
vn -2.8961823 0.9755347 -3.6050515
v -0.0226968 3.7130532 0.1204580
vn -2.0457819 2.2351248 -3.6670654
v -0.0163050 3.7232351 0.1204580
vn -0.8209714 2.9720566 -3.5163269
v -0.0049740 3.7289631 0.1204580
vn 0.3643175 3.0652797 -3.5036249
v 0.0050850 3.7296953 0.1204580
vn 1.6259664 2.5754652 -3.6247663
v 0.0165702 3.7260113 0.1204580
vn 2.6944742 1.3463145 -3.7053595
v 0.0258701 3.7161431 0.1204580
vn 3.0494850 -0.2114452 -3.5951564
v 0.0277892 3.7049260 0.1204580
vn 2.6686132 -1.5244901 -3.5550227
v 0.0250602 3.6962912 0.1204580
vn 1.8441342 -2.4632914 -3.5443356
v 0.0185150 3.6889262 0.1204580
vn 0.7771665 -2.9930480 -3.4866219
v 0.0091775 3.6845813 0.1204580
vn -0.3641577 -3.0653417 -3.5034757
v -0.0008813 3.6838493 0.1204580
vn -1.5923055 -2.6097007 -3.5953879
v -0.0123675 3.6875322 0.1204580
vn -2.5907893 -1.6409965 -3.5724826
v -0.0204341 3.6955743 0.1204580
vn 0.2670777 3.0652812 -2.7550931
v 0.0061608 3.7616532 0.1204580
vn -0.9687603 -2.9353361 -2.7978091
v -0.0116754 3.6537681 0.1204580
vn 0.0378294 -3.1107666 -2.8710992
v 0.0021066 3.6519182 0.1204580
vn -0.3773016 -3.0528040 2.7509155
v -0.0037164 3.6520491 0.1883680
vn 0.0000000 0.0000000 -3.1415925
v 0.0420743 3.6988862 0.1204580
vn 0.0000000 0.0000000 -3.1415927
v 0.0420743 3.6903672 0.1204580
vn -1.9734054 -2.3822515 -2.8034630
v -0.0292224 3.6635232 0.1204580
vn -2.0184686 2.3539104 -2.8322086
v -0.0298536 3.7493331 0.1204580
vn 0.0000000 0.0000000 -3.1415925
v 0.0420743 3.7231462 0.1204580
vn 0.0000000 0.0000000 -3.1415930
v 0.0420743 3.7331953 0.1204580
vn 0.0000000 0.0000000 -3.1415925
v -0.0379368 3.7146420 0.1204580
vn 0.0000000 0.0000000 -3.1415925
v -0.0379368 3.7067561 0.1204580
vn 1.0547487 -2.8978596 -2.7634544
v 0.0175912 3.6543272 0.1204580
vn 0.0000000 0.0000000 -3.1415925
v -0.0379368 3.6988711 0.1204580
vn 1.4619770 2.7201684 -2.7883308
v 0.0250962 3.7558112 0.1204580
vn 0.0000000 0.0000000 -3.1415927
v 0.0420743 3.6803181 0.1204580
vn -1.0054289 2.9115868 -2.7652125
v -0.0133763 3.7591872 0.1204580
vn 0.0000000 0.0000000 -3.1415927
v 0.0420743 3.7146273 0.1204580
vn 0.0000000 0.0000000 -3.1415930
v -0.0379368 3.7231772 0.1204580
vn 2.7943211 -0.9850828 -2.4637382
v 0.0420743 3.6737661 0.1204580
vn 2.0407951 -2.3264980 -2.7995226
v 0.0348105 3.6647441 0.1204580
vn -2.7760108 -1.0059037 -2.4487495
v -0.0379368 3.6738663 0.1204580
vn 0.0000000 0.0000000 -3.1415925
v 0.0420743 3.7067561 0.1204580
vn 0.0000000 0.0000000 -3.1415925
v -0.0379368 3.7332451 0.1204580
vn 2.2538166 2.1571960 -2.9132786
v 0.0377141 3.7455332 0.1204580
vn -2.7823932 0.9972289 -2.4538596
v -0.0379368 3.7396472 0.1204580
vn 2.8252897 0.9453294 -2.4958205
v 0.0420743 3.7397470 0.1204580
vn 2.7740479 -1.0097375 2.4464130
v 0.0420743 3.6737661 0.1883680
vn 2.7797318 1.0029159 2.4535103
v 0.0420743 3.7397470 0.1883680
vn 2.0201657 2.3519659 2.8312550
v 0.0340668 3.7493331 0.1883680
vn 1.0054302 2.9115856 2.7652102
v 0.0175895 3.7591872 0.1883680
vn -0.2670740 3.0652823 2.7550957
v -0.0019476 3.7616532 0.1883680
vn -1.5064708 2.6829073 2.7565842
v -0.0208832 3.7558112 0.1883680
vn -2.6238585 1.1786276 2.3305676
v -0.0375220 3.7410781 0.1883680
vn -2.6587906 -1.1306520 2.3479280
v -0.0378370 3.6730981 0.1883680
vn -1.5982641 -2.6316657 2.7621751
v -0.0224510 3.6586092 0.1883680
vn 0.9052639 -2.9392390 2.7412729
v 0.0158886 3.6537681 0.1883680
vn 1.9656610 -2.3862221 2.7898996
v 0.0334359 3.6635232 0.1883680
vn -1.8436272 -1.6699042 -4.3587255
v -0.0305591 4.2790804 -0.0305179
vn 1.7990615 -1.6822962 -4.3661580
v 0.0345947 4.2787342 -0.0304070
vn -2.0424733 0.8549046 5.0623126
v -0.0304983 4.5466981 0.0533490
vn 2.0433464 0.8565794 5.0608068
v 0.0346244 4.5466981 0.0533490
vn 2.2175217 1.6702428 5.1600294
v 0.0346436 4.6631460 0.0127590
vn -1.8135041 -2.3932815 3.7247953
v -0.0145994 4.4975390 0.0533490
vn -2.0433521 -0.8566237 5.0607729
v -0.0304983 4.4849243 0.0533490
vn 2.0425026 -0.8549680 5.0622458
v 0.0346244 4.4849243 0.0533490
vn 2.6703334 -1.5218183 3.5545075
v 0.0250598 4.5051060 0.0533490
vn 1.8469781 -2.4610605 3.5445743
v 0.0185133 4.4977202 0.0533490
vn 0.7788661 -2.9923577 3.4874568
v 0.0091754 4.4933634 0.0533490
vn -0.4118333 -3.0493822 3.5339751
v -0.0008829 4.4926300 0.0533490
vn -2.2177739 -1.6709703 5.1591043
v -0.0305175 4.3684640 0.0127530
vn 5.4499736 -0.5937110 2.0491755
v 0.0420629 4.3553700 0.0007160
vn 4.8090873 -1.6950029 1.7513418
v 0.0420761 4.2811689 -0.0173930
vn 4.5025711 -1.6825453 -1.4705387
v 0.0420911 4.2801251 -0.0227420
vn 4.8855634 1.0282745 -2.2589047
v 0.0420648 4.7499328 -0.0232919
vn 4.6757612 2.3688247 -0.2836262
v 0.0420713 4.7520590 -0.0209880
vn 4.9410048 1.4207680 2.0150154
v 0.0420658 4.7494774 -0.0168390
vn 5.4552245 0.5868424 2.0432949
v 0.0420628 4.6782122 0.0001240
vn 5.1845617 -0.3922052 2.3337989
v 0.0420630 4.4861712 0.0459850
vn 5.1832933 0.3948174 2.3342211
v 0.0420630 4.5454521 0.0459850
vn -1.8063668 4.5141335 1.2588676
v -0.0305206 4.7591972 -0.0179980
vn 1.7945430 4.5259976 1.2379311
v 0.0346444 4.7592387 -0.0181990
vn -2.8414197 -1.1083014 3.6180511
v -0.0224354 4.5085382 0.0533490
vn 3.0499558 -0.2109660 3.5939543
v 0.0277892 4.5137653 0.0533490
vn -3.0570283 0.2714143 3.5683832
v -0.0235872 4.5174704 0.0533490
vn 2.6960578 1.3440803 3.7044168
v 0.0258693 4.5250163 0.0533490
vn -2.6744821 1.5146409 3.5546269
v -0.0208577 4.5261292 0.0533490
vn 1.6284758 2.5735788 3.6253922
v 0.0165679 4.5349131 0.0533490
vn -1.8443022 2.4642177 3.5378373
v -0.0143120 4.5335140 0.0533490
vn 0.3651822 3.0649643 3.5043104
v 0.0050841 4.5386052 0.0533490
vn -0.7789879 2.9922681 3.4876642
v -0.0049746 4.5378723 0.0533490
vn 1.8015493 -4.5190172 1.2614571
v 0.0346461 4.2724280 -0.0180579
vn -1.7944913 -4.5253901 1.2358614
v -0.0305185 4.2723870 -0.0182580
vn 1.8340068 -2.5697742 4.0289569
v 0.0346894 4.2782073 -0.0105090
vn -1.8251331 -2.5966809 3.9859421
v -0.0304620 4.2782803 -0.0103540
vn 2.2063875 -1.3380557 5.2536321
v 0.0346358 4.3278823 0.0012600
vn -2.1924946 -1.3253322 5.2687974
v -0.0304860 4.3284502 0.0014250
vn -1.8335353 2.5677059 4.0295043
v -0.0305634 4.7534151 -0.0104470
vn 1.8247623 2.5946052 3.9861445
v 0.0345881 4.7533426 -0.0102919
vn -2.2061393 1.3348150 5.2549906
v -0.0305098 4.7037458 0.0012810
vn 2.1921144 1.3220104 5.2702556
v 0.0346120 4.7031775 0.0014460
vn -1.7962494 4.2872982 -2.0604184
v -0.0305139 4.7585173 -0.0250950
vn 1.8190192 4.1766791 -2.1769483
v 0.0346354 4.7584519 -0.0252320
vn -1.7826216 1.6929717 -4.3852568
v -0.0304687 4.7528887 -0.0304070
vn 1.8414499 1.6739231 -4.3601556
v 0.0346852 4.7525430 -0.0305179
vn -1.8188976 -4.1773639 -2.1781347
v -0.0305094 4.2731714 -0.0252330
vn 1.7974408 -4.2834382 -2.0676146
v 0.0346401 4.2731061 -0.0250950
vn 2.2140720 -1.6760889 5.1585760
v 0.0346024 4.3689103 0.0129180
vn -2.2140248 1.6753134 5.1592183
v -0.0304763 4.6627054 0.0129230
vn -2.9010558 -0.9673615 -3.5995002
v -0.0226966 4.5093184 0.1204580
vn -3.0445011 0.3893166 -3.5676908
v -0.0234990 4.5182810 0.1204580
vn -2.0508399 -2.2272038 -3.6729717
v -0.0163869 4.4991350 0.1204580
vn -0.8213991 -2.9719303 -3.5164132
v -0.0049733 4.4933634 0.1204580
vn 0.3651483 -3.0649481 -3.5043893
v 0.0050851 4.4926300 0.1204580
vn 1.6285032 -2.5735559 -3.6254191
v 0.0165683 4.4963222 0.1204580
vn 2.6960783 -1.3440295 -3.7044268
v 0.0258694 4.5062189 0.1204580
vn 3.0499520 0.2110350 -3.5939538
v 0.0277892 4.5174704 0.1204580
vn 2.6703267 1.5218464 -3.5544829
v 0.0250597 4.5261292 0.1204580
vn 1.8471748 2.4609649 -3.5444422
v 0.0185141 4.5335140 0.1204580
vn 0.7789763 2.9922757 -3.4876523
v 0.0091764 4.5378723 0.1204580
vn -0.3651793 3.0649638 -3.5043101
v -0.0008821 4.5386052 0.1204580
vn -1.5950118 2.6078234 -3.5958948
v -0.0123659 4.5349131 0.1204580
vn -2.5927243 1.6382524 -3.5719867
v -0.0204336 4.5268483 0.1204580
vn 0.2722039 -3.0638075 -2.7505043
v 0.0061604 4.4607353 0.1204580
vn -0.9687278 2.9353268 -2.7977397
v -0.0116746 4.5686212 0.1204580
vn -0.3774062 3.0527837 2.7508914
v -0.0037175 4.5703397 0.1883680
vn 0.0378192 3.1107876 -2.8711970
v 0.0021065 4.5704703 0.1204580
vn 0.0000000 0.0000000 -3.1415927
v 0.0420743 4.5320210 0.1204580
vn 0.0000000 0.0000000 -3.1415925
v 0.0420743 4.5235023 0.1204580
vn -1.9734378 2.3822305 -2.8035975
v -0.0292226 4.5588651 0.1204580
vn -2.0182974 -2.3540740 -2.8322027
v -0.0298529 4.4730539 0.1204580
vn 0.0000000 0.0000000 -3.1415925
v 0.0420743 4.4992423 0.1204580
vn 0.0000000 0.0000000 -3.1415925
v 0.0420743 4.4891930 0.1204580
vn -2.7825782 -0.9972582 -2.4568040
v -0.0379369 4.4827414 0.1204580
vn 1.0547271 2.8978360 -2.7633538
v 0.0175903 4.5680623 0.1204580
vn 1.4606428 -2.7187688 -2.7757611
v 0.0250966 4.4665780 0.1204580
vn 0.0000000 0.0000000 -3.1415927
v 0.0420743 4.5420704 0.1204580
vn -1.0053728 -2.9116123 -2.7652166
v -0.0133762 4.4632010 0.1204580
vn 0.0000000 0.0000000 -3.1415925
v 0.0420743 4.5077610 0.1204580
vn 2.7942376 0.9851866 -2.4636536
v 0.0420743 4.5486231 0.1204580
vn 2.0407763 2.3265619 -2.7996583
v 0.0348102 4.5576439 0.1204580
vn -2.7759969 1.0047865 -2.4459844
v -0.0379369 4.5485220 0.1204580
vn 0.0000000 0.0000000 -3.1415927
v 0.0420743 4.5156322 0.1204580
vn 2.2464051 -2.1649096 -2.9105127
v 0.0377140 4.4768553 0.1204580
vn 2.8284333 -0.9402724 -2.5008399
v 0.0420743 4.4826412 0.1204580
vn -2.6569040 1.1420658 2.3534927
v -0.0376504 4.5495100 0.1883680
vn -2.6264100 -1.1636351 2.3218105
v -0.0377894 4.4816060 0.1883680
vn -1.5085629 -2.6811054 2.7551413
v -0.0208837 4.4665780 0.1883680
vn -0.3330221 -3.0716097 2.7928145
v -0.0019472 4.4607353 0.1883680
vn 0.6924993 -3.0334456 2.8733141
v 0.0119307 4.4618473 0.1883680
vn 1.6320698 -2.6184893 2.7738154
v 0.0266654 4.4674854 0.1883680
vn 2.6528344 -1.1492664 2.3497403
v 0.0417928 4.4816694 0.1883680
vn 2.7739797 1.0064497 2.4454095
v 0.0420743 4.5486231 0.1883680
vn 1.9656471 2.3862655 2.7899849
v 0.0334356 4.5588651 0.1883680
vn 0.9052574 2.9392216 2.7412167
v 0.0158878 4.5686212 0.1883680
vn -1.5967003 2.6331513 2.7634952
v -0.0224513 4.5637789 0.1883680
vn 4.6026654 -1.8105367 -2.3186021
v -0.0283515 4.8606248 0.4044422
vn 1.6011821 -1.5187449 -1.5535202
v -0.0233827 4.8607273 0.4044422
vn 1.6402941 -1.6138337 1.6414800
v -0.0237106 4.8608322 0.5007212
vn 4.6392388 -1.8093302 2.2963331
v -0.0283515 4.8606248 0.5007212
vn 4.5517201 1.8108060 2.3510351
v -0.0283515 4.8715038 0.5007212
vn 1.5502533 1.5193146 1.5213126
v -0.0233827 4.8715625 0.5007212
vn 1.5893601 1.6157094 -1.6093415
v -0.0237130 4.8714471 0.4044422
vn 4.5883179 1.8107854 -2.3287628
v -0.0283515 4.8715038 0.4044422
vn 1.5629194 1.7146297 -1.6868999
v -0.0309369 4.8924999 0.3956504
vn 1.5629190 1.7146307 1.6868997
v -0.0309369 4.8924999 0.5095130
vn 5.7329545 -0.5146438 -1.6396204
v 0.0420753 4.2770991 0.1490530
vn 5.9464951 0.6819171 -1.1308262
v 0.0420754 3.9349422 0.1484610
vn 5.7783046 1.5747736 -0.5490879
v 0.0420754 3.9299011 0.1406900
vn 5.9202814 1.1833751 0.7196148
v 0.0420754 3.9307513 0.0983390
vn 5.9380708 -1.1501368 -0.7013776
v 0.0420754 4.2847781 0.1441760
vn 5.7454424 0.4600541 1.6548966
v 0.0420754 3.9382443 0.0936130
vn 5.8814754 -1.3172729 0.6581044
v 0.0420754 4.2850504 0.0996100
vn 5.8079963 -0.5832869 1.4894794
v 0.0420754 4.2784834 0.0938390
vn -5.6185365 1.2830780 -1.3910632
v -0.0379142 4.8066797 0.5478509
vn -3.8974695 1.8021299 -0.6848294
v -0.0379246 4.8924589 0.5541666
vn -5.5740891 0.4677076 -1.8994124
v -0.0379208 4.8181434 0.5537523
vn 3.7498162 -4.1162472 -2.4315434
v 0.0284876 3.5977101 0.7069734
vn 3.7554703 -4.6846142 -1.0721294
v 0.0283800 3.6003933 0.6997372
vn 3.6940520 0.0182478 -4.7966108
v 0.0281823 3.5711832 0.7228178
vn 3.8230951 4.6762404 0.0659399
v 0.0281230 3.5400472 0.6913467
vn 3.6986637 -3.8392425 2.7910826
v 0.0283486 3.5953991 0.6739271
vn 3.8419206 3.6133327 -3.0717731
v 0.0282996 3.5471182 0.7119374
vn 3.5229201 2.6929994 -4.2235789
v 0.0289636 3.5535262 0.7182835
vn 3.5676472 -0.2807601 4.9164267
v 0.0287996 3.5720491 0.6611784
vn 3.7351420 -1.7299267 -4.4108658
v 0.0283905 3.5810752 0.7212835
vn 3.7464080 3.0696850 3.6783233
v 0.0285423 3.5507741 0.6686207
vn 3.8026903 -3.1274085 -3.4316938
v 0.0280646 3.5913572 0.7147684
vn 3.8515177 3.8521407 2.7719002
v 0.0283807 3.5458632 0.6741280
vn 3.6436043 -4.8851581 -0.0866335
v 0.0285236 3.6014853 0.6923639
vn 4.0917392 4.2595639 -0.9598184
v 0.0271898 3.5416231 0.6991734
vn 3.7350833 -2.7941144 3.9040818
v 0.0284878 3.5879312 0.6667450
vn 3.6870005 1.1392987 -4.6436648
v 0.0285648 3.5629232 0.7222377
vn 4.0131731 1.0966381 4.3477478
v 0.0273323 3.5633111 0.6632387
vn 3.6010368 4.6282821 1.6375736
v 0.0287088 3.5413852 0.6818253
vn 3.6761675 4.3435001 -2.2477133
v 0.0287434 3.5432711 0.7068330
vn 3.9487810 -4.2879472 1.4034442
v 0.0275022 3.5994751 0.6836517
vn 4.1235199 1.9782460 3.8888700
v 0.0273303 3.5570681 0.6655641
vn 3.6995749 -1.5805831 4.5842581
v 0.0283797 3.5809932 0.6633670
vn 4.9512525 -0.4993283 -3.6274042
v 0.0256594 3.5746560 0.7197990
vn 5.7818007 -0.5190572 -2.0010819
v 0.0234789 3.5764241 0.7154433
vn 6.0689402 0.0774483 -1.1161045
v 0.0228853 3.5698462 0.7136302
vn 5.1715007 -1.5810586 -2.8507760
v 0.0248151 3.5825832 0.7159649
vn 5.1939015 -2.1285074 -2.4412396
v 0.0249586 3.5883112 0.7124287
vn 6.0244646 -0.8537178 -0.8695658
v 0.0229006 3.5864301 0.7071132
vn 5.6983614 -2.0550735 -1.1593443
v 0.0237495 3.5920541 0.7039638
vn 5.0144544 -3.2508078 -1.2989976
v 0.0253980 3.5961702 0.7026773
vn 5.9268250 -1.4398323 -0.1023528
v 0.0229652 3.5927541 0.6934420
vn 5.0658545 -3.4740899 0.0037329
v 0.0255208 3.5982692 0.6918395
vn 5.5760684 -2.4428749 0.8234980
v 0.0239957 3.5942540 0.6841357
vn 5.9960637 -0.9720552 0.8613768
v 0.0229447 3.5876112 0.6783114
vn 5.1870151 -2.5987029 1.9639453
v 0.0248695 3.5921521 0.6763878
vn 5.1684318 -1.7803887 2.7041087
v 0.0250692 3.5852203 0.6694938
vn 6.0000396 -0.3758867 1.2198130
v 0.0229068 3.5769353 0.6715298
vn 5.0624771 -0.7986125 3.2886584
v 0.0252417 3.5770903 0.6656115
vn 5.0090199 0.0132914 3.6330044
v 0.0256982 3.5706801 0.6644403
vn 5.6345954 0.5043046 2.2384033
v 0.0237722 3.5656581 0.6680810
vn 5.6545916 1.2618232 2.1199558
v 0.0235644 3.5563941 0.6728687
vn 5.2062125 2.4634922 2.0950849
v 0.0245348 3.5509822 0.6748315
vn 4.9819865 3.2941265 1.3464450
v 0.0256894 3.5445752 0.6821704
vn 5.9602332 1.0417933 0.8463190
v 0.0228982 3.5543361 0.6767891
vn 5.3640437 2.8046112 0.4330766
v 0.0244267 3.5448523 0.6883759
vn 5.7306461 2.0712171 -0.2561895
v 0.0234115 3.5472043 0.6958303
vn 5.1618361 2.9192739 -1.6345536
v 0.0251971 3.5468693 0.7053056
vn 5.9664402 1.2117565 -0.6039498
v 0.0229133 3.5505672 0.7012748
vn 5.2878103 2.0601480 -2.3017399
v 0.0248676 3.5531492 0.7125947
vn 4.4898319 2.4544432 -3.4148405
v 0.0267042 3.5529802 0.7155021
vn 5.9866719 0.7335280 -1.1486597
v 0.0229551 3.5585821 0.7106183
vn 5.2378335 0.7445077 -2.9904890
v 0.0246326 3.5646362 0.7180138
vn 4.8462005 -2.5542650 -0.5342829
v 0.0358785 3.4590712 0.1833071
vn 0.0000031 0.0001984 0.0040764
v 0.0358785 3.4552472 0.2588770
vn 0.0000002 -0.0000259 0.0010522
v 0.0358785 3.4547522 0.2588770
vn 3.5345819 2.5848317 -1.3863631
v 0.0358785 3.4513912 0.2569660
vn -0.0784270 0.1548781 -3.1321769
v 0.0358785 3.4547932 0.2588770
vn -0.0197617 -0.0000000 -3.1415305
v 0.0358785 3.4549992 0.2588770
vn 2.9189568 -1.1894552 -2.7449658
v 0.0358782 3.5074062 0.6824553
vn 2.8270524 -2.5034871 -1.7102348
v 0.0358785 3.5099642 0.6802821
vn -0.0557852 0.0022609 3.1410961
v 0.0358785 3.4549992 0.3093220
vn -0.1093894 0.1386582 3.1326346
v 0.0358785 3.4547932 0.3093220
vn 4.1708541 2.3924623 -1.6977767
v 0.0358785 3.4536703 0.6320355
vn 3.8753951 1.2848008 -2.6600788
v 0.0358789 3.5043592 0.6820880
vn 3.0585029 -2.7516587 -0.1820179
v 0.0358795 3.5107751 0.1296641
vn -0.1108764 -0.1660698 3.1294706
v 0.0358785 3.4552052 0.3093220
vn -0.1124067 -0.2230078 -3.1224701
v 0.0358785 3.4552052 0.2588770
vn 2.7990882 1.1872114 2.7287850
v 0.0358781 4.7144933 0.1251700
vn 4.7981467 -2.6097414 0.4357667
v 0.0358785 3.4589872 0.6235177
vn 3.6403298 -2.6656022 1.2701634
v 0.0358786 3.4587281 0.3115261
vn 4.2005310 2.3063984 1.8136547
v 0.0358785 3.4541471 0.1748960
vn 2.6695416 -1.6852447 2.4070940
v 0.0358686 3.5086932 0.1257610
vn 3.9843247 2.8341181 -0.8362572
v 0.0358784 4.7630882 0.2560180
vn 0.0000000 -0.0000480 -0.0020390
v 0.0358785 3.4547522 0.3093220
vn 0.0000002 0.0000488 -0.0016148
v 0.0358785 3.4552472 0.3093220
vn 3.6548882 -4.6099148 -0.2537360
v 0.0369803 3.4679871 0.2857740
vn 4.0841918 4.2313871 0.3314263
v 0.0364239 3.4425092 0.2842931
vn 3.6680849 -3.6126583 3.0773647
v 0.0370097 3.4650362 0.2767830
vn 3.8729482 3.0516546 -3.3206832
v 0.0370285 3.4459212 0.2943130
vn 3.7914250 -0.5630434 4.6262197
v 0.0369887 3.4566033 0.2722000
vn 3.6690674 -2.5299242 -3.8714776
v 0.0370111 3.4616721 0.2962180
vn 4.0024233 3.0123096 3.0612910
v 0.0365611 3.4457192 0.2764430
vn 4.2414131 4.1341701 -0.7809984
v 0.0365495 3.4425981 0.2872210
vn 4.0378809 1.7605404 -3.8464110
v 0.0365454 3.4499953 0.2966210
vn 3.9016676 0.8736272 4.5696130
v 0.0370498 3.4524252 0.2723290
vn 3.5263815 4.6139464 1.4898152
v 0.0372077 3.4426541 0.2806220
vn 3.7230990 4.2105880 -2.2330453
v 0.0369897 3.4435351 0.2909870
vn 3.6723719 -2.2287805 4.2169590
v 0.0372094 3.4606442 0.2732240
vn 4.0181694 -3.6579416 -2.2427664
v 0.0366581 3.4658523 0.2915560
vn 4.0913348 1.9582978 3.6183894
v 0.0362576 3.4495373 0.2739530
vn 3.7426374 -0.2117066 -4.6438289
v 0.0370534 3.4555991 0.2979801
vn 5.1793294 -1.2272129 -2.7400312
v 0.0353508 3.4597321 0.2950090
vn 6.0575147 -0.6166438 -0.9536508
v 0.0347705 3.4598031 0.2928870
vn 5.7232337 -1.5694242 -0.9798681
v 0.0348363 3.4632461 0.2900170
vn 5.3775501 -2.7973018 -0.3505284
v 0.0353597 3.4658282 0.2861040
vn 4.0216751 -4.0436010 1.1853964
v 0.0363627 3.4668221 0.2813770
vn 5.8944445 -1.4388019 0.4267560
v 0.0347805 3.4639282 0.2826080
vn 5.0567503 -2.4177575 2.2776792
v 0.0356887 3.4634552 0.2771990
vn 5.9447379 -0.8790839 1.0607986
v 0.0347585 3.4609902 0.2778790
vn 5.2624888 -1.0666565 2.8378859
v 0.0354482 3.4588001 0.2746431
vn 5.4886413 0.1154917 2.3573511
v 0.0350875 3.4545472 0.2745841
vn 5.8567882 0.9299972 1.2381746
v 0.0347679 3.4494591 0.2775220
vn 5.2891974 2.5943723 1.3769633
v 0.0354283 3.4452252 0.2798530
vn 5.7935863 1.7389979 0.1111622
v 0.0348711 3.4453092 0.2841411
vn 5.3076200 2.5081294 -1.4476656
v 0.0353151 3.4455652 0.2905300
vn 5.7215586 1.1735827 -1.3092840
v 0.0347709 3.4479902 0.2915260
vn 5.9918609 0.2074274 -1.2774876
v 0.0347825 3.4535491 0.2941650
vn 5.1289887 0.4833461 -3.1735246
v 0.0355543 3.4531832 0.2961550
vn 0.0000023 0.0001627 0.0036525
v 0.0358784 4.7671857 0.2588770
vn 0.0000020 -0.0001580 0.0033110
v 0.0358784 4.7666907 0.2588770
vn 4.2800941 -2.8622634 0.4777236
v 0.0358784 4.7707577 0.1818160
vn -0.0203055 0.0000000 -3.1415272
v 0.0358784 4.7669382 0.2588770
vn -0.1028220 -0.2194317 -3.1227965
v 0.0358784 4.7671437 0.2588770
vn 2.8280909 2.5799417 -1.5390786
v 0.0358783 4.7117724 0.6800115
vn 2.8262923 1.4869137 -2.6346352
v 0.0358783 4.7140265 0.6821699
vn -0.1282791 -0.2144446 3.1219790
v 0.0358784 4.7671437 0.3093220
vn -0.0557860 0.0022609 3.1410961
v 0.0358784 4.7669382 0.3093220
vn 4.8143563 2.2026572 -1.4348947
v 0.0358784 4.7605438 0.1777900
vn 4.2739801 -2.8660290 -0.4687673
v 0.0358784 4.7707758 0.6256271
vn 3.9294963 -2.8095050 0.9168903
v 0.0358785 4.7707548 0.3120180
vn -0.1315628 0.2403454 -3.1195204
v 0.0358784 4.7667327 0.2588770
vn 3.6499052 2.7482982 1.0147516
v 0.0358791 4.7116337 0.6770246
vn 4.8649020 2.2169309 1.3342932
v 0.0358785 4.7610607 0.6290403
vn 2.7408392 2.4637921 1.6867474
v 0.0358783 4.7117419 0.1274550
vn 3.8659823 -1.2943259 2.6625936
v 0.0358788 4.7177353 0.1256061
vn 0.0000025 0.0001813 -0.0037194
v 0.0358784 4.7671857 0.3093220
vn 0.0000012 -0.0000889 -0.0030345
v 0.0358784 4.7666907 0.3093220
vn -0.1166989 0.1589620 3.1301479
v 0.0358784 4.7667327 0.3093220
vn 3.7094622 4.6452327 -0.6018756
v 0.0370934 4.7541046 0.2869700
vn 3.7336922 -4.5691824 -0.8478944
v 0.0370594 4.7797413 0.2875791
vn 4.1170330 3.4710271 2.3057973
v 0.0363201 4.7564578 0.2784390
vn 3.6294889 0.0708238 4.8188338
v 0.0371162 4.7668719 0.2720261
vn 3.7045066 2.5664515 -3.9293487
v 0.0370534 4.7597022 0.2958390
vn 3.5472400 -3.8409295 2.8721943
v 0.0370854 4.7770090 0.2767010
vn 3.6804132 -1.5471532 -4.3593073
v 0.0370327 4.7714176 0.2972920
vn 3.5469761 3.1227539 3.7023702
v 0.0372122 4.7592096 0.2744820
vn 4.1072202 -1.5814314 3.7166116
v 0.0363856 4.7716951 0.2734250
vn 3.7382295 4.5091267 1.0704454
v 0.0370898 4.7544308 0.2813851
vn 3.7917278 3.9927812 -2.3709629
v 0.0370562 4.7557926 0.2916360
vn 4.1928740 -3.7995040 1.0052652
v 0.0362071 4.7789388 0.2821470
vn 3.7522960 -3.5652471 -2.9208164
v 0.0371043 4.7770629 0.2932920
vn 4.0107427 1.3883638 4.1979847
v 0.0366378 4.7628384 0.2730540
vn 3.8290141 0.5870231 -4.5622597
v 0.0370119 4.7650948 0.2978350
vn 5.1659765 -0.3226175 -3.0825748
v 0.0354517 4.7680221 0.2960790
vn 6.0267873 0.1393170 -1.1979597
v 0.0347577 4.7660890 0.2941010
vn 5.3046155 1.1085978 -2.6644588
v 0.0353823 4.7628269 0.2951380
vn 4.8870788 2.5501089 -2.5552471
v 0.0358909 4.7587066 0.2933511
vn 5.5329976 1.8722842 -0.9474384
v 0.0348412 4.7580442 0.2896060
vn 6.0297704 1.2264358 -0.0865839
v 0.0347861 4.7578988 0.2873440
vn 5.0836568 3.2475338 0.0607763
v 0.0356451 4.7555661 0.2851100
vn 5.8091612 1.3665900 0.8199509
v 0.0347737 4.7590184 0.2797420
vn 5.3466244 1.6428481 2.3107972
v 0.0354283 4.7602162 0.2763311
vn 5.2518463 0.3517935 2.9595442
v 0.0354506 4.7657924 0.2739390
vn 5.8938265 -0.1823517 1.4568167
v 0.0348022 4.7674046 0.2755790
vn 4.9955730 -2.2708542 2.3957016
v 0.0356752 4.7752156 0.2769090
vn 5.8969216 -1.1030663 0.9150132
v 0.0347724 4.7741117 0.2789320
vn 5.8794379 -1.5063933 -0.0232926
v 0.0347655 4.7761965 0.2857120
vn 5.0422812 -2.9743671 -1.2115344
v 0.0355621 4.7775731 0.2890800
vn 5.8354063 -1.0813825 -1.2100064
v 0.0348097 4.7730894 0.2924110
vn 4.7989717 -2.0666924 -2.9810300
v 0.0357650 4.7734718 0.2946280
vn 5.1639562 -0.8875963 2.0654669
v 0.0373643 4.2759800 0.0990140
vn 5.1511431 -2.3441615 0.3299899
v 0.0373642 4.2808480 0.1066411
vn 5.1356301 -2.2995389 -0.4741178
v 0.0373642 4.2806220 0.1373200
vn 5.2014012 -0.6818925 -2.1653514
v 0.0373642 4.2745323 0.1440990
vn 5.1570892 0.7564280 -2.1263993
v 0.0373643 3.9399471 0.1437250
vn 5.2408295 2.2129171 -0.5189716
v 0.0373642 3.9346843 0.1367151
vn 5.1174569 2.3797152 0.3326384
v 0.0373642 3.9345660 0.1066411
vn 5.2098789 0.8909394 2.0342827
v 0.0373643 3.9393041 0.0991300
vn 3.4750078 0.7891345 2.8423553
v 0.0358793 3.5046761 0.1253340
vn 3.1081684 -1.4412162 -2.6412380
v 0.0358779 3.4573052 0.2584250
vn 3.9685786 -2.8432226 -0.8154287
v 0.0358785 3.4588492 0.2560180
vn 3.1254880 1.0375253 -2.9000423
v 0.0358784 3.4534862 0.2586820
vn 3.4751492 -2.8243608 0.6884431
v 0.0358786 3.5104711 0.6773896
vn 3.0796132 1.0560291 2.8802857
v 0.0358783 3.4534531 0.3095100
vn 3.5683103 2.6056914 1.3667617
v 0.0358786 3.4513512 0.3113430
vn 3.1261122 -1.1697676 2.8296602
v 0.0358783 3.4567232 0.3095790
vn 3.5580566 2.7892466 -0.8605691
v 0.0358789 4.7114444 0.1303090
vn 3.1356702 1.4869273 -2.6182110
v 0.0358779 4.7645845 0.2583790
vn 3.1119447 -1.4445845 -2.6402256
v 0.0358779 4.7692437 0.2584250
vn 3.9660769 -2.8442893 -0.8116641
v 0.0358784 4.7707887 0.2560170
vn 3.5813751 -0.8269461 -2.8246768
v 0.0358786 4.7170200 0.6823963
vn 3.1449561 -1.4327865 2.6612356
v 0.0358779 4.7691817 0.3097711
vn 3.0920498 1.1670474 2.8216856
v 0.0358782 4.7651753 0.3095731
vn 3.7031314 2.6897864 1.2144805
v 0.0358785 4.7632232 0.3115680
vn 4.2069035 2.8408072 0.6436970
v 0.0358785 3.4513412 0.1805490
vn 4.7829037 -2.1821063 -1.5019034
v 0.0358785 3.4615672 0.1775670
vn 4.2311764 2.8586469 -0.5562299
v 0.0358785 3.4512253 0.6262087
vn 4.8538575 -2.1974378 1.3852819
v 0.0358789 3.4611132 0.6294011
vn 4.1408052 -2.4472449 1.6207061
v 0.0358784 4.7686777 0.1760360
vn 4.8399072 2.5667479 -0.4953687
v 0.0358784 4.7628989 0.1835440
vn 4.1325312 -2.4451294 -1.6294284
v 0.0358780 4.7686315 0.6315812
vn 4.7906551 2.6247151 0.3947568
v 0.0358784 4.7629862 0.6232096
vn -0.0000013 0.0003403 0.0023428
v -0.0325006 3.4552472 0.2588770
vn -4.7779016 -2.6357269 -0.3857820
v -0.0325006 3.4589453 0.1844110
vn -3.5606313 2.6018350 -1.3789493
v -0.0325007 3.4513512 0.2568560
vn -0.0000005 -0.0000513 0.0021352
v -0.0325006 3.4547522 0.2588770
vn 0.2358782 -0.0000001 -3.1327248
v -0.0325006 3.4549992 0.2588770
vn 0.2021494 0.0964395 -3.1288900
v -0.0325006 3.4547932 0.2588770
vn -2.7855740 -2.5533004 -1.5978482
v -0.0325005 3.5100682 0.6801543
vn -2.8384457 -1.4805098 -2.6408503
v -0.0325005 3.5079131 0.6821731
vn 0.1631255 0.2080711 3.1203003
v -0.0325006 3.4547932 0.3093220
vn 0.0947320 -0.0000001 3.1401641
v -0.0325006 3.4549992 0.3093220
vn -3.5743244 0.8203192 -2.8271055
v -0.0325007 3.5049253 0.6824041
vn -4.1493330 2.4102261 -1.6808378
v -0.0325003 3.4535551 0.6319110
vn -3.3281991 -2.8043778 -0.4922110
v -0.0325016 3.5106442 0.1299860
vn 0.1405358 -0.1335664 3.1316898
v -0.0325006 3.4552052 0.3093220
vn 0.3105436 -0.2533498 -3.0983129
v -0.0325006 3.4552052 0.2588770
vn -2.6731098 2.3233671 1.7728961
v -0.0324977 4.7117949 0.1271870
vn -3.5608497 -2.5996704 1.3821381
v -0.0325007 3.4586473 0.3113430
vn -4.9001369 -2.4922278 0.6079836
v -0.0325006 3.4591262 0.6248075
vn -2.6401985 -1.9481378 2.1919518
v -0.0324873 3.5093663 0.1262600
vn -4.1218877 2.4752109 1.5776298
v -0.0325006 3.4530063 0.1763960
vn -3.5627565 2.6011691 -1.3814539
v -0.0325008 4.7632904 0.2568560
vn -0.0000007 -0.0001405 -0.0026210
v -0.0325006 3.4547522 0.3093220
vn -0.0000010 0.0000514 -0.0021352
v -0.0325006 3.4552472 0.3093220
vn 0.0000000 -0.0000498 0.0020732
v -0.0325007 4.7666907 0.2588770
vn -0.0000010 0.0003455 0.0023756
v -0.0325007 4.7671857 0.2588770
vn -4.2912049 -2.8567579 0.4877755
v -0.0325007 4.7707753 0.1818950
vn 0.1826045 -0.2908074 -3.1037145
v -0.0325007 4.7671437 0.2588770
vn 0.0740088 -0.0047767 -3.1407149
v -0.0325007 4.7669382 0.2588770
vn -2.6976569 1.6061535 -2.4697196
v -0.0324975 4.7137733 0.6821375
vn 0.0579217 0.0000000 3.1410587
v -0.0325007 4.7669382 0.3093220
vn 0.1732986 -0.1645472 3.1292930
v -0.0325007 4.7671437 0.3093220
vn -4.8387680 2.1873579 -1.4229766
v -0.0325010 4.7605252 0.1777110
vn -3.6537764 -2.6052406 1.3632648
v -0.0325008 4.7706151 0.3113850
vn -4.2955179 -2.8428049 -0.5308587
v -0.0325006 4.7706695 0.6264273
vn 0.1125510 0.1353689 -3.1327171
v -0.0325007 4.7667327 0.2588770
vn -4.8275733 2.1876132 1.4412814
v -0.0325010 4.7604880 0.6298308
vn -2.9695027 2.7315552 -0.0290657
v -0.0325003 4.7112112 0.6780737
vn -3.0299127 -0.1044616 2.7988238
v -0.0325015 4.7162967 0.1249040
vn -0.0000012 -0.0002565 -0.0028362
v -0.0325007 4.7671857 0.3093220
vn -0.0000001 0.0000000 -0.0000000
v -0.0325007 4.7666907 0.3093220
vn 0.1618709 0.2990300 3.1033151
v -0.0325007 4.7667327 0.3093220
vn -3.4008641 0.6019709 2.8513839
v -0.0325015 3.5048592 0.1252201
vn -3.0673130 -1.9982353 -1.9612430
v -0.0324999 3.4581792 0.2579330
vn -3.0689149 1.0564637 -2.8793428
v -0.0325005 3.4534531 0.2586890
vn -3.5603151 -2.8063431 0.8279599
v -0.0325008 3.5103681 0.6771492
vn -3.1566427 1.5103484 2.6003649
v -0.0325002 3.4526241 0.3098220
vn -3.9903755 2.8312631 0.8407604
v -0.0325006 3.4511492 0.3121821
vn -3.0681365 -1.0574766 2.8788590
v -0.0325005 3.4565451 0.3095100
vn -3.6503639 2.7701778 -0.9220973
v -0.0325008 4.7115335 0.1304040
vn -3.0824010 1.0625346 -2.8773971
v -0.0325006 4.7653918 0.2586890
vn -3.0214672 -1.9927939 -1.9721727
v -0.0324999 4.7701182 0.2579330
vn -3.6575961 -0.9615008 -2.7819428
v -0.0325012 4.7173042 0.6822710
vn -3.0496631 -1.0122825 2.8946879
v -0.0325005 4.7684851 0.3095100
vn -3.0122263 2.0192809 1.9381925
v -0.0324999 4.7637696 0.3102790
vn -4.3007402 2.8684580 0.4146205
v -0.0325006 3.4511383 0.1821771
vn -4.8818212 -2.2193518 -1.3045460
v -0.0325006 3.4607642 0.1786360
vn -4.2525291 2.8576200 -0.5365918
v -0.0325006 3.4512191 0.6260605
vn -4.7358980 -2.1486959 1.6102672
v -0.0325008 3.4621062 0.6306144
vn -4.1258674 -2.4369893 1.6399227
v -0.0325007 4.7686768 0.1760350
vn -4.8446002 2.5644825 -0.5000225
v -0.0325007 4.7629352 0.1837471
vn -4.0792108 -2.3264234 -1.8449208
v -0.0325007 4.7681885 0.6321367
vn -4.8345170 2.5717156 0.4878352
v -0.0325007 4.7629514 0.6237811
vn -4.5061579 1.6867461 -1.4673355
v -0.0379651 3.9422631 -0.0227420
vn -4.9514732 -1.4092566 2.0117180
v -0.0379389 3.4729102 -0.0168380
vn -4.7995534 1.7011908 1.7525743
v -0.0379530 3.9412172 -0.0173950
vn -4.7244358 -2.3570287 -0.2331894
v -0.0379504 3.4703352 -0.0209880
vn -4.9514227 -0.9532418 -2.2494357
v -0.0379388 3.4724562 -0.0232919
vn -5.4481091 0.5941213 2.0512972
v -0.0379368 3.8670192 0.0007160
vn -5.4579926 -0.5862166 2.0394957
v -0.0379367 3.5441751 0.0001230
vn -5.1845708 0.3921947 2.3337979
v -0.0379369 3.7362170 0.0459850
vn -5.1831865 -0.3950416 2.3342564
v -0.0379369 3.6769361 0.0459850
vn -1.5707963 1.5707974 -1.5707964
v -0.0378510 4.8924999 0.3956504
vn 1.5629200 -1.7146285 -1.6868975
v -0.0309369 4.8396282 0.3956504
vn -1.5707964 -1.5707964 -1.5707965
v -0.0378510 4.8396282 0.3956504
vn 1.5629196 -1.7146274 1.6868976
v -0.0309369 4.8396282 0.5095130
vn -1.5707964 1.5707964 1.5707965
v -0.0378510 4.8924999 0.5095130
vn -1.5707963 -1.5707974 1.5707964
v -0.0378510 4.8396282 0.5095130
vn -1.9036413 -2.4860945 4.3179893
v -0.0331135 0.5094132 0.7551516
vn 1.9757861 -2.5976944 4.1958513
v 0.0372832 0.5084243 0.7545994
vn -5.1696396 -2.1001079 -0.7741278
v -0.0379222 0.4968462 0.1318650
vn -4.4571548 -2.5309417 1.0786692
v -0.0379244 0.4964004 0.1290851
vn -4.9792624 -2.2179244 -1.0528276
v -0.0379288 0.4083471 0.1741000
vn -4.8144732 2.5973518 0.4568256
v -0.0379245 0.4327140 0.1810911
vn -4.9341626 -0.8040995 -2.3518724
v -0.0379213 0.5139003 0.0694430
vn -4.7099428 1.5707763 1.5721445
v -0.0379244 0.6313472 0.1144730
vn -4.8530412 2.1951399 1.3877240
v -0.0379240 0.4348483 0.1751850
vn -5.5377336 -1.5351188 1.2877208
v -0.0379249 0.5792003 0.1758200
vn -5.6336937 -0.5566070 1.7904356
v -0.0379229 0.5645862 0.1652700
vn -5.5761042 0.4882786 1.8867474
v -0.0379223 0.4906163 0.1651490
vn -5.0225883 1.0321356 2.1696362
v -0.0379214 0.4866281 0.1236711
vn -5.5663033 1.9227635 0.4387785
v -0.0379224 0.4692612 0.1873170
vn -4.1317778 -2.3597472 -1.7622370
v -0.0379250 0.4483171 0.1784570
vn -5.5933609 1.3972791 1.3375702
v -0.0379199 0.4766212 0.1733240
vn -4.3824620 -0.7555413 2.7010083
v -0.0379237 0.4900322 0.1237171
vn -2.2795119 4.8706574 2.7125258
v -0.0338892 0.4759212 0.1813930
vn 2.3765237 4.8375907 2.6268809
v 0.0380401 0.4755020 0.1821771
vn 2.3717144 -5.3253407 1.3599309
v 0.0380363 1.3921690 0.1878870
vn -2.3651626 -5.4166064 0.8155472
v -0.0338683 1.3923740 0.1899670
vn 2.3948047 -4.8213983 2.6081166
v 0.0380390 0.5782661 0.1820060
vn 2.3724256 -5.4050045 0.7347322
v 0.0380548 0.5808444 0.1901780
vn -2.3439939 -5.4323702 0.8150342
v -0.0338681 0.5807991 0.1899620
vn 2.3427582 -5.4100943 0.8687022
v 0.0380546 1.2301030 0.1901780
vn 2.3321209 -5.4466958 -0.7440658
v 0.0380185 1.2300591 0.5988734
vn -2.3160522 -5.4676414 -0.7409341
v -0.0339040 1.2301030 0.5986576
vn -2.3438635 -5.4332032 0.8134747
v -0.0338678 1.2300591 0.1899620
vn 2.1777875 -5.5772719 -0.6719292
v 0.0380188 1.0677443 0.5988727
vn -2.3758531 -5.3903236 -0.9307253
v -0.0339041 1.0677881 0.5986555
vn -2.2972565 5.4713321 -0.6620623
v -0.0338912 0.4729862 0.5983987
vn 2.3006628 5.4688945 0.6710174
v 0.0380421 0.4729862 0.1904360
vn -2.3872142 5.3885345 0.8039354
v -0.0338916 0.4730830 0.1897761
vn 2.3034127 5.4669619 0.6722772
v 0.0380422 0.9599299 0.1904360
vn -2.3884182 5.3876286 0.8040856
v -0.0338914 0.9600282 0.1897750
vn -2.3906422 4.3388638 -3.3378384
v -0.0338894 0.8028212 0.6108408
vn 2.2786210 4.7844958 -2.8368847
v 0.0380410 0.8005471 0.6074387
vn -2.4054532 5.3528180 -1.1526093
v -0.0338985 0.7978764 0.6006902
vn -2.3908117 4.3386164 -3.3378596
v -0.0338894 1.6143951 0.6108397
vn 2.2785838 4.7844992 -2.8369882
v 0.0380409 1.6121221 0.6074395
vn -2.4060445 5.3522506 -1.1541334
v -0.0338987 1.6094501 0.6006909
vn -1.9199753 2.5281231 -4.3019090
v -0.0331167 1.6813872 0.0664930
vn 2.1959839 3.2030187 -3.9338567
v 0.0372528 1.6854472 0.0695111
vn 1.9241953 1.3000422 -4.8159189
v 0.0372645 1.6779261 0.0650600
vn -5.5639448 1.9302229 0.4258749
v -0.0379224 0.9561973 0.1873640
vn -5.6546516 -1.7386019 0.6150711
v -0.0379163 0.9084630 0.1835060
vn -5.5076523 -2.0250726 -0.3184955
v -0.0379239 1.0717912 0.5989479
vn -5.6510186 1.7390596 -0.6267646
v -0.0379163 1.1192813 0.6053291
vn -5.5014524 2.0256751 -0.3508225
v -0.0379240 1.2806973 0.5997181
vn -5.5639906 1.9305956 0.4266426
v -0.0379222 1.2808270 0.1873630
vn -5.5846224 -1.8898646 0.4823185
v -0.0379223 1.2336292 0.1862810
vn -5.5806875 1.8849370 -0.4914667
v -0.0379229 0.7941461 0.6026224
vn -5.5238819 1.3369343 1.5203733
v -0.0379247 0.6411200 0.2541100
vn -4.7099428 1.5704863 -1.5720829
v -0.0379246 0.6313472 0.1944840
vn -5.5850339 -1.8944273 0.4731688
v -0.0379220 0.5843730 0.1862900
vn -5.6418743 1.7788242 0.5494426
v -0.0379152 0.6319571 0.2672780
vn -5.6385579 -1.7861041 -0.5548492
v -0.0379189 1.3957644 0.6041299
vn -5.6618638 1.7228013 -0.6191751
v -0.0379188 1.4438300 0.6052020
vn -5.5751910 0.4785565 1.8935671
v -0.0379218 1.4645071 0.2476740
vn -3.1415927 0.0000612 -3.1413705
v -0.0379246 1.4680920 0.1944840
vn -4.7099409 1.5709087 -1.5722386
v -0.0379246 1.4402223 0.1944840
vn -5.5882516 -1.8862969 0.4754353
v -0.0379257 1.3960190 0.1864860
vn -5.5369473 1.3063359 1.5203203
v -0.0379227 1.4529243 0.2538770
vn -5.6403542 1.7952672 0.5534286
v -0.0379140 1.4435320 0.2672780
vn -5.5802159 1.8857925 -0.4925252
v -0.0379227 1.6057212 0.6026227
vn 2.3124511 -0.7044036 5.4665360
v 0.0378083 0.3834062 0.5193729
vn -2.4557872 -1.3109139 5.2960234
v -0.0331973 0.3859391 0.5194907
vn 2.4605215 -1.2838135 -5.2986507
v 0.0375421 0.3859420 0.4200766
vn -2.2640796 -0.7269174 -5.5017123
v -0.0333355 0.3833880 0.4201956
vn -2.4061651 -3.0104272 -4.5538044
v -0.0331922 0.3918543 0.4172334
vn 2.1952255 -0.5264688 -5.0505276
v 0.0372528 0.5178790 0.0643231
vn -1.8922391 -1.3329920 -4.8457575
v -0.0331246 0.5128732 0.0650610
vn -2.3209350 0.0000782 -5.2586555
v -0.0331081 0.6909451 0.0643231
vn 3.0479188 0.3906535 -3.5432703
v -0.0306387 0.6875792 0.0643231
vn 2.6233764 1.6125908 -3.5233490
v -0.0267181 0.6766510 0.0643231
vn -3.0463204 -0.3767793 -3.5637221
v 0.0348518 0.6943712 0.0643231
vn -2.9317095 0.9112449 -3.5688138
v 0.0338257 0.6829410 0.0643231
vn -2.3201420 2.0262594 -3.5313716
v 0.0279941 0.6727014 0.0643231
vn 1.8002018 2.5098109 -3.4930215
v -0.0184103 0.6678691 0.0643231
vn -1.4030477 2.7543569 -3.4880643
v 0.0181997 0.6652131 0.0643231
vn 0.7716381 2.9971519 -3.4712265
v -0.0069426 0.6625891 0.0643231
vn -0.3200390 3.0800235 -3.4641135
v 0.0059246 0.6616540 0.0643231
vn -0.7447689 -2.3278384 -4.9665613
v -0.0078064 0.3039842 0.4202586
vn -2.2653401 -0.7403873 -5.0421929
v -0.0331221 0.3289032 0.4202606
vn 2.6966643 1.3415821 -3.7077286
v -0.0253081 0.3369594 0.4202606
vn 1.6300459 2.5722086 -3.6296127
v -0.0142767 0.3251982 0.4202606
vn 0.9836540 -2.2426841 -4.9554214
v 0.0144004 0.3043180 0.4202579
vn 2.2904506 -0.9182290 -4.9231858
v 0.0375699 0.3273792 0.4202582
vn -2.6366334 1.5861162 -3.5373387
v 0.0294427 0.3347092 0.4202606
vn -1.8105347 2.4985211 -3.5132346
v 0.0218934 0.3266001 0.4202606
vn 0.3663805 3.0648301 -3.5089006
v -0.0006648 0.3208122 0.4202606
vn -0.7744797 2.9945545 -3.4867990
v 0.0112660 0.3216834 0.4202606
vn 0.7665568 -2.3218153 4.9590731
v 0.0131189 0.3039923 0.5193098
vn 2.2935684 -0.7549129 5.0035748
v 0.0377307 0.3289189 0.5193094
vn -2.3320310 2.0110314 3.5346432
v 0.0268717 0.3311009 0.5193070
vn -0.3586852 -2.3516932 5.1624870
v -0.0077153 0.3039670 0.5193071
vn -2.2136557 -0.9625823 5.0019002
v -0.0326964 0.3269172 0.5193071
vn -1.4225817 -1.9580863 5.1153288
v -0.0105586 0.3051281 0.5193071
vn -2.9483919 0.5836211 3.7425404
v 0.0330741 0.3422503 0.5193070
vn -1.3973408 2.7563090 3.4976411
v 0.0177901 0.3241253 0.5193070
vn -2.7291334 -1.2710687 3.7526288
v 0.0310588 0.3593030 0.5193070
vn -0.3250196 3.0765853 3.4827445
v 0.0064155 0.3208122 0.5193070
vn 0.7802363 2.9913502 3.4913340
v -0.0055153 0.3216834 0.5193070
vn -1.6357176 -2.5827441 3.6296751
v 0.0200274 0.3710651 0.5193070
vn -0.3631670 -3.1049557 3.5086701
v 0.0064104 0.3754520 0.5193070
vn 1.8479465 2.4601328 3.5456991
v -0.0165869 0.3268614 0.5193070
vn 2.6724055 1.5181587 3.5554566
v -0.0243482 0.3356361 0.5193070
vn 0.8189217 -3.0186362 3.5122092
v -0.0055128 0.3745804 0.5193070
vn 3.0939825 0.2625948 3.5586867
v -0.0275854 0.3459291 0.5193070
vn 2.0267584 -2.3056512 3.6375911
v -0.0184351 0.3681440 0.5193070
vn 2.9186063 -1.0853455 3.5852332
v -0.0262191 0.3565464 0.5193070
vn 2.2257891 -0.7492145 5.5361652
v 0.0380190 0.5595551 0.1687191
vn -2.2889800 -0.6562966 5.4857535
v -0.0339041 0.5593400 0.1686740
vn -2.2766471 4.3411012 3.4798849
v -0.0338458 0.6409311 0.2600570
vn 2.3067546 4.7496095 2.8375764
v 0.0380398 0.6378183 0.2647010
vn 2.3674612 3.1427395 4.5509014
v 0.0380987 0.6459942 0.2550570
vn -2.4008834 -3.0402007 -4.6028948
v -0.0339513 0.5698781 0.6165076
vn 2.2936251 -2.8247674 -4.7818804
v 0.0380403 0.5681272 0.6172501
vn 2.3059866 0.7325526 5.4711728
v 0.0380549 0.4945149 0.1686740
vn -2.3991590 1.2643609 5.3338237
v -0.0338761 0.4919353 0.1689930
vn 2.4156311 -1.3652949 -5.3024879
v 0.0380376 1.6984062 0.6197734
vn -2.3505974 -0.8467010 -5.4123454
v -0.0338915 1.6952882 0.6201860
vn 2.2928004 3.2062142 4.5960217
v 0.0381020 0.4836874 0.1725210
vn -2.3357391 3.3512640 4.3858962
v -0.0338459 0.4821520 0.1740470
vn -2.3231697 -0.7420841 -5.4549365
v -0.0338915 0.5590830 0.6201860
vn 2.3221266 -0.7253340 -5.4585357
v 0.0380425 0.5597434 0.6200886
vn 2.1402953 0.6125354 -5.5975995
v 0.0380423 0.4947720 0.6201860
vn -2.4610374 1.2258210 -5.2957602
v -0.0338868 0.4916520 0.6197731
vn -2.2917552 3.5211606 -4.3045168
v -0.0338894 0.4816442 0.6144168
vn 2.3415265 2.7131379 -4.7808924
v 0.0380401 0.4865122 0.6176695
vn 2.3517399 4.1642356 -3.5903614
v 0.0380403 0.4787560 0.6115279
vn -2.3337860 4.8812256 -2.5695617
v -0.0338894 0.4755020 0.6066587
vn 2.4210465 5.3003950 -1.3639704
v 0.0380381 0.4733992 0.6015203
vn -2.3405559 4.7856693 -2.7088826
v -0.0338894 0.6378174 0.6066596
vn 2.3518038 4.1640048 -3.5907493
v 0.0380400 0.6410704 0.6115281
vn 2.4199805 5.3007674 -1.3677102
v 0.0380322 0.6357231 0.6015357
vn -2.2926040 -5.4799328 -0.6468473
v -0.0339160 0.5807972 0.5987276
vn 2.4044061 -5.3321395 -1.2649845
v 0.0380158 0.5805082 0.6012685
vn 2.3667502 -4.3040304 -3.3948913
v 0.0379968 0.5754700 0.6110217
vn -2.3272648 -4.7784963 -2.7881510
v -0.0338793 0.5782232 0.6069222
vn 2.2660513 -3.2319660 4.5890021
v 0.0380068 0.5701413 0.1726010
vn -2.2687118 -2.8314025 4.8079610
v -0.0338870 0.5676503 0.1713120
vn -2.4406276 -4.5012846 3.1066895
v -0.0338950 0.5769100 0.1793361
vn 5.5830441 -1.5334589 1.2148889
v 0.0420758 0.5792332 0.1758571
vn 4.7104239 1.5704997 -1.5743968
v 0.0420754 0.6313281 0.1944840
vn 3.1415925 0.0000000 -3.1416450
v 0.0420754 0.6520271 0.1944840
vn 5.5895004 0.4420623 1.8948299
v 0.0420763 0.6539631 0.2474080
vn 5.5583687 -1.9408758 0.4218147
v 0.0420731 0.5846052 0.1873660
vn 5.5583158 1.3369167 1.4559947
v 0.0420756 0.6417861 0.2535660
vn 5.6563320 1.7252494 0.6359351
v 0.0420653 0.6323352 0.2660370
vn -2.4623475 5.3014216 1.2029991
v -0.0338869 0.6357131 0.2698420
vn 2.1365840 5.6029754 0.6056822
v 0.0380420 0.6353011 0.2729590
vn -2.3161619 5.4615278 0.7151471
v -0.0338916 0.7977133 0.1897761
vn 2.3061550 5.4647126 0.6709945
v 0.0380420 0.7976160 0.1904330
vn 2.3739495 4.8396516 2.6275167
v 0.0380400 0.8001323 0.1821760
vn -2.2281234 4.7953734 2.9058824
v -0.0338893 0.8005509 0.1813920
vn 2.4058654 0.8259541 5.3795109
v 0.0380537 0.6568441 0.2512000
vn 2.3277867 -0.7435111 5.4451461
v 0.0380189 0.7218690 0.2512450
vn -2.3729577 -0.7379186 5.4047828
v -0.0339040 0.7216539 0.2512000
vn -2.3536072 0.7538483 5.4273834
v -0.0338683 0.6566181 0.2512450
vn -2.3314455 -0.7506856 -5.4477434
v -0.0338915 0.7213984 0.6201860
vn 2.3940401 -0.8129586 -5.3849955
v 0.0380425 0.7220583 0.6200886
vn 2.3449717 -2.6637244 4.8351283
v 0.0380300 0.7301884 0.2539641
vn -2.3372071 -2.5934553 4.8780394
v -0.0338794 0.7299252 0.2538240
vn -2.3152854 2.6618571 4.8588958
v -0.0338723 0.6482863 0.2539760
vn 2.1549902 0.6227682 -5.5865169
v 0.0380423 0.6570873 0.6201860
vn -2.4178863 1.3792065 -5.2981057
v -0.0338868 0.6539683 0.6197732
vn -2.3508959 3.5917108 -4.1638207
v -0.0338894 0.6439590 0.6144165
vn 2.3413775 2.7132244 -4.7809634
v 0.0380401 0.6488271 0.6176693
vn -2.1770539 5.5714684 -0.5939161
v -0.0339052 0.6353412 0.5983956
vn 5.6360488 1.7915263 -0.5516695
v 0.0420653 0.7942581 0.6039833
vn 5.6476994 -1.7490575 -0.6137953
v 0.0420626 0.7461452 0.6052718
vn 2.3561497 -5.4084306 -1.0907055
v 0.0380137 0.7428212 0.6012668
vn 2.2647815 -4.3646245 -3.4714954
v 0.0379966 0.7377863 0.6110199
vn -2.3273075 -4.7786164 -2.7880828
v -0.0338791 0.7405372 0.6069242
vn -2.4007919 -3.0400171 -4.6030955
v -0.0339512 0.7321920 0.6165082
vn -2.2917919 -5.4811387 -0.6440168
v -0.0339159 0.7431111 0.5987256
vn 2.3421507 -2.6699204 -4.8273773
v 0.0380401 0.7304430 0.6172498
vn 2.2942839 -4.3866162 3.4374111
v 0.0380300 0.7377992 0.2602860
vn -2.3037410 -4.3197074 3.5117073
v -0.0338793 0.7376094 0.2600560
vn 2.4454961 -5.3405447 1.1132392
v 0.0380301 0.7429090 0.2704360
vn -2.3718879 -5.4035811 1.0975122
v -0.0338758 0.7428403 0.2701240
vn 2.3751085 4.8388691 2.6268425
v 0.0380403 0.9624462 0.1821780
vn -2.3517001 4.8202028 2.6808224
v -0.0338893 0.9628644 0.1813940
vn 2.1779747 -0.6747282 5.5722709
v 0.0380190 0.8841853 0.1687191
vn -2.3692534 -0.7284019 5.4091406
v -0.0339041 0.8839703 0.1686740
vn -2.3174248 -0.7365019 -5.4570799
v -0.0338914 0.8837132 0.6201860
vn 2.4156747 -1.3655719 -5.3024168
v 0.0380377 0.8868332 0.6197732
vn 2.2855697 -2.8731956 4.7523375
v 0.0380300 0.8925004 0.1714370
vn -2.3370419 -2.5930710 4.8782878
v -0.0338792 0.8922372 0.1712970
vn 2.2927642 3.2062185 4.5960302
v 0.0381020 0.8083162 0.1725221
vn -2.3660109 1.3278419 5.3582387
v -0.0338763 0.8165660 0.1689930
vn -2.4032021 3.4924765 4.1947503
v -0.0338459 0.8067813 0.1740470
vn 2.3060510 0.7326615 5.4711418
v 0.0380549 0.8191442 0.1686740
vn 2.3206041 5.4569287 -0.7152107
v 0.0380237 0.7977381 0.5991089
vn 2.4006817 1.1539537 -5.3566895
v 0.0380378 0.8172202 0.6199757
vn -2.3154356 0.7154686 -5.4608154
v -0.0338917 0.8187423 0.6200886
vn -2.2870634 2.8360023 -4.7762942
v -0.0338893 0.8103571 0.6172499
vn 2.3907201 3.3377864 -4.3390059
v 0.0380401 0.8069611 0.6149807
vn -2.4036710 4.3376884 -3.3365676
v -0.0338892 0.9651361 0.6108409
vn 2.3765416 4.1452875 -3.6136477
v 0.0380403 0.9657001 0.6115284
vn 2.4093976 5.3343782 -1.3543087
v 0.0380376 0.9603443 0.6015218
vn -2.4098275 5.3572659 -1.1534224
v -0.0338867 0.9601412 0.6005844
vn 2.3016005 -4.7501431 -2.8638544
v 0.0380300 0.9027114 0.6071868
vn 2.3465023 -3.5545797 -4.1994452
v 0.0379965 0.8966169 0.6145547
vn -2.3059421 -3.0647650 -4.6785469
v -0.0339512 0.8945060 0.6165083
vn -2.2951529 -4.8813148 -2.6893094
v -0.0338793 0.9028530 0.6069227
vn 2.1702685 -5.5789909 -0.6672578
v 0.0380187 0.9054294 0.5988742
vn -2.3734341 -5.4050531 -0.7367944
v -0.0339039 0.9054742 0.5986588
vn 2.3624625 -4.2624941 3.4746768
v 0.0380302 0.9001122 0.1777591
vn -2.3036051 -4.3195205 3.5122089
v -0.0338790 0.8999243 0.1775290
vn 2.4209986 -5.3247452 1.2798836
v 0.0380304 0.9052243 0.1879090
vn -2.3720438 -5.4034491 1.0987594
v -0.0338758 0.9051552 0.1875960
vn 5.5199671 2.0240042 -0.2314371
v 0.0420748 0.9559531 0.5989499
vn 5.6494923 -1.7409033 -0.6265204
v 0.0420671 0.9084630 0.6053293
vn 5.5678029 1.9113704 0.4806927
v 0.0420730 0.9564314 0.1862780
vn 2.1778271 -0.6746513 5.5723782
v 0.0380189 1.0465002 0.1687191
vn 2.2852015 -2.8736334 4.7524405
v 0.0380301 1.0548162 0.1714370
vn -2.3370719 -2.5932062 4.8782310
v -0.0338792 1.0545530 0.1712970
vn -2.3693149 -0.7283257 5.4090791
v -0.0339041 1.0462852 0.1686740
vn -2.4618602 5.3018885 1.2027997
v -0.0338868 1.1226583 0.1873161
vn 2.1341207 5.6048641 0.6046081
v 0.0380422 1.1222453 0.1904360
vn 2.3067446 4.7498541 2.8371844
v 0.0380401 1.1247621 0.1821760
vn -2.3067610 -2.8375781 -4.7496104
v -0.0338893 1.0542870 0.6176696
vn 2.4168196 -1.3756562 -5.2997694
v 0.0380376 1.0491471 0.6197732
vn -2.1398184 -0.6124364 -5.5979738
v -0.0338914 1.0460281 0.6201860
vn 2.3062346 0.7326587 5.4709849
v 0.0380549 0.9814591 0.1686740
vn -2.3657064 1.1063297 5.3976049
v -0.0338762 0.9788814 0.1689930
vn 2.2929158 3.2064087 4.5957961
v 0.0381020 0.9706302 0.1725221
vn -2.2820187 3.4791186 4.3510695
v -0.0338458 0.9690962 0.1740470
vn 2.3467784 0.7647914 -5.4170742
v 0.0380422 0.9817162 0.6201860
vn -2.3162539 0.7214519 -5.4598365
v -0.0338917 0.9810572 0.6200886
vn 2.3927393 2.5163012 -4.8535433
v 0.0380400 0.9734573 0.6176693
vn -2.2974992 2.8363130 -4.7745309
v -0.0338893 0.9726720 0.6172497
vn -2.3659170 3.5882716 -4.1635737
v -0.0338894 1.1309042 0.6144172
vn 2.3037107 3.4241002 -4.3876014
v 0.0380400 1.1315913 0.6149811
vn 2.3450394 4.8197503 -2.6831043
v 0.0380399 1.1251822 0.6074442
vn -2.3553858 4.7800407 -2.7111063
v -0.0338894 1.1247621 0.6066595
vn 2.2889533 -4.7606020 -2.8481028
v 0.0380302 1.0650263 0.6071875
vn 2.3304775 -3.5434530 -4.2114911
v 0.0379967 1.0589323 0.6145549
vn -2.4006472 -4.4628334 -3.2019074
v -0.0339515 1.0639410 0.6094850
vn 2.3625338 -4.2626548 3.4743969
v 0.0380302 1.0624280 0.1777600
vn -2.3038757 -4.3196554 3.5117810
v -0.0338794 1.0622392 0.1775290
vn 2.4212990 -5.3245702 1.2796330
v 0.0380304 1.0675392 0.1879100
vn -2.3735204 -5.4023013 1.0993100
v -0.0338760 1.0674691 0.1875980
vn 5.6561723 1.7249466 0.6378205
v 0.0420671 1.1192813 0.1835060
vn -2.1339233 5.6052294 -0.6114242
v -0.0338914 1.1222453 0.5983997
vn 2.3886006 5.3870158 -0.8059298
v 0.0380424 1.1223431 0.5990596
vn -2.3944514 5.3857236 0.8097388
v -0.0338916 1.2846580 0.1897740
vn 2.3597965 5.4062495 0.8649339
v 0.0380422 1.2845602 0.1904330
vn -2.3042095 -0.6629605 -5.4653544
v -0.0338915 1.2083421 0.6201860
vn 2.4617941 -1.2079977 -5.3003483
v 0.0380376 1.2114620 0.6197731
vn 2.3906229 0.8190922 5.3934712
v 0.0380549 1.1437740 0.1686740
vn 2.3674588 -1.1158689 5.3946390
v 0.0380270 1.2111802 0.1689930
vn -2.2797875 -0.6545700 5.4891763
v -0.0339041 1.2085991 0.1686740
vn -2.3512294 0.8499427 5.4137163
v -0.0338682 1.1435604 0.1687191
vn -2.3220084 -2.7891467 4.7805762
v -0.0338792 1.2168670 0.1712960
vn 2.3864129 3.1399441 4.5333209
v 0.0381021 1.1329451 0.1725221
vn -2.3779755 2.5388019 4.8594847
v -0.0338792 1.1352410 0.1714380
vn -2.1512356 4.4149008 3.5396597
v -0.0338460 1.1278772 0.1775310
vn 2.3272970 1.0103866 -5.4489675
v 0.0380377 1.1418490 0.6199756
vn -2.4299126 1.3815567 -5.2956367
v -0.0338868 1.1409121 0.6197732
vn -2.3695931 4.9102025 -2.4581199
v -0.0338894 1.2870784 0.6066624
vn 2.2971768 4.7745762 -2.8368514
v 0.0380403 1.2874970 0.6074466
vn 2.3393998 -4.8451462 -2.6472814
v 0.0380301 1.2273402 0.6071883
vn 2.2668142 -3.4827762 -4.3487797
v 0.0379966 1.2212472 0.6145549
vn -2.2937799 -4.6032252 -3.1954215
v -0.0339512 1.2262564 0.6094858
vn -2.3583975 -2.6277375 -4.8410635
v -0.0338893 1.2166014 0.6176698
vn 2.1469128 -3.5979958 4.3825326
v 0.0380300 1.2212481 0.1742240
vn 2.3763902 -4.8801508 2.4777546
v 0.0380300 1.2274814 0.1819100
vn -2.3780811 -4.5648723 3.1066356
v -0.0338659 1.2261734 0.1793571
vn -2.3469796 5.4162216 -0.7722962
v -0.0338915 1.2845602 0.5984022
vn 2.3159266 5.4611769 -0.7175775
v 0.0380424 1.2846580 0.5990616
vn 2.3846726 3.1498559 4.5273366
v 0.0381020 1.4575772 0.2550470
vn 2.3838396 0.8087023 5.3968077
v 0.0380544 1.4684043 0.2512010
vn -2.4028141 1.2578447 5.3338394
v -0.0338764 1.4658241 0.2515190
vn -2.3418002 4.8276772 2.6699224
v -0.0338895 1.2874970 0.1813890
vn 2.4502425 4.5599504 3.0077047
v 0.0381021 1.2882380 0.1796401
vn -2.2697353 3.4714017 4.3596911
v -0.0338460 1.2937260 0.1740470
vn 2.2936189 -2.8245790 -4.7820382
v 0.0380401 1.3797011 0.6172506
vn 2.3194582 -0.7147116 -5.4634981
v 0.0380425 1.3713174 0.6200886
vn -2.3255584 -0.7397453 -5.4549437
v -0.0338914 1.3706570 0.6201860
vn 2.3439403 -0.8454369 5.4152818
v 0.0380189 1.3711290 0.1687191
vn 2.3099582 -2.5678914 4.9198499
v 0.0380300 1.3794451 0.1714380
vn -2.3488979 -2.7833562 4.7750688
v -0.0338794 1.3791823 0.1712970
vn -2.2791159 -0.6504120 5.4944210
v -0.0339041 1.3709140 0.1686740
vn 2.2796068 0.6545020 5.4893289
v 0.0380549 1.3060904 0.1686740
vn -2.3581648 1.0986843 5.4041791
v -0.0338763 1.3035102 0.1689930
vn 2.2581656 2.8595021 4.7939844
v 0.0380300 1.2978220 0.1712960
vn 5.5072293 -2.0258937 0.3190557
v 0.0420748 1.2341061 0.1898870
vn 5.5179191 2.0027823 0.3677343
v 0.0420747 1.2806973 0.1891170
vn 2.4035995 1.1540869 -5.3592377
v 0.0380377 1.3041644 0.6199755
vn -2.4732845 1.2280520 -5.2931547
v -0.0338869 1.3032260 0.6197731
vn 2.4037256 3.3361979 -4.3378887
v 0.0380401 1.2939062 0.6149809
vn -2.1892774 3.5727682 -4.3743014
v -0.0338894 1.2932181 0.6144163
vn -2.3545148 4.7846441 -2.7068965
v -0.0338892 1.4493923 0.6066612
vn 2.4243698 4.7755551 -2.6053667
v 0.0380398 1.4498110 0.6074452
vn 2.3667431 -4.3043795 -3.3946092
v 0.0379967 1.3870463 0.6110204
vn -2.4009662 -3.0398483 -4.6030293
v -0.0339512 1.3814511 0.6165080
vn -2.3273489 -4.7784419 -2.7881646
v -0.0338791 1.3897963 0.6069243
vn 2.4048381 -5.3323755 -1.2635578
v 0.0380157 1.3920832 0.6012664
vn -2.2931309 -5.4800029 -0.6458156
v -0.0339162 1.3923712 0.5987257
vn 2.1699343 -4.5792737 3.2962325
v 0.0380304 1.3870611 0.1777630
vn -2.3652649 -4.5734487 3.1207037
v -0.0338578 1.3884711 0.1793430
vn -2.3165505 5.4607067 0.7167911
v -0.0338916 1.4469733 0.2723020
vn 2.1411166 5.5999932 0.6157734
v 0.0380422 1.4468751 0.2729620
vn 5.5948291 -1.8651333 0.4717160
v 0.0420759 1.3962121 0.1873250
vn 4.5983868 1.5667772 -1.6365879
v 0.0420753 1.4402032 0.1944840
vn 5.5796571 0.4359466 1.9094049
v 0.0420717 1.4655862 0.2474490
vn 5.5067477 2.0286815 -0.3048191
v 0.0420748 1.4429021 0.5989590
vn 5.6564798 1.7346030 0.6370930
v 0.0420640 1.4439111 0.2660360
vn 5.5582538 1.3099395 1.4787426
v 0.0420734 1.4537210 0.2532231
vn -2.3893018 5.3870254 0.8041054
v -0.0338918 1.6092873 0.1897750
vn 2.3066349 5.4642634 0.6709923
v 0.0380418 1.6091912 0.1904320
vn 2.3742733 4.8393340 2.6275876
v 0.0380400 1.6117072 0.1821750
vn -2.3517456 4.8196945 2.6815579
v -0.0338894 1.6121261 0.1813910
vn -2.2873495 2.8358417 -4.7761054
v -0.0338893 1.6219332 0.6172505
vn 2.3909581 3.3375580 -4.3388948
v 0.0380401 1.6185362 0.6149808
vn 2.3233094 4.7472773 2.8372071
v 0.0380400 1.4493933 0.2647001
vn -2.3031828 4.7742319 2.8367596
v -0.0338891 1.4498110 0.2639160
vn -2.3068743 -2.8373406 -4.7496519
v -0.0338892 1.5412321 0.6176693
vn 2.4181981 -1.3673545 -5.3014550
v 0.0380376 1.5360913 0.6197732
vn -2.1693726 -0.6233645 -5.5783191
v -0.0338915 1.5329723 0.6201860
vn 2.3841991 -1.1189208 5.3901348
v 0.0380265 1.5358100 0.2515200
vn 2.1665683 -3.5965776 4.3805504
v 0.0380301 1.5458779 0.2567500
vn -2.1786513 -3.4980192 4.4485397
v -0.0338792 1.5456471 0.2565600
vn -2.4369795 -1.1113807 5.3459558
v -0.0338796 1.5354962 0.2514501
vn -2.3783824 3.4021320 4.2962556
v -0.0338459 1.4560423 0.2565720
vn 2.3487687 5.4017577 -0.9256935
v 0.0380240 1.4469981 0.5991055
vn 2.3375418 1.0196656 -5.4407268
v 0.0380378 1.4664793 0.6199756
vn -2.4066260 1.3652061 -5.3323669
v -0.0338869 1.4655414 0.6197732
vn 2.1721380 3.5115945 -4.4410348
v 0.0380400 1.4562211 0.6149810
vn -2.2818191 3.7191091 -4.1412835
v -0.0338893 1.4555330 0.6144166
vn -2.1798158 5.5699630 -0.6023630
v -0.0339049 1.4469151 0.5983931
vn 5.6360936 1.7917596 -0.5519412
v 0.0420633 1.6058352 0.6039840
vn 5.6450214 -1.7470263 -0.6273491
v 0.0420645 1.5577211 0.6052720
vn -2.3911695 -5.3918614 -0.8205123
v -0.0339158 1.5546851 0.5987251
vn 2.1825471 -5.5726342 -0.6775431
v 0.0379966 1.5546613 0.5989300
vn 2.3452461 -5.4073057 0.8737307
v 0.0380546 1.5547333 0.2727050
vn -2.3493016 -5.4106956 0.8530657
v -0.0338680 1.5546894 0.2724910
vn 2.2791619 -4.7670588 -2.8533435
v 0.0380319 1.5519772 0.6071785
vn -2.3873992 -4.5357814 -3.1353080
v -0.0339513 1.5508862 0.6094852
vn 2.3871088 -4.8754535 2.4836955
v 0.0380303 1.5521111 0.2644360
vn -2.3825421 -4.8494697 2.5563092
v -0.0338794 1.5519700 0.2641730
vn 2.3287094 -3.5460956 -4.2107058
v 0.0379964 1.5458760 0.6145552
vn 2.3821537 -1.3323760 5.3540297
v 0.0380270 1.6981232 0.1689930
vn -2.4177170 -1.2785686 5.3256030
v -0.0338796 1.6978111 0.1689240
vn 2.3016424 0.7190759 5.4780817
v 0.0380549 1.6307192 0.1686740
vn 2.2931654 3.2060466 4.5957766
v 0.0381020 1.6198912 0.1725221
vn -2.3692935 1.1008967 5.3975201
v -0.0338763 1.6281393 0.1689930
vn -2.2818885 3.4792790 4.3510041
v -0.0338460 1.6183562 0.1740470
vn 2.3205018 5.4569774 -0.7150554
v 0.0380238 1.6093132 0.5991096
vn 2.4007068 1.1540304 -5.3566566
v 0.0380377 1.6287942 0.6199755
vn -2.3154609 0.7155672 -5.4607940
v -0.0338917 1.6303163 0.6200886
vn 2.2873464 -5.4868827 0.6617137
v 0.0380550 1.7170482 0.1901801
vn 2.1679378 -5.5803261 -0.6660638
v 0.0380190 1.7170041 0.5988700
vn -2.2872529 -5.4869633 -0.6616576
v -0.0339043 1.7170482 0.5986553
vn -2.1679411 -5.5803185 0.6661347
v -0.0338683 1.7170041 0.1899650
vn 2.3017862 -4.7501373 -2.8636038
v 0.0380300 1.7142851 0.6071880
vn -2.2777104 -4.7910495 -2.8594398
v -0.0338795 1.7144263 0.6069245
vn 2.3464687 -3.5545232 -4.1996083
v 0.0379967 1.7081921 0.6145550
vn -2.4515975 -3.0191154 -4.5519304
v -0.0339513 1.7060821 0.6165078
vn 2.3983378 -3.5655677 4.1555824
v 0.0380301 1.7081931 0.1742240
vn -2.3624537 -3.4743712 4.2628555
v -0.0338794 1.7079632 0.1740350
vn 2.2442307 -4.8331695 2.8073418
v 0.0380301 1.7144263 0.1819110
vn -2.2853792 -4.7524219 2.8733189
v -0.0338793 1.7142851 0.1816471
vn 2.9352758 -0.9199657 -3.5374908
v -0.0296126 0.6990080 0.0643231
vn 3.0478928 -0.3907732 3.5433116
v -0.0306386 0.6943722 0.1144730
vn 2.6234076 -1.6125962 3.5232639
v -0.0267183 0.7052979 0.1144730
vn 2.3220124 -2.0284936 -3.5107799
v -0.0237805 0.7092490 0.0643231
vn 1.8002266 -2.5097663 3.4931176
v -0.0184100 0.7140813 0.1144730
vn 1.3928434 -2.7602813 -3.4821377
v -0.0139868 0.7167363 0.0643231
vn 0.7717727 -2.9971423 3.4711471
v -0.0069440 0.7193604 0.1144730
vn 0.3236663 -3.0790143 -3.4672344
v -0.0017087 0.7202964 0.0643231
vn -0.3236186 -3.0790231 3.4672174
v 0.0059210 0.7202964 0.1144730
vn -0.7717935 -2.9971273 -3.4711883
v 0.0111579 0.7193604 0.0643231
vn -1.3928190 -2.7602904 3.4821453
v 0.0181999 0.7167363 0.1144730
vn -1.8002719 -2.5097361 -3.4931149
v 0.0226232 0.7140813 0.0643231
vn -2.3507848 -1.9765143 3.5453172
v 0.0279937 0.7092490 0.1144730
vn -2.6238732 -1.6113546 -3.5273619
v 0.0309313 0.7052979 0.0643231
vn -2.9661582 -0.5618829 3.6888595
v 0.0348458 0.6960020 0.1144730
vn -2.9002538 0.9795839 3.5886168
v 0.0334916 0.6819463 0.1144730
vn -2.2072275 2.1358650 3.5536287
v 0.0272643 0.6718984 0.1144730
vn -1.0260899 2.8791850 3.5895429
v 0.0141319 0.6632414 0.1144730
vn 0.2850839 3.0759699 3.4885802
v -0.0017114 0.6616540 0.1144730
vn 1.3928337 2.7602711 3.4822152
v -0.0139872 0.6652131 0.1144730
vn 2.3220077 2.0285084 3.5107713
v -0.0237806 0.6727004 0.1144730
vn 2.9340289 0.9194866 3.5375409
v -0.0296126 0.6829410 0.1144730
vn 3.1415925 0.0000149 3.1416054
v 0.0420754 0.6876593 0.1144730
vn 0.7993822 2.9862802 2.7891126
v -0.0136036 0.6237202 0.1144730
vn 0.8844073 2.9659834 -2.8000965
v -0.0155297 0.6242981 0.1944840
vn -0.2065725 3.0845945 -2.7893746
v 0.0067340 0.6217351 0.1944840
vn -0.3960604 3.0493095 2.7438254
v 0.0087378 0.6219311 0.1144730
vn 0.6790051 2.9884167 3.5881510
v -0.0296561 0.6313343 0.1144730
vn 0.6193146 -3.0419722 3.4604516
v -0.0297356 0.7498002 0.1144730
vn -4.6386566 -1.5689933 1.6176264
v -0.0379246 0.7494154 0.1144730
vn -0.5948181 3.0429304 3.4763219
v 0.0341950 0.6310811 0.1144730
vn -0.8076829 -2.9856672 2.7984352
v 0.0178164 0.7570434 0.1144730
vn -0.6716293 -2.9880157 3.5997133
v 0.0338693 0.7494292 0.1144730
vn 4.6631804 1.5700277 1.6022655
v 0.0420754 0.6313281 0.1144730
vn 0.4011773 -3.0510454 2.7577307
v -0.0045234 0.7588320 0.1144730
vn 4.7088761 -1.5704924 1.5766788
v 0.0420754 0.7494349 0.1144730
vn -0.7344425 2.9569879 -3.6413693
v 0.0338693 0.6313343 0.1944840
vn -1.1196783 2.9123614 -2.9097481
v 0.0239851 0.6261044 0.1944840
vn 0.7027766 2.9768305 -3.6021528
v -0.0296561 0.6313343 0.1944840
vn -4.7051392 -1.5700039 -1.5789571
v -0.0379246 0.7494154 0.1944840
vn 0.6752865 -2.9880490 -3.5973115
v -0.0296561 0.7494292 0.1944840
vn 0.8076735 -2.9856741 -2.7984369
v -0.0136023 0.7570434 0.1944840
vn -0.4011158 -3.0510647 -2.7577651
v 0.0087365 0.7588320 0.1944840
vn -0.6159199 -3.0421455 -3.4625390
v 0.0339545 0.7497993 0.1944840
vn 4.6419935 -1.5688412 -1.6153097
v 0.0420754 0.7494349 0.1944840
vn 2.4428163 -1.9183468 -2.4252429
v -0.0307515 1.5021691 0.0643231
vn 3.0489655 0.2200300 3.5843463
v -0.0307515 1.4974833 0.1144730
vn -0.0429362 -0.8629712 -3.8657165
v -0.0323263 1.5014472 0.0641860
vn 2.6679306 1.5267820 3.5511622
v -0.0272631 1.4865284 0.1144730
vn 2.6663060 1.6405495 -3.5723231
v -0.0267210 1.4856191 0.0643231
vn 1.8363783 2.4719605 3.5298929
v -0.0188924 1.4771800 0.1144730
vn 1.5873811 2.6158741 -3.5823808
v -0.0164074 1.4754133 0.0643231
vn 0.7726043 2.9963946 3.4750319
v -0.0069463 1.4716630 0.1144730
vn 0.3608698 3.0682855 -3.4885387
v -0.0017095 1.4707341 0.0643231
vn -0.3608715 3.0682850 3.4885399
v 0.0059226 1.4707341 0.1144730
vn -0.7726727 2.9963636 -3.4750671
v 0.0111594 1.4716630 0.0643231
vn -1.6206011 2.5823965 3.6107771
v 0.0206205 1.4754133 0.1144730
vn -1.8413079 2.4664969 -3.5406945
v 0.0231058 1.4771810 0.0643231
vn -2.6928852 1.3514863 3.7018182
v 0.0325126 1.4879394 0.1144730
vn -2.6796348 1.4767635 -3.5912752
v 0.0314760 1.4865270 0.0643231
vn -3.0135312 -0.0784745 -3.7028837
v 0.0353131 1.5005612 0.0643231
vn -3.0457528 -0.2249133 3.6065583
v 0.0349646 1.5021682 0.1144730
vn -2.6705105 -1.5185330 3.5627925
v 0.0314764 1.5131230 0.1144730
vn -2.6040168 -1.5997888 -3.5985596
v 0.0309344 1.5140324 0.0643231
vn -1.8362679 -2.4720752 3.5297880
v 0.0231032 1.5224724 0.1144730
vn -1.5872754 -2.6159050 -3.5824850
v 0.0206197 1.5242391 0.0643231
vn -0.7724916 -2.9964168 3.4750447
v 0.0111597 1.5279880 0.1144730
vn -0.3608401 -3.0683212 -3.4884334
v 0.0059242 1.5289164 0.0643231
vn 0.3608386 -3.0683217 3.4884322
v -0.0017110 1.5289164 0.1144730
vn 0.7724209 -2.9964492 -3.4750035
v -0.0069466 1.5279880 0.0643231
vn 1.6205195 -2.5823991 3.6108890
v -0.0164067 1.5242391 0.1144730
vn 1.8411738 -2.4665244 -3.5408700
v -0.0188898 1.5224733 0.0643231
vn 2.6922100 -1.3551368 3.6951332
v -0.0282999 1.5117111 0.1144730
vn 2.6612024 -1.5376139 -3.5518653
v -0.0272635 1.5131221 0.0643231
vn 0.8075905 -2.9856899 2.7984133
v -0.0135996 1.5659194 0.1144730
vn -0.3969847 -3.0525143 2.7603223
v 0.0087374 1.5677071 0.1144730
vn 0.4012378 -3.0510445 -2.7577488
v -0.0045243 1.5677071 0.1944840
vn 0.6753580 -2.9880583 3.5972431
v -0.0296561 1.5583043 0.1144730
vn -4.5951533 1.5663092 1.6386082
v -0.0379246 1.4402223 0.1144730
vn 0.6740384 3.0397933 3.4119830
v -0.0290732 1.4395142 0.1144730
vn 3.1415923 -0.0000367 3.1416185
v 0.0420753 1.4965334 0.1144730
vn -0.6708089 -3.0400672 3.4140780
v 0.0332972 1.5589943 0.1144730
vn -0.8074794 2.9857259 2.7987945
v 0.0178126 1.4325933 0.1144730
vn -4.7050624 -1.5707507 1.5798622
v -0.0379247 1.5582900 0.1144730
vn -0.6762302 2.9879863 3.5935087
v 0.0338692 1.4402094 0.1144730
vn 4.5982862 -1.5665913 1.6371744
v 0.0420753 1.5583100 0.1144730
vn 0.3970546 3.0525115 2.7603357
v -0.0045275 1.4308062 0.1144730
vn 4.7135763 1.5701187 1.5692389
v 0.0420753 1.4402032 0.1144730
vn -0.6708074 3.0400443 -3.4141791
v 0.0332975 1.4395194 0.1944840
vn -0.3971192 3.0524893 -2.7602968
v 0.0087406 1.4308062 0.1944840
vn 0.8074770 2.9857266 -2.7987993
v -0.0135995 1.4325933 0.1944840
vn 0.6798589 2.9879861 -3.5912044
v -0.0296561 1.4402094 0.1944840
vn -4.6385641 -1.5688561 -1.6173031
v -0.0379246 1.5582900 0.1944840
vn 0.6194161 -3.0419648 -3.4603932
v -0.0297360 1.5586753 0.1944840
vn -0.8074661 -2.9857507 -2.7988646
v 0.0178128 1.5659194 0.1944840
vn -0.6762579 -2.9880173 -3.5934060
v 0.0338692 1.5583043 0.1944840
vn 4.7134848 -1.5705733 -1.5695026
v 0.0420753 1.5583100 0.1944840
vn 5.6557889 -0.6286777 1.7291360
v 0.0420668 1.5398912 0.2482040
vn 5.6039505 -1.1248183 1.5548509
v 0.0420707 1.7090471 0.1695321
vn 5.6504102 0.6303176 -1.7408178
v 0.0420642 0.6501603 0.6231488
vn 5.5540338 1.5464195 -1.2415490
v 0.0420735 0.6373491 0.6133404
vn -5.5056214 0.3418262 2.0213621
v -0.0379242 1.1427040 0.1647860
vn 5.5379677 1.3126540 -1.5147624
v 0.0420741 0.8036633 0.6174838
vn 5.5369220 1.5636860 -1.2640275
v 0.0420741 1.1242933 0.6133417
vn 5.6495886 -1.7408335 -0.6265552
v 0.0420671 1.0707784 0.6053290
vn 5.5537653 -1.2478492 -1.5410773
v 0.0420741 1.0609684 0.6181392
vn -5.5543137 1.2422358 -1.5454452
v -0.0379226 1.1290913 0.6181381
vn -5.5648475 0.4079410 -1.9277772
v -0.0379218 1.1409483 0.6239165
vn 5.6400418 -0.5527749 -1.7994028
v 0.0420685 1.3763490 0.6235283
vn 5.6499767 -0.6281753 1.7391818
v 0.0420701 0.8906422 0.1656810
vn -5.6095543 1.0555714 -1.5971649
v -0.0379200 1.4561281 0.6201224
vn -5.5150604 0.2369136 -2.0257568
v -0.0379243 1.4680710 0.6241582
vn -5.5682383 1.9107924 -0.4814417
v -0.0379223 0.4694953 0.6025940
vn -5.5645041 1.9312261 0.4266751
v -0.0379223 1.6054542 0.1873670
vn -5.5389566 1.5192190 -1.3145261
v -0.0379230 0.4756861 0.6141360
vn -5.5236406 -1.4850805 1.3754717
v -0.0379247 1.3895240 0.1744831
vn 5.6552858 -0.6289895 1.7306929
v 0.0420694 1.2152710 0.1656810
vn -5.5205140 -0.3621584 -2.0000365
v -0.0379242 1.6966143 0.6240492
vn -5.6361527 -0.5577462 1.7902199
v -0.0379164 1.2140341 0.1653080
vn -5.6432910 1.7734957 0.5646976
v -0.0379161 0.7942700 0.1847531
vn -5.5339961 -1.2649705 1.5682973
v -0.0379237 0.8986540 0.1706960
vn -5.6548977 -1.7381450 0.6153298
v -0.0379163 1.0707784 0.1835060
vn 5.6394973 -1.7773292 0.5703862
v 0.0420691 1.7204161 0.1847440
vn -5.5340023 -1.2648982 1.5683407
v -0.0379233 1.0609684 0.1706960
vn 5.6507688 0.6279621 -1.7389312
v 0.0420722 0.4878421 0.6231565
vn -5.5269737 -1.4903810 1.3614467
v -0.0379233 1.2274270 0.1746970
vn -5.6364050 -0.5545720 1.7896454
v -0.0379144 1.3763480 0.1653100
vn -5.5390835 -1.3576980 -1.4775423
v -0.0379233 0.7371364 0.6174845
vn -5.6387424 -1.7862508 -0.5544603
v -0.0379185 0.7465053 0.6041285
vn -5.5923219 -0.4918325 -1.8758247
v -0.0379221 0.8878694 0.6236861
vn -5.6204257 -1.3932041 -1.2990091
v -0.0379211 0.9018650 0.6155124
vn 5.6413779 -0.5516270 -1.7805450
v 0.0420686 1.2140350 0.6235283
vn 5.5312519 -1.5227088 -1.3219618
v 0.0420741 1.2274280 0.6141375
vn 5.6615596 0.6321060 -1.7245302
v 0.0420685 1.4617333 0.6231531
vn 5.5584164 -1.5352522 1.2438656
v 0.0420741 0.9034510 0.1754940
vn -5.6396775 0.5548441 -1.7847900
v -0.0379209 1.6252823 0.6235311
vn -5.6609411 1.7296786 -0.6128178
v -0.0379188 0.6322560 0.6052013
vn -5.5601320 -0.4254459 1.9359633
v -0.0379218 0.8867970 0.1649190
vn -5.5601912 -0.4250226 1.9330950
v -0.0379224 1.0491123 0.1649181
vn 5.6397390 -0.5559123 -1.7863173
v 0.0420680 0.5647750 0.6235277
vn 5.5372176 -1.5211260 -1.3084073
v 0.0420735 0.5781684 0.6141366
vn -5.6516209 0.6151807 1.7424058
v -0.0379165 1.2994180 0.1656830
vn 5.5677443 1.9243698 -0.4054991
v 0.0420728 0.4692640 0.6015286
vn -5.6397429 0.5545598 -1.7861736
v -0.0379171 0.8137102 0.6235278
vn 5.5350337 -1.3184532 1.5207492
v 0.0420734 0.7371364 0.2538770
vn 5.6426396 -1.7763422 0.5587041
v 0.0420658 0.7465434 0.2673110
vn -5.5884686 1.1413988 1.5702353
v -0.0379200 1.1302724 0.1695321
vn 5.5938702 -1.6210694 1.0509065
v 0.0420694 1.5546932 0.2604281
vn 5.5090232 -2.0249438 0.3133606
v 0.0420744 1.5587664 0.2725540
vn -5.6430097 0.5571324 -1.7760484
v -0.0379177 0.4890790 0.6235282
vn -5.5792780 -1.9094738 -0.4401065
v -0.0379229 1.5584183 0.6016203
vn -5.5581098 -1.4787253 -1.3104018
v -0.0379233 1.5527110 0.6133405
vn -5.6385293 -1.7863100 -0.5552956
v -0.0379185 0.5841904 0.6041284
vn 5.5867910 1.5542229 1.1499596
v 0.0420707 1.2854424 0.1766760
vn 5.5692964 1.9129233 0.4793448
v 0.0420725 1.6056743 0.1863220
vn -5.5894480 -0.4833953 -1.8842293
v -0.0379226 0.7255540 0.6236865
vn -5.6567945 -0.6440842 -1.7191457
v -0.0379134 1.0529552 0.6231490
vn 5.5666089 -1.9122030 -0.4793079
v 0.0420730 1.2336292 0.6025543
vn -5.5955691 1.5604941 -1.1382395
v -0.0379177 1.2854452 0.6121576
vn -5.5031943 -2.0240278 0.3474943
v -0.0379242 1.5586271 0.2716570
vn -5.5547309 1.2427105 -1.5450089
v -0.0379233 0.6421471 0.6181397
vn 5.6395030 0.5703086 1.7764573
v 0.0420679 1.3006530 0.1653080
vn -5.6430640 1.7711822 0.5583797
v -0.0379181 1.1189013 0.1847481
vn 5.5684075 1.9103559 0.4808685
v 0.0420745 0.4694910 0.1862490
vn -5.5392842 -1.3577470 -1.4776233
v -0.0379233 1.3863964 0.6174847
vn 5.5637136 -0.4272982 -1.9308357
v 0.0420736 0.7244821 0.6239174
vn 5.6560869 0.5445763 1.7705227
v 0.0420686 0.4890790 0.1653070
vn 5.5758991 0.4979711 -1.8928679
v 0.0420732 0.8152461 0.6236865
vn 5.6017256 1.6271881 -1.0384587
v 0.0420708 0.9599953 0.6109339
vn 5.5371671 -1.5197510 -1.3063048
v 0.0420741 1.3897433 0.6141376
vn 5.5663986 -0.4046194 -1.9157147
v 0.0420732 1.5360560 0.6239170
vn 5.5664272 -0.4047279 -1.9285492
v 0.0420721 1.6983712 0.6239160
vn -5.6431160 -0.5683984 1.7699300
v -0.0379173 1.5386672 0.2478340
vn 5.5939150 -1.6196526 1.0511322
v 0.0420707 1.2300644 0.1779000
vn 5.5536909 -1.2480253 -1.5418446
v 0.0420734 1.7102282 0.6181380
vn 5.6472263 -0.5885726 1.7640250
v 0.0420754 0.5656524 0.1656040
vn -5.5612354 -1.9291925 -0.4387200
v -0.0379222 0.9092321 0.6014717
vn -5.5983372 -1.5986282 -1.0553559
v -0.0379214 1.0677514 0.6109348
vn 5.5732412 -1.8955934 -0.4808164
v 0.0420731 1.3959394 0.6025638
vn 5.6562061 0.5440547 1.7706817
v 0.0420679 0.9760242 0.1653070
vn -5.5903902 -0.4802332 -1.8837377
v -0.0379213 1.3748131 0.6236853
vn -5.6553283 -0.6423588 -1.7258239
v -0.0379171 1.5399013 0.6231525
vn 5.6499681 -0.6283027 1.7413024
v 0.0420679 1.0529561 0.1656830
vn -5.5627441 -0.4273767 1.9252173
v -0.0379224 1.6983712 0.1649181
vn 5.5074863 -0.3535942 2.0147276
v 0.0420749 1.3719850 0.1647860
vn -5.5996432 1.1274229 1.5597445
v -0.0379177 0.8056431 0.1695340
vn -5.5072145 0.2887454 2.0271871
v -0.0379241 0.8180742 0.1647860
vn 5.5703492 1.4966406 1.2851405
v 0.0420735 0.4756880 0.1746980
vn 5.6499867 -1.7411442 -0.6254044
v 0.0420654 1.7200382 0.6053265
vn 5.5266218 1.0171485 -1.7496268
v 0.0420741 0.9707131 0.6207692
vn 5.5639749 1.9301555 -0.4264124
v 0.0420732 1.1185122 0.6014715
vn -5.6395268 -1.7772068 -0.5703117
v -0.0379164 1.7204142 0.6040909
vn -5.6441927 0.5645168 -1.7717550
v -0.0379171 1.3006530 0.6235276
vn 5.5617628 -1.9262998 0.4285757
v 0.0420730 0.9092321 0.1873640
vn 5.5759292 0.4979330 -1.8910306
v 0.0420734 1.6268201 0.6236866
vn -5.5584159 -1.2449832 1.5356544
v -0.0379235 1.7102292 0.1706970
vn -5.6504374 0.6188630 1.7432157
v -0.0379216 1.6240461 0.1656790
vn 5.5690084 1.9105402 0.4776475
v 0.0420722 0.7941012 0.1863220
vn -5.5593152 -0.4283097 1.9369029
v -0.0379213 0.7244821 0.2474450
vn -5.5706792 0.4730836 1.9083622
v -0.0379263 0.6531434 0.2475981
vn 5.5734196 -1.8954028 -0.4807414
v 0.0420731 0.5843654 0.6025634
vn 5.5662699 -0.4811184 1.9130934
v 0.0420721 0.7255540 0.2476760
vn -5.5677161 -0.4817964 -1.9114841
v -0.0379213 1.2124991 0.6236852
vn 5.5704727 1.4975713 1.2864114
v 0.0420734 0.8003192 0.1746960
vn 5.5543747 -1.2486280 -1.5395883
v 0.0420741 1.5479131 0.6181386
vn 5.5381565 1.3122884 -1.5148258
v 0.0420741 1.6152391 0.6174857
vn -5.5903635 -0.4819250 -1.8868204
v -0.0379223 0.5632391 0.6236862
vn 5.5649004 -0.4082125 -1.9362140
v 0.0420734 1.0491123 0.6239173
vn -5.5648947 0.4080029 -1.9277401
v -0.0379224 0.6540031 0.6239171
vn 5.5704317 1.4969965 1.2861073
v 0.0420746 1.6118913 0.1746970
vn -5.5325928 1.5682973 1.2653320
v -0.0379230 0.9619780 0.1754930
vn 5.6561904 0.5444478 1.7701910
v 0.0420651 0.8137112 0.1653100
vn -5.6552014 -1.7373880 0.6130267
v -0.0379154 0.7461510 0.2660381
vn 5.6604018 0.6185201 -1.7433140
v 0.0420679 1.1371031 0.6231525
vn 5.6399951 1.7851094 -0.5545965
v 0.0420683 1.2812161 0.6040874
vn -5.5391178 -1.3577822 -1.4782172
v -0.0379242 0.5748219 0.6174853
vn -5.5378466 1.5156128 -1.3119308
v -0.0379233 1.6118913 0.6141374
vn 5.5585179 -1.5350829 1.2432922
v 0.0420741 1.0657673 0.1754950
vn -5.5866852 -1.1512856 -1.5548126
v -0.0379194 1.7090461 0.6193028
vn 5.6676993 -1.2164474 1.3646539
v 0.0420638 1.3868833 0.1710800
vn 5.6564846 0.5424672 1.7693167
v 0.0420728 1.6252823 0.1653030
vn -5.6506457 0.6200203 1.7526726
v -0.0379146 0.9747891 0.1656851
vn 5.5324421 -1.2679020 -1.5680419
v 0.0420741 0.7363391 0.6181382
vn -5.5376244 1.5155632 -1.3112463
v -0.0379233 0.8003192 0.6141395
vn 5.5002370 0.3366079 -2.0228918
v 0.0420750 0.9803882 0.6240491
vn -5.5764217 1.8896160 -0.4956459
v -0.0379222 0.9564314 0.6025567
vn -5.5378666 1.5155267 -1.3101543
v -0.0379226 0.9626322 0.6141372
vn -5.6561031 -1.7697395 -0.5444105
v -0.0379193 1.2334743 0.6040880
vn 5.5378137 1.3119684 -1.5155238
v 0.0420741 1.2906103 0.6174859
vn 5.5704675 1.4971488 1.2854980
v 0.0420741 0.9626322 0.1746970
vn -5.5323038 1.5683722 1.2664496
v -0.0379239 1.6112373 0.1754940
vn 5.5543580 1.5459830 -1.2430073
v 0.0420738 0.4750333 0.6133400
vn 5.5664411 -0.4046928 -1.9251516
v 0.0420734 0.8867970 0.6239173
vn 5.5774579 0.4929465 -1.8741986
v 0.0420734 1.3021903 0.6236865
vn 5.5950203 1.6172069 -1.0526792
v 0.0420708 1.4469380 0.6109335
vn -5.6504302 -1.7396187 0.6272234
v -0.0379171 1.7200401 0.1835080
vn -5.5341005 -1.2639155 1.5686693
v -0.0379226 0.7363391 0.2532231
vn -5.5704169 -1.2872441 -1.4970922
v -0.0379226 1.2240810 0.6174835
vn -5.5914469 -1.5662119 1.1390769
v -0.0379187 1.5538750 0.2592040
vn 5.5580111 1.3117921 1.4783822
v 0.0420741 1.1290913 0.1706960
vn 5.5671492 1.9255598 -0.4024220
v 0.0420732 0.6315703 0.6014815
vn -5.5322509 1.5686691 1.2657261
v -0.0379233 1.2866073 0.1754950
vn -5.6398020 0.5550113 -1.7884330
v -0.0379155 0.9760251 0.6235261
vn 5.5619621 -1.9256089 0.4283601
v 0.0420732 1.0715480 0.1873640
vn 5.5806546 0.4356685 1.9083126
v 0.0420736 1.1409473 0.1649181
vn 5.5537682 -1.2480755 -1.5414742
v 0.0420741 0.8986540 0.6181386
vn 5.5108781 -0.2816594 2.0231054
v 0.0420750 1.6966143 0.1647860
vn -2.7274241 1.3591630 -3.7148802
v -0.0218020 1.8598621 0.5493594
vn 2.6613414 1.6251003 -3.5440090
v 0.0247986 1.8617091 0.5493594
vn 3.0852973 0.4024688 -3.5636427
v 0.0278847 1.8530662 0.5493594
vn -2.4628038 1.3602123 -5.2822213
v -0.0332702 1.8035133 0.5492285
vn -2.8295443 -0.2446493 -3.5951283
v -0.0237351 1.8485103 0.5493594
vn 2.4287667 1.1712582 -5.3427644
v 0.0373919 1.8040681 0.5492801
vn -2.6557052 -1.5096827 -3.5585301
v -0.0209872 1.8397741 0.5493594
vn 2.9145939 -0.9121965 -3.5583222
v 0.0270771 1.8440251 0.5493594
vn -1.8376908 -2.4501021 -3.5496469
v -0.0144000 1.8323262 0.5493594
vn 2.3172345 -2.0155447 -3.5322845
v 0.0224867 1.8359251 0.5493594
vn -0.7771907 -2.9759810 -3.4976830
v -0.0050013 1.8279302 0.5493594
vn 1.3931929 -2.7471282 -3.5040059
v 0.0147795 1.8300042 0.5493594
vn 0.3250099 -3.0636315 -3.4891086
v 0.0051208 1.8271902 0.5493594
vn -1.2895185 2.3555539 -2.4621015
v -0.0330338 1.8797221 0.5495656
vn 1.3074094 2.3597708 -2.5196226
v 0.0372088 1.8796511 0.5495877
vn -1.6724128 4.3498993 1.8571252
v -0.0331478 1.8798862 0.5574634
vn 1.6511580 4.3597655 1.7885746
v 0.0372794 1.8799911 0.5572177
vn 1.8259888 2.5383260 -3.5144434
v 0.0182601 1.8686552 0.5493594
vn -1.6473553 2.6085663 -3.6369424
v -0.0124403 1.8698442 0.5493594
vn 0.7791325 3.0936172 -3.4913135
v 0.0092393 1.8728282 0.5493594
vn -0.3565808 3.2330706 -3.5114236
v -0.0008821 1.8735681 0.5493594
vn -4.3249006 0.9808611 -2.6599050
v -0.0379245 1.7000263 0.6839183
vn -4.3736949 2.6150508 -1.0073216
v -0.0379245 1.6941593 0.6782778
vn -5.1289659 2.1071293 0.8861204
v -0.0379250 1.6938081 0.6752671
vn -4.8180833 -2.4366682 0.9187229
v -0.0379246 1.7575762 0.3119000
vn -4.6165380 -1.4247648 2.2142582
v -0.0379243 1.7558601 0.3096991
vn -4.1333137 2.4704359 1.5835495
v -0.0379247 1.7426863 0.6281657
vn -4.3212070 2.8691032 0.3584013
v -0.0379246 1.7445431 0.6223001
vn -5.1017284 2.2093050 0.7568321
v -0.0379247 1.7447572 0.3116020
vn -4.1434541 2.3841503 -1.7180015
v -0.0379247 1.7419872 0.1783741
vn -4.2443476 2.8535454 -0.5663187
v -0.0379247 1.7444341 0.1842730
vn -5.0689673 2.1582983 -0.9076965
v -0.0379247 1.7448292 0.2568181
vn -4.3215466 1.1541669 -2.5716262
v -0.0379245 1.7472532 0.2587640
vn -4.2956743 1.1502810 2.5617893
v -0.0379245 1.7471702 0.3094220
vn -4.2630744 -1.1731668 -2.5809109
v -0.0379245 1.7552032 0.2587340
vn -4.8868208 -2.2864282 -1.0853981
v -0.0379247 1.7574272 0.2567910
vn -1.5497621 -2.7247968 0.1530238
v -0.0379246 1.7577243 0.3129801
vn -1.7211236 -2.6154299 -0.1910391
v -0.0379246 1.7577243 0.2552190
vn -4.7110157 -2.7066205 -0.2042707
v -0.0379246 1.7577243 0.6248767
vn -4.6056762 -2.7687616 0.0920058
v -0.0379246 1.7577243 0.1826470
vn -5.0487776 -0.9516944 2.1694069
v -0.0379232 1.7034221 0.1235061
vn -4.3014436 0.8313009 2.7217624
v -0.0379231 1.7002981 0.1237160
vn -5.1322603 2.0952652 -0.9299256
v -0.0379238 1.6936591 0.1322110
vn -4.4597745 2.5327837 1.0553637
v -0.0379234 1.6939461 0.1290960
vn -4.9145231 0.9622355 -2.3047686
v -0.0379327 1.6775422 0.0695961
vn -4.9736910 2.2892904 -0.9157237
v -0.0379281 1.7829621 0.1753070
vn -5.5790792 1.8807249 -0.5051023
v -0.0379230 1.7842281 0.5363495
vn -4.9746437 0.9104680 2.2922587
v -0.0379259 1.6774182 0.7518858
vn -5.2901545 1.6188513 1.6224443
v -0.0379246 1.7884011 0.6424294
vn -4.9711881 -1.0337620 2.2306001
v -0.0379283 0.5123792 0.7514668
vn -4.9710989 -2.2853837 0.9328654
v -0.0379266 0.4079032 0.6465344
vn -4.8773479 2.5262260 -0.5534731
v -0.0379245 0.4328094 0.6273166
vn -4.7683554 2.1934972 -1.5083960
v -0.0379245 0.4354434 0.6330904
vn -4.8726416 -2.2025676 1.3501009
v -0.0379239 1.7555833 0.1752920
vn -4.7662692 -2.6155810 0.5609975
v -0.0379246 1.7576032 0.1809920
vn -5.0698557 0.9598597 -2.1539636
v -0.0379250 0.4869900 0.6842184
vn -4.3911629 -0.8741892 -2.6515372
v -0.0379243 0.4901471 0.6840433
vn -4.1443944 -2.3940229 1.7026849
v -0.0379245 0.4482703 0.6289806
vn -5.0973606 -2.1168892 0.9735210
v -0.0379248 0.4964342 0.6750258
vn -4.2381058 -2.8604674 0.5428575
v -0.0379247 0.4458642 0.6230547
vn -4.4457936 -2.6050756 -0.9048030
v -0.0379244 0.4962683 0.6781407
vn -4.9517426 -2.2424886 -1.1342645
v -0.0379234 1.7565873 0.6307322
vn -5.1002469 -0.8780243 -2.1387103
v -0.0379247 1.7032132 0.6842997
vn 2.1126330 3.1950760 4.0332103
v 0.0372573 1.6854112 0.7521567
vn 4.1566854 2.3323226 1.7939113
v 0.0420755 1.7414021 0.6292624
vn 4.2457628 2.8453588 0.5906680
v 0.0420754 1.7440031 0.6235112
vn 5.1541977 2.1028113 0.7104245
v 0.0420754 1.6933613 0.6754338
vn 4.0870008 2.6020977 -1.3491526
v 0.0420753 1.6941762 0.6783975
vn 5.0267234 -2.1990340 0.9025568
v 0.0420753 1.7578571 0.3114400
vn 4.2746453 -1.1487643 2.5904865
v 0.0420752 1.7553961 0.3094240
vn 4.9441361 0.1360741 -2.5254261
v 0.0420750 1.7503562 0.3007450
vn 5.0348873 -1.1965616 -2.1410706
v 0.0420729 1.7589021 0.2989590
vn 4.9972353 -2.1981559 -1.1600639
v 0.0420748 1.7650821 0.2924520
vn 4.8793249 -2.5113428 -0.5961829
v 0.0420753 1.7578242 0.6279171
vn 4.9940443 -0.6248066 2.4126511
v 0.0420743 1.7549591 0.2696240
vn 4.1867113 -1.0699403 -2.6695509
v 0.0420753 1.7552402 0.2588080
vn 5.0404449 -1.8264928 1.6245588
v 0.0420736 1.7629411 0.2743430
vn 5.0336514 -2.1610687 -0.9428326
v 0.0420754 1.7577941 0.2569170
vn 5.0947609 -2.3868649 0.2108128
v 0.0420738 1.7670591 0.2836980
vn 5.0485735 -0.9936163 2.1572561
v 0.0420753 1.7037752 0.1232810
vn 4.2830329 0.8311827 2.7243021
v 0.0420753 1.7006721 0.1234380
vn 4.3373299 2.5432642 1.2123280
v 0.0420754 1.6937962 0.1292230
vn 5.1682439 2.0835681 -0.7907546
v 0.0420753 1.6932321 0.1321300
vn 4.2494659 1.1212497 2.6239147
v 0.0420753 1.7469342 0.3094400
vn 5.0811749 1.4411347 -1.9350277
v 0.0420720 1.7416322 0.2978710
vn 5.0665483 2.1448326 0.9239087
v 0.0420754 1.7444661 0.3113180
vn 4.9718037 2.3675284 -0.7773088
v 0.0420749 1.7361193 0.2898210
vn 5.3498397 0.0041082 -2.2345450
v 0.0420753 1.4998622 0.0690970
vn 4.9724789 0.8473246 -2.3079150
v 0.0420805 1.6774161 0.0697631
vn 4.9732628 2.2310939 -1.0324390
v 0.0420783 1.7825463 0.1743010
vn 5.5771275 1.9017931 -0.4414642
v 0.0420734 1.7840042 0.5354053
vn 5.3201008 1.6018008 1.5992993
v 0.0420753 1.7884011 0.6424294
vn 4.9824667 0.9596785 2.2624965
v 0.0420765 1.6784251 0.7514686
vn 4.9779902 -0.9111117 2.2882874
v 0.0420784 0.5133862 0.7518844
vn 4.9816570 -2.2139354 1.0600109
v 0.0420793 0.4083414 0.6475308
vn 4.8421602 2.5667477 -0.4954591
v 0.0420754 0.4323740 0.6268977
vn 4.8322873 2.2030566 -1.4113543
v 0.0420749 0.4347110 0.6327700
vn 4.7128310 -2.1530175 1.6339170
v 0.0420751 1.7547731 0.1737000
vn 4.9078808 -2.4784667 0.6293991
v 0.0420753 1.7577913 0.1793010
vn 5.0386314 0.9201972 -2.1888912
v 0.0420754 0.4868493 0.6845375
vn 4.3245521 -0.9662662 -2.6450007
v 0.0420753 0.4898500 0.6842844
vn 5.0934401 -2.1331301 0.9351125
v 0.0420758 0.4967341 0.6748284
vn 4.1755176 -2.3142745 1.8092314
v 0.0420754 0.4490681 0.6293902
vn 4.2129540 -2.8499906 0.6087974
v 0.0420754 0.4463100 0.6235391
vn 4.8086357 0.4164830 2.6171861
v 0.0420753 0.5493741 0.6544673
vn 4.8887210 1.1729718 2.3036795
v 0.0420742 0.5379634 0.6578314
vn 4.9437904 1.9665879 1.6071409
v 0.0420740 0.5251322 0.6678793
vn 4.4617133 -2.5700662 -0.9477659
v 0.0420753 0.4965272 0.6779212
vn 4.9071012 2.4760790 0.6927415
v 0.0420746 0.5177822 0.6824222
vn 4.8690338 2.5863204 -0.2689469
v 0.0420750 0.5167613 0.6960039
vn 4.9262414 2.2500768 -1.2112143
v 0.0420741 0.5209484 0.7103670
vn 4.8818974 1.6056027 -2.0334411
v 0.0420748 0.5315723 0.7227235
vn 4.8182216 0.8861896 -2.4894769
v 0.0420753 0.5419760 0.7281934
vn 4.8944817 0.0443097 -2.5817268
v 0.0420744 0.5534892 0.7305653
vn 4.7321272 -2.1735706 -1.5811590
v 0.0420753 1.7550561 0.6334811
vn 4.9293470 -0.9784924 -2.3528428
v 0.0420734 0.5695400 0.7277530
vn 5.0936313 -1.0031962 -2.1202011
v 0.0420759 1.7036712 0.6844709
vn 4.9484930 -1.9596198 -1.5977814
v 0.0420722 0.5846152 0.7166906
vn 4.9320707 -2.4928491 -0.5105498
v 0.0420734 0.5925212 0.6997494
vn 4.3414001 0.9021860 -2.6629074
v 0.0420752 1.7005951 0.6843306
vn 4.9058914 -2.4952922 0.6094235
v 0.0420739 0.5920601 0.6829299
vn 4.9009180 -2.0345232 1.5751151
v 0.0420742 0.5853062 0.6689915
vn 4.9271860 -1.1883154 2.2606919
v 0.0420728 0.5724683 0.6580612
vn 4.8262677 -0.2943157 2.6190145
v 0.0420753 0.5582051 0.6541977
vn 4.9657173 0.6189426 2.4464958
v 0.0420750 1.7475553 0.2696940
vn 4.3619976 1.2010508 -2.5311990
v 0.0420753 1.7467401 0.2587010
vn 5.0380340 1.6325036 1.8296669
v 0.0420740 1.7406921 0.2730980
vn 5.0598159 2.1734738 -0.9007552
v 0.0420753 1.7444601 0.2567960
vn 5.0306206 2.3733511 0.6199849
v 0.0420739 1.7357521 0.2811550
vn 4.2185745 2.8433905 -0.6300010
v 0.0420753 1.7439961 0.1838530
vn 4.1729937 2.3149362 -1.8130611
v 0.0420760 1.7411392 0.1779100
vn -2.4134536 5.3309631 -1.2667177
v -0.0330238 1.7888381 0.5345675
vn 2.4654100 5.2735019 -1.3951232
v 0.0373096 1.7887731 0.5347761
vn -2.4718435 3.9506147 -3.7582042
v -0.0330855 1.7934582 0.5435231
vn 2.4793432 3.7213273 -3.9785328
v 0.0372360 1.7942371 0.5443018
vn -5.6761856 -1.6367000 0.6997330
v -0.0379392 0.4057631 0.5305377
vn -5.6772499 -1.6237853 -0.6328584
v -0.0379439 0.4062142 0.4077543
vn -5.6768894 -0.6801090 1.6741965
v -0.0378402 0.3898802 0.5155002
vn -5.7134018 -0.7181020 -1.6012067
v -0.0378440 0.3911171 0.4236458
vn -4.0757394 -1.8315020 -1.8751526
v -0.0375087 0.3249211 0.4250350
vn -4.1948528 -1.8097349 1.8023890
v -0.0375087 0.3249211 0.5145327
vn -2.1171193 5.1011376 -0.6088606
v -0.0331029 1.7884011 0.1798010
vn 2.1998718 5.0462198 -0.5380486
v 0.0372528 1.7884011 0.1798010
vn 5.1252728 -0.7806081 -2.2347193
v 0.0420720 0.4442792 0.3002380
vn 5.1179457 2.0299122 -0.9908649
v 0.0420754 0.4326620 0.2572000
vn 4.0657101 0.9471490 -2.7836990
v 0.0420754 0.4354234 0.2588381
vn 4.9702559 -2.2854965 -0.9321924
v 0.0420776 0.4079080 0.1750950
vn 4.8134794 2.6040633 0.4101153
v 0.0420754 0.4323330 0.1809940
vn 4.2746091 1.1272495 2.6116469
v 0.0420753 0.4349952 0.3094400
vn 4.9696784 0.7450248 -2.3951671
v 0.0420747 0.4343753 0.3000621
vn 5.0054388 1.8435407 -1.6692256
v 0.0420743 0.4274464 0.2956541
vn 5.0825510 2.1325395 0.9186195
v 0.0420754 0.4325261 0.3113190
vn 4.9417720 2.4336402 -0.6883683
v 0.0420752 0.4239702 0.2890550
vn 5.0496969 -2.1017213 -1.0013784
v 0.0420754 0.4457650 0.2571410
vn 4.2463894 -2.8575120 -0.5440185
v 0.0420754 0.4462743 0.1844500
vn 5.0107555 -2.2058718 0.9143341
v 0.0420754 0.4458914 0.3114001
vn 4.2525740 -1.1381469 2.6050797
v 0.0420753 0.4434552 0.3094240
vn 5.0449367 -2.0658665 -1.2921269
v 0.0420737 0.4528141 0.2931830
vn 5.0299439 -2.4546459 0.1651810
v 0.0420736 0.4550161 0.2839950
vn 4.9703159 -2.0617676 1.4025289
v 0.0420747 0.4521871 0.2760450
vn 4.9818063 -1.1478580 2.2302878
v 0.0420747 0.4464231 0.2709740
vn 5.0284543 0.2183872 2.4492233
v 0.0420740 0.4381642 0.2691820
vn 4.0727644 -1.0049874 -2.7557337
v 0.0420754 0.4432130 0.2587870
vn 5.0921307 1.6172160 1.7662387
v 0.0420723 0.4284353 0.2731540
vn 4.9990501 2.4226577 0.5682642
v 0.0420747 0.4236693 0.2819281
vn 3.0640829 -0.2133649 -3.5956399
v -0.0275855 0.3503332 0.4202606
vn -3.0598805 0.0929680 -3.7102256
v 0.0336965 0.3470922 0.4202606
vn 2.6648204 -1.5457581 -3.5664477
v -0.0243483 0.3606253 0.4202606
vn -2.7320559 -1.4655479 -3.5988731
v 0.0300990 0.3606253 0.4202606
vn 1.6494293 -2.5753512 -3.6233287
v -0.0149475 0.3707371 0.4202606
vn -1.8650066 -2.4838009 -3.5457213
v 0.0223358 0.3694034 0.4202606
vn 0.3733651 -3.1021106 -3.5152154
v -0.0006597 0.3754520 0.4202606
vn -0.7859937 -3.0348063 -3.4908516
v 0.0112635 0.3745804 0.4202606
vn -2.1110549 0.5932046 5.1015453
v -0.0331020 1.6729221 0.7573223
vn 1.9996551 1.1553726 4.7995486
v 0.0373735 1.6771982 0.7567164
vn -1.9909298 2.5960827 4.2101378
v -0.0331155 1.6823752 0.7546004
vn -5.8446627 0.5286270 -0.8470301
v -0.0237048 1.8526361 0.4024451
vn -5.2207532 -2.4218452 -0.8273059
v -0.0220440 1.8414032 0.4023989
vn -5.1010227 2.9779625 -0.8790798
v -0.0207947 1.8613331 0.4024455
vn -3.5260789 4.7949300 -0.7961507
v -0.0142619 1.8685341 0.4025845
vn -1.5204226 5.7758565 -0.8413097
v -0.0049993 1.8728271 0.4024517
vn 0.6462090 5.9595490 -0.7887557
v 0.0051197 1.8735662 0.4024518
vn 2.6881061 5.3212318 -0.8482780
v 0.0147787 1.8707533 0.4024523
vn 4.4990072 3.8805838 -0.8286178
v 0.0224841 1.8648341 0.4024521
vn 5.6234097 1.7651991 -0.8913013
v 0.0270749 1.8567343 0.4024515
vn 5.8519554 -0.7605019 -0.8539348
v 0.0278826 1.8476923 0.4024512
vn 5.0542073 -3.0649254 -0.8830424
v 0.0247961 1.8390491 0.4024513
vn 3.4805093 -4.8427677 -0.8120577
v 0.0182582 1.8321052 0.4024510
vn 1.5154550 -5.7788119 -0.8406754
v 0.0092381 1.8279321 0.4024514
vn -0.7380204 -5.9233041 -0.7826965
v -0.0008821 1.8271921 0.4024516
vn -3.1557148 -4.9074407 -0.8178040
v -0.0127217 1.8310962 0.4021843
vn -2.9655242 0.2306278 -3.4077525
v -0.0181797 1.8516421 0.3836540
vn -1.8706263 2.3475974 -3.4299123
v -0.0113047 1.8641503 0.3836550
vn 0.1952722 3.0116818 -3.4439580
v 0.0035615 1.8686571 0.3836540
vn 2.1771982 2.0569465 -3.4251242
v 0.0175484 1.8623261 0.3836550
vn 2.9635429 -0.2264639 -3.4060807
v 0.0224181 1.8491173 0.3836540
vn 1.8713636 -2.3465884 -3.4300923
v 0.0155432 1.8366091 0.3836550
vn -0.1981648 -3.0126967 -3.4372649
v 0.0006777 1.8321021 0.3836540
vn -2.1730416 -2.0639472 -3.4284856
v -0.0133099 1.8384321 0.3836550
vn 1.8612964 -4.1656690 1.8516928
v 0.0168247 0.2999144 0.5145654
vn 1.7220532 -4.2921143 -1.7992349
v 0.0159801 0.2995610 0.4250054
vn 5.7303934 -0.6556830 1.5823866
v 0.0421298 0.3911161 0.5159152
vn 4.1769590 -1.7940618 1.8639976
v 0.0419843 0.3254280 0.5146142
vn 4.2568913 -1.8222870 -1.7776185
v 0.0419833 0.3250113 0.4250716
vn 5.6807241 -0.6296448 -1.6695698
v 0.0421387 0.3899012 0.4240590
vn 5.6929731 -1.7129049 0.6378795
v 0.0420430 0.4062099 0.5318198
vn 5.6891513 -1.6568754 -0.6978678
v 0.0420467 0.4057593 0.4090267
vn -1.7037083 -4.3809485 1.7702243
v -0.0107114 0.2995591 0.5145595
vn -1.8279943 -4.2047520 -1.8691266
v -0.0115430 0.2999082 0.4250033
vn 1.9232504 -2.4892304 -4.3202720
v 0.0372643 0.5094132 0.0664940
vn -2.2176583 -3.1887336 -3.9107285
v -0.0331161 0.5053554 0.0695111
vn 2.3706193 -5.3784766 -1.2062408
v 0.0371879 0.4018631 0.4040407
vn -2.3418193 -5.4462013 -0.8136562
v -0.0331861 0.4021850 0.4020321
vn 2.1496327 -4.0310097 -4.0086775
v 0.0372833 0.3963861 0.4136161
vn -2.2095380 -4.5570211 -3.2911212
v -0.0331661 0.3989120 0.4104483
vn 2.3580465 -5.4298849 0.8211471
v 0.0373570 0.4021864 0.5375389
vn -2.3735032 -5.3748155 1.2232134
v -0.0330312 0.4018621 0.5355229
vn -2.2136593 -5.0280089 -0.5425400
v -0.0331348 0.4024010 0.1798010
vn 2.1260583 -5.0896797 -0.6080846
v 0.0372528 0.4024010 0.1798010
vn -2.1245294 -5.0931334 0.6144507
v -0.0331020 0.4024010 0.6418440
vn 2.2068694 -5.0375266 0.5562981
v 0.0372973 0.4024010 0.6418440
vn 2.2269890 -4.5350981 3.2993882
v 0.0373896 0.3989143 0.5291227
vn -2.1421459 -4.0488105 3.9980016
v -0.0330617 0.3963861 0.5259510
vn 2.4299293 -2.9732778 4.5544429
v 0.0375228 0.3918591 0.5223372
vn -5.0234675 2.1948855 -0.9086171
v -0.0379332 0.4328852 0.2568170
vn -4.9673448 2.3146255 0.8051798
v -0.0379397 0.4327841 0.3117390
vn -4.2558212 1.1685762 -2.5937836
v -0.0379333 0.4351993 0.2587130
vn -4.5046849 1.2590292 2.3719850
v -0.0379379 0.4348822 0.3094870
vn -4.2818213 -1.1699374 -2.5659668
v -0.0379332 0.4431829 0.2587770
vn -5.1000304 -2.2101834 -0.7632548
v -0.0379329 0.4456420 0.2565581
vn -4.8926983 -1.5829397 1.8007398
v -0.0379277 0.4446092 0.3100020
vn -4.2697353 -2.8515997 -0.5422451
v -0.0379245 0.4459171 0.1842641
vn 1.4457974 -2.7387857 0.4420770
v -0.0379264 0.4457769 0.3126750
vn 5.5863299 0.5235960 -1.8671803
v 0.0420726 1.8014061 0.5535287
vn 3.8921230 1.7991536 -0.6682289
v 0.0420753 1.8766623 0.5541687
vn 5.6127458 1.3952161 -1.2913265
v 0.0420649 1.7899101 0.5468749
vn -2.1070704 0.5289414 -5.1542873
v -0.0331055 1.6729221 0.0643231
vn 2.2118292 0.0057495 -5.3723593
v 0.0372528 1.4998469 0.0643231
vn 1.9651742 -4.2153111 -2.6024663
v 0.0372709 0.4051332 0.1703420
vn -1.9045973 -4.3297110 -2.4762316
v -0.0331409 0.4045763 0.1713370
vn -1.9631726 -4.2117486 2.6043699
v -0.0331197 0.4051323 0.6513028
vn 1.9046379 -4.3211050 2.4805653
v 0.0372990 0.4045753 0.6503069
vn 1.9052507 4.3245544 -2.4815788
v 0.0372645 1.7862301 0.1713361
vn -1.9767742 4.1990719 -2.5980747
v -0.0331169 1.7856791 0.1703490
vn 2.1193552 -0.6046658 5.0974283
v 0.0372637 0.5178790 0.7573223
vn -2.2026842 -0.5311900 5.0416498
v -0.0331020 0.5178790 0.7573223
vn 4.1428413 -2.3817477 -1.7236855
v 0.0420759 0.4486990 0.1785610
vn 5.1971693 -2.0726688 -0.6333945
v 0.0420754 0.4972939 0.1317400
vn 4.1113982 -2.5123744 1.4888875
v 0.0420756 0.4963660 0.1289390
vn 4.2911630 -0.7948462 2.7272184
v 0.0420755 0.4896002 0.1234480
vn 4.9718451 -1.0372483 -2.2298141
v 0.0420773 0.5123782 0.0701770
vn 5.3517585 -0.0001452 -2.2326679
v 0.0420754 0.6909513 0.0690970
vn 4.8396745 2.2115972 1.3839153
v 0.0420748 0.4344664 0.1750801
vn 5.0544038 1.0619792 2.1307313
v 0.0420755 0.4864073 0.1233981
vn -1.8514242 1.6270037 -4.4323654
v -0.0305209 0.9273634 -0.0305489
vn 1.9642284 1.0897903 -4.9350905
v 0.0346229 0.9251390 -0.0307000
vn 1.8441077 2.4633911 3.5441377
v 0.0185143 0.7088242 0.0533490
vn 2.6684482 1.5247087 3.5551445
v 0.0250602 0.7014604 0.0533490
vn 2.0434856 0.8566819 5.0606956
v 0.0346244 0.7216702 0.0533490
vn -2.0425580 0.8548499 5.0623145
v -0.0304983 0.7216702 0.0533490
vn -1.8079400 2.3993154 3.7218633
v -0.0145267 0.7090354 0.0533490
vn 0.7769588 2.9930253 3.4868963
v 0.0091744 0.7131710 0.0533490
vn -0.4107574 3.0499687 3.5326388
v -0.0008848 0.7139010 0.0533490
vn -2.0435219 -0.8566592 5.0606852
v -0.0304983 0.6598964 0.0533490
vn -2.2113028 -1.6762626 5.1607976
v -0.0304985 0.5444241 0.0130960
vn 2.2207141 -1.6695030 5.1570807
v 0.0346250 0.5430384 0.0126280
vn 2.0425780 -0.8548110 5.0623255
v 0.0346244 0.6598964 0.0533490
vn 3.0494618 0.2114683 3.5952172
v 0.0277893 0.6928263 0.0533490
vn -2.8371851 1.1147124 3.6225119
v -0.0224357 0.6980371 0.0533490
vn -3.0566058 -0.2720074 3.5694730
v -0.0235872 0.6891322 0.0533490
vn 2.6944847 -1.3463367 3.7053187
v 0.0258695 0.6816072 0.0533490
vn -2.6726298 -1.5174594 3.5553124
v -0.0208577 0.6804962 0.0533490
vn 1.6259050 -2.5754664 3.6248422
v 0.0165700 0.6717391 0.0533490
vn -1.8412778 -2.4666092 3.5375233
v -0.0143127 0.6731334 0.0533490
vn -0.7771497 -2.9929926 3.4868319
v -0.0049747 0.6687870 0.0533490
vn 0.3643841 -3.0653291 3.5034246
v 0.0050852 0.6680560 0.0533490
vn 4.9685497 0.9084138 -2.2673962
v 0.0420644 0.9249053 -0.0232930
vn 4.7400589 2.3682599 -0.1805818
v 0.0420761 0.9270163 -0.0210140
vn 4.9523649 1.4083539 2.0117750
v 0.0420654 0.9244480 -0.0168990
vn 5.4574471 0.5872718 2.0397854
v 0.0420628 0.8531880 0.0001150
vn 4.8936157 -1.0491477 -2.2166665
v 0.0420661 0.4563861 -0.0231930
vn 4.7141871 -2.3989806 0.0338574
v 0.0420719 0.4545274 -0.0207200
vn 4.9421968 -1.3736625 2.0605125
v 0.0420657 0.4574142 -0.0166650
vn 5.4489264 -0.5940039 2.0560701
v 0.0420629 0.5303502 0.0007240
vn 5.1831603 0.3951067 2.3344407
v 0.0420630 0.7204242 0.0459850
vn 5.1845732 -0.3921601 2.3337972
v 0.0420630 0.6611433 0.0459850
vn -1.7958702 -4.4949474 1.3711189
v -0.0305118 0.4474401 -0.0178159
vn 1.8056375 -4.5393281 1.1647624
v 0.0346378 0.4473200 -0.0184070
vn -2.2206912 1.6702721 5.1564412
v -0.0304988 0.8385482 0.0126190
vn 2.2115309 1.6769856 5.1599636
v 0.0346248 0.8371592 0.0130880
vn 1.7389218 4.4518561 1.1791147
v 0.0346379 0.9341249 -0.0178790
vn -1.7907561 4.5378757 1.1524935
v -0.0305122 0.9342442 -0.0184669
vn 1.8533338 2.5586028 4.0471940
v 0.0346798 0.9281673 -0.0103780
vn -1.8251673 2.6279495 3.9334214
v -0.0304681 0.9284821 -0.0104550
vn -2.1828299 1.3311865 5.2743492
v -0.0304867 0.8789172 0.0012330
vn 2.1916070 1.3274723 5.2704487
v 0.0346355 0.8781600 0.0013980
vn -1.8530873 -2.5562675 4.0479994
v -0.0305536 0.4534001 -0.0103160
vn 1.8251600 -2.6258309 3.9330428
v 0.0345941 0.4530849 -0.0103920
vn -2.1912768 -1.3241882 5.2718701
v -0.0305094 0.5033970 0.0014180
vn 2.1826227 -1.3279045 5.2756910
v 0.0346128 0.5026393 0.0012530
vn -1.8273033 -4.2629938 -2.0376971
v -0.0305036 0.4480209 -0.0249650
vn 1.8115971 -4.1839209 -2.2316349
v 0.0346298 0.4482150 -0.0253630
vn -1.8072238 -1.7545130 -4.2911410
v -0.0304967 0.4535770 -0.0303670
vn 1.8295110 -1.6555578 -4.4133725
v 0.0346638 0.4539452 -0.0303960
vn 1.6878010 3.5534198 -2.6385894
v 0.0346667 0.9326310 -0.0270220
vn -1.8056222 4.1757007 -2.2282729
v -0.0305041 0.9333520 -0.0253640
vn -4.8795357 -1.0489272 -2.2508364
v -0.0379396 1.2657981 -0.0232360
vn -4.6743240 -2.3718848 -0.2755082
v -0.0379453 1.2637801 -0.0210150
vn -4.9418111 -1.4202706 2.0157037
v -0.0379398 1.2663541 -0.0168990
vn -5.4546943 -0.5879779 2.0439548
v -0.0379367 1.3376174 0.0001171
vn -4.4928546 1.6620443 -1.5247254
v -0.0379612 1.7356241 -0.0229480
vn -4.8010526 1.7044680 1.7290667
v -0.0379531 1.7346592 -0.0173330
vn -5.4505372 0.5959650 2.0589347
v -0.0379368 1.6604521 0.0007240
vn -5.1832690 -0.3949539 2.3347039
v -0.0379369 1.4703770 0.0459850
vn -5.1845741 0.3921578 2.3337972
v -0.0379369 1.5296583 0.0459850
vn -3.0439887 -0.3902836 -3.5688329
v -0.0234990 0.6883230 0.1204580
vn -2.8962059 0.9754872 -3.6050165
v -0.0226969 0.6972589 0.1204580
vn -2.0458643 2.2350714 -3.6670198
v -0.0163050 0.7074413 0.1204580
vn -0.8207027 2.9720447 -3.5166245
v -0.0049723 0.7131710 0.1204580
vn 0.3645860 3.0653174 -3.5033870
v 0.0050869 0.7139010 0.1204580
vn 1.6259615 2.5754526 -3.6248007
v 0.0165701 0.7102180 0.1204580
vn 2.6944854 1.3462982 -3.7053542
v 0.0258701 0.7003493 0.1204580
vn 3.0494807 -0.2114768 -3.5951648
v 0.0277892 0.6891322 0.1204580
vn 2.6684637 -1.5246656 -3.5551748
v 0.0250597 0.6804962 0.1204580
vn 1.8441660 -2.4633608 -3.5441055
v 0.0185147 0.6731334 0.1204580
vn 0.7771525 -2.9929907 -3.4868348
v 0.0091768 0.6687870 0.1204580
vn -0.3643851 -3.0653291 -3.5034246
v -0.0008831 0.6680560 0.1204580
vn -1.5923882 -2.6096740 -3.5953388
v -0.0123680 0.6717391 0.1204580
vn -2.5907390 -1.6411088 -3.5724339
v -0.0204335 0.6797800 0.1204580
vn 0.2669965 3.0653021 -2.7551332
v 0.0061601 0.7458591 0.1204580
vn -0.9025143 -2.9431322 -2.7597723
v -0.0116754 0.6379743 0.1204580
vn 0.3826845 -3.0531595 -2.7555361
v 0.0079302 0.6362553 0.1204580
vn -0.3826801 -3.0531609 2.7555380
v -0.0037170 0.6362553 0.1883680
vn 2.6231503 1.1779555 -2.3290317
v 0.0416665 0.7253613 0.1204580
vn 2.6575232 -1.1331755 -2.3480072
v 0.0419289 0.6571612 0.1204580
vn -1.9734089 -2.3822691 -2.8035145
v -0.0292230 0.6477304 0.1204580
vn -2.0184503 2.3539369 -2.8322356
v -0.0298532 0.7335401 0.1204580
vn 0.0000000 0.0000000 -3.1415925
v -0.0379368 0.6988492 0.1204580
vn -2.7759740 -1.0059485 -2.4487112
v -0.0379368 0.6580720 0.1204580
vn 1.5971882 -2.6326833 -2.7630672
v 0.0266625 0.6428151 0.1204580
vn 1.5058017 2.6834521 -2.7569814
v 0.0250947 0.7400184 0.1204580
vn -1.0054535 2.9115748 -2.7651930
v -0.0133783 0.7433929 0.1204580
vn 0.0000000 0.0000000 -3.1415927
v -0.0379368 0.7073832 0.1204580
vn 0.0000000 0.0000000 -3.1415925
v -0.0379368 0.7174520 0.1204580
vn -2.7823687 0.9972597 -2.4538374
v -0.0379368 0.7238541 0.1204580
vn 2.7754076 -1.0059510 2.4469886
v 0.0420743 0.6579723 0.1883680
vn 2.7817738 0.9974612 2.4526482
v 0.0420743 0.7239542 0.1883680
vn 2.0180659 2.3544195 2.8326530
v 0.0340668 0.7335391 0.1883680
vn 1.0054938 2.9115508 2.7651653
v 0.0175915 0.7433929 0.1883680
vn -0.2669938 3.0653033 2.7551358
v -0.0019469 0.7458591 0.1883680
vn -1.5063547 2.6829696 2.7565813
v -0.0208817 0.7400184 0.1883680
vn -2.6238151 1.1786654 2.3305299
v -0.0375221 0.7252851 0.1883680
vn -2.6587458 -1.1306951 2.3478899
v -0.0378371 0.6573043 0.1883680
vn -1.5982484 -2.6317005 2.7622461
v -0.0224495 0.6428151 0.1883680
vn 0.9025559 -2.9431095 2.7597458
v 0.0158886 0.6379743 0.1883680
vn 1.9730093 -2.3827713 2.8040133
v 0.0334366 0.6477313 0.1883680
vn -1.8435600 -1.6700897 -4.3584781
v -0.0305592 1.2632861 -0.0305179
vn 1.7990649 -1.6823139 -4.3661423
v 0.0345946 1.2629414 -0.0304070
vn -2.0424976 0.8549132 5.0622888
v -0.0304983 1.5309052 0.0533490
vn 2.0433698 0.8565794 5.0607882
v 0.0346244 1.5309052 0.0533490
vn 2.2175984 1.6702211 5.1599059
v 0.0346436 1.6473522 0.0127600
vn -1.8134569 -2.3933177 3.7247612
v -0.0145992 1.4817462 0.0533490
vn -2.0433309 -0.8566141 5.0607977
v -0.0304983 1.4691310 0.0533490
vn 2.0424817 -0.8549606 5.0622649
v 0.0346244 1.4691310 0.0533490
vn 2.6703737 -1.5217702 3.5544703
v 0.0250597 1.4893122 0.0533490
vn 1.8469235 -2.4610612 3.5446892
v 0.0185133 1.4819260 0.0533490
vn 0.7787464 -2.9923918 3.4874578
v 0.0091761 1.4775701 0.0533490
vn -0.4118225 -3.0494132 3.5338476
v -0.0008811 1.4768372 0.0533490
vn -2.2177081 -1.6709979 5.1591563
v -0.0305175 1.3526740 0.0127540
vn 5.4500031 -0.5937161 2.0491245
v 0.0420629 1.3395782 0.0007160
vn 4.8088984 -1.6951706 1.7511741
v 0.0420762 1.2653751 -0.0173930
vn 4.5026250 -1.6825099 -1.4707277
v 0.0420911 1.2643323 -0.0227420
vn 4.8857751 1.0279466 -2.2589684
v 0.0420648 1.7341392 -0.0232919
vn 4.6756501 2.3687797 -0.2836080
v 0.0420713 1.7362661 -0.0209880
vn 4.9410377 1.4206990 2.0150652
v 0.0420658 1.7336841 -0.0168390
vn 5.4552956 0.5868439 2.0432165
v 0.0420628 1.6624191 0.0001240
vn 5.1845317 -0.3922412 2.3338184
v 0.0420630 1.4703770 0.0459850
vn 5.1833234 0.3947810 2.3342006
v 0.0420630 1.5296583 0.0459850
vn -1.8063458 4.5137854 1.2590755
v -0.0305206 1.7434042 -0.0179970
vn 1.7945459 4.5260077 1.2383710
v 0.0346444 1.7434452 -0.0181980
vn -2.8414092 -1.1083349 3.6180327
v -0.0224354 1.4927454 0.0533490
vn 3.0499554 -0.2109436 3.5939620
v 0.0277892 1.4979720 0.0533490
vn -3.0570405 0.2713459 3.5683570
v -0.0235872 1.5016761 0.0533490
vn 2.6960845 1.3440605 3.7043800
v 0.0258692 1.5092230 0.0533490
vn -2.6744750 1.5146248 3.5546801
v -0.0208575 1.5103364 0.0533490
vn 1.6284783 2.5735593 3.6254411
v 0.0165687 1.5191193 0.0533490
vn -1.8440120 2.4643533 3.5380650
v -0.0143109 1.5177221 0.0533490
vn 0.3651967 3.0649657 3.5043082
v 0.0050861 1.5228109 0.0533490
vn -0.7787015 2.9923980 3.4874754
v -0.0049737 1.5220780 0.0533490
vn 1.8016531 -4.5191946 1.2616190
v 0.0346461 1.2566352 -0.0180579
vn -1.7946820 -4.5256920 1.2360969
v -0.0305186 1.2565942 -0.0182580
vn 1.8339535 -2.5698073 4.0289383
v 0.0346893 1.2624140 -0.0105090
vn -1.8250947 -2.5967956 3.9856174
v -0.0304620 1.2624860 -0.0103540
vn 2.2063684 -1.3380579 5.2536888
v 0.0346358 1.3120871 0.0012590
vn -2.1923940 -1.3253312 5.2688627
v -0.0304860 1.3126564 0.0014250
vn -1.8336427 2.5675371 4.0298181
v -0.0305634 1.7376211 -0.0104470
vn 1.8248072 2.5945408 3.9862819
v 0.0345882 1.7375491 -0.0102919
vn -2.2061822 1.3348227 5.2549548
v -0.0305098 1.6879492 0.0012820
vn 2.1921909 1.3220518 5.2701774
v 0.0346120 1.6873813 0.0014470
vn -1.7963567 4.2875738 -2.0602069
v -0.0305138 1.7427242 -0.0250940
vn 1.8189564 4.1766481 -2.1766360
v 0.0346355 1.7426591 -0.0252320
vn -1.7826856 1.6931497 -4.3848295
v -0.0304687 1.7370961 -0.0304070
vn 1.8414567 1.6739131 -4.3601594
v 0.0346852 1.7367501 -0.0305179
vn -1.8188034 -4.1775932 -2.1775007
v -0.0305093 1.2573771 -0.0252320
vn 1.7973832 -4.2834492 -2.0672636
v 0.0346398 1.2573123 -0.0250940
vn 2.2141244 -1.6760991 5.1585026
v 0.0346024 1.3531203 0.0129191
vn -2.2140419 1.6753296 5.1592598
v -0.0304763 1.6469111 0.0129230
vn -2.9010344 -0.9673777 -3.5995488
v -0.0226966 1.4935241 0.1204580
vn -3.0444608 0.3894576 -3.5677490
v -0.0234990 1.5024881 0.1204580
vn -2.0508618 -2.2272067 -3.6729565
v -0.0163869 1.4833412 0.1204580
vn -0.8213963 -2.9719050 -3.5165329
v -0.0049733 1.4775691 0.1204580
vn 0.3651549 -3.0649540 -3.5043783
v 0.0050822 1.4768362 0.1204580
vn 1.6284654 -2.5735991 -3.6253588
v 0.0165685 1.4805293 0.1204580
vn 2.6960475 -1.3440756 -3.7044353
v 0.0258694 1.4904251 0.1204580
vn 3.0499587 0.2109797 -3.5939445
v 0.0277892 1.5016761 0.1204580
vn 2.6703551 1.5217925 -3.5544918
v 0.0250595 1.5103364 0.1204580
vn 1.8468981 2.4610822 -3.5446818
v 0.0185133 1.5177221 0.1204580
vn 0.7786807 2.9924078 -3.4874606
v 0.0091757 1.5220780 0.1204580
vn -0.3652074 3.0649624 -3.5043154
v -0.0008841 1.5228109 0.1204580
vn -1.5950849 2.6077418 -3.5959873
v -0.0123664 1.5191193 0.1204580
vn -2.5927711 1.6382890 -3.5718012
v -0.0204333 1.5110540 0.1204580
vn 0.2722625 -3.0637736 -2.7504246
v 0.0061606 1.4449410 0.1204580
vn -0.9685245 2.9353969 -2.7977567
v -0.0116716 1.5528283 0.1204580
vn -0.3775710 3.0527375 2.7507892
v -0.0037200 1.5545464 0.1883680
vn 0.0378881 3.1108124 -2.8713343
v 0.0021065 1.5546761 0.1204580
vn 2.7943006 0.9800950 -2.4605424
v 0.0420743 1.5328293 0.1204580
vn -1.9733380 2.3822780 -2.8034892
v -0.0292228 1.5430722 0.1204580
vn -2.0183132 -2.3540692 -2.8322308
v -0.0298532 1.4572611 0.1204580
vn 2.6169763 -1.1764841 -2.3047366
v 0.0418603 1.4656553 0.1204580
vn 0.0000000 0.0000000 -3.1415927
v -0.0379369 1.4919534 0.1204580
vn 0.0000000 0.0000000 -3.1415925
v -0.0379369 1.4998384 0.1204580
vn 1.0545472 2.8979247 -2.7634370
v 0.0175875 1.5522690 0.1204580
vn 0.0000000 0.0000000 -3.1415925
v -0.0379369 1.5077243 0.1204580
vn 1.5103844 -2.6767900 -2.7354770
v 0.0250970 1.4507852 0.1204580
vn -1.0054471 -2.9115887 -2.7652233
v -0.0133757 1.4474072 0.1204580
vn 0.0000000 0.0000000 -3.1415927
v -0.0379369 1.4834180 0.1204580
vn 2.0407114 2.3265572 -2.7994845
v 0.0348105 1.5418510 0.1204580
vn 0.0000000 0.0000000 -3.1415927
v -0.0379369 1.5263271 0.1204580
vn -2.7760091 1.0047705 -2.4459920
v -0.0379369 1.5327291 0.1204580
vn -3.1415854 0.0000000 -3.1347682
v -0.0379369 1.4733500 0.1204580
vn 0.0000000 0.0000000 -3.1415927
v -0.0379369 1.5162592 0.1204580
vn -2.7825749 -0.9972615 -2.4568086
v -0.0379369 1.4669480 0.1204580
vn -2.6568868 1.1420872 2.3534899
v -0.0376502 1.5337172 0.1883680
vn -2.6263828 -1.1636589 2.3217857
v -0.0377894 1.4658122 0.1883680
vn -1.5086441 -2.6810918 2.7552285
v -0.0208840 1.4507852 0.1883680
vn -0.3331255 -3.0715795 2.7927499
v -0.0019475 1.4449410 0.1883680
vn 0.6925136 -3.0334394 2.8732879
v 0.0119307 1.4460530 0.1883680
vn 1.6376580 -2.6133280 2.7624817
v 0.0266654 1.4516912 0.1883680
vn 2.6474135 -1.1514034 2.3345988
v 0.0417926 1.4658751 0.1883680
vn 2.7740233 1.0039421 2.4429920
v 0.0420743 1.5328293 0.1883680
vn 1.9655839 2.3862736 2.7898633
v 0.0334356 1.5430722 0.1883680
vn 0.9051153 2.9392784 2.7412398
v 0.0158848 1.5528283 0.1883680
vn -1.5967950 2.6331336 2.7636032
v -0.0224525 1.5479841 0.1883680
vn 4.6028156 -1.8105397 -2.3185034
v -0.0283515 1.8448312 0.4044422
vn 1.6013324 -1.5187430 -1.5536162
v -0.0233827 1.8449342 0.4044422
vn 1.6404557 -1.6138275 1.6415827
v -0.0237106 1.8450391 0.5007212
vn 4.6393991 -1.8093293 2.2962284
v -0.0283515 1.8448312 0.5007212
vn 4.5516391 1.8108082 2.3510897
v -0.0283515 1.8557103 0.5007212
vn 1.5501828 1.5193126 1.5212717
v -0.0233827 1.8557692 0.5007212
vn 1.5891190 1.6157111 -1.6091864
v -0.0237130 1.8556542 0.4044422
vn 4.5880747 1.8107916 -2.3289158
v -0.0283515 1.8557103 0.4044422
vn 1.5629194 1.7146307 -1.6869012
v -0.0309369 1.8767061 0.3956504
vn 1.5629187 1.7146313 1.6869009
v -0.0309369 1.8767061 0.5095130
vn 5.9046588 -0.6616474 -1.2213787
v 0.0420754 1.2636952 0.1486710
vn 5.9336319 0.6883162 -1.1689014
v 0.0420754 0.9191480 0.1484610
vn 5.7399235 1.6500127 -0.5033579
v 0.0420754 0.9141083 0.1406900
vn 5.9202414 1.1834362 0.7196512
v 0.0420754 0.9149580 0.0983390
vn 5.8422618 -1.4234909 -0.6143522
v 0.0420754 1.2695832 0.1416900
vn 5.7454181 0.4600286 1.6549388
v 0.0420754 0.9224510 0.0936130
vn 5.8364067 -1.4441086 0.6083302
v 0.0420754 1.2695284 0.1008310
vn 5.8816700 -0.6622503 1.2943157
v 0.0420754 1.2639232 0.0941290
vn -5.6185551 1.2830188 -1.3910904
v -0.0379142 1.7908862 0.5478511
vn -3.8977497 1.8020091 -0.6849130
v -0.0379246 1.8766651 0.5541666
vn -5.5740776 0.4676852 -1.8994350
v -0.0379208 1.8023503 0.5537523
vn 3.8052416 -4.3175750 -1.9440346
v 0.0283798 0.5825672 0.7054005
vn 3.8446023 -4.6059256 -0.8007149
v 0.0281738 0.5850511 0.6973461
vn 3.5306013 -0.0107366 -5.0370922
v 0.0284782 0.5546203 0.7230629
vn 3.7944179 4.7493958 0.5078821
v 0.0282891 0.5243611 0.6890070
vn 3.7432935 4.6803184 -0.8870592
v 0.0284880 0.5243502 0.6972231
vn 3.7425992 -4.3170938 2.0276580
v 0.0283077 0.5826311 0.6790449
vn 3.7346916 3.4254298 -3.3650343
v 0.0284810 0.5330372 0.7140400
vn 3.7733827 -1.4073577 4.5663915
v 0.0284877 0.5639882 0.6628210
vn 3.7126601 0.0271891 4.8468952
v 0.0285252 0.5549440 0.6613964
vn 3.7565296 -1.3714856 -4.5641704
v 0.0284954 0.5640173 0.7216819
vn 3.7095575 -2.8529160 -3.8547378
v 0.0287124 0.5731740 0.7173083
vn 4.1209602 3.1422160 2.9885449
v 0.0272779 0.5329680 0.6718159
vn 3.7335443 -3.4228184 3.3652000
v 0.0283692 0.5765972 0.6705384
vn 3.7382870 2.3031981 -4.2384224
v 0.0284829 0.5402989 0.7194309
vn 4.0138879 3.8622477 2.2993853
v 0.0274115 0.5290713 0.6768887
vn 3.6840622 -4.8293891 0.4886022
v 0.0286929 0.5856051 0.6888803
vn 3.7770281 1.1748210 4.6602516
v 0.0283454 0.5473032 0.6625355
vn 3.7699993 4.2125616 -2.2085631
v 0.0284074 0.5277224 0.7068186
vn 3.8276179 -2.4554269 4.0729609
v 0.0283795 0.5706372 0.6659447
vn 3.8470500 1.1370008 -4.5856872
v 0.0283805 0.5475674 0.7220713
vn 3.8615589 -3.6557398 -2.9927902
v 0.0282069 0.5788074 0.7112597
vn 4.0699158 4.1884274 1.4143376
v 0.0273462 0.5265074 0.6824800
vn 3.6399744 2.4554787 4.2062554
v 0.0283863 0.5392561 0.6656075
vn 4.7302556 -0.1266440 -3.8195670
v 0.0263232 0.5555043 0.7211388
vn 5.6637292 -0.2527027 -2.3242743
v 0.0235119 0.5566940 0.7161217
vn 4.9882112 -1.6778879 -3.0642643
v 0.0253978 0.5679660 0.7165137
vn 5.8452826 -0.6377223 -1.4516892
v 0.0229987 0.5640464 0.7129252
vn 5.1200457 -2.6967802 -1.9539285
v 0.0250348 0.5771084 0.7076370
vn 5.7628932 -1.8757894 -1.0232583
v 0.0235075 0.5759020 0.7036630
vn 6.0645361 -1.1010412 -0.2708319
v 0.0229062 0.5755062 0.6985601
vn 5.2088456 -3.1490753 -0.3494275
v 0.0248089 0.5813212 0.6953846
vn 5.9762588 -1.3056179 0.1877435
v 0.0229224 0.5762992 0.6896419
vn 5.0039883 -3.4637723 0.6561887
v 0.0256866 0.5821414 0.6868878
vn 5.6486340 -2.1843054 1.0715957
v 0.0238317 0.5767460 0.6806590
vn 4.9216490 -3.1549816 1.9889444
v 0.0256596 0.5787430 0.6779921
vn 5.0929604 -2.2241223 2.6681979
v 0.0253804 0.5724053 0.6712423
vn 5.9261580 -1.0250232 1.0555434
v 0.0230083 0.5707984 0.6764991
vn 5.3587217 -1.1682658 2.6761670
v 0.0244157 0.5651793 0.6684682
vn 4.9441280 -0.3157049 3.5609713
v 0.0255992 0.5573311 0.6644491
vn 5.9385972 -0.0332137 1.4060830
v 0.0229162 0.5557232 0.6701939
vn 5.1256886 0.7872998 3.2726827
v 0.0252553 0.5480862 0.6658466
vn 5.7543163 1.2502820 1.4082419
v 0.0232144 0.5399814 0.6742962
vn 5.6173325 1.1802657 2.2456412
v 0.0238437 0.5429001 0.6706480
vn 4.8511505 1.9654251 3.3103957
v 0.0265857 0.5399971 0.6673658
vn 5.4997902 2.5125899 1.2224865
v 0.0242283 0.5318933 0.6813178
vn 5.9758143 1.2902424 0.3134077
v 0.0228836 0.5338631 0.6862173
vn 5.1252928 3.2850511 -0.1517788
v 0.0249564 0.5278473 0.6937925
vn 5.8162880 1.9139988 -0.5003982
v 0.0235208 0.5315714 0.6975988
vn 5.1640816 2.8507118 -1.5757141
v 0.0249329 0.5314422 0.7054264
vn 5.9748421 0.9383729 -0.9228477
v 0.0229304 0.5390391 0.7075627
vn 5.1341639 2.2311556 -2.4981079
v 0.0251021 0.5367060 0.7123368
vn 5.1290917 1.4189831 -3.0084915
v 0.0251475 0.5429382 0.7166908
vn 5.8622704 0.4003906 -1.5212047
v 0.0230152 0.5487351 0.7139013
vn 4.8236833 -2.5856507 -0.4734277
v 0.0358785 0.4432101 0.1838270
vn 0.0000028 0.0001985 0.0040764
v 0.0358785 0.4394531 0.2588770
vn 0.0000002 -0.0000259 0.0010523
v 0.0358785 0.4389582 0.2588770
vn 3.5346072 2.5847821 -1.3864267
v 0.0358785 0.4355984 0.2569671
vn -0.0783880 0.1547714 -3.1321895
v 0.0358785 0.4390001 0.2588770
vn -0.0197616 -0.0000000 -3.1415303
v 0.0358785 0.4392052 0.2588770
vn 2.7805727 -1.2560035 -2.6820245
v 0.0358782 0.4916120 0.6824555
vn 2.7048166 -2.5407946 -1.5255607
v 0.0358783 0.4944282 0.6799248
vn -0.0557859 0.0022611 3.1410959
v 0.0358785 0.4392052 0.3093220
vn -0.1094130 0.1387013 3.1326303
v 0.0358785 0.4390001 0.3093220
vn 4.1708302 2.3924704 -1.6977780
v 0.0358785 0.4378762 0.6320347
vn 3.8825459 1.2427530 -2.6777146
v 0.0358789 0.4885650 0.6820877
vn 3.5941179 -2.7635107 -0.9144161
v 0.0358792 0.4946861 0.1302990
vn -0.1355616 -0.2344894 3.1183271
v 0.0358785 0.4394112 0.3093220
vn -0.1123659 -0.2229608 -3.1224756
v 0.0358785 0.4394112 0.2588770
vn 2.7196798 2.0187628 2.1931267
v 0.0358732 1.6968141 0.1263410
vn 4.7991629 -2.6090641 0.4354322
v 0.0358785 0.4431930 0.6235189
vn 4.0250936 -2.8537219 0.7566316
v 0.0358785 0.4430771 0.3123100
vn 4.1920462 2.3019526 1.8229730
v 0.0358785 0.4383550 0.1748940
vn 2.7009096 -2.2790389 1.8486136
v 0.0358754 0.4943123 0.1271420
vn 3.5058486 2.5712152 -1.4315224
v 0.0358785 1.7475052 0.2569230
vn 0.0000003 -0.0000160 -0.0020113
v 0.0358785 0.4389582 0.3093220
vn 0.0000024 0.0002058 -0.0040423
v 0.0358785 0.4394531 0.3093220
vn 3.7566626 -4.5179625 -1.0869197
v 0.0370746 0.4517994 0.2881510
vn 3.6371622 0.0545583 -4.7593164
v 0.0370683 0.4390593 0.2980390
vn 3.7122173 4.7315903 0.0316058
v 0.0370717 0.4261551 0.2848930
vn 3.6675861 -4.1662912 2.3465581
v 0.0371561 0.4504662 0.2784600
vn 3.6609597 -0.9006988 4.6679978
v 0.0371579 0.4415493 0.2721341
vn 3.8891017 -2.2975681 -3.6929817
v 0.0367259 0.4456134 0.2960820
vn 3.9408042 3.5418828 2.7777724
v 0.0367217 0.4293962 0.2769090
vn 3.7324913 2.0795715 -4.2187624
v 0.0371100 0.4336100 0.2967811
vn 4.0089397 -2.7196717 3.3634942
v 0.0366497 0.4471970 0.2751640
vn 4.3926291 0.6334851 3.7178357
v 0.0360521 0.4372110 0.2730321
vn 4.2077332 -4.0442715 0.4871417
v 0.0362897 0.4514790 0.2834740
vn 4.0598903 4.0485768 -1.5489378
v 0.0365892 0.4273820 0.2893820
vn 3.9541152 -3.4492934 -2.7757170
v 0.0366435 0.4493823 0.2925440
vn 4.1863165 3.6371226 1.7169597
v 0.0362671 0.4279351 0.2799400
vn 3.8692892 3.4895632 -2.8244808
v 0.0368570 0.4292760 0.2932481
vn 3.6347313 2.2581077 4.2295504
v 0.0371129 0.4325643 0.2738020
vn 4.7644415 -0.6922632 -3.5534830
v 0.0358848 0.4411774 0.2966061
vn 5.7664213 -0.7895867 -1.5148369
v 0.0348169 0.4432564 0.2937020
vn 5.3438644 -2.3261273 -1.2165296
v 0.0352487 0.4487734 0.2901330
vn 5.8925586 -1.4681365 -0.0137107
v 0.0347253 0.4483352 0.2847650
vn 5.1727109 -2.8742399 1.3358439
v 0.0355797 0.4495144 0.2803980
vn 5.7882547 -1.2628672 1.1699545
v 0.0348148 0.4463072 0.2786480
vn 5.7950158 -0.6613382 1.4905095
v 0.0348036 0.4432082 0.2762450
vn 4.7493997 -1.3620269 3.4465251
v 0.0358730 0.4434443 0.2740641
vn 5.8678102 0.7407388 1.3185008
v 0.0347847 0.4344530 0.2768040
vn 5.2037530 2.0046115 2.4184597
v 0.0356110 0.4323463 0.2759950
vn 5.9250865 1.3289229 0.4818695
v 0.0347642 0.4301324 0.2828530
vn 5.2475214 3.0571373 0.1150649
v 0.0354554 0.4280653 0.2843930
vn 5.7087955 1.7490234 -0.8372961
v 0.0349204 0.4302373 0.2891771
vn 5.2852621 1.8889197 -2.2478926
v 0.0353652 0.4321542 0.2934070
vn 5.8878531 0.4506732 -1.4122871
v 0.0347866 0.4360523 0.2939930
vn 5.0232348 0.7806389 -3.3608840
v 0.0357001 0.4364524 0.2961251
vn 0.0000019 0.0001973 0.0036913
v 0.0358784 1.7513921 0.2588770
vn 0.0000000 -0.0000285 0.0011453
v 0.0358784 1.7508972 0.2588770
vn 4.2545629 -2.8697019 0.4645874
v 0.0358784 1.7549241 0.1814630
vn -0.0349897 0.0000000 -3.1413980
v 0.0358784 1.7511451 0.2588770
vn -0.1126001 -0.2130229 -3.1230676
v 0.0358784 1.7513502 0.2588770
vn 2.7100873 2.3898036 -1.7238598
v 0.0358754 1.6961021 0.6803243
vn -0.1282791 -0.2144446 3.1219790
v 0.0358784 1.7513502 0.3093220
vn -0.0557859 0.0022610 3.1410961
v 0.0358784 1.7511451 0.3093220
vn 4.8352900 2.2140844 -1.3861328
v 0.0358784 1.7450051 0.1781230
vn 4.2689705 -2.8767788 -0.4159747
v 0.0358784 1.7549822 0.6256279
vn 3.9286656 -2.8094623 0.9174340
v 0.0358785 1.7549622 0.3120180
vn -0.1124936 0.1589948 -3.1313472
v 0.0358784 1.7509391 0.2588770
vn 3.6085505 2.7633612 0.9609997
v 0.0358791 1.6958411 0.6770239
vn 4.8650594 2.2169321 1.3340311
v 0.0358785 1.7452681 0.6290396
vn 3.2467909 -0.4016090 2.8486085
v 0.0358794 1.7008691 0.1250360
vn 0.0000025 0.0001813 -0.0037195
v 0.0358784 1.7513921 0.3093220
vn 0.0000013 -0.0000890 -0.0030469
v 0.0358784 1.7508972 0.3093220
vn -0.1164828 0.1583526 3.1302273
v 0.0358784 1.7509391 0.3093220
vn 3.7246287 4.6718702 -0.6819775
v 0.0371192 1.7383063 0.2870400
vn 3.6595604 -4.6682773 0.5423335
v 0.0370390 1.7641191 0.2837230
vn 4.1379161 3.4721191 2.2267096
v 0.0363646 1.7406201 0.2784170
vn 3.7781219 -2.9630716 -3.5313554
v 0.0370715 1.7592361 0.2952460
vn 3.9841383 -0.0422538 4.3507161
v 0.0366928 1.7512081 0.2722530
vn 4.0870252 2.3308067 -3.5946298
v 0.0366577 1.7440171 0.2955230
vn 3.7356050 0.9142151 -4.5402527
v 0.0371069 1.7488163 0.2978621
vn 3.6999257 -3.7666125 2.6221828
v 0.0369885 1.7616451 0.2772690
vn 3.9471025 -3.9001303 -1.7407914
v 0.0366432 1.7627451 0.2903470
vn 3.7512677 2.6832519 3.7802658
v 0.0370389 1.7434621 0.2745850
vn 3.7160447 -1.1515350 -4.5899453
v 0.0370933 1.7543731 0.2976170
vn 3.8332808 4.5266562 0.9772054
v 0.0369069 1.7385693 0.2822551
vn 3.7108414 -2.0949082 4.2014837
v 0.0370740 1.7567461 0.2732730
vn 4.2322631 1.3592539 3.8625076
v 0.0362193 1.7471251 0.2734350
vn 5.0889077 -0.2979015 -3.3149695
v 0.0356122 1.7521431 0.2963001
vn 5.5972204 0.4731531 -1.8641597
v 0.0348211 1.7490752 0.2946891
vn 5.9331980 0.8177575 -1.0150816
v 0.0347550 1.7450871 0.2920010
vn 3.7168839 3.9698174 -2.5042975
v 0.0369416 1.7402542 0.2919310
vn 5.2589860 2.3286068 -2.0651350
v 0.0355096 1.7427182 0.2923000
vn 5.2712536 2.7383766 -0.9050702
v 0.0354104 1.7407131 0.2885810
vn 5.1541481 3.3483427 0.3366528
v 0.0355351 1.7400723 0.2835420
vn 5.7894177 1.5875179 0.4210760
v 0.0348271 1.7415631 0.2830260
vn 5.6170688 1.1123559 1.5435243
v 0.0348342 1.7456942 0.2767330
vn 5.7524137 -0.0835882 1.6808321
v 0.0347686 1.7517011 0.2754771
vn 5.2431822 -1.3418330 2.7203624
v 0.0354732 1.7559421 0.2750070
vn 5.1670609 -2.5272973 1.9419183
v 0.0355348 1.7600231 0.2780980
vn 5.9668393 -1.0679038 0.8074613
v 0.0347952 1.7584732 0.2791100
vn 5.0568919 -3.1582274 0.2325345
v 0.0355809 1.7625842 0.2843630
vn 5.8119836 -1.5730636 -0.4026105
v 0.0348116 1.7605171 0.2869620
vn 5.5820751 -1.4528364 -1.3659556
v 0.0348627 1.7581832 0.2920940
vn 5.3009276 -1.2619619 -2.6322184
v 0.0353382 1.7561343 0.2946900
vn 5.1236472 -0.8799815 2.0870397
v 0.0373643 1.2601871 0.0990140
vn 5.2173438 -2.2752893 0.3898275
v 0.0373642 1.2650552 0.1066411
vn 5.2150507 -2.1899610 -0.6068895
v 0.0373642 1.2648292 0.1373210
vn 5.1427526 -0.6726961 -2.1975713
v 0.0373642 1.2587380 0.1440990
vn 5.1579933 0.3808268 -2.3181586
v 0.0373642 0.9264250 0.1442490
vn 5.2301774 2.0754242 -0.8200486
v 0.0373643 0.9194140 0.1389860
vn 5.1171889 2.3799303 0.3304282
v 0.0373642 0.9187722 0.1066411
vn 5.2098165 0.8910258 2.0342941
v 0.0373643 0.9235101 0.0991300
vn 3.0274529 0.1100776 2.8031602
v 0.0358795 0.4898152 0.1249400
vn 3.1083889 -1.4411832 -2.6412847
v 0.0358779 0.4415112 0.2584250
vn 3.9691124 -2.8429174 -0.8163159
v 0.0358785 0.4430561 0.2560170
vn 3.1252518 1.0372778 -2.9001138
v 0.0358784 0.4376922 0.2586820
vn 3.6903410 -2.7634466 1.0031488
v 0.0358786 0.4944592 0.6769694
vn 3.0794706 1.0562959 2.8801212
v 0.0358783 0.4376602 0.3095100
vn 3.5691469 2.6060367 1.3661327
v 0.0358786 0.4355574 0.3113450
vn 3.1443408 -1.5441606 2.5728533
v 0.0358777 0.4416614 0.3098661
vn 3.2277703 2.7962193 -0.3962365
v 0.0358791 1.6954381 0.1298970
vn 3.0976284 1.0520225 -2.8898394
v 0.0358783 1.7496302 0.2586820
vn 3.1138687 -1.4517672 -2.6350884
v 0.0358779 1.7534502 0.2584261
vn 3.9731350 -2.8377445 -0.8241074
v 0.0358784 1.7549951 0.2560160
vn 2.9927983 0.0208843 -2.7690549
v 0.0358782 1.7003043 0.6827476
vn 3.1449764 -1.4326613 2.6613948
v 0.0358779 1.7533882 0.3097711
vn 3.0904028 1.1659901 2.8218441
v 0.0358782 1.7493823 0.3095720
vn 3.7036867 2.6899769 1.2140636
v 0.0358785 1.7474301 0.3115680
vn 4.2069545 2.8406875 0.6440711
v 0.0358785 0.4355483 0.1805470
vn 4.8485632 -2.2034516 -1.3826053
v 0.0358785 0.4453464 0.1781191
vn 4.2311082 2.8586671 -0.5564387
v 0.0358785 0.4354320 0.6262094
vn 4.8535118 -2.1974909 1.3855867
v 0.0358789 0.4453201 0.6294006
vn 4.1887856 -2.4028938 1.6728914
v 0.0358784 1.7526362 0.1756990
vn 4.8100424 2.5996027 -0.4485327
v 0.0358784 1.7471471 0.1839010
vn 4.1654868 -2.4367039 -1.6285679
v 0.0358780 1.7528381 0.6315801
vn 4.7904663 2.6248991 0.3944930
v 0.0358784 1.7471921 0.6232093
vn -0.0000010 0.0003232 0.0023279
v -0.0325006 0.4394531 0.2588770
vn -4.7766252 -2.6363652 -0.3881713
v -0.0325006 0.4431510 0.1844140
vn -3.9275548 2.8097425 -0.9126856
v -0.0325006 0.4353890 0.2561820
vn -0.0000033 -0.0001879 0.0046089
v -0.0325006 0.4389582 0.2588770
vn 0.0578289 -0.0000001 -3.1410601
v -0.0325006 0.4392052 0.2588770
vn 0.1427891 0.2019104 -3.1239693
v -0.0325006 0.4390001 0.2588770
vn -2.6289961 -2.0365343 -2.1151202
v -0.0324873 0.4934363 0.6813938
vn 0.1635592 0.2077486 3.1203289
v -0.0325006 0.4390001 0.3093220
vn 0.0952834 -0.0000001 3.1401474
v -0.0325006 0.4392052 0.3093220
vn -3.3973210 0.5221890 -2.8488436
v -0.0325007 0.4893513 0.6825068
vn -4.1659288 2.4142320 -1.6686952
v -0.0325002 0.4377613 0.6319106
vn -3.5454655 -2.7945318 -0.8329574
v -0.0325012 0.4946313 0.1303951
vn 0.2668179 -0.1883895 3.1217322
v -0.0325006 0.4394112 0.3093220
vn 0.1601185 -0.2942715 -3.1045048
v -0.0325006 0.4394112 0.2588770
vn -2.6886568 1.8375769 2.3249934
v -0.0324924 1.6971982 0.1259680
vn -3.7191110 -2.6083834 1.3317782
v -0.0325007 0.4428530 0.3113430
vn -4.8422060 -2.5663245 0.4972173
v -0.0325006 0.4431944 0.6237170
vn -4.1216025 2.4751673 1.5779281
v -0.0325006 0.4372120 0.1763960
vn -3.5628629 2.6012354 -1.3813657
v -0.0325008 1.7474971 0.2568560
vn -2.5505371 -2.0942690 1.9527200
v -0.0324792 0.4940553 0.1266190
vn -0.0000009 -0.0001405 -0.0026256
v -0.0325006 0.4389582 0.3093220
vn -0.0000010 0.0000751 -0.0031257
v -0.0325006 0.4394531 0.3093220
vn -0.0000010 -0.0000751 0.0031257
v -0.0325007 1.7508972 0.2588770
vn -0.0000010 0.0003454 0.0023756
v -0.0325007 1.7513921 0.2588770
vn -4.2910771 -2.8568242 0.4877520
v -0.0325007 1.7549822 0.1818960
vn 0.1825828 -0.2907554 -3.1037266
v -0.0325007 1.7513502 0.2588770
vn 0.0740086 -0.0047768 -3.1407149
v -0.0325007 1.7511451 0.2588770
vn -2.6392632 2.0584896 -2.0894375
v -0.0324878 1.6968043 0.6812773
vn 0.0579217 0.0000000 3.1410584
v -0.0325007 1.7511451 0.3093220
vn 0.1733007 -0.1645599 3.1292913
v -0.0325007 1.7513502 0.3093220
vn -4.8392963 2.1866736 -1.4232216
v -0.0325010 1.7447321 0.1777110
vn -3.6542397 -2.6052024 1.3632460
v -0.0325008 1.7548211 0.3113850
vn -4.2800646 -2.8336475 -0.5829051
v -0.0325006 1.7548172 0.6268112
vn 0.1125623 0.1353887 -3.1327155
v -0.0325007 1.7509391 0.2588770
vn -4.7586884 2.1353509 1.6012421
v -0.0325009 1.7442062 0.6304203
vn -3.3602848 2.8236783 0.5321957
v -0.0325008 1.6956651 0.6773976
vn -3.4104939 -0.6481720 2.8481665
v -0.0325015 1.7012122 0.1251830
vn -0.0000012 -0.0002564 -0.0028362
v -0.0325007 1.7513921 0.3093220
vn -0.0000001 0.0000000 -0.0000000
v -0.0325007 1.7508972 0.3093220
vn 0.1618572 0.2990119 3.1033185
v -0.0325007 1.7509391 0.3093220
vn -3.3631647 0.5374920 2.8497586
v -0.0325015 0.4890661 0.1252201
vn -3.0069470 -2.0050163 -1.9565933
v -0.0324999 0.4423862 0.2579330
vn -3.1040180 1.3872968 -2.6823633
v -0.0325000 0.4370122 0.2584730
vn -3.3712513 -2.8243790 0.5097648
v -0.0325008 0.4946823 0.6773549
vn -3.1559234 1.5091046 2.6011651
v -0.0325002 0.4368320 0.3098210
vn -3.9895828 2.8311684 0.8411362
v -0.0325006 0.4353561 0.3121800
vn -2.9779458 -0.9546732 2.9159513
v -0.0325004 0.4407520 0.3095100
vn -3.2304432 2.7917426 -0.2729875
v -0.0325008 1.6954312 0.1297940
vn -3.0822673 1.0624037 -2.8770182
v -0.0325005 1.7495983 0.2586890
vn -3.0214083 -1.9927013 -1.9722397
v -0.0324999 1.7543252 0.2579330
vn -3.3528676 -0.5316260 -2.8364682
v -0.0325015 1.7011042 0.6824970
vn -3.0498118 -1.0123347 2.8946676
v -0.0325005 1.7526913 0.3095100
vn -3.0123591 2.0192630 1.9383782
v -0.0324999 1.7479761 0.3102790
vn -4.3011575 2.8682857 0.4148253
v -0.0325006 0.4353461 0.1821700
vn -4.8827343 -2.2175333 -1.3057808
v -0.0325006 0.4449711 0.1786350
vn -4.2586422 2.8606434 -0.5036992
v -0.0325006 0.4354262 0.6260620
vn -4.8461752 -2.1836016 1.4190625
v -0.0325010 0.4455762 0.6297318
vn -4.1305604 -2.4403265 1.6336666
v -0.0325007 1.7528832 0.1760340
vn -4.8443317 2.5646994 -0.4999018
v -0.0325007 1.7471411 0.1837471
vn -4.0731039 -2.2989633 -1.8899450
v -0.0325007 1.7521582 0.6324333
vn -4.8737359 2.5251830 0.5672808
v -0.0325007 1.7470772 0.6244892
vn -4.7105393 2.3976128 0.0299979
v -0.0379459 0.9270301 -0.0207540
vn -4.9515634 -1.4092935 2.0115063
v -0.0379389 0.4571161 -0.0168390
vn -4.9441471 1.3715093 2.0607045
v -0.0379403 0.9241500 -0.0167260
vn -4.9056892 1.0559536 -2.2074926
v -0.0379405 0.9251800 -0.0231930
vn -4.6906338 -2.3571532 -0.2824790
v -0.0379504 0.4545422 -0.0209880
vn -4.8854766 -0.9899783 -2.2705998
v -0.0379388 0.4566622 -0.0232919
vn -5.4482865 0.5929797 2.0492506
v -0.0379368 0.8512273 0.0007150
vn -5.4580183 -0.5861989 2.0394580
v -0.0379368 0.5283842 0.0001240
vn -5.1845236 0.3922349 2.3338175
v -0.0379369 0.7204242 0.0459850
vn -5.1832132 -0.3950130 2.3342388
v -0.0379369 0.6611433 0.0459850
vn -1.5707964 1.5707947 -1.5707949
v -0.0378510 1.8767061 0.3956504
vn 1.5629190 -1.7146307 -1.6868997
v -0.0309369 1.8238351 0.3956504
vn -1.5707964 -1.5707982 -1.5707974
v -0.0378510 1.8238351 0.3956504
vn 1.5629193 -1.7146297 1.6869000
v -0.0309369 1.8238351 0.5095130
vn -1.5707964 1.5707968 1.5707973
v -0.0378510 1.8767061 0.5095130
vn -1.5707964 -1.5707979 1.5707970
v -0.0378510 1.8238351 0.5095130
# 7080 vertices, 0 vertices normals

f 1//1 2//2 3//3
f 1//1 4//4 2//2
f 5//5 2//2 4//4
f 5//5 4//4 6//6
f 7//7 5//5 6//6
f 7//7 6//6 8//8
f 8//8 3//3 7//7
f 8//8 1//1 3//3
f 7//7 3//3 2//2
f 7//7 2//2 5//5
f 8//8 6//6 4//4
f 8//8 4//4 1//1
f 9//9 10//10 11//11
f 9//9 12//12 10//10
f 13//13 10//10 12//12
f 13//13 12//12 14//14
f 15//15 13//13 14//14
f 15//15 14//14 16//16
f 16//16 11//11 15//15
f 16//16 9//9 11//11
f 15//15 11//11 10//10
f 15//15 10//10 13//13
f 16//16 14//14 12//12
f 16//16 12//12 9//9
f 17//17 18//18 19//19
f 17//17 20//20 18//18
f 21//21 18//18 20//20
f 21//21 20//20 22//22
f 23//23 21//21 22//22
f 23//23 22//22 24//24
f 24//24 19//19 23//23
f 24//24 17//17 19//19
f 21//21 19//19 18//18
f 23//23 19//19 21//21
f 22//22 20//20 17//17
f 24//24 22//22 17//17
f 25//25 26//26 27//27
f 25//25 28//28 26//26
f 29//29 26//26 28//28
f 29//29 28//28 30//30
f 31//31 29//29 30//30
f 31//31 30//30 32//32
f 32//32 27//27 31//31
f 32//32 25//25 27//27
f 29//29 27//27 26//26
f 31//31 27//27 29//29
f 30//30 28//28 25//25
f 32//32 30//30 25//25
f 33//33 34//34 35//35
f 33//33 36//36 34//34
f 37//37 34//34 36//36
f 37//37 36//36 38//38
f 39//39 37//37 38//38
f 39//39 38//38 40//40
f 40//40 35//35 39//39
f 40//40 33//33 35//35
f 39//39 35//35 34//34
f 39//39 34//34 37//37
f 40//40 38//38 36//36
f 40//40 36//36 33//33
f 41//41 42//42 43//43
f 41//41 44//44 42//42
f 45//45 42//42 44//44
f 45//45 44//44 46//46
f 47//47 45//45 46//46
f 47//47 46//46 48//48
f 48//48 43//43 47//47
f 48//48 41//41 43//43
f 45//45 43//43 42//42
f 47//47 43//43 45//45
f 46//46 44//44 41//41
f 48//48 46//46 41//41
f 49//49 50//50 51//51
f 49//49 52//52 50//50
f 53//53 50//50 52//52
f 53//53 52//52 54//54
f 55//55 53//53 54//54
f 55//55 54//54 56//56
f 56//56 51//51 55//55
f 56//56 49//49 51//51
f 53//53 51//51 50//50
f 55//55 51//51 53//53
f 54//54 52//52 49//49
f 56//56 54//54 49//49
f 57//57 58//58 59//59
f 57//57 60//60 58//58
f 61//61 58//58 60//60
f 61//61 60//60 62//62
f 63//63 61//61 62//62
f 63//63 62//62 64//64
f 64//64 59//59 63//63
f 64//64 57//57 59//59
f 63//63 59//59 58//58
f 63//63 58//58 61//61
f 64//64 62//62 60//60
f 64//64 60//60 57//57
f 65//65 66//66 67//67
f 68//68 66//66 65//65
f 67//67 69//69 70//70
f 67//67 66//66 69//69
f 71//71 70//70 69//69
f 72//72 71//71 69//69
f 71//71 72//72 68//68
f 71//71 68//68 65//65
f 73//73 74//74 75//75
f 76//76 74//74 73//73
f 77//77 69//69 75//75
f 77//77 75//75 74//74
f 78//78 73//73 72//72
f 78//78 76//76 73//73
f 79//79 80//80 81//81
f 79//79 82//82 80//80
f 83//83 79//79 81//81
f 84//84 83//83 81//81
f 83//83 85//85 86//86
f 83//83 84//84 85//85
f 80//80 86//86 85//85
f 82//82 86//86 80//80
f 87//87 88//88 89//89
f 90//90 87//87 89//89
f 90//90 79//79 91//91
f 87//87 90//90 91//91
f 89//89 92//92 83//83
f 88//88 92//92 89//89
f 93//93 94//94 95//95
f 96//96 93//93 95//95
f 97//97 98//98 99//99
f 100//100 98//98 97//97
f 100//100 93//93 96//96
f 100//100 97//97 93//93
f 101//101 102//102 103//103
f 104//104 102//102 101//101
f 105//105 106//106 107//107
f 108//108 105//105 107//107
f 108//108 104//104 101//101
f 108//108 101//101 105//105
f 95//95 103//103 102//102
f 95//95 94//94 103//103
f 104//104 84//84 81//81
f 104//104 96//96 84//84
f 85//85 96//96 95//95
f 85//85 84//84 96//96
f 102//102 80//80 85//85
f 102//102 81//81 80//80
f 102//102 85//85 95//95
f 102//102 104//104 81//81
f 78//78 100//100 108//108
f 78//78 77//77 100//100
f 74//74 98//98 100//100
f 74//74 100//100 77//77
f 107//107 74//74 76//76
f 107//107 98//98 74//74
f 107//107 78//78 108//108
f 107//107 76//76 78//78
f 99//99 107//107 106//106
f 99//99 98//98 107//107
f 75//75 69//69 97//97
f 99//99 75//75 97//97
f 73//73 105//105 72//72
f 106//106 73//73 75//75
f 106//106 105//105 73//73
f 106//106 75//75 99//99
f 91//91 83//83 92//92
f 79//79 83//83 91//91
f 69//69 77//77 78//78
f 69//69 78//78 72//72
f 86//86 93//93 83//83
f 86//86 94//94 93//93
f 82//82 79//79 101//101
f 103//103 86//86 82//82
f 103//103 94//94 86//86
f 103//103 82//82 101//101
f 104//104 91//91 92//92
f 104//104 92//92 96//96
f 88//88 96//96 92//92
f 67//67 96//96 88//88
f 87//87 91//91 104//104
f 65//65 88//88 87//87
f 65//65 67//67 88//88
f 100//100 96//96 67//67
f 70//70 100//100 67//67
f 108//108 70//70 71//71
f 108//108 71//71 65//65
f 108//108 100//100 70//70
f 108//108 87//87 104//104
f 108//108 65//65 87//87
f 68//68 72//72 105//105
f 66//66 97//97 69//69
f 89//89 66//66 68//68
f 89//89 68//68 90//90
f 79//79 90//90 101//101
f 93//93 89//89 83//83
f 97//97 66//66 93//93
f 66//66 89//89 93//93
f 101//101 68//68 105//105
f 101//101 90//90 68//68
f 109//109 110//110 111//111
f 112//112 110//110 109//109
f 111//111 113//113 114//114
f 111//111 110//110 113//113
f 115//115 114//114 113//113
f 116//116 115//115 113//113
f 115//115 116//116 112//112
f 115//115 112//112 109//109
f 117//117 118//118 119//119
f 120//120 118//118 117//117
f 121//121 113//113 119//119
f 121//121 119//119 118//118
f 122//122 117//117 116//116
f 122//122 120//120 117//117
f 123//123 124//124 125//125
f 123//123 126//126 124//124
f 127//127 123//123 125//125
f 128//128 127//127 125//125
f 127//127 129//129 130//130
f 127//127 128//128 129//129
f 124//124 130//130 129//129
f 126//126 130//130 124//124
f 131//131 132//132 133//133
f 134//134 131//131 133//133
f 134//134 123//123 135//135
f 131//131 134//134 135//135
f 133//133 136//136 127//127
f 132//132 136//136 133//133
f 137//137 99//99 98//98
f 138//138 137//137 98//98
f 139//139 95//95 94//94
f 140//140 95//95 139//139
f 140//140 137//137 138//138
f 140//140 139//139 137//137
f 141//141 107//107 106//106
f 142//142 107//107 141//141
f 143//143 103//103 102//102
f 144//144 143//143 102//102
f 144//144 142//142 141//141
f 144//144 141//141 143//143
f 98//98 106//106 107//107
f 98//98 99//99 106//106
f 142//142 128//128 125//125
f 142//142 138//138 128//128
f 129//129 138//138 98//98
f 129//129 128//128 138//138
f 107//107 124//124 129//129
f 107//107 125//125 124//124
f 107//107 129//129 98//98
f 107//107 142//142 125//125
f 122//122 140//140 144//144
f 122//122 121//121 140//140
f 118//118 95//95 140//140
f 118//118 140//140 121//121
f 102//102 118//118 120//120
f 102//102 95//95 118//118
f 102//102 122//122 144//144
f 102//102 120//120 122//122
f 94//94 102//102 103//103
f 94//94 95//95 102//102
f 119//119 113//113 139//139
f 94//94 119//119 139//139
f 117//117 143//143 116//116
f 103//103 117//117 119//119
f 103//103 143//143 117//117
f 103//103 119//119 94//94
f 135//135 127//127 136//136
f 123//123 127//127 135//135
f 113//113 121//121 122//122
f 113//113 122//122 116//116
f 130//130 137//137 127//127
f 130//130 99//99 137//137
f 126//126 123//123 141//141
f 106//106 130//130 126//126
f 106//106 99//99 130//130
f 106//106 126//126 141//141
f 142//142 135//135 136//136
f 142//142 136//136 138//138
f 132//132 138//138 136//136
f 111//111 138//138 132//132
f 131//131 135//135 142//142
f 109//109 132//132 131//131
f 109//109 111//111 132//132
f 140//140 138//138 111//111
f 114//114 140//140 111//111
f 144//144 114//114 115//115
f 144//144 115//115 109//109
f 144//144 140//140 114//114
f 144//144 131//131 142//142
f 144//144 109//109 131//131
f 112//112 116//116 143//143
f 110//110 139//139 113//113
f 133//133 110//110 112//112
f 133//133 112//112 134//134
f 123//123 134//134 141//141
f 137//137 133//133 127//127
f 139//139 110//110 137//137
f 110//110 133//133 137//137
f 141//141 112//112 143//143
f 141//141 134//134 112//112
f 147//147 145//145 146//146
f 147//147 146//146 148//148
f 149//149 148//148 150//150
f 149//149 147//147 148//148
f 149//149 150//150 151//151
f 152//152 149//149 151//151
f 153//153 151//151 154//154
f 153//153 152//152 151//151
f 155//155 153//153 154//154
f 155//155 154//154 156//156
f 157//157 155//155 156//156
f 158//158 156//156 159//159
f 158//158 157//157 156//156
f 158//158 159//159 160//160
f 161//161 158//158 160//160
f 161//161 160//160 162//162
f 163//163 161//161 162//162
f 145//145 162//162 146//146
f 145//145 163//163 162//162
f 148//148 146//146 162//162
f 154//154 151//151 150//150
f 154//154 162//162 160//160
f 154//154 160//160 159//159
f 154//154 150//150 148//148
f 154//154 148//148 162//162
f 154//154 159//159 156//156
f 147//147 163//163 145//145
f 155//155 157//157 158//158
f 153//153 155//155 158//158
f 153//153 161//161 163//163
f 153//153 158//158 161//161
f 153//153 163//163 147//147
f 153//153 147//147 149//149
f 153//153 149//149 152//152
f 165//165 182//182 164//164
f 165//165 164//164 166//166
f 165//165 166//166 167//167
f 168//168 165//165 167//167
f 169//169 167//167 170//170
f 169//169 168//168 167//167
f 171//171 170//170 172//172
f 171//171 169//169 170//170
f 171//171 172//172 173//173
f 174//174 171//171 173//173
f 175//175 174//174 173//173
f 175//175 173//173 176//176
f 177//177 175//175 176//176
f 177//177 176//176 178//178
f 179//179 177//177 178//178
f 180//180 179//179 178//178
f 180//180 178//178 181//181
f 182//182 180//180 181//181
f 182//182 181//181 164//164
f 166//166 164//164 181//181
f 172//172 170//170 167//167
f 172//172 181//181 178//178
f 172//172 178//178 176//176
f 172//172 167//167 166//166
f 172//172 166//166 181//181
f 172//172 176//176 173//173
f 174//174 175//175 177//177
f 171//171 168//168 169//169
f 171//171 174//174 177//177
f 171//171 180//180 182//182
f 171//171 179//179 180//180
f 171//171 177//177 179//179
f 171//171 182//182 165//165
f 171//171 165//165 168//168
f 185//185 184//184 186//186
f 185//185 183//183 184//184
f 187//187 186//186 188//188
f 187//187 185//185 186//186
f 187//187 188//188 189//189
f 190//190 187//187 189//189
f 190//190 189//189 191//191
f 192//192 191//191 193//193
f 192//192 190//190 191//191
f 194//194 192//192 193//193
f 194//194 193//193 195//195
f 196//196 195//195 197//197
f 196//196 194//194 195//195
f 198//198 196//196 197//197
f 198//198 197//197 199//199
f 200//200 198//198 199//199
f 200//200 199//199 201//201
f 202//202 200//200 201//201
f 202//202 201//201 184//184
f 183//183 202//202 184//184
f 193//193 197//197 195//195
f 191//191 189//189 188//188
f 191//191 184//184 201//201
f 191//191 188//188 186//186
f 191//191 201//201 199//199
f 191//191 199//199 197//197
f 191//191 186//186 184//184
f 191//191 197//197 193//193
f 194//194 196//196 198//198
f 190//190 192//192 194//194
f 190//190 194//194 198//198
f 190//190 185//185 187//187
f 190//190 200//200 202//202
f 190//190 198//198 200//200
f 190//190 202//202 183//183
f 190//190 183//183 185//185
f 204//204 203//203 221//221
f 204//204 221//221 205//205
f 204//204 205//205 206//206
f 207//207 204//204 206//206
f 208//208 206//206 209//209
f 208//208 207//207 206//206
f 210//210 209//209 211//211
f 210//210 208//208 209//209
f 212//212 210//210 211//211
f 212//212 211//211 213//213
f 214//214 212//212 213//213
f 214//214 213//213 215//215
f 216//216 214//214 215//215
f 217//217 216//216 215//215
f 217//217 215//215 218//218
f 219//219 217//217 218//218
f 219//219 218//218 220//220
f 203//203 220//220 221//221
f 203//203 219//219 220//220
f 211//211 209//209 206//206
f 211//211 221//221 220//220
f 211//211 220//220 218//218
f 211//211 218//218 215//215
f 211//211 206//206 205//205
f 211//211 205//205 221//221
f 211//211 215//215 213//213
f 212//212 214//214 216//216
f 210//210 212//212 216//216
f 210//210 219//219 203//203
f 210//210 217//217 219//219
f 210//210 216//216 217//217
f 210//210 203//203 204//204
f 210//210 204//204 207//207
f 210//210 207//207 208//208
f 222//222 239//239 223//223
f 224//224 222//222 223//223
f 224//224 223//223 225//225
f 226//226 224//224 225//225
f 226//226 225//225 227//227
f 228//228 226//226 227//227
f 228//228 227//227 229//229
f 230//230 228//228 229//229
f 230//230 229//229 231//231
f 232//232 230//230 231//231
f 233//233 231//231 234//234
f 233//233 232//232 231//231
f 235//235 234//234 236//236
f 235//235 233//233 234//234
f 237//237 236//236 238//238
f 237//237 235//235 236//236
f 237//237 238//238 239//239
f 240//240 237//237 239//239
f 222//222 240//240 239//239
f 229//229 227//227 225//225
f 229//229 239//239 238//238
f 229//229 238//238 236//236
f 229//229 236//236 234//234
f 229//229 225//225 223//223
f 229//229 223//223 239//239
f 229//229 234//234 231//231
f 232//232 233//233 235//235
f 230//230 232//232 235//235
f 230//230 224//224 226//226
f 230//230 237//237 240//240
f 230//230 235//235 237//237
f 230//230 240//240 222//222
f 230//230 222//222 224//224
f 230//230 226//226 228//228
f 259//259 258//258 241//241
f 242//242 259//259 241//241
f 242//242 241//241 243//243
f 244//244 242//242 243//243
f 244//244 243//243 245//245
f 246//246 244//244 245//245
f 247//247 245//245 248//248
f 247//247 246//246 245//245
f 247//247 248//248 249//249
f 250//250 247//247 249//249
f 251//251 250//250 249//249
f 251//251 249//249 252//252
f 253//253 252//252 254//254
f 253//253 251//251 252//252
f 255//255 253//253 254//254
f 255//255 254//254 256//256
f 257//257 255//255 256//256
f 257//257 256//256 258//258
f 259//259 257//257 258//258
f 249//249 254//254 252//252
f 248//248 245//245 243//243
f 248//248 258//258 256//256
f 248//248 256//256 254//254
f 248//248 243//243 241//241
f 248//248 241//241 258//258
f 248//248 254//254 249//249
f 250//250 251//251 253//253
f 247//247 244//244 246//246
f 247//247 250//250 253//253
f 247//247 257//257 259//259
f 247//247 255//255 257//257
f 247//247 253//253 255//255
f 247//247 259//259 242//242
f 247//247 242//242 244//244
f 260//260 280//280 261//261
f 262//262 260//260 261//261
f 263//263 261//261 264//264
f 263//263 262//262 261//261
f 265//265 264//264 266//266
f 265//265 263//263 264//264
f 267//267 265//265 266//266
f 267//267 266//266 268//268
f 269//269 267//267 268//268
f 269//269 268//268 270//270
f 271//271 269//269 270//270
f 271//271 270//270 272//272
f 273//273 271//271 272//272
f 273//273 272//272 274//274
f 275//275 273//273 274//274
f 276//276 275//275 274//274
f 276//276 274//274 277//277
f 278//278 276//276 277//277
f 278//278 277//277 279//279
f 260//260 279//279 280//280
f 260//260 278//278 279//279
f 268//268 266//266 264//264
f 268//268 272//272 270//270
f 268//268 280//280 279//279
f 268//268 279//279 277//277
f 268//268 277//277 274//274
f 268//268 264//264 261//261
f 268//268 261//261 280//280
f 268//268 274//274 272//272
f 271//271 273//273 275//275
f 267//267 263//263 265//265
f 269//269 271//271 275//275
f 267//267 269//269 275//275
f 267//267 278//278 260//260
f 267//267 276//276 278//278
f 267//267 275//275 276//276
f 267//267 260//260 262//262
f 267//267 262//262 263//263
f 282//282 300//300 281//281
f 282//282 281//281 283//283
f 284//284 283//283 285//285
f 284//284 282//282 283//283
f 286//286 285//285 287//287
f 286//286 284//284 285//285
f 288//288 287//287 289//289
f 288//288 286//286 287//287
f 288//288 289//289 290//290
f 291//291 288//288 290//290
f 291//291 290//290 292//292
f 293//293 291//291 292//292
f 293//293 292//292 294//294
f 295//295 293//293 294//294
f 296//296 295//295 294//294
f 296//296 294//294 297//297
f 298//298 296//296 297//297
f 298//298 297//297 299//299
f 300//300 298//298 299//299
f 300//300 299//299 281//281
f 283//283 281//281 299//299
f 289//289 287//287 285//285
f 289//289 292//292 290//290
f 289//289 299//299 297//297
f 289//289 297//297 294//294
f 289//289 285//285 283//283
f 289//289 283//283 299//299
f 289//289 294//294 292//292
f 291//291 293//293 295//295
f 288//288 284//284 286//286
f 288//288 291//291 295//295
f 288//288 298//298 300//300
f 288//288 296//296 298//298
f 288//288 295//295 296//296
f 288//288 300//300 282//282
f 288//288 282//282 284//284
f 305//305 306//306 309//309
f 310//310 361//361 308//308
f 310//310 308//308 307//307
f 311//311 310//310 307//307
f 307//307 305//305 309//309
f 312//312 311//311 307//307
f 307//307 309//309 313//313
f 315//315 1143//1143 314//314
f 303//303 315//315 314//314
f 303//303 314//314 316//316
f 303//303 316//316 312//312
f 303//303 312//312 307//307
f 304//304 303//303 307//307
f 307//307 313//313 317//317
f 317//317 304//304 307//307
f 320//320 321//321 322//322
f 320//320 322//322 323//323
f 324//324 325//325 326//326
f 324//324 326//326 448//448
f 327//327 328//328 329//329
f 327//327 329//329 330//330
f 331//331 332//332 333//333
f 331//331 333//333 548//548
f 334//334 335//335 336//336
f 334//334 336//336 337//337
f 507//507 338//338 339//339
f 507//507 339//339 340//340
f 341//341 342//342 343//343
f 341//341 343//343 344//344
f 347//347 348//348 349//349
f 840//840 884//884 350//350
f 840//840 350//350 351//351
f 352//352 353//353 354//354
f 352//352 354//354 355//355
f 887//887 356//356 357//357
f 887//887 357//357 358//358
f 360//360 862//862 361//361
f 361//361 310//310 362//362
f 363//363 360//360 361//361
f 362//362 817//817 800//800
f 362//362 800//800 363//363
f 361//361 362//362 363//363
f 366//366 367//367 368//368
f 369//369 364//364 365//365
f 370//370 366//366 368//368
f 368//368 369//369 365//365
f 368//368 365//365 371//371
f 371//371 370//370 368//368
f 375//375 376//376 377//377
f 378//378 379//379 380//380
f 380//380 381//381 382//382
f 384//384 383//383 378//378
f 378//378 380//380 382//382
f 385//385 384//384 378//378
f 378//378 382//382 386//386
f 387//387 385//385 378//378
f 378//378 386//386 388//388
f 389//389 387//387 378//378
f 378//378 388//388 389//389
f 391//391 392//392 393//393
f 394//394 390//390 391//391
f 397//397 396//396 395//395
f 394//394 391//391 393//393
f 397//397 395//395 394//394
f 394//394 393//393 398//398
f 399//399 397//397 394//394
f 398//398 399//399 394//394
f 401//401 406//406 402//402
f 403//403 400//400 401//401
f 404//404 405//405 403//403
f 403//403 401//401 402//402
f 403//403 402//402 407//407
f 406//406 401//401 373//373
f 408//408 406//406 373//373
f 403//403 407//407 409//409
f 403//403 409//409 410//410
f 411//411 408//408 373//373
f 404//404 403//403 410//410
f 412//412 411//411 373//373
f 404//404 410//410 413//413
f 412//412 373//373 374//374
f 404//404 413//413 414//414
f 415//415 412//412 374//374
f 404//404 414//414 416//416
f 417//417 415//415 374//374
f 374//374 404//404 416//416
f 374//374 416//416 418//418
f 418//418 417//417 374//374
f 421//421 422//422 423//423
f 337//337 336//336 319//319
f 337//337 319//319 318//318
f 424//424 425//425 426//426
f 427//427 419//419 420//420
f 427//427 420//420 428//428
f 661//661 429//429 430//430
f 431//431 427//427 428//428
f 431//431 428//428 432//432
f 318//318 319//319 431//431
f 318//318 431//431 432//432
f 433//433 426//426 434//434
f 433//433 434//434 435//435
f 435//435 434//434 437//437
f 435//435 437//437 436//436
f 436//436 437//437 438//438
f 436//436 438//438 439//439
f 439//439 438//438 335//335
f 439//439 335//335 334//334
f 444//444 425//425 445//445
f 443//443 444//444 445//445
f 443//443 445//445 442//442
f 424//424 426//426 433//433
f 445//445 425//425 424//424
f 446//446 448//448 447//447
f 419//419 446//446 447//447
f 419//419 447//447 420//420
f 446//446 324//324 448//448
f 450//450 451//451 452//452
f 453//453 449//449 450//450
f 450//450 452//452 454//454
f 905//905 863//863 453//453
f 450//450 454//454 455//455
f 455//455 905//905 453//453
f 450//450 455//455 453//453
f 458//458 459//459 499//499
f 460//460 461//461 465//465
f 460//460 465//465 462//462
f 325//325 443//443 442//442
f 325//325 442//442 326//326
f 423//423 460//460 462//462
f 423//423 462//462 466//466
f 456//456 422//422 421//421
f 423//423 466//466 421//421
f 472//472 467//467 457//457
f 472//472 457//457 456//456
f 456//456 457//457 422//422
f 463//463 464//464 468//468
f 463//463 468//468 469//469
f 470//470 471//471 441//441
f 469//469 468//468 471//471
f 440//440 441//441 467//467
f 440//440 467//467 472//472
f 470//470 441//441 440//440
f 469//469 471//471 470//470
f 475//475 477//477 476//476
f 479//479 475//475 476//476
f 479//479 476//476 478//478
f 476//476 477//477 480//480
f 480//480 477//477 464//464
f 480//480 464//464 463//463
f 481//481 483//483 484//484
f 481//481 484//484 482//482
f 461//461 481//481 482//482
f 461//461 482//482 465//465
f 483//483 485//485 486//486
f 483//483 486//486 484//484
f 340//340 339//339 487//487
f 340//340 487//487 488//488
f 485//485 479//479 478//478
f 485//485 478//478 486//486
f 495//495 497//497 498//498
f 495//495 498//498 496//496
f 499//499 495//495 496//496
f 499//499 496//496 500//500
f 458//458 499//499 500//500
f 344//344 343//343 459//459
f 344//344 459//459 458//458
f 491//491 492//492 501//501
f 491//491 501//501 502//502
f 503//503 504//504 342//342
f 503//503 342//342 341//341
f 502//502 501//501 504//504
f 502//502 504//504 503//503
f 505//505 506//506 507//507
f 508//508 509//509 510//510
f 511//511 508//508 510//510
f 511//511 510//510 512//512
f 510//510 509//509 513//513
f 513//513 509//509 492//492
f 513//513 492//492 491//491
f 497//497 489//489 490//490
f 497//497 490//490 498//498
f 493//493 514//514 494//494
f 489//489 493//493 494//494
f 489//489 494//494 490//490
f 514//514 515//515 494//494
f 514//514 516//516 517//517
f 514//514 517//517 515//515
f 833//833 518//518 798//798
f 833//833 798//798 519//519
f 516//516 511//511 512//512
f 516//516 512//512 517//517
f 520//520 521//521 522//522
f 520//520 522//522 523//523
f 524//524 525//525 526//526
f 524//524 526//526 527//527
f 528//528 529//529 530//530
f 528//528 530//530 531//531
f 534//534 532//532 533//533
f 532//532 520//520 523//523
f 532//532 523//523 533//533
f 534//534 533//533 535//535
f 488//488 487//487 534//534
f 488//488 534//534 535//535
f 531//531 530//530 536//536
f 531//531 536//536 537//537
f 537//537 536//536 538//538
f 538//538 536//536 539//539
f 507//507 506//506 338//338
f 505//505 539//539 506//506
f 538//538 539//539 505//505
f 540//540 541//541 542//542
f 540//540 542//542 543//543
f 332//332 545//545 333//333
f 332//332 544//544 545//545
f 545//545 544//544 529//529
f 545//545 529//529 528//528
f 521//521 546//546 547//547
f 521//521 547//547 522//522
f 546//546 548//548 547//547
f 856//856 769//769 908//908
f 856//856 908//908 549//549
f 546//546 331//331 548//548
f 550//550 551//551 525//525
f 550//550 525//525 524//524
f 556//556 557//557 558//558
f 556//556 558//558 559//559
f 557//557 560//560 561//561
f 557//557 561//561 558//558
f 562//562 556//556 559//559
f 562//562 559//559 563//563
f 527//527 526//526 562//562
f 527//527 562//562 563//563
f 554//554 555//555 564//564
f 554//554 564//564 565//565
f 543//543 542//542 551//551
f 543//543 551//551 550//550
f 565//565 564//564 541//541
f 565//565 541//541 540//540
f 566//566 567//567 568//568
f 569//569 570//570 571//571
f 328//328 569//569 571//571
f 328//328 571//571 329//329
f 571//571 570//570 572//572
f 572//572 570//570 555//555
f 572//572 555//555 554//554
f 573//573 327//327 330//330
f 573//573 330//330 574//574
f 560//560 573//573 574//574
f 560//560 574//574 561//561
f 568//568 575//575 553//553
f 568//568 553//553 552//552
f 576//576 577//577 578//578
f 579//579 580//580 581//581
f 599//599 582//582 583//583
f 588//588 586//586 587//587
f 588//588 587//587 581//581
f 580//580 588//588 581//581
f 589//589 818//818 874//874
f 589//589 874//874 811//811
f 552//552 553//553 580//580
f 552//552 580//580 579//579
f 583//583 582//582 590//590
f 583//583 590//590 591//591
f 591//591 590//590 592//592
f 592//592 590//590 593//593
f 568//568 567//567 575//575
f 566//566 593//593 567//567
f 592//592 593//593 566//566
f 594//594 595//595 596//596
f 597//597 598//598 599//599
f 597//597 599//599 600//600
f 601//601 597//597 600//600
f 601//601 600//600 602//602
f 599//599 598//598 582//582
f 584//584 603//603 604//604
f 584//584 604//604 585//585
f 586//586 584//584 585//585
f 586//586 585//585 587//587
f 603//603 320//320 323//323
f 603//603 323//323 604//604
f 895//895 834//834 607//607
f 895//895 607//607 608//608
f 610//610 895//895 608//608
f 608//608 609//609 611//611
f 608//608 611//611 610//610
f 612//612 613//613 614//614
f 612//612 614//614 615//615
f 605//605 606//606 627//627
f 605//605 627//627 618//618
f 619//619 620//620 621//621
f 619//619 621//621 622//622
f 623//623 624//624 625//625
f 321//321 601//601 602//602
f 321//321 602//602 322//322
f 576//576 578//578 626//626
f 627//627 576//576 626//626
f 618//618 627//627 626//626
f 632//632 596//596 606//606
f 632//632 606//606 605//605
f 622//622 621//621 628//628
f 622//622 628//628 629//629
f 629//629 628//628 630//630
f 629//629 630//630 631//631
f 594//594 596//596 632//632
f 631//631 630//630 595//595
f 631//631 595//595 594//594
f 636//636 639//639 640//640
f 624//624 641//641 642//642
f 640//640 639//639 620//620
f 640//640 620//620 619//619
f 577//577 623//623 643//643
f 577//577 643//643 578//578
f 623//623 625//625 643//643
f 641//641 638//638 642//642
f 636//636 640//640 635//635
f 641//641 637//637 638//638
f 644//644 645//645 646//646
f 624//624 642//642 625//625
f 647//647 644//644 646//646
f 647//647 646//646 649//649
f 648//648 649//649 650//650
f 648//648 647//647 649//649
f 615//615 614//614 648//648
f 615//615 648//648 650//650
f 654//654 651//651 613//613
f 654//654 613//613 612//612
f 430//430 429//429 652//652
f 430//430 652//652 653//653
f 653//653 652//652 617//617
f 653//653 617//617 616//616
f 345//345 346//346 651//651
f 345//345 651//651 654//654
f 616//616 617//617 346//346
f 616//616 346//346 345//345
f 637//637 636//636 635//635
f 637//637 635//635 638//638
f 664//664 655//655 656//656
f 664//664 656//656 657//657
f 655//655 658//658 659//659
f 655//655 659//659 656//656
f 658//658 660//660 661//661
f 658//658 661//661 659//659
f 661//661 660//660 429//429
f 645//645 662//662 663//663
f 664//664 657//657 665//665
f 662//662 665//665 663//663
f 645//645 663//663 646//646
f 662//662 664//664 665//665
f 666//666 667//667 381//381
f 666//666 668//668 667//667
f 669//669 668//668 666//666
f 669//669 670//670 668//668
f 671//671 670//670 669//669
f 671//671 672//672 670//670
f 673//673 672//672 671//671
f 673//673 674//674 672//672
f 675//675 674//674 673//673
f 675//675 676//676 674//674
f 677//677 676//676 675//675
f 677//677 678//678 676//676
f 679//679 678//678 677//677
f 679//679 680//680 678//678
f 383//383 680//680 679//679
f 384//384 681//681 680//680
f 384//384 680//680 383//383
f 385//385 682//682 681//681
f 385//385 681//681 384//384
f 387//387 683//683 682//682
f 387//387 682//682 385//385
f 389//389 683//683 387//387
f 389//389 684//684 683//683
f 388//388 684//684 389//389
f 388//388 685//685 684//684
f 386//386 685//685 388//388
f 386//386 686//686 685//685
f 382//382 686//686 386//386
f 382//382 687//687 686//686
f 381//381 687//687 382//382
f 381//381 667//667 687//687
f 689//689 690//690 691//691
f 685//685 692//692 689//689
f 694//694 670//670 693//693
f 688//688 678//678 680//680
f 683//683 691//691 695//695
f 308//308 687//687 667//667
f 676//676 696//696 674//674
f 688//688 681//681 682//682
f 308//308 692//692 685//685
f 308//308 685//685 686//686
f 672//672 693//693 670//670
f 684//684 691//691 683//683
f 667//667 668//668 694//694
f 667//667 694//694 308//308
f 676//676 697//697 696//696
f 688//688 682//682 698//698
f 672//672 699//699 693//693
f 684//684 689//689 691//691
f 700//700 697//697 676//676
f 700//700 676//676 678//678
f 682//682 683//683 695//695
f 682//682 695//695 698//698
f 308//308 686//686 687//687
f 674//674 699//699 672//672
f 680//680 681//681 688//688
f 685//685 689//689 684//684
f 670//670 694//694 668//668
f 700//700 678//678 688//688
f 674//674 696//696 699//699
f 451//451 450//450 701//701
f 361//361 704//704 705//705
f 708//708 709//709 451//451
f 451//451 701//701 702//702
f 702//702 690//690 703//703
f 703//703 361//361 705//705
f 705//705 706//706 707//707
f 707//707 708//708 451//451
f 451//451 702//702 703//703
f 703//703 705//705 707//707
f 451//451 703//703 707//707
f 708//708 697//697 700//700
f 708//708 700//700 709//709
f 689//689 703//703 690//690
f 692//692 703//703 689//689
f 703//703 692//692 308//308
f 361//361 703//703 308//308
f 693//693 705//705 704//704
f 693//693 704//704 694//694
f 693//693 706//706 705//705
f 699//699 706//706 693//693
f 450//450 698//698 695//695
f 695//695 701//701 450//450
f 699//699 707//707 706//706
f 695//695 702//702 701//701
f 696//696 707//707 699//699
f 691//691 702//702 695//695
f 696//696 708//708 707//707
f 691//691 690//690 702//702
f 697//697 708//708 696//696
f 710//710 711//711 712//712
f 712//712 711//711 713//713
f 712//712 713//713 714//714
f 714//714 713//713 715//715
f 714//714 715//715 716//716
f 715//715 717//717 716//716
f 717//717 718//718 716//716
f 717//717 719//719 718//718
f 719//719 720//720 718//718
f 719//719 721//721 720//720
f 721//721 722//722 720//720
f 722//722 721//721 723//723
f 722//722 723//723 724//724
f 724//724 723//723 725//725
f 725//725 723//723 726//726
f 725//725 726//726 727//727
f 725//725 727//727 728//728
f 728//728 727//727 729//729
f 728//728 729//729 730//730
f 729//729 731//731 730//730
f 731//731 732//732 730//730
f 731//731 733//733 732//732
f 733//733 734//734 732//732
f 733//733 735//735 734//734
f 735//735 736//736 734//734
f 736//736 735//735 737//737
f 736//736 737//737 738//738
f 727//727 726//726 739//739
f 738//738 737//737 710//710
f 710//710 737//737 711//711
f 740//740 741//741 742//742
f 735//735 740//740 743//743
f 745//745 715//715 744//744
f 731//731 746//746 741//741
f 744//744 711//711 748//748
f 711//711 737//737 748//748
f 721//721 719//719 747//747
f 735//735 743//743 748//748
f 717//717 715//715 745//745
f 733//733 731//731 741//741
f 744//744 713//713 711//711
f 721//721 747//747 749//749
f 750//750 729//729 727//727
f 750//750 727//727 739//739
f 737//737 735//735 748//748
f 717//717 745//745 751//751
f 726//726 723//723 739//739
f 733//733 741//741 740//740
f 721//721 749//749 752//752
f 746//746 729//729 750//750
f 719//719 717//717 751//751
f 735//735 733//733 740//740
f 744//744 715//715 713//713
f 723//723 721//721 752//752
f 723//723 752//752 739//739
f 731//731 729//729 746//746
f 719//719 751//751 747//747
f 756//756 368//368 367//367
f 367//367 757//757 758//758
f 760//760 761//761 608//608
f 753//753 754//754 755//755
f 755//755 756//756 367//367
f 367//367 758//758 742//742
f 742//742 759//759 760//760
f 760//760 608//608 753//753
f 753//753 755//755 367//367
f 367//367 742//742 760//760
f 753//753 367//367 760//760
f 608//608 752//752 749//749
f 749//749 753//753 608//608
f 740//740 742//742 758//758
f 743//743 740//740 758//758
f 748//748 743//743 758//758
f 748//748 758//758 757//757
f 756//756 745//745 744//744
f 368//368 756//756 744//744
f 745//745 756//756 755//755
f 751//751 745//745 755//755
f 760//760 746//746 750//750
f 760//760 750//750 761//761
f 751//751 755//755 754//754
f 746//746 760//760 759//759
f 747//747 751//751 754//754
f 741//741 746//746 759//759
f 747//747 754//754 753//753
f 741//741 759//759 742//742
f 749//749 747//747 753//753
f 762//762 624//624 623//623
f 515//515 517//517 351//351
f 489//489 497//497 872//872
f 489//489 872//872 774//774
f 471//471 764//764 765//765
f 765//765 441//441 471//471
f 473//473 343//343 342//342
f 342//342 767//767 473//473
f 542//542 541//541 768//768
f 769//769 770//770 544//544
f 771//771 565//565 540//540
f 540//540 772//772 771//771
f 553//553 575//575 874//874
f 553//553 874//874 818//818
f 774//774 775//775 493//493
f 629//629 631//631 776//776
f 493//493 489//489 774//774
f 439//439 334//334 777//777
f 778//778 372//372 654//654
f 778//778 654//654 612//612
f 318//318 432//432 316//316
f 318//318 316//316 314//314
f 604//604 323//323 779//779
f 560//560 557//557 780//780
f 560//560 780//780 781//781
f 430//430 653//653 799//799
f 430//430 799//799 782//782
f 421//421 466//466 360//360
f 558//558 561//561 789//789
f 558//558 789//789 783//783
f 351//351 785//785 494//494
f 351//351 494//494 515//515
f 662//662 645//645 763//763
f 662//662 763//763 786//786
f 547//547 548//548 787//787
f 561//561 574//574 789//789
f 585//585 604//604 790//790
f 791//791 792//792 476//476
f 476//476 480//480 791//791
f 513//513 491//491 793//793
f 449//449 324//324 446//446
f 793//793 794//794 513//513
f 769//769 544//544 332//332
f 455//455 454//454 423//423
f 455//455 423//423 422//422
f 795//795 796//796 555//555
f 795//795 555//555 570//570
f 589//589 811//811 328//328
f 589//589 328//328 327//327
f 797//797 630//630 628//628
f 514//514 493//493 775//775
f 775//775 798//798 514//514
f 334//334 337//337 314//314
f 334//334 314//314 777//777
f 440//440 472//472 800//800
f 490//490 494//494 785//785
f 490//490 785//785 801//801
f 664//664 662//662 786//786
f 664//664 786//786 802//802
f 804//804 805//805 426//426
f 804//804 426//426 425//425
f 806//806 581//581 587//587
f 503//503 808//808 809//809
f 325//325 324//324 453//453
f 454//454 452//452 423//423
f 543//543 550//550 355//355
f 543//543 355//355 772//772
f 483//483 481//481 810//810
f 811//811 795//795 570//570
f 811//811 570//570 569//569
f 810//810 812//812 483//483
f 762//762 813//813 624//624
f 889//889 634//634 636//636
f 889//889 636//636 637//637
f 436//436 439//439 777//777
f 436//436 777//777 814//814
f 815//815 635//635 640//640
f 640//640 816//816 815//815
f 817//817 442//442 445//445
f 818//818 819//819 580//580
f 522//522 547//547 787//787
f 522//522 787//787 803//803
f 434//434 426//426 805//805
f 434//434 805//805 788//788
f 764//764 471//471 468//468
f 480//480 463//463 821//821
f 821//821 791//791 480//480
f 907//907 822//822 531//531
f 907//907 531//531 537//537
f 569//569 328//328 811//811
f 360//360 363//363 421//421
f 566//566 568//568 356//356
f 823//823 773//773 582//582
f 823//823 582//582 598//598
f 356//356 824//824 566//566
f 613//613 651//651 633//633
f 613//613 633//633 820//820
f 628//628 621//621 835//835
f 628//628 835//835 797//797
f 638//638 635//635 815//815
f 638//638 815//815 825//825
f 432//432 428//428 312//312
f 432//432 312//312 316//316
f 362//362 448//448 326//326
f 879//879 607//607 320//320
f 470//470 440//440 800//800
f 470//470 800//800 826//826
f 623//623 577//577 609//609
f 623//623 609//609 762//762
f 827//827 352//352 524//524
f 827//827 524//524 527//527
f 845//845 829//829 599//599
f 369//369 779//779 323//323
f 468//468 464//464 830//830
f 468//468 830//830 764//764
f 504//504 832//832 767//767
f 767//767 342//342 504//504
f 833//833 338//338 506//506
f 510//510 513//513 794//794
f 517//517 512//512 840//840
f 517//517 840//840 351//351
f 822//822 528//528 531//531
f 834//834 823//823 598//598
f 834//834 598//598 597//597
f 621//621 620//620 835//835
f 605//605 618//618 371//371
f 437//437 434//434 788//788
f 649//649 646//646 837//837
f 649//649 837//837 859//859
f 326//326 442//442 817//817
f 326//326 817//817 362//362
f 781//781 589//589 573//573
f 573//573 560//560 781//781
f 862//862 360//360 466//466
f 336//336 335//335 807//807
f 336//336 807//807 828//828
f 588//588 580//580 819//819
f 552//552 579//579 357//357
f 429//429 660//660 836//836
f 310//310 311//311 447//447
f 310//310 447//447 448//448
f 831//831 839//839 419//419
f 831//831 419//419 427//427
f 512//512 510//510 840//840
f 506//506 539//539 841//841
f 506//506 841//841 833//833
f 350//350 884//884 507//507
f 350//350 507//507 340//340
f 908//908 769//769 332//332
f 908//908 332//332 331//331
f 528//528 822//822 842//842
f 460//460 423//423 452//452
f 842//842 545//545 528//528
f 485//485 483//483 812//812
f 597//597 601//601 834//834
f 322//322 602//602 364//364
f 322//322 364//364 369//369
f 844//844 845//845 583//583
f 844//844 583//583 591//591
f 370//370 371//371 618//618
f 618//618 626//626 370//370
f 846//846 619//619 622//622
f 435//435 436//436 814//814
f 435//435 814//814 847//847
f 843//843 848//848 520//520
f 843//843 520//520 532//532
f 849//849 837//837 646//646
f 850//850 851//851 584//584
f 850//850 584//584 586//586
f 358//358 574//574 330//330
f 496//496 498//498 853//853
f 496//496 853//853 852//852
f 820//820 854//854 614//614
f 820//820 614//614 613//613
f 353//353 787//787 548//548
f 319//319 336//336 828//828
f 458//458 500//500 784//784
f 779//779 790//790 604//604
f 855//855 836//836 660//660
f 660//660 658//658 855//855
f 475//475 479//479 474//474
f 324//324 449//449 453//453
f 856//856 551//551 542//542
f 592//592 566//566 824//824
f 607//607 834//834 601//601
f 607//607 601//601 321//321
f 365//365 594//594 632//632
f 798//798 516//516 514//514
f 646//646 663//663 849//849
f 323//323 322//322 369//369
f 650//650 649//649 859//859
f 589//589 327//327 573//573
f 832//832 504//504 501//501
f 459//459 343//343 473//473
f 459//459 473//473 860//860
f 864//864 776//776 631//631
f 794//794 840//840 510//510
f 768//768 856//856 542//542
f 771//771 866//866 554//554
f 771//771 554//554 565//565
f 591//591 592//592 824//824
f 591//591 824//824 844//844
f 620//620 639//639 867//867
f 620//620 867//867 835//835
f 838//838 643//643 625//625
f 617//617 652//652 858//858
f 466//466 462//462 862//862
f 858//858 868//868 617//617
f 337//337 318//318 314//314
f 848//848 521//521 520//520
f 847//847 869//869 433//433
f 847//847 433//433 435//435
f 653//653 616//616 799//799
f 770//770 870//870 529//529
f 469//469 470//470 826//826
f 469//469 826//826 871//871
f 586//586 588//588 819//819
f 586//586 819//819 850//850
f 863//863 444//444 443//443
f 872//872 497//497 495//495
f 486//486 478//478 792//792
f 486//486 792//792 873//873
f 478//478 476//476 792//792
f 541//541 564//564 768//768
f 874//874 575//575 567//567
f 445//445 424//424 875//875
f 836//836 858//858 652//652
f 836//836 652//652 429//429
f 519//519 487//487 339//339
f 639//639 636//636 867//867
f 521//521 848//848 876//876
f 345//345 654//654 372//372
f 345//345 372//372 877//877
f 876//876 546//546 521//521
f 661//661 782//782 878//878
f 869//869 424//424 433//433
f 878//878 659//659 661//661
f 611//611 609//609 576//576
f 501//501 492//492 892//892
f 501//501 892//892 832//832
f 851//851 879//879 584//584
f 648//648 614//614 854//854
f 854//854 880//880 648//648
f 803//803 881//881 533//533
f 803//803 533//533 523//523
f 882//882 830//830 464//464
f 882//882 464//464 477//477
f 587//587 585//585 790//790
f 587//587 790//790 806//806
f 812//812 474//474 479//479
f 812//812 479//479 485//485
f 359//359 341//341 344//344
f 339//339 338//338 833//833
f 339//339 833//833 519//519
f 505//505 507//507 884//884
f 505//505 884//884 885//885
f 886//886 874//874 567//567
f 887//887 329//329 571//571
f 567//567 593//593 886//886
f 606//606 596//596 895//895
f 606//606 895//895 610//610
f 641//641 624//624 813//813
f 626//626 366//366 370//370
f 487//487 519//519 888//888
f 813//813 889//889 641//641
f 888//888 534//534 487//487
f 859//859 890//890 650//650
f 663//663 665//665 897//897
f 663//663 897//897 849//849
f 627//627 606//606 610//610
f 526//526 525//525 549//549
f 340//340 488//488 350//350
f 880//880 647//647 648//648
f 807//807 335//335 438//438
f 438//438 891//891 807//807
f 474//474 882//882 477//477
f 474//474 477//477 475//475
f 784//784 359//359 344//344
f 784//784 344//344 458//458
f 446//446 419//419 839//839
f 548//548 333//333 354//354
f 548//548 354//354 353//353
f 539//539 536//536 883//883
f 539//539 883//883 841//841
f 866//866 572//572 554//554
f 593//593 590//590 893//893
f 330//330 329//329 887//887
f 330//330 887//887 358//358
f 893//893 886//886 593//593
f 455//455 422//422 457//457
f 499//499 860//860 894//894
f 895//895 596//596 595//595
f 894//894 495//495 499//499
f 595//595 896//896 895//895
f 657//657 656//656 857//857
f 657//657 857//857 897//897
f 365//365 864//864 594//594
f 846//846 816//816 640//640
f 846//846 640//640 619//619
f 311//311 420//420 447//447
f 523//523 522//522 803//803
f 465//465 482//482 861//861
f 627//627 610//610 611//611
f 611//611 576//576 627//627
f 898//898 350//350 488//488
f 898//898 488//488 535//535
f 499//499 459//459 860//860
f 431//431 319//319 828//828
f 431//431 828//828 899//899
f 658//658 655//655 900//900
f 658//658 900//900 855//855
f 536//536 530//530 870//870
f 536//536 870//870 883//883
f 491//491 502//502 809//809
f 491//491 809//809 793//793
f 901//901 768//768 564//564
f 352//352 355//355 550//550
f 352//352 550//550 524//524
f 572//572 866//866 902//902
f 902//902 571//571 572//572
f 357//357 356//356 568//568
f 357//357 568//568 552//552
f 903//903 838//838 625//625
f 903//903 625//625 642//642
f 665//665 657//657 897//897
f 890//890 778//778 612//612
f 890//890 612//612 615//615
f 562//562 526//526 549//549
f 562//562 549//549 904//904
f 363//363 800//800 472//472
f 363//363 472//472 456//456
f 428//428 420//420 311//311
f 428//428 311//311 312//312
f 603//603 584//584 879//879
f 861//861 862//862 462//462
f 861//861 462//462 465//465
f 881//881 898//898 535//535
f 881//881 535//535 533//533
f 438//438 437//437 891//891
f 563//563 766//766 827//827
f 906//906 579//579 581//581
f 581//581 806//806 906//906
f 457//457 467//467 905//905
f 457//457 905//905 455//455
f 441//441 765//765 905//905
f 839//839 449//449 446//446
f 341//341 359//359 808//808
f 530//530 529//529 870//870
f 538//538 505//505 885//885
f 538//538 885//885 907//907
f 842//842 354//354 333//333
f 842//842 333//333 545//545
f 461//461 460//460 452//452
f 461//461 452//452 865//865
f 600//600 599//599 829//829
f 864//864 631//631 594//594
f 634//634 867//867 636//636
f 546//546 876//876 908//908
f 562//562 904//904 909//909
f 776//776 846//846 622//622
f 776//776 622//622 629//629
f 448//448 362//362 310//310
f 909//909 556//556 562//562
f 863//863 804//804 425//425
f 863//863 425//425 444//444
f 766//766 563//563 559//559
f 871//871 821//821 463//463
f 871//871 463//463 469//469
f 431//431 899//899 831//831
f 831//831 427//427 431//431
f 910//910 892//892 492//492
f 910//910 492//492 509//509
f 502//502 503//503 809//809
f 798//798 518//518 511//511
f 798//798 511//511 516//516
f 537//537 538//538 907//907
f 865//865 810//810 481//481
f 564//564 555//555 796//796
f 564//564 796//796 901//901
f 772//772 540//540 543//543
f 481//481 461//461 865//865
f 495//495 894//894 872//872
f 366//366 626//626 578//578
f 637//637 641//641 889//889
f 534//534 888//888 843//843
f 869//869 875//875 424//424
f 825//825 903//903 642//642
f 825//825 642//642 638//638
f 911//911 861//861 482//482
f 320//320 603//603 879//879
f 482//482 484//484 911//911
f 909//909 780//780 557//557
f 909//909 557//557 556//556
f 609//609 577//577 576//576
f 763//763 645//645 644//644
f 827//827 527//527 563//563
f 453//453 863//863 443//443
f 453//453 443//443 325//325
f 783//783 766//766 559//559
f 783//783 559//559 558//558
f 518//518 910//910 509//509
f 518//518 509//509 508//508
f 500//500 496//496 852//852
f 852//852 784//784 500//500
f 571//571 902//902 887//887
f 630//630 797//797 896//896
f 896//896 595//595 630//630
f 371//371 365//365 632//632
f 371//371 632//632 605//605
f 346//346 617//617 868//868
f 890//890 615//615 650//650
f 331//331 546//546 908//908
f 661//661 430//430 782//782
f 875//875 817//817 445//445
f 456//456 421//421 363//363
f 845//845 599//599 583//583
f 655//655 664//664 802//802
f 655//655 802//802 900//900
f 880//880 763//763 644//644
f 880//880 644//644 647//647
f 788//788 891//891 437//437
f 321//321 320//320 607//607
f 579//579 906//906 357//357
f 905//905 467//467 441//441
f 801//801 853//853 498//498
f 801//801 498//498 490//490
f 508//508 511//511 518//518
f 529//529 544//544 770//770
f 525//525 551//551 856//856
f 525//525 856//856 549//549
f 590//590 582//582 773//773
f 590//590 773//773 893//893
f 600//600 829//829 364//364
f 364//364 602//602 600//600
f 868//868 633//633 651//651
f 868//868 651//651 346//346
f 532//532 534//534 843//843
f 616//616 345//345 877//877
f 857//857 656//656 659//659
f 659//659 878//878 857//857
f 877//877 799//799 616//616
f 578//578 643//643 838//838
f 578//578 838//838 366//366
f 818//818 580//580 553//553
f 358//358 789//789 574//574
f 484//484 486//486 873//873
f 873//873 911//911 484//484
f 808//808 503//503 341//341
f 914//914 913//913 926//926
f 915//915 925//925 912//912
f 915//915 912//912 916//916
f 914//914 926//926 917//917
f 915//915 916//916 918//918
f 919//919 914//914 917//917
f 915//915 918//918 920//920
f 921//921 919//919 917//917
f 915//915 920//920 922//922
f 923//923 921//921 917//917
f 917//917 915//915 922//922
f 924//924 923//923 917//917
f 917//917 922//922 924//924
f 925//925 927//927 928//928
f 925//925 928//928 926//926
f 926//926 913//913 929//929
f 930//930 912//912 925//925
f 926//926 929//929 931//931
f 932//932 930//930 925//925
f 925//925 926//926 931//931
f 931//931 932//932 925//925
f 939//939 857//857 878//878
f 939//939 878//878 782//782
f 935//935 938//938 939//939
f 935//935 939//939 782//782
f 935//935 782//782 799//799
f 934//934 935//935 799//799
f 933//933 934//934 799//799
f 897//897 857//857 939//939
f 897//897 939//939 940//940
f 941//941 897//897 940//940
f 943//943 942//942 941//941
f 943//943 941//941 940//940
f 944//944 943//943 940//940
f 944//944 940//940 945//945
f 946//946 944//944 945//945
f 946//946 945//945 937//937
f 947//947 946//946 937//937
f 947//947 937//937 936//936
f 947//947 936//936 948//948
f 949//949 947//947 948//948
f 949//949 948//948 950//950
f 951//951 949//949 950//950
f 849//849 941//941 954//954
f 837//837 849//849 954//954
f 859//859 837//837 954//954
f 859//859 954//954 955//955
f 859//859 955//955 953//953
f 877//877 372//372 815//815
f 877//877 815//815 816//816
f 799//799 877//877 816//816
f 799//799 816//816 846//846
f 933//933 799//799 846//846
f 933//933 846//846 776//776
f 815//815 372//372 778//778
f 825//825 815//815 778//778
f 825//825 778//778 890//890
f 903//903 825//825 890//890
f 838//838 903//903 890//890
f 367//367 366//366 838//838
f 757//757 367//367 838//838
f 757//757 838//838 890//890
f 757//757 890//890 859//859
f 748//748 757//757 859//859
f 748//748 859//859 953//953
f 748//748 953//953 952//952
f 964//964 963//963 962//962
f 956//956 748//748 952//952
f 964//964 962//962 961//961
f 957//957 956//956 952//952
f 957//957 952//952 965//965
f 957//957 965//965 966//966
f 958//958 957//957 966//966
f 958//958 966//966 951//951
f 967//967 964//964 961//961
f 960//960 958//958 951//951
f 960//960 951//951 950//950
f 814//814 777//777 971//971
f 971//971 969//969 970//970
f 814//814 971//971 970//970
f 847//847 814//814 970//970
f 869//869 847//847 970//970
f 875//875 869//869 970//970
f 875//875 970//970 972//972
f 875//875 972//972 968//968
f 800//800 817//817 875//875
f 826//826 800//800 875//875
f 826//826 875//875 968//968
f 871//871 826//826 968//968
f 821//821 871//871 968//968
f 359//359 792//792 791//791
f 808//808 359//359 791//791
f 808//808 791//791 821//821
f 809//809 808//808 821//821
f 809//809 821//821 968//968
f 793//793 809//809 968//968
f 960//960 950//950 973//973
f 968//968 967//967 961//961
f 968//968 961//961 959//959
f 793//793 968//968 959//959
f 794//794 793//793 959//959
f 959//959 960//960 973//973
f 884//884 840//840 794//794
f 885//885 884//884 794//794
f 959//959 973//973 974//974
f 907//907 885//885 794//794
f 907//907 794//794 959//959
f 822//822 907//907 959//959
f 842//842 822//822 959//959
f 355//355 354//354 842//842
f 772//772 355//355 842//842
f 959//959 974//974 933//933
f 959//959 933//933 776//776
f 771//771 772//772 842//842
f 959//959 776//776 864//864
f 365//365 364//364 829//829
f 864//864 365//365 829//829
f 864//864 829//829 845//845
f 771//771 842//842 959//959
f 959//959 864//864 845//845
f 866//866 771//771 959//959
f 902//902 866//866 959//959
f 959//959 845//845 844//844
f 887//887 902//902 959//959
f 959//959 844//844 824//824
f 887//887 959//959 824//824
f 887//887 824//824 356//356
f 849//849 897//897 941//941
f 927//927 975//975 928//928
f 998//998 977//977 976//976
f 981//981 982//982 983//983
f 980//980 981//981 983//983
f 980//980 983//983 984//984
f 985//985 980//980 984//984
f 985//985 984//984 991//991
f 988//988 986//986 987//987
f 989//989 988//988 987//987
f 989//989 987//987 990//990
f 991//991 989//989 990//990
f 991//991 990//990 1010//1010
f 995//995 1040//1040 786//786
f 995//995 786//786 763//763
f 995//995 763//763 880//880
f 994//994 995//995 880//880
f 993//993 994//994 880//880
f 982//982 981//981 996//996
f 997//997 982//982 996//996
f 997//997 996//996 998//998
f 820//820 633//633 634//634
f 820//820 634//634 889//889
f 854//854 820//820 889//889
f 854//854 889//889 813//813
f 854//854 813//813 762//762
f 762//762 609//609 608//608
f 762//762 608//608 761//761
f 854//854 762//762 761//761
f 880//880 854//854 761//761
f 880//880 761//761 750//750
f 993//993 880//880 750//750
f 992//992 993//993 750//750
f 739//739 999//999 1000//1000
f 750//750 739//739 1000//1000
f 1006//1006 1007//1007 1008//1008
f 992//992 750//750 1000//1000
f 1005//1005 1006//1006 1008//1008
f 992//992 1000//1000 1001//1001
f 1009//1009 992//992 1001//1001
f 1010//1010 1009//1009 1001//1001
f 991//991 1010//1010 1001//1001
f 991//991 1001//1001 1002//1002
f 985//985 991//991 1002//1002
f 1005//1005 1008//1008 1011//1011
f 985//985 1002//1002 1003//1003
f 1015//1015 807//807 891//891
f 1013//1013 1014//1014 1015//1015
f 1013//1013 1015//1015 891//891
f 1013//1013 891//891 788//788
f 788//788 805//805 1016//1016
f 788//788 1016//1016 1017//1017
f 788//788 1017//1017 1018//1018
f 1013//1013 788//788 1018//1018
f 1019//1019 1013//1013 1018//1018
f 1019//1019 1018//1018 1020//1020
f 1019//1019 1020//1020 1021//1021
f 1012//1012 1019//1019 1021//1021
f 1012//1012 1021//1021 1022//1022
f 1011//1011 1012//1012 1022//1022
f 1005//1005 1011//1011 1022//1022
f 1005//1005 1022//1022 1023//1023
f 1024//1024 985//985 1003//1003
f 1005//1005 1023//1023 1025//1025
f 1004//1004 1005//1005 1025//1025
f 1024//1024 1003//1003 1004//1004
f 1004//1004 1025//1025 1026//1026
f 1027//1027 1024//1024 1004//1004
f 1004//1004 1026//1026 1028//1028
f 1004//1004 1028//1028 1029//1029
f 1004//1004 1029//1029 1030//1030
f 1031//1031 1027//1027 1004//1004
f 1004//1004 1030//1030 1032//1032
f 1004//1004 1032//1032 1033//1033
f 979//979 1031//1031 1004//1004
f 1004//1004 1033//1033 1034//1034
f 1034//1034 1016//1016 805//805
f 979//979 1004//1004 1034//1034
f 1034//1034 805//805 804//804
f 978//978 979//979 1034//1034
f 1034//1034 804//804 863//863
f 976//976 978//978 1034//1034
f 997//997 998//998 976//976
f 1035//1035 997//997 976//976
f 1034//1034 863//863 905//905
f 1036//1036 987//987 986//986
f 1036//1036 986//986 1037//1037
f 1038//1038 1036//1036 1037//1037
f 1038//1038 1037//1037 1035//1035
f 802//802 786//786 1040//1040
f 1039//1039 1038//1038 1035//1035
f 1040//1040 1039//1039 1035//1035
f 802//802 1040//1040 1035//1035
f 900//900 802//802 1035//1035
f 1034//1034 905//905 765//765
f 900//900 1035//1035 976//976
f 1034//1034 765//765 764//764
f 855//855 900//900 976//976
f 1034//1034 764//764 830//830
f 836//836 855//855 976//976
f 976//976 1034//1034 830//830
f 882//882 474//474 473//473
f 882//882 473//473 767//767
f 830//830 882//882 767//767
f 830//830 767//767 832//832
f 858//858 836//836 976//976
f 634//634 633//633 868//868
f 867//867 634//634 868//868
f 867//867 868//868 858//858
f 835//835 867//867 858//858
f 976//976 830//830 832//832
f 976//976 832//832 892//892
f 835//835 858//858 976//976
f 797//797 835//835 976//976
f 910//910 518//518 833//833
f 910//910 833//833 841//841
f 892//892 910//910 841//841
f 892//892 841//841 883//883
f 834//834 895//895 896//896
f 823//823 834//834 896//896
f 823//823 896//896 797//797
f 773//773 823//823 797//797
f 773//773 797//797 976//976
f 893//893 773//773 976//976
f 976//976 892//892 883//883
f 976//976 883//883 870//870
f 769//769 856//856 768//768
f 770//770 769//769 768//768
f 870//870 770//770 768//768
f 870//870 768//768 901//901
f 811//811 874//874 886//886
f 795//795 811//811 886//886
f 795//795 886//886 893//893
f 796//796 795//795 893//893
f 796//796 893//893 976//976
f 976//976 870//870 901//901
f 901//901 796//796 976//976
f 1043//1043 1044//1044 1042//1042
f 1043//1043 1042//1042 1041//1041
f 1047//1047 1045//1045 1046//1046
f 1047//1047 1046//1046 1048//1048
f 1049//1049 1050//1050 1047//1047
f 1048//1048 1049//1049 1047//1047
f 1051//1051 1041//1041 1042//1042
f 1051//1051 1042//1042 1052//1052
f 1115//1115 1116//1116 1056//1056
f 1006//1006 1115//1115 1056//1056
f 1056//1056 1057//1057 1054//1054
f 1007//1007 1006//1006 1056//1056
f 1053//1053 1065//1065 1058//1058
f 1059//1059 1053//1053 1058//1058
f 1060//1060 1059//1059 1058//1058
f 1060//1060 1058//1058 1061//1061
f 1062//1062 1063//1063 828//828
f 828//828 807//807 1015//1015
f 1065//1065 1053//1053 1066//1066
f 1064//1064 1065//1065 1066//1066
f 1064//1064 1066//1066 1067//1067
f 1015//1015 1064//1064 1067//1067
f 828//828 1015//1015 1067//1067
f 828//828 1067//1067 1068//1068
f 1062//1062 828//828 1068//1068
f 1062//1062 1068//1068 1069//1069
f 1062//1062 1069//1069 1070//1070
f 1071//1071 1062//1062 1070//1070
f 1071//1071 1070//1070 1072//1072
f 1071//1071 1072//1072 1073//1073
f 1055//1055 1071//1071 1073//1073
f 1054//1054 1055//1055 1073//1073
f 1054//1054 1073//1073 1074//1074
f 1056//1056 1054//1054 1074//1074
f 1060//1060 1061//1061 1007//1007
f 1074//1074 1060//1060 1007//1007
f 1074//1074 1007//1007 1056//1056
f 1075//1075 392//392 391//391
f 395//395 396//396 1076//1076
f 1075//1075 391//391 376//376
f 375//375 395//395 1076//1076
f 1077//1077 1075//1075 376//376
f 375//375 1076//1076 1078//1078
f 1079//1079 1077//1077 376//376
f 375//375 1078//1078 1080//1080
f 1081//1081 1079//1079 376//376
f 375//375 1080//1080 1082//1082
f 1081//1081 376//376 375//375
f 375//375 1082//1082 1081//1081
f 1083//1083 1084//1084 1085//1085
f 1088//1088 1087//1087 912//912
f 1088//1088 912//912 930//930
f 930//930 1089//1089 1088//1088
f 932//932 1089//1089 930//930
f 932//932 1090//1090 1089//1089
f 931//931 1090//1090 932//932
f 931//931 1091//1091 1090//1090
f 929//929 1091//1091 931//931
f 929//929 1092//1092 1091//1091
f 913//913 1092//1092 929//929
f 913//913 1093//1093 1092//1092
f 914//914 1093//1093 913//913
f 914//914 1094//1094 1093//1093
f 919//919 1094//1094 914//914
f 919//919 1095//1095 1094//1094
f 921//921 1095//1095 919//919
f 921//921 1096//1096 1095//1095
f 923//923 1096//1096 921//921
f 923//923 1097//1097 1096//1096
f 924//924 1097//1097 923//923
f 924//924 1098//1098 1097//1097
f 922//922 1098//1098 924//924
f 922//922 1099//1099 1098//1098
f 920//920 1099//1099 922//922
f 1100//1100 1099//1099 920//920
f 1100//1100 920//920 918//918
f 1086//1086 1100//1100 918//918
f 1086//1086 918//918 916//916
f 1087//1087 1086//1086 916//916
f 1087//1087 916//916 912//912
f 1086//1086 1087//1087 1101//1101
f 1087//1087 1102//1102 1101//1101
f 1087//1087 1088//1088 1102//1102
f 1088//1088 1089//1089 1102//1102
f 1089//1089 1103//1103 1102//1102
f 1089//1089 1090//1090 1103//1103
f 1090//1090 1091//1091 1103//1103
f 1091//1091 1104//1104 1103//1103
f 1091//1091 1092//1092 1104//1104
f 1092//1092 1093//1093 1104//1104
f 1093//1093 1105//1105 1104//1104
f 1093//1093 1094//1094 1105//1105
f 1094//1094 1095//1095 1105//1105
f 1095//1095 1106//1106 1105//1105
f 1095//1095 1096//1096 1106//1106
f 1096//1096 1097//1097 1106//1106
f 1097//1097 1107//1107 1106//1106
f 1097//1097 1098//1098 1107//1107
f 1098//1098 1099//1099 1107//1107
f 1099//1099 1108//1108 1107//1107
f 1099//1099 1100//1100 1108//1108
f 1100//1100 1086//1086 1101//1101
f 1100//1100 1101//1101 1108//1108
f 1108//1108 1101//1101 1102//1102
f 1102//1102 1103//1103 1104//1104
f 1104//1104 1105//1105 1106//1106
f 1106//1106 1107//1107 1108//1108
f 1108//1108 1102//1102 1104//1104
f 1104//1104 1106//1106 1108//1108
f 915//915 917//917 1044//1044
f 915//915 1044//1044 1043//1043
f 1111//1111 1112//1112 1113//1113
f 1111//1111 1113//1113 1114//1114
f 1115//1115 1111//1111 1114//1114
f 1115//1115 1114//1114 1116//1116
f 1117//1117 1118//1118 1110//1110
f 1117//1117 1110//1110 1109//1109
f 379//379 378//378 1119//1119
f 1113//1113 1112//1112 1109//1109
f 1113//1113 1109//1109 1110//1110
f 379//379 1119//1119 1120//1120
f 1118//1118 1117//1117 1050//1050
f 1118//1118 1050//1050 1049//1049
f 375//375 377//377 1123//1123
f 1123//1123 377//377 1124//1124
f 1123//1123 1124//1124 1121//1121
f 1121//1121 1124//1124 1122//1122
f 1122//1122 1127//1127 1128//1128
f 1122//1122 1128//1128 1121//1121
f 1129//1129 1126//1126 1125//1125
f 1129//1129 1125//1125 1130//1130
f 1131//1131 1132//1132 1133//1133
f 1131//1131 1133//1133 1134//1134
f 1134//1134 1133//1133 374//374
f 1134//1134 374//374 373//373
f 305//305 1046//1046 1045//1045
f 305//305 1045//1045 962//962
f 306//306 305//305 962//962
f 1135//1135 306//306 962//962
f 962//962 963//963 1136//1136
f 1135//1135 962//962 1136//1136
f 1137//1137 1135//1135 1136//1136
f 1137//1137 1136//1136 1138//1138
f 1139//1139 1137//1137 1138//1138
f 1139//1139 1138//1138 1140//1140
f 1141//1141 1139//1139 1140//1140
f 1141//1141 1140//1140 1142//1142
f 314//314 1143//1143 1141//1141
f 777//777 314//314 1141//1141
f 1141//1141 1142//1142 971//971
f 971//971 777//777 1141//1141
f 1125//1125 1126//1126 1132//1132
f 1125//1125 1132//1132 1131//1131
f 416//416 1075//1075 418//418
f 418//418 1075//1075 1077//1077
f 418//418 1077//1077 417//417
f 417//417 1077//1077 1079//1079
f 1079//1079 415//415 417//417
f 1081//1081 415//415 1079//1079
f 1081//1081 412//412 415//415
f 1082//1082 412//412 1081//1081
f 1082//1082 411//411 412//412
f 1080//1080 411//411 1082//1082
f 1080//1080 1078//1078 408//408
f 1080//1080 408//408 411//411
f 1078//1078 1076//1076 408//408
f 1076//1076 406//406 408//408
f 1076//1076 396//396 406//406
f 396//396 402//402 406//406
f 396//396 397//397 402//402
f 397//397 407//407 402//402
f 397//397 399//399 407//407
f 399//399 409//409 407//407
f 399//399 398//398 409//409
f 398//398 410//410 409//409
f 398//398 393//393 410//410
f 393//393 413//413 410//410
f 413//413 393//393 392//392
f 413//413 392//392 414//414
f 414//414 392//392 416//416
f 416//416 392//392 1075//1075
f 1144//1144 1145//1145 1003//1003
f 1003//1003 1002//1002 1146//1146
f 1003//1003 1146//1146 1144//1144
f 1147//1147 349//349 1148//1148
f 1148//1148 725//725 728//728
f 710//710 712//712 1147//1147
f 1147//1147 1148//1148 728//728
f 738//738 710//710 1147//1147
f 1147//1147 728//728 730//730
f 736//736 738//738 1147//1147
f 1147//1147 730//730 732//732
f 734//734 736//736 1147//1147
f 732//732 734//734 1147//1147
f 1149//1149 1150//1150 1120//1120
f 1149//1149 1120//1120 1119//1119
f 1151//1151 1152//1152 302//302
f 1151//1151 302//302 301//301
f 1150//1150 1149//1149 1128//1128
f 1150//1150 1128//1128 1127//1127
f 1051//1051 1052//1052 1153//1153
f 1051//1051 1153//1153 1154//1154
f 301//301 302//302 1155//1155
f 301//301 1155//1155 1156//1156
f 1083//1083 1156//1156 1155//1155
f 1083//1083 1155//1155 1084//1084
f 1154//1154 1153//1153 348//348
f 1154//1154 348//348 347//347
f 1085//1085 1084//1084 975//975
f 1063//1063 1157//1157 1158//1158
f 899//899 828//828 1063//1063
f 899//899 1063//1063 1158//1158
f 831//831 899//899 1158//1158
f 839//839 831//831 1158//1158
f 450//450 449//449 839//839
f 698//698 450//450 839//839
f 698//698 839//839 1158//1158
f 698//698 1158//1158 1159//1159
f 1161//1161 1162//1162 688//688
f 1163//1163 1057//1057 1056//1056
f 1161//1161 688//688 698//698
f 1161//1161 698//698 1159//1159
f 1161//1161 1159//1159 1160//1160
f 1163//1163 1056//1056 1161//1161
f 1164//1164 1163//1163 1161//1161
f 1161//1161 1160//1160 1164//1164
f 347//347 349//349 1147//1147
f 1167//1167 1168//1168 1169//1169
f 1172//1172 1167//1167 1169//1169
f 1170//1170 1171//1171 1173//1173
f 1173//1173 1172//1172 1169//1169
f 1169//1169 1170//1170 1173//1173
f 1174//1174 1175//1175 1176//1176
f 1174//1174 1176//1176 1177//1177
f 1169//1169 1168//1168 1178//1178
f 1179//1179 1171//1171 1170//1170
f 1177//1177 1169//1169 1178//1178
f 1179//1179 1170//1170 1174//1174
f 1180//1180 1179//1179 1174//1174
f 1177//1177 1178//1178 1181//1181
f 1182//1182 1180//1180 1174//1174
f 1177//1177 1181//1181 1183//1183
f 1184//1184 1182//1182 1174//1174
f 1185//1185 1184//1184 1174//1174
f 1177//1177 1183//1183 1186//1186
f 1177//1177 1186//1186 1185//1185
f 1174//1174 1177//1177 1185//1185
f 1187//1187 1188//1188 1189//1189
f 1187//1187 1189//1189 1190//1190
f 1192//1192 1191//1191 1187//1187
f 1194//1194 1193//1193 1192//1192
f 1192//1192 1187//1187 1190//1190
f 1192//1192 1190//1190 1195//1195
f 1195//1195 1196//1196 1194//1194
f 1194//1194 1192//1192 1195//1195
f 1199//1199 1170//1170 1169//1169
f 1199//1199 1169//1169 1200//1200
f 1201//1201 1202//1202 1204//1204
f 1201//1201 1204//1204 1203//1203
f 1204//1204 1205//1205 1206//1206
f 1204//1204 1206//1206 1203//1203
f 1197//1197 1198//1198 1208//1208
f 1197//1197 1208//1208 1207//1207
f 1209//1209 1207//1207 1208//1208
f 1209//1209 1208//1208 1210//1210
f 1211//1211 1212//1212 1198//1198
f 1211//1211 1198//1198 1197//1197
f 1213//1213 1214//1214 1212//1212
f 1213//1213 1212//1212 1211//1211
f 1202//1202 1201//1201 1215//1215
f 1202//1202 1215//1215 1216//1216
f 1216//1216 1215//1215 1217//1217
f 1216//1216 1217//1217 1165//1165
f 1165//1165 1217//1217 1166//1166
f 1199//1199 1200//1200 1206//1206
f 1199//1199 1206//1206 1205//1205
f 1219//1219 1220//1220 1221//1221
f 1222//1222 1218//1218 1219//1219
f 1222//1222 1219//1219 1221//1221
f 1224//1224 1223//1223 1222//1222
f 1225//1225 1226//1226 1224//1224
f 1222//1222 1221//1221 1225//1225
f 1224//1224 1222//1222 1225//1225
f 1176//1176 1175//1175 1209//1209
f 1176//1176 1209//1209 1210//1210
f 1180//1180 1227//1227 1228//1228
f 1180//1180 1228//1228 1179//1179
f 1179//1179 1228//1228 1229//1229
f 1179//1179 1229//1229 1171//1171
f 1229//1229 1230//1230 1171//1171
f 1230//1230 1173//1173 1171//1171
f 1230//1230 1231//1231 1173//1173
f 1231//1231 1172//1172 1173//1173
f 1231//1231 1232//1232 1172//1172
f 1232//1232 1167//1167 1172//1172
f 1167//1167 1232//1232 1233//1233
f 1167//1167 1233//1233 1168//1168
f 1168//1168 1233//1233 1178//1178
f 1178//1178 1233//1233 1234//1234
f 1178//1178 1234//1234 1181//1181
f 1181//1181 1234//1234 1235//1235
f 1181//1181 1235//1235 1236//1236
f 1181//1181 1236//1236 1183//1183
f 1236//1236 1237//1237 1183//1183
f 1237//1237 1186//1186 1183//1183
f 1237//1237 1238//1238 1186//1186
f 1238//1238 1185//1185 1186//1186
f 1238//1238 1239//1239 1185//1185
f 1239//1239 1184//1184 1185//1185
f 1184//1184 1239//1239 1240//1240
f 1184//1184 1240//1240 1182//1182
f 1182//1182 1240//1240 1227//1227
f 1182//1182 1227//1227 1180//1180
f 1242//1242 1243//1243 1244//1244
f 1235//1235 1234//1234 1245//1245
f 1239//1239 1242//1242 1246//1246
f 1249//1249 1228//1228 1227//1227
f 1249//1249 1227//1227 1250//1250
f 1237//1237 1251//1251 1243//1243
f 1250//1250 1227//1227 1252//1252
f 1232//1232 1231//1231 1241//1241
f 1232//1232 1241//1241 1253//1253
f 1230//1230 1229//1229 1247//1247
f 1230//1230 1247//1247 1254//1254
f 1238//1238 1237//1237 1243//1243
f 1255//1255 1228//1228 1249//1249
f 1245//1245 1236//1236 1235//1235
f 1246//1246 1256//1256 1257//1257
f 1257//1257 1240//1240 1239//1239
f 1257//1257 1239//1239 1246//1246
f 1234//1234 1233//1233 1248//1248
f 1238//1238 1243//1243 1242//1242
f 1229//1229 1228//1228 1255//1255
f 1229//1229 1255//1255 1258//1258
f 1232//1232 1253//1253 1248//1248
f 1236//1236 1245//1245 1251//1251
f 1259//1259 1240//1240 1257//1257
f 1231//1231 1230//1230 1254//1254
f 1231//1231 1254//1254 1241//1241
f 1234//1234 1248//1248 1245//1245
f 1239//1239 1238//1238 1242//1242
f 1229//1229 1258//1258 1260//1260
f 1260//1260 1247//1247 1229//1229
f 1248//1248 1233//1233 1232//1232
f 1237//1237 1236//1236 1251//1251
f 1252//1252 1227//1227 1240//1240
f 1252//1252 1240//1240 1259//1259
f 1261//1261 1262//1262 1263//1263
f 1261//1261 1263//1263 1264//1264
f 1264//1264 1265//1265 1266//1266
f 1266//1266 1267//1267 1268//1268
f 1268//1268 1269//1269 1244//1244
f 1244//1244 1270//1270 1271//1271
f 1271//1271 1261//1261 1264//1264
f 1264//1264 1266//1266 1268//1268
f 1268//1268 1244//1244 1271//1271
f 1264//1264 1268//1268 1271//1271
f 1248//1248 1253//1253 1263//1263
f 1242//1242 1244//1244 1269//1269
f 1248//1248 1263//1263 1262//1262
f 1246//1246 1242//1242 1269//1269
f 1246//1246 1269//1269 1268//1268
f 1256//1256 1246//1246 1268//1268
f 1267//1267 1247//1247 1260//1260
f 1247//1247 1267//1267 1266//1266
f 1254//1254 1247//1247 1266//1266
f 1261//1261 1271//1271 1245//1245
f 1254//1254 1266//1266 1265//1265
f 1251//1251 1245//1245 1271//1271
f 1241//1241 1254//1254 1265//1265
f 1251//1251 1271//1271 1270//1270
f 1241//1241 1265//1265 1264//1264
f 1243//1243 1251//1251 1270//1270
f 1253//1253 1241//1241 1264//1264
f 1243//1243 1270//1270 1244//1244
f 1253//1253 1264//1264 1263//1263
f 1260//1260 1258//1258 1255//1255
f 1249//1249 1250//1250 1252//1252
f 1260//1260 1255//1255 1249//1249
f 1268//1268 1267//1267 1260//1260
f 1257//1257 1256//1256 1268//1268
f 1252//1252 1259//1259 1257//1257
f 1260//1260 1249//1249 1252//1252
f 1257//1257 1268//1268 1260//1260
f 1252//1252 1257//1257 1260//1260
f 1262//1262 1261//1261 1245//1245
f 1248//1248 1262//1262 1245//1245
f 1272//1272 1319//1319 1273//1273
f 1274//1274 1275//1275 1276//1276
f 1274//1274 1276//1276 1323//1323
f 1279//1279 1280//1280 1281//1281
f 1279//1279 1281//1281 1282//1282
f 1283//1283 1277//1277 1278//1278
f 1279//1279 1282//1282 1283//1283
f 1278//1278 1279//1279 1283//1283
f 1284//1284 1322//1322 1279//1279
f 1284//1284 1279//1279 1278//1278
f 1286//1286 1287//1287 1288//1288
f 1285//1285 1286//1286 1288//1288
f 1285//1285 1288//1288 1289//1289
f 1290//1290 1291//1291 1292//1292
f 1285//1285 1289//1289 1290//1290
f 1285//1285 1290//1290 1292//1292
f 1294//1294 1293//1293 1285//1285
f 1292//1292 1294//1294 1285//1285
f 1278//1278 1277//1277 1297//1297
f 1298//1298 1280//1280 1279//1279
f 1278//1278 1297//1297 1299//1299
f 1298//1298 1279//1279 1275//1275
f 1300//1300 1298//1298 1275//1275
f 1274//1274 1278//1278 1299//1299
f 1274//1274 1299//1299 1301//1301
f 1302//1302 1300//1300 1275//1275
f 1274//1274 1301//1301 1303//1303
f 1304//1304 1302//1302 1275//1275
f 1274//1274 1303//1303 1305//1305
f 1304//1304 1275//1275 1274//1274
f 1274//1274 1305//1305 1304//1304
f 1306//1306 1308//1308 1309//1309
f 1306//1306 1309//1309 1307//1307
f 1309//1309 1308//1308 1310//1310
f 1309//1309 1310//1310 1311//1311
f 1295//1295 1312//1312 1313//1313
f 1295//1295 1313//1313 1296//1296
f 1314//1314 1315//1315 1313//1313
f 1314//1314 1313//1313 1312//1312
f 1316//1316 1295//1295 1296//1296
f 1316//1316 1296//1296 1317//1317
f 1318//1318 1316//1316 1317//1317
f 1318//1318 1317//1317 1319//1319
f 1307//1307 1320//1320 1321//1321
f 1307//1307 1321//1321 1306//1306
f 1320//1320 1272//1272 1273//1273
f 1320//1320 1273//1273 1321//1321
f 1318//1318 1319//1319 1272//1272
f 1213//1213 1165//1165 1166//1166
f 1213//1213 1166//1166 1214//1214
f 1284//1284 1311//1311 1310//1310
f 1284//1284 1310//1310 1322//1322
f 1276//1276 1315//1315 1314//1314
f 1276//1276 1314//1314 1323//1323
f 1299//1299 1297//1297 1324//1324
f 1299//1299 1324//1324 1325//1325
f 1297//1297 1277//1277 1326//1326
f 1297//1297 1326//1326 1324//1324
f 1326//1326 1277//1277 1327//1327
f 1327//1327 1277//1277 1283//1283
f 1327//1327 1283//1283 1328//1328
f 1328//1328 1283//1283 1282//1282
f 1328//1328 1282//1282 1329//1329
f 1329//1329 1282//1282 1281//1281
f 1281//1281 1280//1280 1330//1330
f 1281//1281 1330//1330 1329//1329
f 1280//1280 1298//1298 1330//1330
f 1298//1298 1331//1331 1330//1330
f 1298//1298 1300//1300 1331//1331
f 1300//1300 1332//1332 1331//1331
f 1300//1300 1302//1302 1333//1333
f 1300//1300 1333//1333 1332//1332
f 1333//1333 1302//1302 1334//1334
f 1334//1334 1302//1302 1304//1304
f 1334//1334 1304//1304 1335//1335
f 1335//1335 1304//1304 1305//1305
f 1335//1335 1305//1305 1336//1336
f 1336//1336 1305//1305 1303//1303
f 1303//1303 1301//1301 1337//1337
f 1303//1303 1337//1337 1336//1336
f 1301//1301 1299//1299 1325//1325
f 1301//1301 1325//1325 1337//1337
f 1339//1339 1340//1340 1341//1341
f 1332//1332 1344//1344 1331//1331
f 1336//1336 1342//1342 1339//1339
f 1345//1345 1325//1325 1324//1324
f 1334//1334 1341//1341 1346//1346
f 1345//1345 1347//1347 1325//1325
f 1329//1329 1348//1348 1338//1338
f 1329//1329 1338//1338 1328//1328
f 1332//1332 1349//1349 1344//1344
f 1327//1327 1350//1350 1343//1343
f 1327//1327 1343//1343 1326//1326
f 1335//1335 1341//1341 1334//1334
f 1332//1332 1333//1333 1349//1349
f 1351//1351 1352//1352 1342//1342
f 1342//1342 1336//1336 1337//1337
f 1342//1342 1337//1337 1351//1351
f 1331//1331 1344//1344 1330//1330
f 1335//1335 1339//1339 1341//1341
f 1326//1326 1345//1345 1324//1324
f 1329//1329 1344//1344 1348//1348
f 1333//1333 1346//1346 1349//1349
f 1353//1353 1351//1351 1337//1337
f 1328//1328 1338//1338 1350//1350
f 1328//1328 1350//1350 1327//1327
f 1336//1336 1339//1339 1335//1335
f 1326//1326 1343//1343 1345//1345
f 1344//1344 1329//1329 1330//1330
f 1334//1334 1346//1346 1333//1333
f 1347//1347 1353//1353 1337//1337
f 1347//1347 1337//1337 1325//1325
f 1357//1357 1358//1358 1359//1359
f 1354//1354 1355//1355 1356//1356
f 1356//1356 1357//1357 1359//1359
f 1359//1359 1360//1360 1361//1361
f 1361//1361 1362//1362 1363//1363
f 1363//1363 1340//1340 1364//1364
f 1364//1364 1354//1354 1356//1356
f 1356//1356 1359//1359 1361//1361
f 1361//1361 1363//1363 1364//1364
f 1356//1356 1361//1361 1364//1364
f 1344//1344 1360//1360 1359//1359
f 1344//1344 1359//1359 1348//1348
f 1339//1339 1364//1364 1340//1340
f 1342//1342 1364//1364 1339//1339
f 1342//1342 1354//1354 1364//1364
f 1352//1352 1354//1354 1342//1342
f 1355//1355 1345//1345 1343//1343
f 1343//1343 1356//1356 1355//1355
f 1350//1350 1356//1356 1343//1343
f 1361//1361 1349//1349 1362//1362
f 1350//1350 1357//1357 1356//1356
f 1346//1346 1362//1362 1349//1349
f 1338//1338 1357//1357 1350//1350
f 1346//1346 1363//1363 1362//1362
f 1338//1338 1358//1358 1357//1357
f 1341//1341 1363//1363 1346//1346
f 1348//1348 1359//1359 1358//1358
f 1348//1348 1358//1358 1338//1338
f 1341//1341 1340//1340 1363//1363
f 1352//1352 1351//1351 1353//1353
f 1352//1352 1353//1353 1347//1347
f 1355//1355 1354//1354 1352//1352
f 1352//1352 1347//1347 1345//1345
f 1345//1345 1355//1355 1352//1352
f 1361//1361 1360//1360 1344//1344
f 1349//1349 1361//1361 1344//1344
f 1365//1365 1366//1366 1367//1367
f 1365//1365 1367//1367 1368//1368
f 1369//1369 1367//1367 1370//1370
f 1369//1369 1370//1370 1371//1371
f 1369//1369 1371//1371 1372//1372
f 1372//1372 1371//1371 1366//1366
f 1372//1372 1366//1366 1365//1365
f 1369//1369 1372//1372 1373//1373
f 1369//1369 1373//1373 1374//1374
f 1367//1367 1366//1366 1371//1371
f 1370//1370 1367//1367 1371//1371
f 1368//1368 1367//1367 1369//1369
f 1148//1148 378//378 383//383
f 724//724 725//725 1148//1148
f 1148//1148 383//383 679//679
f 724//724 1148//1148 679//679
f 724//724 679//679 677//677
f 722//722 724//724 677//677
f 722//722 677//677 675//675
f 720//720 722//722 675//675
f 720//720 675//675 673//673
f 718//718 720//720 673//673
f 718//718 673//673 671//671
f 716//716 718//718 671//671
f 716//716 671//671 669//669
f 716//716 669//669 666//666
f 714//714 716//716 666//666
f 666//666 381//381 380//380
f 666//666 380//380 712//712
f 712//712 714//714 666//666
f 307//307 308//308 694//694
f 748//748 956//956 307//307
f 744//744 748//748 307//307
f 704//704 361//361 862//862
f 704//704 862//862 861//861
f 704//704 861//861 911//911
f 704//704 911//911 873//873
f 873//873 792//792 359//359
f 873//873 359//359 784//784
f 704//704 873//873 784//784
f 694//694 704//704 784//784
f 369//369 368//368 744//744
f 779//779 369//369 744//744
f 744//744 307//307 694//694
f 694//694 784//784 852//852
f 790//790 779//779 744//744
f 694//694 852//852 853//853
f 694//694 853//853 801//801
f 806//806 790//790 744//744
f 744//744 694//694 801//801
f 744//744 801//801 785//785
f 358//358 357//357 906//906
f 789//789 358//358 906//906
f 789//789 906//906 806//806
f 789//789 806//806 744//744
f 783//783 789//789 744//744
f 785//785 351//351 350//350
f 785//785 350//350 898//898
f 766//766 783//783 744//744
f 785//785 898//898 881//881
f 744//744 785//785 881//881
f 744//744 881//881 803//803
f 766//766 744//744 803//803
f 827//827 766//766 803//803
f 827//827 803//803 787//787
f 352//352 827//827 787//787
f 787//787 353//353 352//352
f 904//904 549//549 908//908
f 904//904 908//908 876//876
f 909//909 904//904 876//876
f 909//909 876//876 848//848
f 1375//1375 780//780 909//909
f 848//848 843//843 1376//1376
f 1376//1376 1375//1375 909//909
f 848//848 1376//1376 909//909
f 452//452 451//451 709//709
f 865//865 452//452 709//709
f 810//810 865//865 709//709
f 812//812 810//810 709//709
f 473//473 474//474 812//812
f 860//860 473//473 812//812
f 860//860 812//812 709//709
f 860//860 709//709 700//700
f 894//894 860//860 700//700
f 872//872 894//894 700//700
f 774//774 872//872 700//700
f 999//999 739//739 752//752
f 700//700 688//688 1162//1162
f 752//752 608//608 607//607
f 752//752 607//607 879//879
f 774//774 700//700 1162//1162
f 888//888 519//519 798//798
f 888//888 798//798 775//775
f 843//843 888//888 775//775
f 843//843 775//775 774//774
f 752//752 879//879 851//851
f 999//999 752//752 851//851
f 1376//1376 843//843 774//774
f 999//999 851//851 850//850
f 999//999 850//850 819//819
f 1376//1376 774//774 1162//1162
f 819//819 818//818 589//589
f 819//819 589//589 781//781
f 999//999 819//819 781//781
f 781//781 780//780 1375//1375
f 1377//1377 1376//1376 1162//1162
f 999//999 781//781 1375//1375
f 1378//1378 1377//1377 1162//1162
f 999//999 1375//1375 1379//1379
f 1380//1380 1378//1378 1162//1162
f 999//999 1379//1379 1381//1381
f 1382//1382 1380//1380 1162//1162
f 1382//1382 1162//1162 999//999
f 999//999 1381//1381 1382//1382
f 1129//1129 1130//1130 1152//1152
f 1129//1129 1152//1152 1151//1151
f 975//975 927//927 1085//1085
f 1134//1134 373//373 1111//1111
f 1044//1044 917//917 1144//1144
f 1044//1044 1144//1144 1146//1146
f 1133//1133 1132//1132 1045//1045
f 1133//1133 1045//1045 1047//1047
f 1145//1145 926//926 928//928
f 1145//1145 1144//1144 917//917
f 1145//1145 917//917 926//926
f 400//400 403//403 1117//1117
f 400//400 1117//1117 1109//1109
f 927//927 1384//1384 960//960
f 1043//1043 1041//1041 958//958
f 1043//1043 958//958 1383//1383
f 1109//1109 1112//1112 401//401
f 1109//1109 401//401 400//400
f 377//377 376//376 1048//1048
f 391//391 390//390 1118//1118
f 391//391 1118//1118 1049//1049
f 1049//1049 1048//1048 376//376
f 1049//1049 376//376 391//391
f 1132//1132 1126//1126 1045//1045
f 1050//1050 1117//1117 405//405
f 1050//1050 405//405 404//404
f 1112//1112 1111//1111 373//373
f 1112//1112 373//373 401//401
f 404//404 374//374 1047//1047
f 404//404 1047//1047 1050//1050
f 1125//1125 1131//1131 1115//1115
f 395//395 375//375 1114//1114
f 395//395 1114//1114 1113//1113
f 375//375 1123//1123 1114//1114
f 927//927 925//925 1384//1384
f 925//925 915//915 1385//1385
f 925//925 1385//1385 1384//1384
f 1113//1113 1110//1110 394//394
f 1113//1113 394//394 395//395
f 1123//1123 1116//1116 1114//1114
f 1122//1122 1124//1124 1046//1046
f 1131//1131 1134//1134 1111//1111
f 1131//1131 1111//1111 1115//1115
f 1117//1117 403//403 405//405
f 1123//1123 1121//1121 1116//1116
f 374//374 1133//1133 1047//1047
f 1042//1042 1044//1044 1146//1146
f 1042//1042 1146//1146 1002//1002
f 1110//1110 1118//1118 390//390
f 1110//1110 390//390 394//394
f 1124//1124 377//377 1048//1048
f 1124//1124 1048//1048 1046//1046
f 1003//1003 1145//1145 928//928
f 1003//1003 928//928 975//975
f 915//915 1043//1043 1383//1383
f 915//915 1383//1383 1385//1385
f 1161//1161 1119//1119 378//378
f 1162//1162 1161//1161 378//378
f 379//379 1120//1120 307//307
f 1150//1150 1127//1127 305//305
f 956//956 347//347 1147//1147
f 1129//1129 1151//1151 962//962
f 1128//1128 1149//1149 1056//1056
f 349//349 348//348 1000//1000
f 1152//1152 1130//1130 1006//1006
f 961//961 301//301 1156//1156
f 1005//1005 1155//1155 302//302
f 957//957 1051//1051 1154//1154
f 1001//1001 1153//1153 1052//1052
f 959//959 1083//1083 1085//1085
f 1004//1004 975//975 1084//1084
f 1151//1151 301//301 961//961
f 1151//1151 961//961 962//962
f 1156//1156 1083//1083 959//959
f 1156//1156 959//959 961//961
f 1085//1085 927//927 960//960
f 1085//1085 960//960 959//959
f 1041//1041 1051//1051 957//957
f 1041//1041 957//957 958//958
f 1154//1154 347//347 956//956
f 1154//1154 956//956 957//957
f 380//380 379//379 307//307
f 1120//1120 1150//1150 305//305
f 1120//1120 305//305 307//307
f 1161//1161 1056//1056 1149//1149
f 1161//1161 1149//1149 1119//1119
f 1127//1127 1122//1122 1046//1046
f 1127//1127 1046//1046 305//305
f 1126//1126 1129//1129 962//962
f 1126//1126 962//962 1045//1045
f 1056//1056 1116//1116 1121//1121
f 1056//1056 1121//1121 1128//1128
f 1002//1002 1001//1001 1052//1052
f 1002//1002 1052//1052 1042//1042
f 1001//1001 1000//1000 348//348
f 1001//1001 348//348 1153//1153
f 1006//1006 1005//1005 302//302
f 1006//1006 302//302 1152//1152
f 1115//1115 1006//1006 1130//1130
f 1115//1115 1130//1130 1125//1125
f 1005//1005 1004//1004 1084//1084
f 1005//1005 1084//1084 1155//1155
f 1004//1004 1003//1003 975//975
f 999//999 1162//1162 378//378
f 999//999 378//378 1148//1148
f 1000//1000 999//999 1148//1148
f 1000//1000 1148//1148 349//349
f 1147//1147 712//712 956//956
f 712//712 380//380 307//307
f 712//712 307//307 956//956
f 960//960 1384//1384 1385//1385
f 1383//1383 958//958 960//960
f 960//960 1385//1385 1383//1383
f 1409//1409 1025//1025 1023//1023
f 1387//1387 1021//1021 1020//1020
f 1022//1022 1389//1389 1437//1437
f 1026//1026 1391//1391 1392//1392
f 1018//1018 1393//1393 1394//1394
f 1034//1034 1390//1390 1395//1395
f 1395//1395 1016//1016 1034//1034
f 1029//1029 1386//1386 1396//1396
f 1029//1029 1396//1396 1030//1030
f 1021//1021 1387//1387 1397//1397
f 1032//1032 1388//1388 1033//1033
f 1437//1437 1023//1023 1022//1022
f 1392//1392 1398//1398 1026//1026
f 1394//1394 1399//1399 1018//1018
f 1033//1033 1388//1388 1400//1400
f 1437//1437 1401//1401 1023//1023
f 1395//1395 1402//1402 1016//1016
f 1398//1398 1028//1028 1026//1026
f 1399//1399 1020//1020 1018//1018
f 1021//1021 1397//1397 1403//1403
f 1016//1016 1402//1402 1017//1017
f 1396//1396 1404//1404 1030//1030
f 1033//1033 1400//1400 1405//1405
f 1028//1028 1398//1398 1406//1406
f 1399//1399 1407//1407 1020//1020
f 1403//1403 1022//1022 1021//1021
f 1426//1426 1423//1423 1408//1408
f 1416//1416 1411//1411 1438//1438
f 1431//1431 1428//1428 1426//1426
f 1426//1426 1408//1408 1418//1418
f 1418//1418 1416//1416 1438//1438
f 1438//1438 1435//1435 1431//1431
f 1431//1431 1426//1426 1418//1418
f 1418//1418 1438//1438 1431//1431
f 1401//1401 1409//1409 1023//1023
f 1404//1404 1032//1032 1030//1030
f 1403//1403 1389//1389 1022//1022
f 1033//1033 1405//1405 1034//1034
f 1025//1025 1391//1391 1026//1026
f 1017//1017 1402//1402 1393//1393
f 1017//1017 1393//1393 1018//1018
f 1028//1028 1406//1406 1386//1386
f 1028//1028 1386//1386 1029//1029
f 1407//1407 1387//1387 1020//1020
f 1032//1032 1404//1404 1388//1388
f 1034//1034 1405//1405 1390//1390
f 1025//1025 1409//1409 1391//1391
f 1409//1409 1410//1410 1391//1391
f 1410//1410 1412//1412 1391//1391
f 1410//1410 1411//1411 1412//1412
f 1412//1412 1411//1411 1414//1414
f 1391//1391 1412//1412 1392//1392
f 1412//1412 1413//1413 1392//1392
f 1412//1412 1414//1414 1413//1413
f 1392//1392 1413//1413 1398//1398
f 1413//1413 1414//1414 1415//1415
f 1398//1398 1413//1413 1415//1415
f 1414//1414 1416//1416 1415//1415
f 1414//1414 1411//1411 1416//1416
f 1398//1398 1415//1415 1406//1406
f 1406//1406 1415//1415 1386//1386
f 1415//1415 1416//1416 1417//1417
f 1386//1386 1415//1415 1417//1417
f 1386//1386 1417//1417 1396//1396
f 1417//1417 1416//1416 1418//1418
f 1417//1417 1418//1418 1419//1419
f 1396//1396 1417//1417 1419//1419
f 1419//1419 1418//1418 1420//1420
f 1396//1396 1419//1419 1420//1420
f 1396//1396 1420//1420 1404//1404
f 1404//1404 1420//1420 1388//1388
f 1420//1420 1421//1421 1388//1388
f 1420//1420 1418//1418 1421//1421
f 1418//1418 1408//1408 1421//1421
f 1388//1388 1421//1421 1400//1400
f 1421//1421 1408//1408 1423//1423
f 1400//1400 1421//1421 1422//1422
f 1421//1421 1423//1423 1422//1422
f 1400//1400 1422//1422 1405//1405
f 1405//1405 1422//1422 1390//1390
f 1422//1422 1423//1423 1424//1424
f 1390//1390 1422//1422 1395//1395
f 1422//1422 1425//1425 1395//1395
f 1422//1422 1424//1424 1425//1425
f 1423//1423 1426//1426 1424//1424
f 1395//1395 1425//1425 1402//1402
f 1425//1425 1424//1424 1426//1426
f 1425//1425 1426//1426 1427//1427
f 1402//1402 1425//1425 1427//1427
f 1402//1402 1427//1427 1393//1393
f 1427//1427 1426//1426 1428//1428
f 1393//1393 1427//1427 1394//1394
f 1427//1427 1429//1429 1394//1394
f 1427//1427 1428//1428 1429//1429
f 1394//1394 1430//1430 1399//1399
f 1394//1394 1429//1429 1430//1430
f 1399//1399 1430//1430 1407//1407
f 1430//1430 1429//1429 1431//1431
f 1429//1429 1428//1428 1431//1431
f 1430//1430 1431//1431 1432//1432
f 1407//1407 1430//1430 1432//1432
f 1407//1407 1432//1432 1387//1387
f 1387//1387 1432//1432 1433//1433
f 1387//1387 1433//1433 1397//1397
f 1432//1432 1434//1434 1433//1433
f 1432//1432 1431//1431 1434//1434
f 1397//1397 1433//1433 1403//1403
f 1431//1431 1435//1435 1434//1434
f 1403//1403 1433//1433 1389//1389
f 1389//1389 1433//1433 1436//1436
f 1433//1433 1434//1434 1436//1436
f 1434//1434 1435//1435 1436//1436
f 1389//1389 1436//1436 1437//1437
f 1436//1436 1435//1435 1438//1438
f 1437//1437 1436//1436 1439//1439
f 1436//1436 1438//1438 1439//1439
f 1437//1437 1439//1439 1440//1440
f 1437//1437 1440//1440 1401//1401
f 1439//1439 1438//1438 1440//1440
f 1401//1401 1440//1440 1409//1409
f 1440//1440 1410//1410 1409//1409
f 1440//1440 1411//1411 1410//1410
f 1440//1440 1438//1438 1411//1411
f 1441//1441 1555//1555 1442//1442
f 1442//1442 1443//1443 1444//1444
f 1444//1444 1569//1569 1441//1441
f 1442//1442 1444//1444 1441//1441
f 1445//1445 1446//1446 1055//1055
f 1448//1448 1449//1449 1058//1058
f 1448//1448 1058//1058 1065//1065
f 1008//1008 1450//1450 1451//1451
f 1008//1008 1451//1451 1011//1011
f 1157//1157 1570//1570 1452//1452
f 1157//1157 1452//1452 1158//1158
f 1065//1065 1453//1453 1448//1448
f 1012//1012 1447//1447 1454//1454
f 1012//1012 1454//1454 1019//1019
f 1055//1055 1446//1446 1455//1455
f 1055//1055 1455//1455 1071//1071
f 1569//1569 1444//1444 1054//1054
f 1569//1569 1054//1054 1057//1057
f 1061//1061 1559//1559 1571//1571
f 1061//1061 1571//1571 1007//1007
f 1456//1456 1457//1457 993//993
f 1015//1015 1458//1458 1459//1459
f 1459//1459 1064//1064 1015//1015
f 1452//1452 1570//1570 1460//1460
f 1460//1460 1553//1553 1461//1461
f 1460//1460 1461//1461 1452//1452
f 1039//1039 1574//1574 1462//1462
f 1039//1039 1462//1462 1038//1038
f 1159//1159 1461//1461 1160//1160
f 1553//1553 1460//1460 1163//1163
f 1553//1553 1163//1163 1164//1164
f 1571//1571 1559//1559 1463//1463
f 1463//1463 1464//1464 1459//1459
f 1459//1459 1458//1458 1571//1571
f 1463//1463 1459//1459 1571//1571
f 1013//1013 1557//1557 1572//1572
f 1013//1013 1572//1572 1014//1014
f 1451//1451 1450//1450 1572//1572
f 1572//1572 1557//1557 1454//1454
f 1451//1451 1572//1572 1454//1454
f 1454//1454 1447//1447 1451//1451
f 1069//1069 1477//1477 1466//1466
f 1467//1467 1059//1059 1060//1060
f 1475//1475 1468//1468 1072//1072
f 1475//1475 1072//1072 1070//1070
f 1067//1067 1474//1474 1470//1470
f 1478//1478 1471//1471 1073//1073
f 1467//1467 1472//1472 1059//1059
f 1074//1074 1465//1465 1473//1473
f 1074//1074 1473//1473 1060//1060
f 1469//1469 1474//1474 1066//1066
f 1470//1470 1068//1068 1067//1067
f 1069//1069 1466//1466 1475//1475
f 1069//1069 1475//1475 1070//1070
f 1472//1472 1053//1053 1059//1059
f 1471//1471 1476//1476 1073//1073
f 1470//1470 1477//1477 1068//1068
f 1072//1072 1468//1468 1478//1478
f 1072//1072 1478//1478 1073//1073
f 1476//1476 1074//1074 1073//1073
f 1060//1060 1473//1473 1467//1467
f 1492//1492 1490//1490 1489//1489
f 1492//1492 1489//1489 1488//1488
f 1488//1488 1486//1486 1484//1484
f 1484//1484 1482//1482 1494//1494
f 1492//1492 1488//1488 1484//1484
f 1484//1484 1494//1494 1492//1492
f 1053//1053 1472//1472 1479//1479
f 1066//1066 1474//1474 1067//1067
f 1068//1068 1477//1477 1069//1069
f 1053//1053 1479//1479 1066//1066
f 1476//1476 1465//1465 1074//1074
f 1066//1066 1479//1479 1469//1469
f 1479//1479 1494//1494 1480//1480
f 1479//1479 1480//1480 1469//1469
f 1469//1469 1480//1480 1481//1481
f 1480//1480 1482//1482 1481//1481
f 1480//1480 1494//1494 1482//1482
f 1469//1469 1481//1481 1474//1474
f 1481//1481 1482//1482 1483//1483
f 1474//1474 1481//1481 1483//1483
f 1474//1474 1483//1483 1470//1470
f 1482//1482 1484//1484 1483//1483
f 1470//1470 1483//1483 1485//1485
f 1470//1470 1485//1485 1477//1477
f 1483//1483 1484//1484 1485//1485
f 1477//1477 1485//1485 1466//1466
f 1485//1485 1484//1484 1486//1486
f 1466//1466 1485//1485 1486//1486
f 1466//1466 1486//1486 1475//1475
f 1486//1486 1487//1487 1475//1475
f 1487//1487 1486//1486 1488//1488
f 1475//1475 1487//1487 1468//1468
f 1487//1487 1488//1488 1468//1468
f 1468//1468 1488//1488 1478//1478
f 1478//1478 1488//1488 1489//1489
f 1478//1478 1489//1489 1471//1471
f 1471//1471 1489//1489 1490//1490
f 1471//1471 1490//1490 1476//1476
f 1476//1476 1490//1490 1491//1491
f 1476//1476 1491//1491 1465//1465
f 1490//1490 1492//1492 1491//1491
f 1465//1465 1491//1491 1473//1473
f 1473//1473 1491//1491 1492//1492
f 1467//1467 1473//1473 1493//1493
f 1473//1473 1492//1492 1493//1493
f 1467//1467 1493//1493 1472//1472
f 1493//1493 1492//1492 1494//1494
f 1472//1472 1493//1493 1479//1479
f 1493//1493 1494//1494 1479//1479
f 1495//1495 1496//1496 1462//1462
f 1462//1462 1574//1574 1497//1497
f 1497//1497 1564//1564 1495//1495
f 1462//1462 1497//1497 1495//1495
f 1498//1498 1499//1499 987//987
f 979//979 1500//1500 1031//1031
f 1501//1501 1502//1502 981//981
f 1040//1040 995//995 1561//1561
f 1561//1561 1503//1503 1040//1040
f 1564//1564 1497//1497 1010//1010
f 1564//1564 1010//1010 990//990
f 998//998 1568//1568 1576//1576
f 998//998 1576//1576 977//977
f 1504//1504 1505//1505 980//980
f 1504//1504 980//980 985//985
f 1506//1506 1498//1498 987//987
f 1506//1506 987//987 1036//1036
f 1507//1507 1508//1508 1575//1575
f 1575//1575 1565//1565 1500//1500
f 1507//1507 1575//1575 1500//1500
f 1027//1027 1565//1565 1575//1575
f 1027//1027 1575//1575 1024//1024
f 1457//1457 994//994 993//993
f 1503//1503 1561//1561 1457//1457
f 1457//1457 1456//1456 1509//1509
f 1509//1509 1573//1573 1503//1503
f 1457//1457 1509//1509 1503//1503
f 1009//1009 1573//1573 1509//1509
f 1009//1009 1509//1509 992//992
f 1510//1510 1505//1505 1504//1504
f 1504//1504 1576//1576 1568//1568
f 1568//1568 1511//1511 1510//1510
f 1504//1504 1568//1568 1510//1510
f 1502//1502 1512//1512 996//996
f 1502//1502 996//996 981//981
f 976//976 1508//1508 1507//1507
f 976//976 1507//1507 978//978
f 1528//1528 1514//1514 982//982
f 1518//1518 1527//1527 986//986
f 1035//1035 1513//1513 997//997
f 983//983 1517//1517 984//984
f 1519//1519 982//982 997//997
f 989//989 1520//1520 1525//1525
f 1037//1037 1521//1521 1516//1516
f 1035//1035 1522//1522 1513//1513
f 1515//1515 991//991 984//984
f 1518//1518 986//986 988//988
f 1523//1523 1519//1519 997//997
f 984//984 1524//1524 1515//1515
f 983//983 1514//1514 1517//1517
f 1525//1525 1518//1518 988//988
f 1526//1526 1520//1520 989//989
f 1526//1526 989//989 991//991
f 1535//1535 1536//1536 1540//1540
f 1531//1531 1534//1534 1535//1535
f 1540//1540 1543//1543 1530//1530
f 1530//1530 1531//1531 1535//1535
f 1535//1535 1540//1540 1530//1530
f 1527//1527 1521//1521 1037//1037
f 1527//1527 1037//1037 986//986
f 982//982 1514//1514 983//983
f 997//997 1513//1513 1523//1523
f 1515//1515 1526//1526 991//991
f 1516//1516 1522//1522 1035//1035
f 1516//1516 1035//1035 1037//1037
f 984//984 1517//1517 1524//1524
f 1519//1519 1528//1528 982//982
f 989//989 1525//1525 988//988
f 1529//1529 1530//1530 1543//1543
f 1528//1528 1519//1519 1529//1529
f 1529//1529 1519//1519 1530//1530
f 1530//1530 1519//1519 1531//1531
f 1523//1523 1532//1532 1519//1519
f 1519//1519 1532//1532 1531//1531
f 1523//1523 1513//1513 1532//1532
f 1513//1513 1533//1533 1532//1532
f 1532//1532 1533//1533 1531//1531
f 1513//1513 1522//1522 1533//1533
f 1531//1531 1533//1533 1534//1534
f 1522//1522 1516//1516 1533//1533
f 1533//1533 1516//1516 1534//1534
f 1534//1534 1516//1516 1535//1535
f 1521//1521 1527//1527 1516//1516
f 1516//1516 1527//1527 1535//1535
f 1527//1527 1536//1536 1535//1535
f 1527//1527 1518//1518 1536//1536
f 1518//1518 1525//1525 1537//1537
f 1518//1518 1537//1537 1536//1536
f 1537//1537 1538//1538 1536//1536
f 1537//1537 1525//1525 1538//1538
f 1538//1538 1540//1540 1536//1536
f 1525//1525 1520//1520 1538//1538
f 1520//1520 1526//1526 1539//1539
f 1520//1520 1539//1539 1538//1538
f 1538//1538 1539//1539 1540//1540
f 1526//1526 1515//1515 1539//1539
f 1539//1539 1541//1541 1540//1540
f 1515//1515 1524//1524 1539//1539
f 1539//1539 1524//1524 1541//1541
f 1524//1524 1542//1542 1541//1541
f 1541//1541 1543//1543 1540//1540
f 1524//1524 1517//1517 1542//1542
f 1541//1541 1542//1542 1543//1543
f 1542//1542 1544//1544 1543//1543
f 1517//1517 1544//1544 1542//1542
f 1517//1517 1514//1514 1544//1544
f 1544//1544 1529//1529 1543//1543
f 1514//1514 1528//1528 1544//1544
f 1544//1544 1528//1528 1529//1529
f 1548//1548 1549//1549 1550//1550
f 1545//1545 1546//1546 1547//1547
f 1547//1547 1548//1548 1550//1550
f 1550//1550 1551//1551 1552//1552
f 1552//1552 1545//1545 1547//1547
f 1547//1547 1550//1550 1552//1552
f 1545//1545 1552//1552 1380//1380
f 1545//1545 1380//1380 1382//1382
f 1379//1379 1547//1547 1546//1546
f 1379//1379 1546//1546 1381//1381
f 1376//1376 1549//1549 1548//1548
f 1548//1548 1375//1375 1376//1376
f 1551//1551 1550//1550 1377//1377
f 1551//1551 1377//1377 1378//1378
f 1376//1376 1550//1550 1549//1549
f 1377//1377 1550//1550 1376//1376
f 1380//1380 1552//1552 1378//1378
f 1378//1378 1552//1552 1551//1551
f 1379//1379 1548//1548 1547//1547
f 1375//1375 1548//1548 1379//1379
f 1545//1545 1382//1382 1381//1381
f 1546//1546 1545//1545 1381//1381
f 1455//1455 1442//1442 1554//1554
f 1554//1554 1442//1442 1555//1555
f 1444//1444 1443//1443 1556//1556
f 1556//1556 1443//1443 1445//1445
f 1449//1449 1463//1463 1558//1558
f 1558//1558 1463//1463 1559//1559
f 1459//1459 1464//1464 1560//1560
f 1560//1560 1464//1464 1453//1453
f 1462//1462 1496//1496 1562//1562
f 1562//1562 1496//1496 1506//1506
f 1499//1499 1495//1495 1563//1563
f 1563//1563 1495//1495 1564//1564
f 1505//1505 1510//1510 1566//1566
f 1566//1566 1510//1510 1501//1501
f 1512//1512 1511//1511 1567//1567
f 1567//1567 1511//1511 1568//1568
f 1159//1159 1158//1158 1452//1452
f 1452//1452 1461//1461 1159//1159
f 1055//1055 1054//1054 1444//1444
f 1444//1444 1556//1556 1055//1055
f 1055//1055 1556//1556 1445//1445
f 1164//1164 1160//1160 1461//1461
f 1461//1461 1553//1553 1164//1164
f 1062//1062 1554//1554 1555//1555
f 1062//1062 1071//1071 1554//1554
f 1071//1071 1455//1455 1554//1554
f 1061//1061 1058//1058 1558//1558
f 1558//1558 1559//1559 1061//1061
f 1058//1058 1449//1449 1558//1558
f 1013//1013 1019//1019 1557//1557
f 1454//1454 1557//1557 1019//1019
f 1451//1451 1447//1447 1011//1011
f 1012//1012 1011//1011 1447//1447
f 1064//1064 1459//1459 1560//1560
f 1065//1065 1064//1064 1560//1560
f 1065//1065 1560//1560 1453//1453
f 995//995 994//994 1457//1457
f 1457//1457 1561//1561 995//995
f 987//987 1499//1499 1563//1563
f 990//990 987//987 1563//1563
f 990//990 1563//1563 1564//1564
f 993//993 992//992 1456//1456
f 1509//1509 1456//1456 992//992
f 1036//1036 1562//1562 1506//1506
f 1036//1036 1038//1038 1562//1562
f 1462//1462 1562//1562 1038//1038
f 981//981 1566//1566 1501//1501
f 981//981 980//980 1566//1566
f 980//980 1505//1505 1566//1566
f 979//979 978//978 1500//1500
f 1507//1507 1500//1500 978//978
f 1500//1500 1565//1565 1031//1031
f 1027//1027 1031//1031 1565//1565
f 996//996 1512//1512 1567//1567
f 998//998 996//996 1567//1567
f 1567//1567 1568//1568 998//998
f 1460//1460 1569//1569 1163//1163
f 1569//1569 1057//1057 1163//1163
f 1063//1063 1441//1441 1570//1570
f 1063//1063 1570//1570 1157//1157
f 1007//1007 1571//1571 1450//1450
f 1007//1007 1450//1450 1008//1008
f 1572//1572 1458//1458 1015//1015
f 1014//1014 1572//1572 1015//1015
f 1569//1569 1570//1570 1441//1441
f 1569//1569 1460//1460 1570//1570
f 1458//1458 1572//1572 1571//1571
f 1572//1572 1450//1450 1571//1571
f 1497//1497 1573//1573 1009//1009
f 1497//1497 1009//1009 1010//1010
f 1040//1040 1503//1503 1039//1039
f 1039//1039 1503//1503 1574//1574
f 985//985 1575//1575 1504//1504
f 1024//1024 1575//1575 985//985
f 977//977 1508//1508 976//976
f 1576//1576 1508//1508 977//977
f 1573//1573 1497//1497 1574//1574
f 1573//1573 1574//1574 1503//1503
f 1508//1508 1504//1504 1575//1575
f 1508//1508 1576//1576 1504//1504
f 1555//1555 1441//1441 1063//1063
f 1555//1555 1063//1063 1062//1062
f 1577//1577 1620//1620 1578//1578
f 1578//1578 1632//1632 1579//1579
f 1579//1579 1580//1580 1577//1577
f 1578//1578 1579//1579 1577//1577
f 1139//1139 1581//1581 1582//1582
f 1139//1139 1582//1582 1137//1137
f 1138//1138 1584//1584 1585//1585
f 967//967 1586//1586 1587//1587
f 967//967 1587//1587 964//964
f 1588//1588 1633//1633 315//315
f 1588//1588 315//315 303//303
f 1138//1138 1585//1585 1589//1589
f 1138//1138 1589//1589 1140//1140
f 972//972 1583//1583 968//968
f 1139//1139 1590//1590 1581//1581
f 1135//1135 1579//1579 1632//1632
f 1135//1135 1632//1632 306//306
f 963//963 1634//1634 1624//1624
f 963//963 1624//1624 1136//1136
f 955//955 1591//1591 953//953
f 1142//1142 1592//1592 1593//1593
f 1593//1593 971//971 1142//1142
f 1594//1594 1619//1619 1595//1595
f 1595//1595 1633//1633 1588//1588
f 1588//1588 1596//1596 1594//1594
f 1595//1595 1588//1588 1594//1594
f 943//943 1597//1597 1637//1637
f 943//943 1637//1637 942//942
f 1594//1594 1596//1596 304//304
f 1594//1594 304//304 317//317
f 309//309 1595//1595 1619//1619
f 309//309 1619//1619 313//313
f 1598//1598 1624//1624 1634//1634
f 1634//1634 1593//1593 1592//1592
f 1592//1592 1599//1599 1598//1598
f 1634//1634 1592//1592 1598//1598
f 1635//1635 1622//1622 970//970
f 1635//1635 970//970 969//969
f 1583//1583 1622//1622 1635//1635
f 1635//1635 1587//1587 1586//1586
f 1583//1583 1635//1635 1586//1586
f 1597//1597 1600//1600 1601//1601
f 1601//1601 1628//1628 1602//1602
f 1602//1602 1637//1637 1597//1597
f 1601//1601 1602//1602 1597//1597
f 946//946 1603//1603 1604//1604
f 946//946 1604//1604 944//944
f 933//933 1605//1605 934//934
f 945//945 1606//1606 1607//1607
f 945//945 1607//1607 937//937
f 1608//1608 1626//1626 954//954
f 1608//1608 954//954 941//941
f 1602//1602 1628//1628 949//949
f 1602//1602 949//949 951//951
f 1639//1639 1631//1631 940//940
f 1639//1639 940//940 939//939
f 1609//1609 1610//1610 950//950
f 1609//1609 950//950 948//948
f 944//944 1604//1604 1611//1611
f 1612//1612 1613//1613 1605//1605
f 1629//1629 1638//1638 1612//1612
f 1605//1605 1629//1629 1612//1612
f 973//973 1638//1638 1629//1629
f 973//973 1629//1629 974//974
f 955//955 1614//1614 1591//1591
f 1615//1615 1591//1591 1614//1614
f 1614//1614 1626//1626 1608//1608
f 1608//1608 1636//1636 1615//1615
f 1614//1614 1608//1608 1615//1615
f 1615//1615 1636//1636 965//965
f 1615//1615 965//965 952//952
f 1610//1610 1609//1609 1616//1616
f 1616//1616 1617//1617 1631//1631
f 1631//1631 1639//1639 1610//1610
f 1616//1616 1631//1631 1610//1610
f 945//945 1618//1618 1606//1606
f 935//935 1613//1613 1612//1612
f 935//935 1612//1612 938//938
f 1590//1590 1620//1620 1577//1577
f 1579//1579 1621//1621 1580//1580
f 1621//1621 1582//1582 1580//1580
f 1584//1584 1623//1623 1598//1598
f 1623//1623 1624//1624 1598//1598
f 1592//1592 1625//1625 1599//1599
f 1625//1625 1589//1589 1599//1599
f 1597//1597 1627//1627 1600//1600
f 1627//1627 1611//1611 1600//1600
f 1603//1603 1628//1628 1601//1601
f 1609//1609 1630//1630 1616//1616
f 1630//1630 1607//1607 1616//1616
f 1618//1618 1631//1631 1617//1617
f 1596//1596 1588//1588 303//303
f 303//303 304//304 1596//1596
f 1621//1621 1579//1579 1135//1135
f 1135//1135 1137//1137 1621//1621
f 1621//1621 1137//1137 1582//1582
f 313//313 1619//1619 317//317
f 317//317 1619//1619 1594//1594
f 1141//1141 1620//1620 1139//1139
f 1139//1139 1620//1620 1590//1590
f 1624//1624 1623//1623 1136//1136
f 1623//1623 1138//1138 1136//1136
f 1138//1138 1623//1623 1584//1584
f 970//970 1622//1622 972//972
f 972//972 1622//1622 1583//1583
f 967//967 968//968 1586//1586
f 1583//1583 1586//1586 968//968
f 1140//1140 1592//1592 1142//1142
f 1625//1625 1592//1592 1140//1140
f 1625//1625 1140//1140 1589//1589
f 955//955 1626//1626 1614//1614
f 954//954 1626//1626 955//955
f 946//946 1628//1628 1603//1603
f 947//947 1628//1628 946//946
f 949//949 1628//1628 947//947
f 1591//1591 1615//1615 952//952
f 952//952 953//953 1591//1591
f 1627//1627 944//944 1611//1611
f 943//943 944//944 1627//1627
f 1627//1627 1597//1597 943//943
f 1630//1630 937//937 1607//1607
f 1630//1630 1609//1609 937//937
f 937//937 1609//1609 936//936
f 936//936 1609//1609 948//948
f 1605//1605 1613//1613 934//934
f 935//935 934//934 1613//1613
f 974//974 1605//1605 933//933
f 974//974 1629//1629 1605//1605
f 945//945 1631//1631 1618//1618
f 940//940 1631//1631 945//945
f 1595//1595 309//309 306//306
f 1632//1632 1595//1595 306//306
f 1633//1633 1578//1578 1143//1143
f 1633//1633 1143//1143 315//315
f 964//964 1587//1587 963//963
f 963//963 1587//1587 1634//1634
f 971//971 1593//1593 969//969
f 969//969 1593//1593 1635//1635
f 1632//1632 1578//1578 1633//1633
f 1632//1632 1633//1633 1595//1595
f 1593//1593 1634//1634 1587//1587
f 1593//1593 1587//1587 1635//1635
f 966//966 1602//1602 951//951
f 965//965 1602//1602 966//966
f 965//965 1636//1636 1602//1602
f 942//942 1608//1608 941//941
f 942//942 1637//1637 1608//1608
f 1610//1610 973//973 950//950
f 1610//1610 1638//1638 973//973
f 1639//1639 939//939 938//938
f 1639//1639 938//938 1612//1612
f 1636//1636 1608//1608 1637//1637
f 1636//1636 1637//1637 1602//1602
f 1612//1612 1638//1638 1610//1610
f 1612//1612 1610//1610 1639//1639
f 1578//1578 1620//1620 1141//1141
f 1578//1578 1141//1141 1143//1143
f 1204//1204 1202//1202 1642//1642
f 1207//1207 1209//1209 1646//1646
f 1207//1207 1646//1646 1641//1641
f 1201//1201 1203//1203 1189//1189
f 1201//1201 1189//1189 1188//1188
f 1309//1309 1311//1311 1221//1221
f 1309//1309 1221//1221 1220//1220
f 1197//1197 1207//1207 1641//1641
f 1197//1197 1641//1641 1643//1643
f 1198//1198 1212//1212 1192//1192
f 1217//1217 1215//1215 1188//1188
f 1217//1217 1188//1188 1187//1187
f 1224//1224 1323//1323 1314//1314
f 1644//1644 1165//1165 1213//1213
f 1213//1213 1211//1211 1643//1643
f 1213//1213 1643//1643 1644//1644
f 1188//1188 1215//1215 1201//1201
f 1222//1222 1316//1316 1318//1318
f 1199//1199 1205//1205 1645//1645
f 1176//1176 1210//1210 1194//1194
f 1214//1214 1166//1166 1187//1187
f 1214//1214 1187//1187 1191//1191
f 1216//1216 1165//1165 1640//1640
f 1166//1166 1217//1217 1187//1187
f 1273//1273 1319//1319 1289//1289
f 1273//1273 1289//1289 1288//1288
f 1203//1203 1206//1206 1190//1190
f 1203//1203 1190//1190 1189//1189
f 1218//1218 1222//1222 1272//1272
f 1223//1223 1312//1312 1295//1295
f 1290//1290 1317//1317 1296//1296
f 1288//1288 1287//1287 1321//1321
f 1288//1288 1321//1321 1273//1273
f 1212//1212 1214//1214 1191//1191
f 1212//1212 1191//1191 1192//1192
f 1278//1278 1274//1274 1226//1226
f 1278//1278 1226//1226 1225//1225
f 1293//1293 1294//1294 1275//1275
f 1293//1293 1275//1275 1279//1279
f 1225//1225 1221//1221 1284//1284
f 1225//1225 1284//1284 1278//1278
f 1206//1206 1200//1200 1190//1190
f 1177//1177 1176//1176 1194//1194
f 1177//1177 1194//1194 1196//1196
f 1193//1193 1194//1194 1210//1210
f 1193//1193 1210//1210 1208//1208
f 1202//1202 1216//1216 1640//1640
f 1279//1279 1322//1322 1285//1285
f 1279//1279 1285//1285 1293//1293
f 1295//1295 1316//1316 1222//1222
f 1286//1286 1285//1285 1310//1310
f 1286//1286 1310//1310 1308//1308
f 1642//1642 1645//1645 1205//1205
f 1642//1642 1205//1205 1204//1204
f 1165//1165 1644//1644 1640//1640
f 1170//1170 1199//1199 1645//1645
f 1170//1170 1645//1645 1647//1647
f 1647//1647 1648//1648 1174//1174
f 1647//1647 1174//1174 1170//1170
f 1222//1222 1223//1223 1295//1295
f 1291//1291 1290//1290 1296//1296
f 1291//1291 1296//1296 1313//1313
f 1274//1274 1323//1323 1224//1224
f 1274//1274 1224//1224 1226//1226
f 1209//1209 1175//1175 1646//1646
f 1220//1220 1219//1219 1307//1307
f 1220//1220 1307//1307 1309//1309
f 1306//1306 1321//1321 1287//1287
f 1223//1223 1224//1224 1314//1314
f 1223//1223 1314//1314 1312//1312
f 1292//1292 1315//1315 1276//1276
f 1640//1640 1642//1642 1202//1202
f 1648//1648 1646//1646 1175//1175
f 1648//1648 1175//1175 1174//1174
f 1195//1195 1190//1190 1200//1200
f 1195//1195 1200//1200 1169//1169
f 1219//1219 1218//1218 1272//1272
f 1219//1219 1272//1272 1320//1320
f 1287//1287 1286//1286 1308//1308
f 1287//1287 1308//1308 1306//1306
f 1221//1221 1311//1311 1284//1284
f 1169//1169 1177//1177 1196//1196
f 1169//1169 1196//1196 1195//1195
f 1208//1208 1198//1198 1192//1192
f 1208//1208 1192//1192 1193//1193
f 1318//1318 1272//1272 1222//1222
f 1219//1219 1320//1320 1307//1307
f 1285//1285 1322//1322 1310//1310
f 1294//1294 1292//1292 1276//1276
f 1294//1294 1276//1276 1275//1275
f 1643//1643 1211//1211 1197//1197
f 1290//1290 1289//1289 1319//1319
f 1290//1290 1319//1319 1317//1317
f 1313//1313 1315//1315 1292//1292
f 1313//1313 1292//1292 1291//1291
f 1648//1648 1647//1647 1645//1645
f 1646//1646 1648//1648 1645//1645
f 1641//1641 1646//1646 1645//1645
f 1645//1645 1642//1642 1640//1640
f 1641//1641 1645//1645 1640//1640
f 1644//1644 1643//1643 1641//1641
f 1640//1640 1644//1644 1641//1641
f 1442//1442 1455//1455 1446//1446
f 1446//1446 1445//1445 1443//1443
f 1442//1442 1446//1446 1443//1443
f 1580//1580 1582//1582 1581//1581
f 1581//1581 1590//1590 1577//1577
f 1580//1580 1581//1581 1577//1577
f 1511//1511 1512//1512 1502//1502
f 1502//1502 1501//1501 1510//1510
f 1511//1511 1502//1502 1510//1510
f 1499//1499 1498//1498 1506//1506
f 1499//1499 1506//1506 1496//1496
f 1496//1496 1495//1495 1499//1499
f 1607//1607 1606//1606 1618//1618
f 1607//1607 1618//1618 1617//1617
f 1617//1617 1616//1616 1607//1607
f 1600//1600 1611//1611 1604//1604
f 1604//1604 1603//1603 1601//1601
f 1601//1601 1600//1600 1604//1604
f 1589//1589 1585//1585 1584//1584
f 1589//1589 1584//1584 1598//1598
f 1598//1598 1599//1599 1589//1589
f 1463//1463 1449//1449 1448//1448
f 1448//1448 1453//1453 1464//1464
f 1464//1464 1463//1463 1448//1448
f 1373//1373 1650//1650 1651//1651
f 1373//1373 1651//1651 1649//1649
f 1372//1372 1365//1365 1650//1650
f 1372//1372 1650//1650 1373//1373
f 1368//1368 1369//1369 1374//1374
f 1368//1368 1374//1374 1652//1652
f 1365//1365 1368//1368 1652//1652
f 1365//1365 1652//1652 1650//1650
f 1654//1654 1653//1653 1649//1649
f 1654//1654 1649//1649 1651//1651
f 1650//1650 1652//1652 1654//1654
f 1650//1650 1654//1654 1651//1651
f 1374//1374 1373//1373 1649//1649
f 1374//1374 1649//1649 1653//1653
f 1652//1652 1374//1374 1653//1653
f 1652//1652 1653//1653 1654//1654
f 1659//1659 1660//1660 1663//1663
f 1664//1664 1712//1712 1662//1662
f 1664//1664 1662//1662 1661//1661
f 1665//1665 1664//1664 1661//1661
f 1661//1661 1659//1659 1663//1663
f 1666//1666 1665//1665 1661//1661
f 1661//1661 1663//1663 1667//1667
f 1669//1669 2496//2496 1668//1668
f 1657//1657 1669//1669 1668//1668
f 1657//1657 1668//1668 1670//1670
f 1657//1657 1670//1670 1666//1666
f 1657//1657 1666//1666 1661//1661
f 1658//1658 1657//1657 1661//1661
f 1661//1661 1667//1667 1671//1671
f 1671//1671 1658//1658 1661//1661
f 1672//1672 1673//1673 1674//1674
f 1675//1675 1676//1676 1966//1966
f 1677//1677 1678//1678 1679//1679
f 1677//1677 1679//1679 1807//1807
f 1680//1680 1681//1681 1682//1682
f 1680//1680 1682//1682 1683//1683
f 1684//1684 1685//1685 1686//1686
f 1684//1684 1686//1686 1687//1687
f 1796//1796 1795//1795 1688//1688
f 1796//1796 1688//1688 1672//1672
f 1689//1689 1864//1864 1690//1690
f 1689//1689 1690//1690 1691//1691
f 1692//1692 1693//1693 1694//1694
f 1695//1695 1696//1696 1697//1697
f 1695//1695 1697//1697 1698//1698
f 1699//1699 1700//1700 1701//1701
f 2202//2202 2241//2241 1702//1702
f 2202//2202 1702//1702 1703//1703
f 2189//2189 2147//2147 1704//1704
f 2189//2189 1704//1704 1705//1705
f 1706//1706 1707//1707 1708//1708
f 1706//1706 1708//1708 1709//1709
f 1711//1711 2220//2220 1712//1712
f 1712//1712 1664//1664 1713//1713
f 1714//1714 1711//1711 1712//1712
f 1713//1713 2176//2176 1715//1715
f 1713//1713 1715//1715 1714//1714
f 1712//1712 1713//1713 1714//1714
f 1718//1718 1719//1719 1720//1720
f 1721//1721 1716//1716 1717//1717
f 1722//1722 1718//1718 1720//1720
f 1720//1720 1721//1721 1717//1717
f 1720//1720 1717//1717 1723//1723
f 1723//1723 1722//1722 1720//1720
f 1728//1728 1729//1729 1730//1730
f 1728//1728 1730//1730 1731//1731
f 1732//1732 1733//1733 1734//1734
f 1734//1734 1735//1735 1736//1736
f 1738//1738 1737//1737 1732//1732
f 1732//1732 1734//1734 1736//1736
f 1739//1739 1738//1738 1732//1732
f 1732//1732 1736//1736 1740//1740
f 1741//1741 1739//1739 1732//1732
f 1732//1732 1740//1740 1742//1742
f 1743//1743 1741//1741 1732//1732
f 1732//1732 1742//1742 1743//1743
f 1745//1745 1746//1746 1747//1747
f 1748//1748 1744//1744 1745//1745
f 1751//1751 1750//1750 1749//1749
f 1748//1748 1745//1745 1747//1747
f 1751//1751 1749//1749 1748//1748
f 1748//1748 1747//1747 1752//1752
f 1753//1753 1751//1751 1748//1748
f 1752//1752 1753//1753 1748//1748
f 1755//1755 1760//1760 1756//1756
f 1757//1757 1754//1754 1755//1755
f 1758//1758 1759//1759 1757//1757
f 1757//1757 1755//1755 1756//1756
f 1757//1757 1756//1756 1761//1761
f 1760//1760 1755//1755 1726//1726
f 1762//1762 1760//1760 1726//1726
f 1757//1757 1761//1761 1763//1763
f 1757//1757 1763//1763 1764//1764
f 1765//1765 1762//1762 1726//1726
f 1758//1758 1757//1757 1764//1764
f 1766//1766 1765//1765 1726//1726
f 1758//1758 1764//1764 1767//1767
f 1766//1766 1726//1726 1727//1727
f 1758//1758 1767//1767 1768//1768
f 1769//1769 1766//1766 1727//1727
f 1758//1758 1768//1768 1770//1770
f 1771//1771 1769//1769 1727//1727
f 1727//1727 1758//1758 1770//1770
f 1727//1727 1770//1770 1772//1772
f 1772//1772 1771//1771 1727//1727
f 1775//1775 1776//1776 1777//1777
f 1672//1672 1688//1688 1673//1673
f 1778//1778 1779//1779 1780//1780
f 1781//1781 1773//1773 1774//1774
f 1781//1781 1774//1774 1782//1782
f 2020//2020 1783//1783 1784//1784
f 2020//2020 1784//1784 1785//1785
f 1786//1786 1781//1781 1782//1782
f 1786//1786 1782//1782 1787//1787
f 1786//1786 1787//1787 1674//1674
f 1674//1674 1673//1673 1786//1786
f 1788//1788 1780//1780 1789//1789
f 1788//1788 1789//1789 1790//1790
f 1791//1791 1792//1792 1793//1793
f 1791//1791 1793//1793 1794//1794
f 1790//1790 1789//1789 1792//1792
f 1790//1790 1792//1792 1791//1791
f 1794//1794 1793//1793 1795//1795
f 1794//1794 1795//1795 1796//1796
f 1797//1797 1798//1798 1799//1799
f 1797//1797 1799//1799 1800//1800
f 1803//1803 1779//1779 1804//1804
f 1802//1802 1803//1803 1804//1804
f 1802//1802 1804//1804 1801//1801
f 1778//1778 1780//1780 1788//1788
f 1804//1804 1779//1779 1778//1778
f 1805//1805 1807//1807 1806//1806
f 1773//1773 1805//1805 1806//1806
f 1773//1773 1806//1806 1774//1774
f 1805//1805 1677//1677 1807//1807
f 1809//1809 1810//1810 1811//1811
f 1812//1812 1808//1808 1809//1809
f 1809//1809 1811//1811 1813//1813
f 2263//2263 2221//2221 1812//1812
f 1809//1809 1813//1813 1814//1814
f 1814//1814 2263//2263 1812//1812
f 1809//1809 1814//1814 1812//1812
f 1817//1817 1818//1818 1819//1819
f 1820//1820 1821//1821 1825//1825
f 1820//1820 1825//1825 1822//1822
f 1678//1678 1802//1802 1801//1801
f 1678//1678 1801//1801 1679//1679
f 1777//1777 1820//1820 1822//1822
f 1777//1777 1822//1822 1826//1826
f 1815//1815 1776//1776 1775//1775
f 1777//1777 1826//1826 1775//1775
f 1800//1800 1799//1799 1816//1816
f 1800//1800 1816//1816 1815//1815
f 1815//1815 1816//1816 1776//1776
f 1823//1823 1824//1824 1827//1827
f 1823//1823 1827//1827 1828//1828
f 1829//1829 1830//1830 1798//1798
f 1829//1829 1798//1798 1797//1797
f 1828//1828 1827//1827 1830//1830
f 1828//1828 1830//1830 1829//1829
f 1833//1833 1835//1835 1834//1834
f 1837//1837 1833//1833 1834//1834
f 1837//1837 1834//1834 1836//1836
f 1834//1834 1835//1835 1838//1838
f 1838//1838 1835//1835 1824//1824
f 1838//1838 1824//1824 1823//1823
f 1839//1839 1841//1841 1842//1842
f 1839//1839 1842//1842 1840//1840
f 1821//1821 1839//1839 1840//1840
f 1821//1821 1840//1840 1825//1825
f 1841//1841 1843//1843 1844//1844
f 1841//1841 1844//1844 1842//1842
f 1691//1691 1690//1690 1845//1845
f 1843//1843 1837//1837 1836//1836
f 1843//1843 1836//1836 1844//1844
f 1846//1846 1850//1850 1851//1851
f 1846//1846 1851//1851 1847//1847
f 1852//1852 1854//1854 1855//1855
f 1852//1852 1855//1855 1853//1853
f 1852//1852 1853//1853 1856//1856
f 1856//1856 1819//1819 1852//1852
f 1817//1817 1819//1819 1856//1856
f 1861//1861 1694//1694 1818//1818
f 1861//1861 1818//1818 1817//1817
f 1848//1848 1849//1849 1857//1857
f 1848//1848 1857//1857 1858//1858
f 1859//1859 1860//1860 1693//1693
f 1859//1859 1693//1693 1692//1692
f 1858//1858 1857//1857 1860//1860
f 1858//1858 1860//1860 1859//1859
f 1692//1692 1694//1694 1861//1861
f 1862//1862 1863//1863 1864//1864
f 1865//1865 1866//1866 1867//1867
f 1868//1868 1865//1865 1867//1867
f 1868//1868 1867//1867 1869//1869
f 1867//1867 1866//1866 1870//1870
f 1870//1870 1866//1866 1849//1849
f 1870//1870 1849//1849 1848//1848
f 1854//1854 1846//1846 1847//1847
f 1854//1854 1847//1847 1855//1855
f 1850//1850 1871//1871 1872//1872
f 1850//1850 1872//1872 1851//1851
f 1871//1871 1873//1873 1874//1874
f 1871//1871 1874//1874 1872//1872
f 2195//2195 1875//1875 2160//2160
f 2195//2195 2160//2160 1876//1876
f 1873//1873 1868//1868 1869//1869
f 1873//1873 1869//1869 1874//1874
f 1879//1879 1880//1880 1919//1919
f 1879//1879 1919//1919 1881//1881
f 1882//1882 1883//1883 1884//1884
f 1888//1888 1885//1885 1886//1886
f 1888//1888 1886//1886 1887//1887
f 1885//1885 1877//1877 1878//1878
f 1885//1885 1878//1878 1886//1886
f 1888//1888 1887//1887 1889//1889
f 1889//1889 1845//1845 1888//1888
f 1691//1691 1845//1845 1889//1889
f 1884//1884 1883//1883 1890//1890
f 1884//1884 1890//1890 1891//1891
f 1891//1891 1890//1890 1892//1892
f 1891//1891 1892//1892 1893//1893
f 1862//1862 1864//1864 1689//1689
f 1893//1893 1892//1892 1863//1863
f 1893//1893 1863//1863 1862//1862
f 1894//1894 1895//1895 1896//1896
f 1894//1894 1896//1896 1897//1897
f 1898//1898 1899//1899 1900//1900
f 1685//1685 1898//1898 1900//1900
f 1685//1685 1900//1900 1686//1686
f 1900//1900 1899//1899 1882//1882
f 1882//1882 1899//1899 1883//1883
f 1877//1877 1901//1901 1902//1902
f 1877//1877 1902//1902 1878//1878
f 1901//1901 1903//1903 1904//1904
f 1901//1901 1904//1904 1902//1902
f 2128//2128 2129//2129 2264//2264
f 2128//2128 2264//2264 1905//1905
f 1903//1903 1684//1684 1687//1687
f 1903//1903 1687//1687 1904//1904
f 1906//1906 1907//1907 1880//1880
f 1906//1906 1880//1880 1879//1879
f 1912//1912 1913//1913 1914//1914
f 1912//1912 1914//1914 1915//1915
f 1913//1913 1928//1928 1916//1916
f 1913//1913 1916//1916 1914//1914
f 1917//1917 1912//1912 1915//1915
f 1917//1917 1915//1915 1918//1918
f 1919//1919 1917//1917 1918//1918
f 1881//1881 1919//1919 1918//1918
f 1910//1910 1911//1911 1920//1920
f 1910//1910 1920//1920 1921//1921
f 1897//1897 1896//1896 1907//1907
f 1897//1897 1907//1907 1906//1906
f 1921//1921 1920//1920 1895//1895
f 1921//1921 1895//1895 1894//1894
f 1924//1924 1925//1925 1926//1926
f 1681//1681 1924//1924 1926//1926
f 1681//1681 1926//1926 1682//1682
f 1926//1926 1925//1925 1927//1927
f 1927//1927 1925//1925 1911//1911
f 1927//1927 1911//1911 1910//1910
f 1928//1928 1929//1929 1930//1930
f 1929//1929 1680//1680 1683//1683
f 1928//1928 1930//1930 1916//1916
f 1929//1929 1683//1683 1930//1930
f 1931//1931 1932//1932 1909//1909
f 1931//1931 1909//1909 1908//1908
f 1933//1933 1934//1934 1935//1935
f 1933//1933 1935//1935 1936//1936
f 1961//1961 1939//1939 1940//1940
f 1961//1961 1940//1940 1941//1941
f 1942//1942 1943//1943 1944//1944
f 1942//1942 1944//1944 1945//1945
f 1948//1948 1946//1946 1947//1947
f 1948//1948 1947//1947 1949//1949
f 1908//1908 1938//1938 1937//1937
f 1938//1938 1948//1948 1949//1949
f 1938//1938 1949//1949 1937//1937
f 1950//1950 2178//2178 2231//2231
f 1950//1950 2231//2231 1951//1951
f 1908//1908 1909//1909 1938//1938
f 1941//1941 1940//1940 1952//1952
f 1941//1941 1952//1952 1953//1953
f 1953//1953 1952//1952 1954//1954
f 1953//1953 1954//1954 1955//1955
f 1922//1922 1923//1923 1932//1932
f 1922//1922 1932//1932 1931//1931
f 1955//1955 1954//1954 1923//1923
f 1955//1955 1923//1923 1922//1922
f 1956//1956 1957//1957 1958//1958
f 1956//1956 1958//1958 1959//1959
f 1960//1960 1961//1961 1962//1962
f 1963//1963 1962//1962 1964//1964
f 1963//1963 1960//1960 1962//1962
f 1961//1961 1960//1960 1939//1939
f 1943//1943 1965//1965 1966//1966
f 1943//1943 1966//1966 1944//1944
f 1965//1965 1675//1675 1966//1966
f 1946//1946 1942//1942 1945//1945
f 1946//1946 1945//1945 1947//1947
f 2255//2255 1972//1972 1969//1969
f 2255//2255 1969//1969 1970//1970
f 1973//1973 2255//2255 1970//1970
f 1970//1970 1971//1971 1974//1974
f 1970//1970 1974//1974 1973//1973
f 1975//1975 1976//1976 1977//1977
f 1978//1978 1979//1979 1696//1696
f 1978//1978 1696//1696 1695//1695
f 1967//1967 1968//1968 1980//1980
f 2001//2001 1981//1981 1982//1982
f 2001//2001 1982//1982 1983//1983
f 1675//1675 1963//1963 1964//1964
f 1675//1675 1964//1964 1676//1676
f 1933//1933 1936//1936 1986//1986
f 1986//1986 1980//1980 1933//1933
f 1967//1967 1980//1980 1986//1986
f 1959//1959 1958//1958 1968//1968
f 1959//1959 1968//1968 1967//1967
f 1983//1983 1982//1982 1987//1987
f 1983//1983 1987//1987 1988//1988
f 1988//1988 1987//1987 1989//1989
f 1988//1988 1989//1989 1990//1990
f 1990//1990 1989//1989 1957//1957
f 1990//1990 1957//1957 1956//1956
f 1994//1994 1997//1997 1998//1998
f 2001//2001 1997//1997 1981//1981
f 1934//1934 2002//2002 2003//2003
f 1934//1934 2003//2003 1935//1935
f 2002//2002 1984//1984 1985//1985
f 2002//2002 1985//1985 2003//2003
f 1999//1999 1995//1995 1996//1996
f 1999//1999 1996//1996 2000//2000
f 1997//1997 2001//2001 1998//1998
f 1994//1994 1998//1998 1993//1993
f 2004//2004 2005//2005 2006//2006
f 2004//2004 2006//2006 2007//2007
f 1984//1984 1999//1999 2000//2000
f 1984//1984 2000//2000 1985//1985
f 2008//2008 2004//2004 2007//2007
f 2008//2008 2007//2007 2009//2009
f 1975//1975 1977//1977 2012//2012
f 2010//2010 2011//2011 2012//2012
f 2010//2010 2008//2008 2009//2009
f 2010//2010 2009//2009 2011//2011
f 2012//2012 1977//1977 2010//2010
f 1698//1698 1697//1697 1976//1976
f 1698//1698 1976//1976 1975//1975
f 1785//1785 1784//1784 2013//2013
f 1785//1785 2013//2013 2014//2014
f 2014//2014 2013//2013 1979//1979
f 2014//2014 1979//1979 1978//1978
f 1995//1995 1994//1994 1993//1993
f 1995//1995 1993//1993 1996//1996
f 2023//2023 2015//2015 2016//2016
f 2023//2023 2016//2016 2017//2017
f 2015//2015 2018//2018 2016//2016
f 2015//2015 2019//2019 2018//2018
f 2019//2019 2020//2020 2018//2018
f 2020//2020 2019//2019 1783//1783
f 2005//2005 2021//2021 2022//2022
f 2005//2005 2022//2022 2006//2006
f 2021//2021 2023//2023 2017//2017
f 2021//2021 2017//2017 2022//2022
f 2024//2024 2025//2025 1735//1735
f 2024//2024 2026//2026 2025//2025
f 2027//2027 2026//2026 2024//2024
f 2027//2027 2028//2028 2026//2026
f 2029//2029 2028//2028 2027//2027
f 2029//2029 2030//2030 2028//2028
f 2031//2031 2030//2030 2029//2029
f 2031//2031 2032//2032 2030//2030
f 2033//2033 2032//2032 2031//2031
f 2033//2033 2034//2034 2032//2032
f 2035//2035 2034//2034 2033//2033
f 2035//2035 2036//2036 2034//2034
f 2037//2037 2036//2036 2035//2035
f 2037//2037 2038//2038 2036//2036
f 1737//1737 2038//2038 2037//2037
f 1738//1738 2039//2039 2038//2038
f 1738//1738 2038//2038 1737//1737
f 1739//1739 2040//2040 2039//2039
f 1739//1739 2039//2039 1738//1738
f 1741//1741 2041//2041 2040//2040
f 1741//1741 2040//2040 1739//1739
f 1743//1743 2041//2041 1741//1741
f 1743//1743 2042//2042 2041//2041
f 1742//1742 2042//2042 1743//1743
f 1742//1742 2043//2043 2042//2042
f 1740//1740 2043//2043 1742//1742
f 1740//1740 2044//2044 2043//2043
f 1736//1736 2044//2044 1740//1740
f 1736//1736 2045//2045 2044//2044
f 1735//1735 2045//2045 1736//1736
f 1735//1735 2025//2025 2045//2045
f 2047//2047 2048//2048 2049//2049
f 2043//2043 2050//2050 2047//2047
f 2052//2052 2028//2028 2051//2051
f 2046//2046 2036//2036 2038//2038
f 2041//2041 2049//2049 2053//2053
f 1662//1662 2045//2045 2025//2025
f 2034//2034 2054//2054 2032//2032
f 2046//2046 2039//2039 2040//2040
f 1662//1662 2050//2050 2043//2043
f 1662//1662 2043//2043 2044//2044
f 2030//2030 2051//2051 2028//2028
f 2042//2042 2049//2049 2041//2041
f 2025//2025 2026//2026 2052//2052
f 2025//2025 2052//2052 1662//1662
f 2034//2034 2055//2055 2054//2054
f 2046//2046 2040//2040 2056//2056
f 2030//2030 2057//2057 2051//2051
f 2042//2042 2047//2047 2049//2049
f 2058//2058 2055//2055 2034//2034
f 2058//2058 2034//2034 2036//2036
f 2040//2040 2041//2041 2053//2053
f 2040//2040 2053//2053 2056//2056
f 1662//1662 2044//2044 2045//2045
f 2032//2032 2057//2057 2030//2030
f 2038//2038 2039//2039 2046//2046
f 2043//2043 2047//2047 2042//2042
f 2028//2028 2052//2052 2026//2026
f 2058//2058 2036//2036 2046//2046
f 2032//2032 2054//2054 2057//2057
f 1810//1810 1809//1809 2059//2059
f 1712//1712 2062//2062 2063//2063
f 2066//2066 2067//2067 1810//1810
f 1810//1810 2059//2059 2060//2060
f 2060//2060 2048//2048 2061//2061
f 2061//2061 1712//1712 2063//2063
f 2063//2063 2064//2064 2065//2065
f 2065//2065 2066//2066 1810//1810
f 1810//1810 2060//2060 2061//2061
f 2061//2061 2063//2063 2065//2065
f 1810//1810 2061//2061 2065//2065
f 2066//2066 2055//2055 2058//2058
f 2066//2066 2058//2058 2067//2067
f 2047//2047 2061//2061 2048//2048
f 2050//2050 2061//2061 2047//2047
f 2061//2061 2050//2050 1662//1662
f 1712//1712 2061//2061 1662//1662
f 2051//2051 2063//2063 2062//2062
f 2051//2051 2062//2062 2052//2052
f 2051//2051 2064//2064 2063//2063
f 2057//2057 2064//2064 2051//2051
f 1809//1809 2056//2056 2053//2053
f 2053//2053 2059//2059 1809//1809
f 2057//2057 2065//2065 2064//2064
f 2053//2053 2060//2060 2059//2059
f 2054//2054 2065//2065 2057//2057
f 2049//2049 2060//2060 2053//2053
f 2054//2054 2066//2066 2065//2065
f 2049//2049 2048//2048 2060//2060
f 2055//2055 2066//2066 2054//2054
f 2068//2068 2069//2069 2070//2070
f 2070//2070 2069//2069 2071//2071
f 2070//2070 2071//2071 2072//2072
f 2072//2072 2071//2071 2073//2073
f 2072//2072 2073//2073 2074//2074
f 2073//2073 2075//2075 2074//2074
f 2075//2075 2076//2076 2074//2074
f 2075//2075 2077//2077 2076//2076
f 2077//2077 2078//2078 2076//2076
f 2077//2077 2079//2079 2078//2078
f 2079//2079 2080//2080 2078//2078
f 2080//2080 2079//2079 2081//2081
f 2080//2080 2081//2081 2082//2082
f 2082//2082 2081//2081 2083//2083
f 2083//2083 2081//2081 2084//2084
f 2083//2083 2084//2084 2085//2085
f 2083//2083 2085//2085 2086//2086
f 2086//2086 2085//2085 2087//2087
f 2086//2086 2087//2087 2088//2088
f 2087//2087 2089//2089 2088//2088
f 2089//2089 2090//2090 2088//2088
f 2089//2089 2091//2091 2090//2090
f 2091//2091 2092//2092 2090//2090
f 2091//2091 2093//2093 2092//2092
f 2093//2093 2094//2094 2092//2092
f 2094//2094 2093//2093 2095//2095
f 2094//2094 2095//2095 2096//2096
f 2085//2085 2084//2084 2103//2103
f 2096//2096 2095//2095 2068//2068
f 2068//2068 2095//2095 2069//2069
f 2097//2097 2098//2098 2099//2099
f 2093//2093 2097//2097 2100//2100
f 2102//2102 2073//2073 2101//2101
f 2089//2089 2104//2104 2098//2098
f 2101//2101 2069//2069 2106//2106
f 2069//2069 2095//2095 2106//2106
f 2079//2079 2077//2077 2105//2105
f 2093//2093 2100//2100 2106//2106
f 2075//2075 2073//2073 2102//2102
f 2091//2091 2089//2089 2098//2098
f 2101//2101 2071//2071 2069//2069
f 2079//2079 2105//2105 2107//2107
f 2108//2108 2087//2087 2085//2085
f 2108//2108 2085//2085 2103//2103
f 2095//2095 2093//2093 2106//2106
f 2075//2075 2102//2102 2109//2109
f 2084//2084 2081//2081 2103//2103
f 2091//2091 2098//2098 2097//2097
f 2079//2079 2107//2107 2110//2110
f 2104//2104 2087//2087 2108//2108
f 2077//2077 2075//2075 2109//2109
f 2093//2093 2091//2091 2097//2097
f 2101//2101 2073//2073 2071//2071
f 2081//2081 2079//2079 2110//2110
f 2081//2081 2110//2110 2103//2103
f 2089//2089 2087//2087 2104//2104
f 2077//2077 2109//2109 2105//2105
f 2114//2114 1720//1720 1719//1719
f 1719//1719 2115//2115 2116//2116
f 2118//2118 2119//2119 1970//1970
f 2111//2111 2112//2112 2113//2113
f 2113//2113 2114//2114 1719//1719
f 1719//1719 2116//2116 2099//2099
f 2099//2099 2117//2117 2118//2118
f 2118//2118 1970//1970 2111//2111
f 2111//2111 2113//2113 1719//1719
f 1719//1719 2099//2099 2118//2118
f 2111//2111 1719//1719 2118//2118
f 1970//1970 2110//2110 2107//2107
f 2107//2107 2111//2111 1970//1970
f 2097//2097 2099//2099 2116//2116
f 2100//2100 2097//2097 2116//2116
f 2106//2106 2100//2100 2116//2116
f 2106//2106 2116//2116 2115//2115
f 2114//2114 2102//2102 2101//2101
f 1720//1720 2114//2114 2101//2101
f 2102//2102 2114//2114 2113//2113
f 2109//2109 2102//2102 2113//2113
f 2118//2118 2104//2104 2108//2108
f 2118//2118 2108//2108 2119//2119
f 2109//2109 2113//2113 2112//2112
f 2104//2104 2118//2118 2117//2117
f 2105//2105 2109//2109 2112//2112
f 2098//2098 2104//2104 2117//2117
f 2105//2105 2112//2112 2111//2111
f 2098//2098 2117//2117 2099//2099
f 2107//2107 2105//2105 2111//2111
f 1872//1872 1874//1874 1703//1703
f 2005//2005 2121//2121 2122//2122
f 1846//1846 1854//1854 2123//2123
f 1846//1846 2123//2123 2134//2134
f 2124//2124 1798//1798 1830//1830
f 1831//1831 1694//1694 1693//1693
f 1693//1693 2126//2126 1831//1831
f 1896//1896 1895//1895 2127//2127
f 1896//1896 2127//2127 2128//2128
f 2129//2129 2130//2130 1899//1899
f 2129//2129 1899//1899 1898//1898
f 2131//2131 2132//2132 1921//1921
f 2131//2131 1921//1921 1894//1894
f 1909//1909 1932//1932 2231//2231
f 1909//1909 2231//2231 2178//2178
f 1940//1940 1939//1939 2133//2133
f 2134//2134 2135//2135 1850//1850
f 2134//2134 1850//1850 1846//1846
f 1988//1988 1990//1990 2136//2136
f 2138//2138 1724//1724 1698//1698
f 2138//2138 1698//1698 1975//1975
f 2137//2137 2139//2139 1794//1794
f 2137//2137 1794//1794 1796//1796
f 1674//1674 1670//1670 1668//1668
f 1928//1928 1913//1913 2141//2141
f 1785//1785 2014//2014 2161//2161
f 1785//1785 2161//2161 2142//2142
f 1775//1775 1826//1826 1711//1711
f 1914//1914 1916//1916 2143//2143
f 2144//2144 2145//2145 1817//1817
f 1703//1703 2146//2146 1851//1851
f 1703//1703 1851//1851 1872//1872
f 2021//2021 2005//2005 2122//2122
f 2122//2122 2148//2148 2021//2021
f 2147//2147 2149//2149 1902//1902
f 2147//2147 1902//1902 1904//1904
f 2150//2150 1792//1792 1789//1789
f 1916//1916 1930//1930 2151//2151
f 1916//1916 2151//2151 2143//2143
f 2152//2152 1945//1945 1944//1944
f 2153//2153 2154//2154 1834//1834
f 1834//1834 1838//1838 2153//2153
f 1870//1870 1848//1848 2155//2155
f 1808//1808 1677//1677 1805//1805
f 2155//2155 2156//2156 1870//1870
f 1898//1898 1685//1685 2129//2129
f 1814//1814 1813//1813 1777//1777
f 1814//1814 1777//1777 1776//1776
f 2157//2157 1911//1911 1925//1925
f 1950//1950 1951//1951 1681//1681
f 1950//1950 1681//1681 1680//1680
f 1925//1925 2158//2158 2157//2157
f 2159//2159 1989//1989 1987//1987
f 2135//2135 2160//2160 1871//1871
f 2135//2135 1871//1871 1850//1850
f 1796//1796 1672//1672 1668//1668
f 1796//1796 1668//1668 2137//2137
f 1672//1672 1674//1674 1668//1668
f 2014//2014 1978//1978 2161//2161
f 2162//2162 1797//1797 1800//1800
f 1800//1800 1715//1715 2162//2162
f 2023//2023 2021//2021 2148//2148
f 2165//2165 2166//2166 1780//1780
f 2165//2165 1780//1780 1779//1779
f 1949//1949 1947//1947 2167//2167
f 2167//2167 2168//2168 1949//1949
f 1678//1678 1677//1677 1812//1812
f 1813//1813 1811//1811 1777//1777
f 1897//1897 1906//1906 1705//1705
f 1841//1841 1839//1839 2171//2171
f 2158//2158 1925//1925 1924//1924
f 2171//2171 2172//2172 1841//1841
f 2120//2120 2173//2173 1999//1999
f 2120//2120 1999//1999 1984//1984
f 2246//2246 1992//1992 1994//1994
f 2246//2246 1994//1994 1995//1995
f 2139//2139 2174//2174 1791//1791
f 2139//2139 1791//1791 1794//1794
f 2175//2175 1725//1725 1993//1993
f 2175//2175 1993//1993 1998//1998
f 2176//2176 1801//1801 1804//1804
f 1804//1804 2177//2177 2176//2176
f 2178//2178 2179//2179 1938//1938
f 2146//2146 2163//2163 1847//1847
f 2146//2146 1847//1847 1851//1851
f 2149//2149 2164//2164 1878//1878
f 2149//2149 1878//1878 1902//1902
f 1789//1789 1780//1780 2166//2166
f 1789//1789 2166//2166 2150//2150
f 2181//2181 2124//2124 1830//1830
f 2181//2181 1830//1830 1827//1827
f 1838//1838 1823//1823 2182//2182
f 2182//2182 2153//2153 1838//1838
f 2183//2183 2184//2184 1884//1884
f 2183//2183 1884//1884 1891//1891
f 1924//1924 1681//1681 1951//1951
f 1924//1924 1951//1951 2158//2158
f 1711//1711 1714//1714 1775//1775
f 1707//1707 2185//2185 1955//1955
f 1707//1707 1955//1955 1922//1922
f 1976//1976 1697//1697 1991//1991
f 1976//1976 1991//1991 2180//2180
f 1987//1987 1982//1982 2197//2197
f 1987//1987 2197//2197 2159//2159
f 1996//1996 1993//1993 1725//1725
f 1996//1996 1725//1725 2186//2186
f 1670//1670 1674//1674 1787//1787
f 1787//1787 1666//1666 1670//1670
f 1713//1713 1807//1807 1679//1679
f 2235//2235 1969//1969 1675//1675
f 2235//2235 1675//1675 1965//1965
f 2162//2162 2187//2187 1829//1829
f 2162//2162 1829//1829 1797//1797
f 2179//2179 2188//2188 1948//1948
f 2002//2002 1934//1934 1971//1971
f 2002//2002 1971//1971 2120//2120
f 2189//2189 1879//1879 1881//1881
f 1721//1721 2140//2140 1966//1966
f 1827//1827 1824//1824 2192//2192
f 1827//1827 2192//2192 2181//2181
f 1860//1860 2194//2194 2126//2126
f 2126//2126 1693//1693 1860//1860
f 1867//1867 1870//1870 2156//2156
f 1874//1874 1869//1869 2202//2202
f 1874//1874 2202//2202 1703//1703
f 2184//2184 1882//1882 1884//1884
f 1982//1982 1981//1981 2197//2197
f 2198//2198 1784//1784 1783//1783
f 2009//2009 2007//2007 2209//2209
f 2009//2009 2209//2209 2217//2217
f 1679//1679 1801//1801 2176//2176
f 1679//1679 2176//2176 1713//1713
f 2200//2200 1929//1929 1928//1928
f 1928//1928 2141//2141 2200//2200
f 2220//2220 1711//1711 1826//1826
f 1688//1688 1795//1795 2169//2169
f 1688//1688 2169//2169 2190//2190
f 1948//1948 1938//1938 2179//2179
f 1664//1664 1665//1665 1806//1806
f 1664//1664 1806//1806 1807//1807
f 2193//2193 2201//2201 1773//1773
f 2193//2193 1773//1773 1781//1781
f 2195//2195 1864//1864 1863//1863
f 1869//1869 1867//1867 2202//2202
f 1863//1863 2203//2203 2195//2195
f 1702//1702 2241//2241 1689//1689
f 1702//1702 1689//1689 1691//1691
f 2264//2264 2129//2129 1685//1685
f 2264//2264 1685//1685 1684//1684
f 1882//1882 2184//2184 2204//2204
f 1820//1820 1777//1777 1811//1811
f 2204//2204 1900//1900 1882//1882
f 1843//1843 1841//1841 2172//2172
f 2196//2196 1960//1960 1963//1963
f 1963//1963 1972//1972 2196//2196
f 1676//1676 1964//1964 1716//1716
f 1676//1676 1716//1716 1721//1721
f 2215//2215 2206//2206 1941//1941
f 2215//2215 1941//1941 1953//1953
f 1723//1723 1967//1967 1986//1986
f 1986//1986 1722//1722 1723//1723
f 2207//2207 2001//2001 1983//1983
f 1787//1787 1782//1782 1666//1666
f 2205//2205 2208//2208 1877//1877
f 2205//2205 1877//1877 1885//1885
f 2209//2209 2007//2007 2006//2006
f 2188//2188 2210//2210 1942//1942
f 2188//2188 1942//1942 1946//1946
f 1709//1709 2151//2151 1683//1683
f 1853//1853 1855//1855 2211//2211
f 2175//2175 1998//1998 2001//2001
f 2180//2180 1977//1977 1976//1976
f 2147//2147 1904//1904 1687//1687
f 1673//1673 1688//1688 2190//2190
f 1930//1930 1683//1683 2151//2151
f 1817//1817 1856//1856 2144//2144
f 2190//2190 2212//2212 1673//1673
f 2140//2140 2152//2152 1944//1944
f 2140//2140 1944//1944 1966//1966
f 2213//2213 2198//2198 1783//1783
f 2213//2213 1783//1783 2019//2019
f 1833//1833 1837//1837 1832//1832
f 1677//1677 1808//1808 1812//1812
f 2203//2203 1863//1863 1892//1892
f 2128//2128 1907//1907 1896//1896
f 2185//2185 2215//2215 1953//1953
f 2185//2185 1953//1953 1955//1955
f 1969//1969 1972//1972 1963//1963
f 1969//1969 1963//1963 1675//1675
f 1922//1922 1931//1931 1707//1707
f 2160//2160 1873//1873 1871//1871
f 2216//2216 1979//1979 2013//2013
f 1966//1966 1676//1676 1721//1721
f 2217//2217 2011//2011 2009//2009
f 2200//2200 1950//1950 1680//1680
f 2200//2200 1680//1680 1929//1929
f 2194//2194 1860//1860 1857//1857
f 1818//1818 1694//1694 1831//1831
f 1818//1818 1831//1831 2218//2218
f 2156//2156 2202//2202 1867//1867
f 2132//2132 2223//2223 1910//1910
f 2132//2132 1910//1910 1921//1921
f 2224//2224 2197//2197 1981//1981
f 1981//1981 1997//1997 2224//2224
f 2199//2199 2003//2003 1985//1985
f 1826//1826 1822//1822 2220//2220
f 2216//2216 2225//2225 1696//1696
f 2216//2216 1696//1696 1979//1979
f 2174//2174 2226//2226 1788//1788
f 2174//2174 1788//1788 1790//1790
f 2130//2130 2227//2227 1883//1883
f 2130//2130 1883//1883 1899//1899
f 2187//2187 1828//1828 1829//1829
f 1946//1946 1948//1948 2188//2188
f 2221//2221 1803//1803 1802//1802
f 1977//1977 2180//2180 2228//2228
f 1702//1702 1691//1691 1889//1889
f 1984//1984 2002//2002 2120//2120
f 2253//2253 2123//2123 1854//1854
f 2253//2253 1854//1854 1852//1852
f 1844//1844 1836//1836 2154//2154
f 1844//1844 2154//2154 2229//2229
f 1836//1836 1834//1834 2154//2154
f 1895//1895 1920//1920 2230//2230
f 1895//1895 2230//2230 2127//2127
f 2231//2231 1932//1932 1923//1923
f 1804//1804 1778//1778 2226//2226
f 1804//1804 2226//2226 2177//2177
f 1992//1992 2224//2224 1997//1997
f 2198//2198 2216//2216 2013//2013
f 2198//2198 2013//2013 1784//1784
f 1876//1876 1845//1845 1690//1690
f 1997//1997 1994//1994 1992//1992
f 1901//1901 1877//1877 2208//2208
f 1901//1901 2208//2208 2232//2232
f 1724//1724 2233//2233 1695//1695
f 1724//1724 1695//1695 1698//1698
f 2020//2020 2142//2142 2234//2234
f 2226//2226 1778//1778 1788//1788
f 2234//2234 2018//2018 2020//2020
f 1857//1857 1849//1849 2251//2251
f 1857//1857 2251//2251 2194//2194
f 2210//2210 2235//2235 1943//1943
f 2210//2210 1943//1943 1942//1942
f 2010//2010 1977//1977 2228//2228
f 2228//2228 2236//2236 2010//2010
f 2164//2164 2237//2237 1886//1886
f 2164//2164 1886//1886 1878//1878
f 2238//2238 2192//2192 1824//1824
f 2238//2238 1824//1824 1835//1835
f 1947//1947 1945//1945 2152//2152
f 1947//1947 2152//2152 2167//2167
f 2172//2172 1832//1832 1837//1837
f 2172//2172 1837//1837 1843//1843
f 1692//1692 1861//1861 1710//1710
f 1692//1692 1710//1710 2239//2239
f 2240//2240 1892//1892 1890//1890
f 1690//1690 1864//1864 2195//2195
f 1690//1690 2195//2195 1876//1876
f 2241//2241 2242//2242 1862//1862
f 2243//2243 1706//1706 1682//1682
f 2243//2243 1682//1682 1926//1926
f 1923//1923 1954//1954 2244//2244
f 1923//1923 2244//2244 2231//2231
f 1968//1968 1958//1958 2255//2255
f 1968//1968 2255//2255 1973//1973
f 1986//1986 1936//1936 1722//1722
f 1845//1845 1876//1876 2245//2245
f 2173//2173 2246//2246 1995//1995
f 2173//2173 1995//1995 1999//1999
f 2245//2245 1888//1888 1845//1845
f 2247//2247 2209//2209 2006//2006
f 2247//2247 2006//2006 2022//2022
f 2217//2217 2248//2248 2012//2012
f 2217//2217 2012//2012 2011//2011
f 1980//1980 1968//1968 1973//1973
f 1919//1919 1880//1880 1905//1905
f 1973//1973 1974//1974 1980//1980
f 2236//2236 2008//2008 2010//2010
f 1795//1795 1793//1793 2249//2249
f 1795//1795 2249//2249 2169//2169
f 2250//2250 2213//2213 2019//2019
f 2250//2250 2019//2019 2015//2015
f 1832//1832 2238//2238 1835//1835
f 1832//1832 1835//1835 1833//1833
f 2145//2145 1710//1710 1861//1861
f 2145//2145 1861//1861 1817//1817
f 1805//1805 1773//1773 2201//2201
f 1687//1687 1686//1686 1704//1704
f 1687//1687 1704//1704 2147//2147
f 1892//1892 2240//2240 2203//2203
f 2223//2223 1927//1927 1910//1910
f 1954//1954 1952//1952 2252//2252
f 1954//1954 2252//2252 2244//2244
f 1683//1683 1682//1682 1706//1706
f 1683//1683 1706//1706 1709//1709
f 1814//1814 1776//1776 1816//1816
f 1852//1852 1819//1819 2218//2218
f 1852//1852 2218//2218 2253//2253
f 2254//2254 2255//2255 1958//1958
f 2254//2254 1958//1958 1957//1957
f 2174//2174 1790//1790 1791//1791
f 2017//2017 2016//2016 2214//2214
f 2017//2017 2214//2214 2256//2256
f 1956//1956 1959//1959 1717//1717
f 1956//1956 1717//1717 2257//2257
f 2207//2207 2175//2175 2001//2001
f 1665//1665 1774//1774 1806//1806
f 1825//1825 1840//1840 2258//2258
f 1825//1825 2258//2258 2219//2219
f 1933//1933 1980//1980 1974//1974
f 1974//1974 1971//1971 1933//1933
f 2259//2259 1702//1702 1889//1889
f 1889//1889 1887//1887 2259//2259
f 1819//1819 1818//1818 2218//2218
f 2212//2212 2193//2193 1786//1786
f 1786//1786 1673//1673 2212//2212
f 1890//1890 1883//1883 2227//2227
f 1890//1890 2227//2227 2240//2240
f 1848//1848 1858//1858 2170//2170
f 1848//1848 2170//2170 2155//2155
f 2189//2189 1705//1705 1906//1906
f 2189//2189 1906//1906 1879//1879
f 2223//2223 2243//2243 1926//1926
f 2223//2223 1926//1926 1927//1927
f 1708//1708 1707//1707 1931//1931
f 1708//1708 1931//1931 1908//1908
f 2260//2260 2199//2199 1985//1985
f 2260//2260 1985//1985 2000//2000
f 2256//2256 2247//2247 2022//2022
f 2256//2256 2022//2022 2017//2017
f 1975//1975 2012//2012 2248//2248
f 2248//2248 2138//2138 1975//1975
f 2261//2261 1917//1917 1919//1919
f 1919//1919 1905//1905 2261//2261
f 1714//1714 1715//1715 1800//1800
f 1714//1714 1800//1800 1815//1815
f 1782//1782 1774//1774 1665//1665
f 1782//1782 1665//1665 1666//1666
f 2235//2235 1965//1965 1943//1943
f 2219//2219 2220//2220 1822//1822
f 2219//2219 1822//1822 1825//1825
f 1887//1887 1886//1886 2237//2237
f 1887//1887 2237//2237 2259//2259
f 2263//2263 1799//1799 1798//1798
f 2168//2168 1708//1708 1937//1937
f 1937//1937 1949//1949 2168//2168
f 1816//1816 1799//1799 2263//2263
f 1816//1816 2263//2263 1814//1814
f 1798//1798 2124//2124 2263//2263
f 2201//2201 1808//1808 1805//1805
f 1893//1893 1862//1862 2242//2242
f 2204//2204 1704//1704 1686//1686
f 2204//2204 1686//1686 1900//1900
f 1821//1821 1820//1820 1811//1811
f 1821//1821 1811//1811 2222//2222
f 1962//1962 1961//1961 2191//2191
f 1962//1962 2191//2191 1716//1716
f 2257//2257 2136//2136 1990//1990
f 2257//2257 1990//1990 1956//1956
f 1903//1903 1901//1901 2232//2232
f 1903//1903 2232//2232 2264//2264
f 1917//1917 2261//2261 2265//2265
f 2136//2136 2207//2207 1983//1983
f 2136//2136 1983//1983 1988//1988
f 1807//1807 1713//1713 1664//1664
f 2265//2265 1912//1912 1917//1917
f 2221//2221 2165//2165 1779//1779
f 2221//2221 1779//1779 1803//1803
f 2125//2125 2262//2262 1918//1918
f 2125//2125 1918//1918 1915//1915
f 2187//2187 2182//2182 1823//1823
f 2187//2187 1823//1823 1828//1828
f 2193//2193 1781//1781 1786//1786
f 2266//2266 2251//2251 1849//1849
f 2266//2266 1849//1849 1866//1866
f 1858//1858 1859//1859 2170//2170
f 2160//2160 1875//1875 1868//1868
f 2160//2160 1868//1868 1873//1873
f 1891//1891 1893//1893 2242//2242
f 1891//1891 2242//2242 2183//2183
f 2222//2222 2171//2171 1839//1839
f 1920//1920 1911//1911 2157//2157
f 1920//1920 2157//2157 2230//2230
f 1705//1705 2131//2131 1894//1894
f 1705//1705 1894//1894 1897//1897
f 1839//1839 1821//1821 2222//2222
f 1718//1718 1722//1722 1936//1936
f 1888//1888 2245//2245 2205//2205
f 1939//1939 1960//1960 2196//2196
f 1939//1939 2196//2196 2133//2133
f 2186//2186 2260//2260 2000//2000
f 2186//2186 2000//2000 1996//1996
f 1840//1840 1842//1842 2229//2229
f 1840//1840 2229//2229 2258//2258
f 2265//2265 2141//2141 1913//1913
f 2265//2265 1913//1913 1912//1912
f 1971//1971 1934//1934 1933//1933
f 2121//2121 2005//2005 2004//2004
f 2262//2262 2189//2189 1881//1881
f 2262//2262 1881//1881 1918//1918
f 1812//1812 2221//2221 1802//1802
f 1812//1812 1802//1802 1678//1678
f 1936//1936 1935//1935 1718//1718
f 2143//2143 2125//2125 1915//1915
f 2143//2143 1915//1915 1914//1914
f 1875//1875 2266//2266 1866//1866
f 1875//1875 1866//1866 1865//1865
f 1862//1862 1689//1689 2241//2241
f 1856//1856 1853//1853 2211//2211
f 1856//1856 2211//2211 2144//2144
f 2159//2159 2254//2254 1957//1957
f 2159//2159 1957//1957 1989//1989
f 1723//1723 1717//1717 1959//1959
f 1723//1723 1959//1959 1967//1967
f 1684//1684 1903//1903 2264//2264
f 2020//2020 1785//1785 2142//2142
f 2225//2225 1697//1697 1696//1696
f 1815//1815 1775//1775 1714//1714
f 2206//2206 2191//2191 1961//1961
f 2206//2206 1961//1961 1941//1941
f 2015//2015 2023//2023 2148//2148
f 2015//2015 2148//2148 2250//2250
f 2236//2236 2121//2121 2004//2004
f 2236//2236 2004//2004 2008//2008
f 2150//2150 2249//2249 1793//1793
f 2150//2150 1793//1793 1792//1792
f 1908//1908 1937//1937 1708//1708
f 2163//2163 2211//2211 1855//1855
f 2163//2163 1855//1855 1847//1847
f 1865//1865 1868//1868 1875//1875
f 1880//1880 1907//1907 2128//2128
f 1880//1880 2128//2128 1905//1905
f 1952//1952 1940//1940 2133//2133
f 1952//1952 2133//2133 2252//2252
f 1716//1716 1964//1964 1962//1962
f 2225//2225 1991//1991 1697//1697
f 1885//1885 1888//1888 2205//2205
f 2214//2214 2016//2016 2018//2018
f 2018//2018 2234//2234 2214//2214
f 2233//2233 2161//2161 1978//1978
f 2233//2233 1978//1978 1695//1695
f 1935//1935 2003//2003 2199//2199
f 1935//1935 2199//2199 1718//1718
f 2178//2178 1938//1938 1909//1909
f 1842//1842 1844//1844 2229//2229
f 2239//2239 2170//2170 1859//1859
f 2239//2239 1859//1859 1692//1692
f 2269//2269 2268//2268 2281//2281
f 2270//2270 2280//2280 2267//2267
f 2270//2270 2267//2267 2271//2271
f 2269//2269 2281//2281 2272//2272
f 2270//2270 2271//2271 2273//2273
f 2274//2274 2269//2269 2272//2272
f 2270//2270 2273//2273 2275//2275
f 2276//2276 2274//2274 2272//2272
f 2270//2270 2275//2275 2277//2277
f 2278//2278 2276//2276 2272//2272
f 2272//2272 2270//2270 2277//2277
f 2279//2279 2278//2278 2272//2272
f 2272//2272 2277//2277 2279//2279
f 2280//2280 2282//2282 2283//2283
f 2280//2280 2283//2283 2281//2281
f 2281//2281 2268//2268 2284//2284
f 2285//2285 2267//2267 2280//2280
f 2281//2281 2284//2284 2286//2286
f 2287//2287 2285//2285 2280//2280
f 2280//2280 2281//2281 2286//2286
f 2286//2286 2287//2287 2280//2280
f 2294//2294 2214//2214 2234//2234
f 2294//2294 2234//2234 2142//2142
f 2290//2290 2293//2293 2294//2294
f 2290//2290 2294//2294 2142//2142
f 2290//2290 2142//2142 2161//2161
f 2289//2289 2290//2290 2161//2161
f 2288//2288 2289//2289 2161//2161
f 2256//2256 2214//2214 2294//2294
f 2256//2256 2294//2294 2295//2295
f 2296//2296 2247//2247 2256//2256
f 2296//2296 2256//2256 2295//2295
f 2298//2298 2297//2297 2296//2296
f 2298//2298 2296//2296 2295//2295
f 2299//2299 2298//2298 2295//2295
f 2299//2299 2295//2295 2300//2300
f 2301//2301 2299//2299 2300//2300
f 2301//2301 2300//2300 2292//2292
f 2302//2302 2301//2301 2292//2292
f 2302//2302 2292//2292 2291//2291
f 2302//2302 2291//2291 2303//2303
f 2304//2304 2302//2302 2303//2303
f 2304//2304 2303//2303 2305//2305
f 2306//2306 2304//2304 2305//2305
f 2247//2247 2296//2296 2309//2309
f 2209//2209 2247//2247 2309//2309
f 2217//2217 2209//2209 2309//2309
f 2217//2217 2309//2309 2310//2310
f 2217//2217 2310//2310 2308//2308
f 1724//1724 1725//1725 2175//2175
f 2233//2233 1724//1724 2175//2175
f 2161//2161 2233//2233 2175//2175
f 2161//2161 2175//2175 2207//2207
f 2288//2288 2161//2161 2207//2207
f 2288//2288 2207//2207 2136//2136
f 1725//1725 1724//1724 2138//2138
f 2186//2186 1725//1725 2138//2138
f 2186//2186 2138//2138 2248//2248
f 2260//2260 2186//2186 2248//2248
f 2199//2199 2260//2260 2248//2248
f 1719//1719 1718//1718 2199//2199
f 2115//2115 1719//1719 2199//2199
f 2115//2115 2199//2199 2248//2248
f 2115//2115 2248//2248 2217//2217
f 2106//2106 2115//2115 2217//2217
f 2106//2106 2217//2217 2308//2308
f 2106//2106 2308//2308 2307//2307
f 2319//2319 2318//2318 2317//2317
f 2311//2311 2106//2106 2307//2307
f 2319//2319 2317//2317 2316//2316
f 2312//2312 2311//2311 2307//2307
f 2312//2312 2307//2307 2320//2320
f 2312//2312 2320//2320 2321//2321
f 2313//2313 2312//2312 2321//2321
f 2313//2313 2321//2321 2306//2306
f 2322//2322 2319//2319 2316//2316
f 2315//2315 2313//2313 2306//2306
f 2315//2315 2306//2306 2305//2305
f 2139//2139 2137//2137 2326//2326
f 2326//2326 2324//2324 2325//2325
f 2139//2139 2326//2326 2325//2325
f 2174//2174 2139//2139 2325//2325
f 2226//2226 2174//2174 2325//2325
f 2226//2226 2325//2325 2327//2327
f 2226//2226 2327//2327 2323//2323
f 2162//2162 1715//1715 2176//2176
f 2162//2162 2176//2176 2177//2177
f 2162//2162 2177//2177 2226//2226
f 2187//2187 2162//2162 2226//2226
f 2187//2187 2226//2226 2323//2323
f 2182//2182 2187//2187 2323//2323
f 2239//2239 1710//1710 2154//2154
f 2239//2239 2154//2154 2153//2153
f 2170//2170 2239//2239 2153//2153
f 2170//2170 2153//2153 2182//2182
f 2170//2170 2182//2182 2323//2323
f 2155//2155 2170//2170 2323//2323
f 2315//2315 2305//2305 2328//2328
f 2323//2323 2322//2322 2316//2316
f 2323//2323 2316//2316 2314//2314
f 2155//2155 2323//2323 2314//2314
f 2156//2156 2155//2155 2314//2314
f 2314//2314 2315//2315 2328//2328
f 2241//2241 2202//2202 2156//2156
f 2314//2314 2328//2328 2329//2329
f 2242//2242 2241//2241 2156//2156
f 2183//2183 2242//2242 2156//2156
f 2183//2183 2156//2156 2314//2314
f 2184//2184 2183//2183 2314//2314
f 2204//2204 2184//2184 2314//2314
f 1705//1705 1704//1704 2204//2204
f 2314//2314 2329//2329 2288//2288
f 2314//2314 2288//2288 2136//2136
f 2131//2131 1705//1705 2204//2204
f 2132//2132 2131//2131 2204//2204
f 2257//2257 1717//1717 1716//1716
f 2257//2257 1716//1716 2191//2191
f 2136//2136 2257//2257 2191//2191
f 2132//2132 2204//2204 2314//2314
f 2314//2314 2136//2136 2191//2191
f 2223//2223 2132//2132 2314//2314
f 2314//2314 2191//2191 2206//2206
f 2314//2314 2206//2206 2215//2215
f 2243//2243 2223//2223 2314//2314
f 2243//2243 2314//2314 2215//2215
f 2243//2243 2215//2215 2185//2185
f 1706//1706 2243//2243 2185//2185
f 1706//1706 2185//2185 1707//1707
f 2282//2282 2330//2330 2283//2283
f 2353//2353 2332//2332 2331//2331
f 2336//2336 2337//2337 2338//2338
f 2335//2335 2336//2336 2338//2338
f 2339//2339 2335//2335 2338//2338
f 2339//2339 2338//2338 2340//2340
f 2343//2343 2341//2341 2342//2342
f 2344//2344 2343//2343 2342//2342
f 2344//2344 2342//2342 2345//2345
f 2340//2340 2344//2344 2345//2345
f 2340//2340 2345//2345 2365//2365
f 2349//2349 2394//2394 2122//2122
f 2349//2349 2122//2122 2121//2121
f 2349//2349 2121//2121 2236//2236
f 2348//2348 2349//2349 2236//2236
f 2347//2347 2348//2348 2236//2236
f 2337//2337 2336//2336 2350//2350
f 2351//2351 2337//2337 2350//2350
f 2352//2352 2351//2351 2350//2350
f 2352//2352 2350//2350 2353//2353
f 2180//2180 1991//1991 1992//1992
f 2180//2180 1992//1992 2246//2246
f 2228//2228 2180//2180 2246//2246
f 2228//2228 2246//2246 2173//2173
f 2228//2228 2173//2173 2120//2120
f 2120//2120 1971//1971 1970//1970
f 2120//2120 1970//1970 2119//2119
f 2228//2228 2120//2120 2119//2119
f 2236//2236 2228//2228 2119//2119
f 2236//2236 2119//2119 2108//2108
f 2347//2347 2236//2236 2108//2108
f 2346//2346 2347//2347 2108//2108
f 2103//2103 2354//2354 2355//2355
f 2361//2361 2362//2362 2363//2363
f 2108//2108 2103//2103 2355//2355
f 2346//2346 2108//2108 2355//2355
f 2360//2360 2361//2361 2363//2363
f 2346//2346 2355//2355 2356//2356
f 2364//2364 2346//2346 2356//2356
f 2365//2365 2364//2364 2356//2356
f 2340//2340 2365//2365 2356//2356
f 2340//2340 2356//2356 2357//2357
f 2339//2339 2340//2340 2357//2357
f 2360//2360 2363//2363 2366//2366
f 2339//2339 2357//2357 2358//2358
f 2370//2370 2169//2169 2249//2249
f 2368//2368 2369//2369 2370//2370
f 2368//2368 2370//2370 2249//2249
f 2368//2368 2249//2249 2150//2150
f 2150//2150 2166//2166 2371//2371
f 2150//2150 2371//2371 2372//2372
f 2150//2150 2372//2372 2373//2373
f 2368//2368 2150//2150 2373//2373
f 2374//2374 2368//2368 2373//2373
f 2374//2374 2373//2373 2375//2375
f 2374//2374 2375//2375 2376//2376
f 2367//2367 2374//2374 2376//2376
f 2367//2367 2376//2376 2377//2377
f 2366//2366 2367//2367 2377//2377
f 2360//2360 2366//2366 2377//2377
f 2360//2360 2377//2377 2378//2378
f 2379//2379 2339//2339 2358//2358
f 2360//2360 2378//2378 2380//2380
f 2359//2359 2360//2360 2380//2380
f 2379//2379 2358//2358 2359//2359
f 2359//2359 2380//2380 2381//2381
f 2382//2382 2379//2379 2359//2359
f 2359//2359 2381//2381 2383//2383
f 2359//2359 2383//2383 2384//2384
f 2385//2385 2382//2382 2359//2359
f 2359//2359 2384//2384 2386//2386
f 2359//2359 2386//2386 2387//2387
f 2359//2359 2387//2387 2388//2388
f 2334//2334 2385//2385 2359//2359
f 2388//2388 2371//2371 2166//2166
f 2334//2334 2359//2359 2388//2388
f 2388//2388 2166//2166 2165//2165
f 2333//2333 2334//2334 2388//2388
f 2388//2388 2165//2165 2221//2221
f 2331//2331 2333//2333 2388//2388
f 2352//2352 2353//2353 2331//2331
f 2392//2392 2352//2352 2331//2331
f 2388//2388 2221//2221 2263//2263
f 2389//2389 2342//2342 2341//2341
f 2389//2389 2341//2341 2390//2390
f 2391//2391 2389//2389 2390//2390
f 2391//2391 2390//2390 2392//2392
f 2393//2393 2391//2391 2392//2392
f 2394//2394 2393//2393 2392//2392
f 2148//2148 2394//2394 2392//2392
f 2250//2250 2148//2148 2392//2392
f 2388//2388 2263//2263 2124//2124
f 2250//2250 2392//2392 2331//2331
f 2388//2388 2124//2124 2181//2181
f 2213//2213 2250//2250 2331//2331
f 2388//2388 2181//2181 2192//2192
f 2198//2198 2213//2213 2331//2331
f 2331//2331 2388//2388 2192//2192
f 2238//2238 1832//1832 1831//1831
f 2238//2238 1831//1831 2126//2126
f 2192//2192 2238//2238 2126//2126
f 2192//2192 2126//2126 2194//2194
f 2216//2216 2198//2198 2331//2331
f 1992//1992 1991//1991 2225//2225
f 2224//2224 1992//1992 2225//2225
f 2224//2224 2225//2225 2216//2216
f 2197//2197 2224//2224 2216//2216
f 2331//2331 2192//2192 2194//2194
f 2331//2331 2194//2194 2251//2251
f 2197//2197 2216//2216 2331//2331
f 2159//2159 2197//2197 2331//2331
f 2266//2266 1875//1875 2195//2195
f 2266//2266 2195//2195 2203//2203
f 2251//2251 2266//2266 2203//2203
f 2251//2251 2203//2203 2240//2240
f 2196//2196 1972//1972 2255//2255
f 2196//2196 2255//2255 2254//2254
f 2196//2196 2254//2254 2159//2159
f 2133//2133 2196//2196 2159//2159
f 2133//2133 2159//2159 2331//2331
f 2252//2252 2133//2133 2331//2331
f 2331//2331 2251//2251 2240//2240
f 2331//2331 2240//2240 2227//2227
f 2130//2130 2129//2129 2128//2128
f 2130//2130 2128//2128 2127//2127
f 2227//2227 2130//2130 2127//2127
f 2227//2227 2127//2127 2230//2230
f 2158//2158 1951//1951 2231//2231
f 2158//2158 2231//2231 2244//2244
f 2157//2157 2158//2158 2244//2244
f 2157//2157 2244//2244 2252//2252
f 2157//2157 2252//2252 2331//2331
f 2331//2331 2227//2227 2230//2230
f 2230//2230 2157//2157 2331//2331
f 2148//2148 2122//2122 2394//2394
f 2397//2397 2398//2398 2396//2396
f 2397//2397 2396//2396 2395//2395
f 2401//2401 2399//2399 2400//2400
f 2401//2401 2400//2400 2402//2402
f 2403//2403 2404//2404 2401//2401
f 2402//2402 2403//2403 2401//2401
f 2405//2405 2395//2395 2396//2396
f 2405//2405 2396//2396 2406//2406
f 2468//2468 2469//2469 2410//2410
f 2361//2361 2468//2468 2410//2410
f 2410//2410 2411//2411 2408//2408
f 2362//2362 2361//2361 2410//2410
f 2407//2407 2419//2419 2412//2412
f 2413//2413 2407//2407 2412//2412
f 2414//2414 2413//2413 2412//2412
f 2414//2414 2412//2412 2415//2415
f 2416//2416 2417//2417 2190//2190
f 2190//2190 2169//2169 2370//2370
f 2418//2418 2419//2419 2407//2407
f 2418//2418 2407//2407 2420//2420
f 2418//2418 2420//2420 2421//2421
f 2370//2370 2418//2418 2421//2421
f 2190//2190 2370//2370 2421//2421
f 2190//2190 2421//2421 2422//2422
f 2416//2416 2190//2190 2422//2422
f 2416//2416 2422//2422 2423//2423
f 2416//2416 2423//2423 2424//2424
f 2425//2425 2416//2416 2424//2424
f 2425//2425 2424//2424 2426//2426
f 2409//2409 2425//2425 2426//2426
f 2409//2409 2426//2426 2427//2427
f 2408//2408 2409//2409 2427//2427
f 2410//2410 2408//2408 2427//2427
f 2414//2414 2415//2415 2362//2362
f 2427//2427 2414//2414 2362//2362
f 2427//2427 2362//2362 2410//2410
f 2428//2428 1746//1746 1745//1745
f 1749//1749 1750//1750 2429//2429
f 2428//2428 1745//1745 1729//1729
f 1728//1728 1749//1749 2429//2429
f 2430//2430 2428//2428 1729//1729
f 1728//1728 2429//2429 2431//2431
f 2432//2432 2430//2430 1729//1729
f 1728//1728 2431//2431 2433//2433
f 2434//2434 2432//2432 1729//1729
f 1728//1728 2433//2433 2435//2435
f 2434//2434 1729//1729 1728//1728
f 1728//1728 2435//2435 2434//2434
f 2436//2436 2437//2437 2438//2438
f 2441//2441 2440//2440 2267//2267
f 2441//2441 2267//2267 2285//2285
f 2285//2285 2442//2442 2441//2441
f 2287//2287 2442//2442 2285//2285
f 2287//2287 2443//2443 2442//2442
f 2286//2286 2443//2443 2287//2287
f 2286//2286 2444//2444 2443//2443
f 2284//2284 2444//2444 2286//2286
f 2284//2284 2445//2445 2444//2444
f 2268//2268 2445//2445 2284//2284
f 2268//2268 2446//2446 2445//2445
f 2269//2269 2446//2446 2268//2268
f 2269//2269 2447//2447 2446//2446
f 2274//2274 2447//2447 2269//2269
f 2274//2274 2448//2448 2447//2447
f 2276//2276 2448//2448 2274//2274
f 2276//2276 2449//2449 2448//2448
f 2278//2278 2449//2449 2276//2276
f 2278//2278 2450//2450 2449//2449
f 2279//2279 2450//2450 2278//2278
f 2279//2279 2451//2451 2450//2450
f 2277//2277 2451//2451 2279//2279
f 2277//2277 2452//2452 2451//2451
f 2275//2275 2452//2452 2277//2277
f 2453//2453 2452//2452 2275//2275
f 2453//2453 2275//2275 2273//2273
f 2439//2439 2453//2453 2273//2273
f 2439//2439 2273//2273 2271//2271
f 2440//2440 2439//2439 2271//2271
f 2440//2440 2271//2271 2267//2267
f 2439//2439 2440//2440 2454//2454
f 2440//2440 2455//2455 2454//2454
f 2440//2440 2441//2441 2455//2455
f 2441//2441 2442//2442 2455//2455
f 2442//2442 2456//2456 2455//2455
f 2442//2442 2443//2443 2456//2456
f 2443//2443 2444//2444 2456//2456
f 2444//2444 2457//2457 2456//2456
f 2444//2444 2445//2445 2457//2457
f 2445//2445 2446//2446 2457//2457
f 2446//2446 2458//2458 2457//2457
f 2446//2446 2447//2447 2458//2458
f 2447//2447 2448//2448 2458//2458
f 2448//2448 2459//2459 2458//2458
f 2448//2448 2449//2449 2459//2459
f 2449//2449 2450//2450 2459//2459
f 2450//2450 2460//2460 2459//2459
f 2450//2450 2451//2451 2460//2460
f 2451//2451 2452//2452 2460//2460
f 2452//2452 2461//2461 2460//2460
f 2452//2452 2453//2453 2461//2461
f 2453//2453 2439//2439 2454//2454
f 2453//2453 2454//2454 2461//2461
f 2461//2461 2454//2454 2455//2455
f 2455//2455 2456//2456 2457//2457
f 2457//2457 2458//2458 2459//2459
f 2459//2459 2460//2460 2461//2461
f 2461//2461 2455//2455 2457//2457
f 2457//2457 2459//2459 2461//2461
f 2270//2270 2272//2272 2398//2398
f 2270//2270 2398//2398 2397//2397
f 2464//2464 2465//2465 2466//2466
f 2464//2464 2466//2466 2467//2467
f 2468//2468 2464//2464 2467//2467
f 2468//2468 2467//2467 2469//2469
f 2470//2470 2471//2471 2463//2463
f 2470//2470 2463//2463 2462//2462
f 1733//1733 1732//1732 2472//2472
f 2466//2466 2465//2465 2462//2462
f 2466//2466 2462//2462 2463//2463
f 1733//1733 2472//2472 2473//2473
f 2471//2471 2470//2470 2404//2404
f 2471//2471 2404//2404 2403//2403
f 1731//1731 1730//1730 2476//2476
f 1731//1731 2476//2476 2477//2477
f 2477//2477 2476//2476 2475//2475
f 2477//2477 2475//2475 2474//2474
f 2475//2475 2480//2480 2481//2481
f 2475//2475 2481//2481 2474//2474
f 2482//2482 2479//2479 2478//2478
f 2482//2482 2478//2478 2483//2483
f 2484//2484 2485//2485 2486//2486
f 2484//2484 2486//2486 2487//2487
f 2487//2487 2486//2486 1727//1727
f 2487//2487 1727//1727 1726//1726
f 1659//1659 2400//2400 2399//2399
f 1659//1659 2399//2399 2317//2317
f 1660//1660 1659//1659 2317//2317
f 2488//2488 1660//1660 2317//2317
f 2317//2317 2318//2318 2489//2489
f 2488//2488 2317//2317 2489//2489
f 2490//2490 2488//2488 2489//2489
f 2490//2490 2489//2489 2491//2491
f 2492//2492 2490//2490 2491//2491
f 2493//2493 2492//2492 2491//2491
f 2493//2493 2491//2491 2494//2494
f 2493//2493 2494//2494 2495//2495
f 1668//1668 2496//2496 2493//2493
f 2137//2137 1668//1668 2493//2493
f 2493//2493 2495//2495 2326//2326
f 2326//2326 2137//2137 2493//2493
f 2478//2478 2479//2479 2485//2485
f 2478//2478 2485//2485 2484//2484
f 1770//1770 2428//2428 1772//1772
f 1772//1772 2428//2428 2430//2430
f 1772//1772 2430//2430 1771//1771
f 1771//1771 2430//2430 2432//2432
f 2432//2432 1769//1769 1771//1771
f 2434//2434 1769//1769 2432//2432
f 2434//2434 1766//1766 1769//1769
f 2435//2435 1766//1766 2434//2434
f 2435//2435 1765//1765 1766//1766
f 2433//2433 1765//1765 2435//2435
f 2433//2433 2431//2431 1762//1762
f 2433//2433 1762//1762 1765//1765
f 2431//2431 2429//2429 1762//1762
f 2429//2429 1760//1760 1762//1762
f 2429//2429 1750//1750 1760//1760
f 1750//1750 1756//1756 1760//1760
f 1750//1750 1751//1751 1756//1756
f 1751//1751 1761//1761 1756//1756
f 1751//1751 1753//1753 1761//1761
f 1753//1753 1763//1763 1761//1761
f 1753//1753 1752//1752 1763//1763
f 1752//1752 1764//1764 1763//1763
f 1752//1752 1747//1747 1764//1764
f 1747//1747 1767//1767 1764//1764
f 1767//1767 1747//1747 1746//1746
f 1767//1767 1746//1746 1768//1768
f 1768//1768 1746//1746 1770//1770
f 1770//1770 1746//1746 2428//2428
f 2497//2497 2498//2498 2358//2358
f 2358//2358 2357//2357 2499//2499
f 2358//2358 2499//2499 2497//2497
f 2500//2500 1701//1701 2501//2501
f 2501//2501 2083//2083 2086//2086
f 2068//2068 2070//2070 2500//2500
f 2500//2500 2501//2501 2086//2086
f 2096//2096 2068//2068 2500//2500
f 2500//2500 2086//2086 2088//2088
f 2094//2094 2096//2096 2500//2500
f 2500//2500 2088//2088 2090//2090
f 2092//2092 2094//2094 2500//2500
f 2090//2090 2092//2092 2500//2500
f 2502//2502 2503//2503 2473//2473
f 2502//2502 2473//2473 2472//2472
f 2504//2504 2505//2505 1656//1656
f 2504//2504 1656//1656 1655//1655
f 2503//2503 2502//2502 2481//2481
f 2503//2503 2481//2481 2480//2480
f 2405//2405 2406//2406 2506//2506
f 2405//2405 2506//2506 2507//2507
f 1655//1655 1656//1656 2508//2508
f 1655//1655 2508//2508 2509//2509
f 2436//2436 2509//2509 2508//2508
f 2436//2436 2508//2508 2437//2437
f 2507//2507 2506//2506 1700//1700
f 2507//2507 1700//1700 1699//1699
f 2438//2438 2437//2437 2330//2330
f 2212//2212 2190//2190 2417//2417
f 2417//2417 2510//2510 2511//2511
f 2193//2193 2212//2212 2417//2417
f 2193//2193 2417//2417 2511//2511
f 2201//2201 2193//2193 2511//2511
f 1809//1809 1808//1808 2201//2201
f 2056//2056 1809//1809 2201//2201
f 2056//2056 2201//2201 2511//2511
f 2056//2056 2511//2511 2512//2512
f 2514//2514 2515//2515 2046//2046
f 2516//2516 2411//2411 2410//2410
f 2514//2514 2046//2046 2056//2056
f 2514//2514 2056//2056 2512//2512
f 2514//2514 2512//2512 2513//2513
f 2516//2516 2410//2410 2514//2514
f 2517//2517 2516//2516 2514//2514
f 2514//2514 2513//2513 2517//2517
f 1699//1699 1701//1701 2500//2500
f 2550//2550 2518//2518 2519//2519
f 2520//2520 2521//2521 2522//2522
f 2525//2525 2520//2520 2522//2522
f 2523//2523 2524//2524 2526//2526
f 2526//2526 2525//2525 2522//2522
f 2522//2522 2523//2523 2526//2526
f 2527//2527 2528//2528 2529//2529
f 2527//2527 2529//2529 2530//2530
f 2522//2522 2521//2521 2531//2531
f 2532//2532 2524//2524 2523//2523
f 2530//2530 2522//2522 2531//2531
f 2532//2532 2523//2523 2527//2527
f 2533//2533 2532//2532 2527//2527
f 2530//2530 2531//2531 2534//2534
f 2535//2535 2533//2533 2527//2527
f 2530//2530 2534//2534 2536//2536
f 2537//2537 2535//2535 2527//2527
f 2538//2538 2537//2537 2527//2527
f 2530//2530 2536//2536 2539//2539
f 2530//2530 2539//2539 2538//2538
f 2527//2527 2530//2530 2538//2538
f 2540//2540 2541//2541 2542//2542
f 2540//2540 2542//2542 2543//2543
f 2545//2545 2544//2544 2540//2540
f 2547//2547 2546//2546 2545//2545
f 2545//2545 2540//2540 2543//2543
f 2545//2545 2543//2543 2548//2548
f 2548//2548 2549//2549 2547//2547
f 2547//2547 2545//2545 2548//2548
f 2553//2553 2523//2523 2522//2522
f 2553//2553 2522//2522 2554//2554
f 2555//2555 2556//2556 2558//2558
f 2555//2555 2558//2558 2557//2557
f 2558//2558 2559//2559 2560//2560
f 2558//2558 2560//2560 2557//2557
f 2551//2551 2552//2552 2562//2562
f 2551//2551 2562//2562 2561//2561
f 2563//2563 2561//2561 2562//2562
f 2563//2563 2562//2562 2564//2564
f 2565//2565 2566//2566 2552//2552
f 2565//2565 2552//2552 2551//2551
f 2567//2567 2568//2568 2566//2566
f 2567//2567 2566//2566 2565//2565
f 2556//2556 2555//2555 2569//2569
f 2556//2556 2569//2569 2570//2570
f 2570//2570 2569//2569 2571//2571
f 2570//2570 2571//2571 2518//2518
f 2518//2518 2571//2571 2519//2519
f 2550//2550 2568//2568 2567//2567
f 2553//2553 2554//2554 2560//2560
f 2553//2553 2560//2560 2559//2559
f 2573//2573 2574//2574 2575//2575
f 2576//2576 2572//2572 2573//2573
f 2576//2576 2573//2573 2575//2575
f 2578//2578 2577//2577 2576//2576
f 2579//2579 2580//2580 2578//2578
f 2576//2576 2575//2575 2579//2579
f 2578//2578 2576//2576 2579//2579
f 2529//2529 2528//2528 2563//2563
f 2529//2529 2563//2563 2564//2564
f 2533//2533 2581//2581 2582//2582
f 2533//2533 2582//2582 2532//2532
f 2532//2532 2582//2582 2583//2583
f 2532//2532 2583//2583 2524//2524
f 2583//2583 2584//2584 2524//2524
f 2584//2584 2526//2526 2524//2524
f 2584//2584 2585//2585 2526//2526
f 2585//2585 2525//2525 2526//2526
f 2585//2585 2586//2586 2525//2525
f 2586//2586 2520//2520 2525//2525
f 2520//2520 2586//2586 2587//2587
f 2520//2520 2587//2587 2521//2521
f 2521//2521 2587//2587 2531//2531
f 2531//2531 2587//2587 2588//2588
f 2531//2531 2588//2588 2534//2534
f 2534//2534 2588//2588 2589//2589
f 2534//2534 2589//2589 2590//2590
f 2534//2534 2590//2590 2536//2536
f 2590//2590 2591//2591 2536//2536
f 2591//2591 2539//2539 2536//2536
f 2591//2591 2592//2592 2539//2539
f 2592//2592 2538//2538 2539//2539
f 2592//2592 2593//2593 2538//2538
f 2593//2593 2537//2537 2538//2538
f 2537//2537 2593//2593 2594//2594
f 2537//2537 2594//2594 2535//2535
f 2535//2535 2594//2594 2581//2581
f 2535//2535 2581//2581 2533//2533
f 2596//2596 2597//2597 2598//2598
f 2589//2589 2588//2588 2599//2599
f 2593//2593 2596//2596 2600//2600
f 2603//2603 2582//2582 2581//2581
f 2603//2603 2581//2581 2608//2608
f 2591//2591 2604//2604 2597//2597
f 2586//2586 2585//2585 2595//2595
f 2586//2586 2595//2595 2605//2605
f 2584//2584 2583//2583 2601//2601
f 2584//2584 2601//2601 2606//2606
f 2592//2592 2591//2591 2597//2597
f 2607//2607 2582//2582 2603//2603
f 2599//2599 2590//2590 2589//2589
f 2608//2608 2594//2594 2593//2593
f 2608//2608 2593//2593 2600//2600
f 2588//2588 2587//2587 2602//2602
f 2592//2592 2597//2597 2596//2596
f 2583//2583 2582//2582 2607//2607
f 2583//2583 2607//2607 2609//2609
f 2586//2586 2605//2605 2602//2602
f 2590//2590 2599//2599 2604//2604
f 2585//2585 2584//2584 2606//2606
f 2585//2585 2606//2606 2595//2595
f 2588//2588 2602//2602 2599//2599
f 2593//2593 2592//2592 2596//2596
f 2583//2583 2609//2609 2610//2610
f 2610//2610 2601//2601 2583//2583
f 2602//2602 2587//2587 2586//2586
f 2591//2591 2590//2590 2604//2604
f 2608//2608 2581//2581 2594//2594
f 2611//2611 2612//2612 2613//2613
f 2611//2611 2613//2613 2614//2614
f 2614//2614 2615//2615 2616//2616
f 2616//2616 2617//2617 2618//2618
f 2618//2618 2619//2619 2598//2598
f 2598//2598 2620//2620 2621//2621
f 2621//2621 2611//2611 2614//2614
f 2614//2614 2616//2616 2618//2618
f 2618//2618 2598//2598 2621//2621
f 2614//2614 2618//2618 2621//2621
f 2602//2602 2605//2605 2613//2613
f 2596//2596 2598//2598 2619//2619
f 2602//2602 2613//2613 2612//2612
f 2600//2600 2596//2596 2619//2619
f 2600//2600 2619//2619 2618//2618
f 2608//2608 2600//2600 2618//2618
f 2617//2617 2601//2601 2610//2610
f 2601//2601 2617//2617 2616//2616
f 2606//2606 2601//2601 2616//2616
f 2611//2611 2621//2621 2599//2599
f 2606//2606 2616//2616 2615//2615
f 2604//2604 2599//2599 2621//2621
f 2595//2595 2606//2606 2615//2615
f 2604//2604 2621//2621 2620//2620
f 2595//2595 2615//2615 2614//2614
f 2597//2597 2604//2604 2620//2620
f 2605//2605 2595//2595 2614//2614
f 2597//2597 2620//2620 2598//2598
f 2605//2605 2614//2614 2613//2613
f 2610//2610 2609//2609 2607//2607
f 2610//2610 2607//2607 2603//2603
f 2618//2618 2617//2617 2610//2610
f 2610//2610 2603//2603 2608//2608
f 2608//2608 2618//2618 2610//2610
f 2612//2612 2611//2611 2599//2599
f 2602//2602 2612//2612 2599//2599
f 2622//2622 2669//2669 2623//2623
f 2624//2624 2625//2625 2626//2626
f 2624//2624 2626//2626 2673//2673
f 2629//2629 2630//2630 2631//2631
f 2629//2629 2631//2631 2632//2632
f 2633//2633 2627//2627 2628//2628
f 2629//2629 2632//2632 2633//2633
f 2628//2628 2629//2629 2633//2633
f 2634//2634 2672//2672 2629//2629
f 2634//2634 2629//2629 2628//2628
f 2636//2636 2637//2637 2638//2638
f 2635//2635 2636//2636 2638//2638
f 2635//2635 2638//2638 2639//2639
f 2640//2640 2641//2641 2642//2642
f 2635//2635 2639//2639 2640//2640
f 2635//2635 2640//2640 2642//2642
f 2644//2644 2643//2643 2635//2635
f 2642//2642 2644//2644 2635//2635
f 2628//2628 2627//2627 2647//2647
f 2648//2648 2630//2630 2629//2629
f 2628//2628 2647//2647 2649//2649
f 2648//2648 2629//2629 2625//2625
f 2650//2650 2648//2648 2625//2625
f 2624//2624 2628//2628 2649//2649
f 2624//2624 2649//2649 2651//2651
f 2652//2652 2650//2650 2625//2625
f 2624//2624 2651//2651 2653//2653
f 2654//2654 2652//2652 2625//2625
f 2624//2624 2653//2653 2655//2655
f 2654//2654 2625//2625 2624//2624
f 2624//2624 2655//2655 2654//2654
f 2656//2656 2658//2658 2659//2659
f 2656//2656 2659//2659 2657//2657
f 2659//2659 2658//2658 2660//2660
f 2659//2659 2660//2660 2661//2661
f 2645//2645 2662//2662 2663//2663
f 2645//2645 2663//2663 2646//2646
f 2664//2664 2665//2665 2663//2663
f 2664//2664 2663//2663 2662//2662
f 2666//2666 2645//2645 2646//2646
f 2666//2666 2646//2646 2667//2667
f 2668//2668 2666//2666 2667//2667
f 2668//2668 2667//2667 2669//2669
f 2657//2657 2670//2670 2671//2671
f 2657//2657 2671//2671 2656//2656
f 2670//2670 2622//2622 2623//2623
f 2670//2670 2623//2623 2671//2671
f 2668//2668 2669//2669 2622//2622
f 2550//2550 2519//2519 2568//2568
f 2634//2634 2661//2661 2660//2660
f 2634//2634 2660//2660 2672//2672
f 2626//2626 2665//2665 2664//2664
f 2626//2626 2664//2664 2673//2673
f 2649//2649 2647//2647 2674//2674
f 2649//2649 2674//2674 2675//2675
f 2647//2647 2627//2627 2676//2676
f 2647//2647 2676//2676 2674//2674
f 2676//2676 2627//2627 2677//2677
f 2677//2677 2627//2627 2633//2633
f 2677//2677 2633//2633 2678//2678
f 2678//2678 2633//2633 2632//2632
f 2678//2678 2632//2632 2679//2679
f 2679//2679 2632//2632 2631//2631
f 2631//2631 2630//2630 2680//2680
f 2631//2631 2680//2680 2679//2679
f 2630//2630 2648//2648 2680//2680
f 2648//2648 2681//2681 2680//2680
f 2648//2648 2650//2650 2681//2681
f 2650//2650 2682//2682 2681//2681
f 2650//2650 2652//2652 2683//2683
f 2650//2650 2683//2683 2682//2682
f 2683//2683 2652//2652 2684//2684
f 2684//2684 2652//2652 2654//2654
f 2684//2684 2654//2654 2685//2685
f 2685//2685 2654//2654 2655//2655
f 2685//2685 2655//2655 2686//2686
f 2686//2686 2655//2655 2653//2653
f 2653//2653 2651//2651 2687//2687
f 2653//2653 2687//2687 2686//2686
f 2651//2651 2649//2649 2675//2675
f 2651//2651 2675//2675 2687//2687
f 2689//2689 2690//2690 2691//2691
f 2682//2682 2692//2692 2681//2681
f 2686//2686 2693//2693 2689//2689
f 2696//2696 2697//2697 2675//2675
f 2696//2696 2675//2675 2674//2674
f 2697//2697 2699//2699 2675//2675
f 2679//2679 2700//2700 2688//2688
f 2679//2679 2688//2688 2678//2678
f 2677//2677 2701//2701 2694//2694
f 2677//2677 2694//2694 2676//2676
f 2692//2692 2695//2695 2680//2680
f 2685//2685 2691//2691 2698//2698
f 2685//2685 2698//2698 2684//2684
f 2702//2702 2696//2696 2674//2674
f 2682//2682 2683//2683 2703//2703
f 2682//2682 2703//2703 2692//2692
f 2704//2704 2705//2705 2693//2693
f 2693//2693 2686//2686 2687//2687
f 2693//2693 2687//2687 2704//2704
f 2681//2681 2692//2692 2680//2680
f 2685//2685 2689//2689 2691//2691
f 2676//2676 2706//2706 2702//2702
f 2676//2676 2702//2702 2674//2674
f 2679//2679 2695//2695 2700//2700
f 2707//2707 2704//2704 2687//2687
f 2678//2678 2688//2688 2701//2701
f 2678//2678 2701//2701 2677//2677
f 2686//2686 2689//2689 2685//2685
f 2708//2708 2706//2706 2676//2676
f 2676//2676 2694//2694 2708//2708
f 2695//2695 2679//2679 2680//2680
f 2684//2684 2698//2698 2703//2703
f 2684//2684 2703//2703 2683//2683
f 2699//2699 2707//2707 2687//2687
f 2699//2699 2687//2687 2675//2675
f 2712//2712 2713//2713 2714//2714
f 2709//2709 2710//2710 2711//2711
f 2711//2711 2712//2712 2714//2714
f 2714//2714 2715//2715 2716//2716
f 2716//2716 2717//2717 2718//2718
f 2718//2718 2690//2690 2719//2719
f 2719//2719 2709//2709 2711//2711
f 2711//2711 2714//2714 2716//2716
f 2716//2716 2718//2718 2719//2719
f 2711//2711 2716//2716 2719//2719
f 2695//2695 2715//2715 2714//2714
f 2695//2695 2714//2714 2700//2700
f 2689//2689 2719//2719 2690//2690
f 2693//2693 2719//2719 2689//2689
f 2693//2693 2709//2709 2719//2719
f 2705//2705 2709//2709 2693//2693
f 2710//2710 2708//2708 2694//2694
f 2694//2694 2711//2711 2710//2710
f 2701//2701 2711//2711 2694//2694
f 2716//2716 2692//2692 2703//2703
f 2716//2716 2703//2703 2717//2717
f 2701//2701 2712//2712 2711//2711
f 2688//2688 2712//2712 2701//2701
f 2698//2698 2718//2718 2717//2717
f 2698//2698 2717//2717 2703//2703
f 2688//2688 2713//2713 2712//2712
f 2700//2700 2714//2714 2713//2713
f 2700//2700 2713//2713 2688//2688
f 2691//2691 2690//2690 2718//2718
f 2691//2691 2718//2718 2698//2698
f 2705//2705 2704//2704 2707//2707
f 2699//2699 2697//2697 2696//2696
f 2705//2705 2707//2707 2699//2699
f 2710//2710 2709//2709 2705//2705
f 2706//2706 2708//2708 2710//2710
f 2696//2696 2702//2702 2706//2706
f 2705//2705 2699//2699 2696//2696
f 2706//2706 2710//2710 2705//2705
f 2696//2696 2706//2706 2705//2705
f 2716//2716 2715//2715 2695//2695
f 2692//2692 2716//2716 2695//2695
f 2720//2720 2721//2721 2722//2722
f 2720//2720 2722//2722 2723//2723
f 2724//2724 2722//2722 2725//2725
f 2724//2724 2725//2725 2726//2726
f 2724//2724 2726//2726 2727//2727
f 2727//2727 2726//2726 2721//2721
f 2727//2727 2721//2721 2720//2720
f 2724//2724 2727//2727 2728//2728
f 2724//2724 2728//2728 2729//2729
f 2722//2722 2721//2721 2726//2726
f 2725//2725 2722//2722 2726//2726
f 2723//2723 2722//2722 2724//2724
f 2501//2501 1732//1732 1737//1737
f 2082//2082 2083//2083 2501//2501
f 2501//2501 1737//1737 2037//2037
f 2082//2082 2501//2501 2037//2037
f 2082//2082 2037//2037 2035//2035
f 2080//2080 2082//2082 2035//2035
f 2080//2080 2035//2035 2033//2033
f 2078//2078 2080//2080 2033//2033
f 2078//2078 2033//2033 2031//2031
f 2076//2076 2078//2078 2031//2031
f 2076//2076 2031//2031 2029//2029
f 2074//2074 2076//2076 2029//2029
f 2074//2074 2029//2029 2027//2027
f 2074//2074 2027//2027 2024//2024
f 2072//2072 2074//2074 2024//2024
f 2024//2024 1735//1735 1734//1734
f 2024//2024 1734//1734 2070//2070
f 2070//2070 2072//2072 2024//2024
f 1661//1661 1662//1662 2052//2052
f 2106//2106 2311//2311 1661//1661
f 2101//2101 2106//2106 1661//1661
f 2062//2062 1712//1712 2220//2220
f 2062//2062 2220//2220 2219//2219
f 2062//2062 2219//2219 2258//2258
f 2062//2062 2258//2258 2229//2229
f 2229//2229 2154//2154 1710//1710
f 2229//2229 1710//1710 2145//2145
f 2062//2062 2229//2229 2145//2145
f 2052//2052 2062//2062 2145//2145
f 2052//2052 2145//2145 2144//2144
f 1721//1721 1720//1720 2101//2101
f 2140//2140 1721//1721 2101//2101
f 2101//2101 1661//1661 2052//2052
f 2052//2052 2144//2144 2211//2211
f 2152//2152 2140//2140 2101//2101
f 2052//2052 2211//2211 2163//2163
f 2167//2167 2152//2152 2101//2101
f 2101//2101 2052//2052 2163//2163
f 2101//2101 2163//2163 2146//2146
f 2151//2151 1709//1709 1708//1708
f 2151//2151 1708//1708 2168//2168
f 2143//2143 2151//2151 2168//2168
f 2143//2143 2168//2168 2167//2167
f 2143//2143 2167//2167 2101//2101
f 2146//2146 1703//1703 1702//1702
f 2146//2146 1702//1702 2259//2259
f 2125//2125 2143//2143 2101//2101
f 2146//2146 2259//2259 2237//2237
f 2101//2101 2146//2146 2237//2237
f 2101//2101 2237//2237 2164//2164
f 2125//2125 2101//2101 2164//2164
f 2262//2262 2125//2125 2164//2164
f 2262//2262 2164//2164 2149//2149
f 2189//2189 2262//2262 2149//2149
f 2189//2189 2149//2149 2147//2147
f 2261//2261 1905//1905 2264//2264
f 2261//2261 2264//2264 2232//2232
f 2265//2265 2261//2261 2232//2232
f 2265//2265 2232//2232 2208//2208
f 2730//2730 2141//2141 2265//2265
f 2208//2208 2205//2205 2731//2731
f 2731//2731 2730//2730 2265//2265
f 2208//2208 2731//2731 2265//2265
f 1811//1811 1810//1810 2067//2067
f 2222//2222 1811//1811 2067//2067
f 2171//2171 2222//2222 2067//2067
f 2172//2172 2171//2171 2067//2067
f 1831//1831 1832//1832 2172//2172
f 2218//2218 1831//1831 2172//2172
f 2218//2218 2172//2172 2067//2067
f 2218//2218 2067//2067 2058//2058
f 2253//2253 2218//2218 2058//2058
f 2123//2123 2253//2253 2058//2058
f 2134//2134 2123//2123 2058//2058
f 2354//2354 2103//2103 2110//2110
f 2058//2058 2046//2046 2515//2515
f 2110//2110 1970//1970 1969//1969
f 2110//2110 1969//1969 2235//2235
f 2134//2134 2058//2058 2515//2515
f 2245//2245 1876//1876 2160//2160
f 2245//2245 2160//2160 2135//2135
f 2205//2205 2245//2245 2135//2135
f 2205//2205 2135//2135 2134//2134
f 2110//2110 2235//2235 2210//2210
f 2354//2354 2110//2110 2210//2210
f 2731//2731 2205//2205 2134//2134
f 2354//2354 2210//2210 2188//2188
f 2731//2731 2134//2134 2515//2515
f 2178//2178 1950//1950 2200//2200
f 2179//2179 2178//2178 2200//2200
f 2179//2179 2200//2200 2141//2141
f 2188//2188 2179//2179 2141//2141
f 2354//2354 2188//2188 2141//2141
f 2732//2732 2731//2731 2515//2515
f 2354//2354 2141//2141 2730//2730
f 2733//2733 2732//2732 2515//2515
f 2354//2354 2730//2730 2734//2734
f 2735//2735 2733//2733 2515//2515
f 2354//2354 2734//2734 2736//2736
f 2737//2737 2735//2735 2515//2515
f 2737//2737 2515//2515 2354//2354
f 2354//2354 2736//2736 2737//2737
f 2482//2482 2483//2483 2505//2505
f 2482//2482 2505//2505 2504//2504
f 2330//2330 2282//2282 2438//2438
f 2487//2487 1726//1726 2464//2464
f 2398//2398 2272//2272 2497//2497
f 2398//2398 2497//2497 2499//2499
f 2486//2486 2485//2485 2399//2399
f 2486//2486 2399//2399 2401//2401
f 2498//2498 2281//2281 2283//2283
f 2498//2498 2497//2497 2272//2272
f 2498//2498 2272//2272 2281//2281
f 1754//1754 1757//1757 2470//2470
f 1754//1754 2470//2470 2462//2462
f 2282//2282 2739//2739 2315//2315
f 2397//2397 2395//2395 2313//2313
f 2397//2397 2313//2313 2738//2738
f 2462//2462 2465//2465 1755//1755
f 2462//2462 1755//1755 1754//1754
f 1730//1730 1729//1729 2402//2402
f 1745//1745 1744//1744 2471//2471
f 1745//1745 2471//2471 2403//2403
f 2403//2403 2402//2402 1729//1729
f 2403//2403 1729//1729 1745//1745
f 2485//2485 2479//2479 2399//2399
f 2404//2404 2470//2470 1759//1759
f 2404//2404 1759//1759 1758//1758
f 1728//1728 1731//1731 2467//2467
f 2465//2465 2464//2464 1726//1726
f 2465//2465 1726//1726 1755//1755
f 1758//1758 1727//1727 2401//2401
f 1758//1758 2401//2401 2404//2404
f 2478//2478 2484//2484 2468//2468
f 1749//1749 1728//1728 2467//2467
f 1749//1749 2467//2467 2466//2466
f 2282//2282 2280//2280 2739//2739
f 2280//2280 2270//2270 2740//2740
f 2280//2280 2740//2740 2739//2739
f 2466//2466 2463//2463 1748//1748
f 2466//2466 1748//1748 1749//1749
f 1731//1731 2477//2477 2469//2469
f 1731//1731 2469//2469 2467//2467
f 2475//2475 2476//2476 2400//2400
f 2484//2484 2487//2487 2464//2464
f 2484//2484 2464//2464 2468//2468
f 2470//2470 1757//1757 1759//1759
f 1727//1727 2486//2486 2401//2401
f 2396//2396 2398//2398 2499//2499
f 2396//2396 2499//2499 2357//2357
f 2463//2463 2471//2471 1744//1744
f 2463//2463 1744//1744 1748//1748
f 2477//2477 2474//2474 2469//2469
f 2476//2476 1730//1730 2402//2402
f 2476//2476 2402//2402 2400//2400
f 2358//2358 2498//2498 2283//2283
f 2358//2358 2283//2283 2330//2330
f 2270//2270 2397//2397 2738//2738
f 2270//2270 2738//2738 2740//2740
f 2514//2514 2472//2472 1732//1732
f 2515//2515 2514//2514 1732//1732
f 1733//1733 2473//2473 1661//1661
f 2503//2503 2480//2480 1659//1659
f 2311//2311 1699//1699 2500//2500
f 2482//2482 2504//2504 2317//2317
f 2481//2481 2502//2502 2410//2410
f 1701//1701 1700//1700 2355//2355
f 2505//2505 2483//2483 2361//2361
f 2316//2316 1655//1655 2509//2509
f 2360//2360 2508//2508 1656//1656
f 2312//2312 2405//2405 2507//2507
f 2356//2356 2506//2506 2406//2406
f 2314//2314 2436//2436 2438//2438
f 2359//2359 2330//2330 2437//2437
f 2504//2504 1655//1655 2316//2316
f 2504//2504 2316//2316 2317//2317
f 2509//2509 2436//2436 2314//2314
f 2509//2509 2314//2314 2316//2316
f 2438//2438 2282//2282 2315//2315
f 2438//2438 2315//2315 2314//2314
f 2395//2395 2405//2405 2312//2312
f 2395//2395 2312//2312 2313//2313
f 2507//2507 1699//1699 2311//2311
f 2507//2507 2311//2311 2312//2312
f 1734//1734 1733//1733 1661//1661
f 2473//2473 2503//2503 1659//1659
f 2473//2473 1659//1659 1661//1661
f 2514//2514 2410//2410 2502//2502
f 2514//2514 2502//2502 2472//2472
f 2480//2480 2475//2475 2400//2400
f 2480//2480 2400//2400 1659//1659
f 2479//2479 2482//2482 2317//2317
f 2479//2479 2317//2317 2399//2399
f 2410//2410 2469//2469 2474//2474
f 2410//2410 2474//2474 2481//2481
f 2357//2357 2356//2356 2406//2406
f 2357//2357 2406//2406 2396//2396
f 2356//2356 2355//2355 1700//1700
f 2356//2356 1700//1700 2506//2506
f 2361//2361 2360//2360 1656//1656
f 2361//2361 1656//1656 2505//2505
f 2468//2468 2361//2361 2483//2483
f 2468//2468 2483//2483 2478//2478
f 2360//2360 2359//2359 2437//2437
f 2360//2360 2437//2437 2508//2508
f 2359//2359 2358//2358 2330//2330
f 2354//2354 2515//2515 1732//1732
f 2354//2354 1732//1732 2501//2501
f 2355//2355 2354//2354 2501//2501
f 2355//2355 2501//2501 1701//1701
f 2500//2500 2070//2070 2311//2311
f 2070//2070 1734//1734 1661//1661
f 2070//2070 1661//1661 2311//2311
f 2315//2315 2739//2739 2740//2740
f 2738//2738 2313//2313 2315//2315
f 2315//2315 2740//2740 2738//2738
f 2384//2384 2741//2741 2742//2742
f 2743//2743 2762//2762 2380//2380
f 2743//2743 2380//2380 2378//2378
f 2377//2377 2746//2746 2747//2747
f 2388//2388 2748//2748 2749//2749
f 2373//2373 2751//2751 2752//2752
f 2749//2749 2371//2371 2388//2388
f 2375//2375 2744//2744 2753//2753
f 2375//2375 2753//2753 2376//2376
f 2752//2752 2754//2754 2373//2373
f 2742//2742 2755//2755 2384//2384
f 2387//2387 2745//2745 2756//2756
f 2747//2747 2793//2793 2377//2377
f 2749//2749 2757//2757 2371//2371
f 2750//2750 2758//2758 2381//2381
f 2755//2755 2386//2386 2384//2384
f 2376//2376 2753//2753 2759//2759
f 2793//2793 2743//2743 2378//2378
f 2793//2793 2378//2378 2377//2377
f 2371//2371 2757//2757 2372//2372
f 2381//2381 2758//2758 2383//2383
f 2755//2755 2760//2760 2386//2386
f 2387//2387 2756//2756 2388//2388
f 2754//2754 2375//2375 2373//2373
f 2788//2788 2786//2786 2781//2781
f 2781//2781 2778//2778 2773//2773
f 2773//2773 2770//2770 2794//2794
f 2788//2788 2781//2781 2773//2773
f 2773//2773 2794//2794 2788//2788
f 2388//2388 2756//2756 2748//2748
f 2372//2372 2757//2757 2751//2751
f 2383//2383 2758//2758 2741//2741
f 2754//2754 2761//2761 2375//2375
f 2759//2759 2746//2746 2376//2376
f 2383//2383 2741//2741 2384//2384
f 2761//2761 2744//2744 2375//2375
f 2386//2386 2760//2760 2745//2745
f 2386//2386 2745//2745 2387//2387
f 2746//2746 2377//2377 2376//2376
f 2380//2380 2762//2762 2750//2750
f 2380//2380 2750//2750 2381//2381
f 2372//2372 2751//2751 2373//2373
f 2763//2763 2764//2764 2765//2765
f 2764//2764 2794//2794 2766//2766
f 2762//2762 2763//2763 2765//2765
f 2765//2765 2764//2764 2766//2766
f 2762//2762 2765//2765 2750//2750
f 2766//2766 2794//2794 2770//2770
f 2766//2766 2767//2767 2765//2765
f 2750//2750 2765//2765 2768//2768
f 2765//2765 2767//2767 2768//2768
f 2767//2767 2766//2766 2770//2770
f 2750//2750 2768//2768 2758//2758
f 2768//2768 2767//2767 2769//2769
f 2767//2767 2770//2770 2769//2769
f 2758//2758 2768//2768 2741//2741
f 2741//2741 2768//2768 2771//2771
f 2768//2768 2769//2769 2771//2771
f 2741//2741 2771//2771 2742//2742
f 2771//2771 2769//2769 2772//2772
f 2769//2769 2770//2770 2773//2773
f 2769//2769 2773//2773 2772//2772
f 2742//2742 2771//2771 2772//2772
f 2742//2742 2772//2772 2755//2755
f 2755//2755 2772//2772 2760//2760
f 2760//2760 2772//2772 2774//2774
f 2772//2772 2773//2773 2774//2774
f 2760//2760 2774//2774 2775//2775
f 2760//2760 2775//2775 2745//2745
f 2774//2774 2773//2773 2776//2776
f 2774//2774 2776//2776 2775//2775
f 2776//2776 2773//2773 2778//2778
f 2745//2745 2775//2775 2777//2777
f 2745//2745 2777//2777 2756//2756
f 2775//2775 2776//2776 2777//2777
f 2776//2776 2778//2778 2777//2777
f 2756//2756 2777//2777 2748//2748
f 2777//2777 2779//2779 2748//2748
f 2777//2777 2778//2778 2779//2779
f 2748//2748 2779//2779 2749//2749
f 2749//2749 2779//2779 2780//2780
f 2779//2779 2778//2778 2780//2780
f 2749//2749 2780//2780 2757//2757
f 2780//2780 2778//2778 2781//2781
f 2757//2757 2780//2780 2751//2751
f 2780//2780 2782//2782 2751//2751
f 2780//2780 2781//2781 2782//2782
f 2782//2782 2781//2781 2784//2784
f 2751//2751 2783//2783 2752//2752
f 2751//2751 2782//2782 2783//2783
f 2752//2752 2783//2783 2754//2754
f 2782//2782 2784//2784 2783//2783
f 2784//2784 2781//2781 2786//2786
f 2754//2754 2783//2783 2785//2785
f 2754//2754 2785//2785 2761//2761
f 2783//2783 2784//2784 2785//2785
f 2784//2784 2786//2786 2785//2785
f 2761//2761 2785//2785 2787//2787
f 2761//2761 2787//2787 2744//2744
f 2785//2785 2786//2786 2787//2787
f 2787//2787 2786//2786 2788//2788
f 2744//2744 2787//2787 2753//2753
f 2787//2787 2789//2789 2753//2753
f 2787//2787 2788//2788 2789//2789
f 2753//2753 2789//2789 2759//2759
f 2759//2759 2789//2789 2790//2790
f 2759//2759 2790//2790 2746//2746
f 2789//2789 2791//2791 2790//2790
f 2789//2789 2788//2788 2791//2791
f 2791//2791 2788//2788 2794//2794
f 2746//2746 2790//2790 2747//2747
f 2747//2747 2790//2790 2792//2792
f 2790//2790 2791//2791 2792//2792
f 2747//2747 2792//2792 2793//2793
f 2792//2792 2791//2791 2764//2764
f 2791//2791 2794//2794 2764//2764
f 2793//2793 2792//2792 2743//2743
f 2743//2743 2792//2792 2763//2763
f 2792//2792 2764//2764 2763//2763
f 2743//2743 2763//2763 2762//2762
f 2795//2795 2907//2907 2796//2796
f 2796//2796 2797//2797 2798//2798
f 2798//2798 2921//2921 2795//2795
f 2796//2796 2798//2798 2795//2795
f 2799//2799 2800//2800 2409//2409
f 2801//2801 2802//2802 2367//2367
f 2803//2803 2804//2804 2412//2412
f 2803//2803 2412//2412 2419//2419
f 2363//2363 2805//2805 2806//2806
f 2363//2363 2806//2806 2366//2366
f 2510//2510 2922//2922 2807//2807
f 2510//2510 2807//2807 2511//2511
f 2419//2419 2808//2808 2803//2803
f 2367//2367 2802//2802 2374//2374
f 2409//2409 2800//2800 2809//2809
f 2409//2409 2809//2809 2425//2425
f 2921//2921 2798//2798 2408//2408
f 2921//2921 2408//2408 2411//2411
f 2415//2415 2911//2911 2923//2923
f 2415//2415 2923//2923 2362//2362
f 2810//2810 2348//2348 2347//2347
f 2370//2370 2811//2811 2812//2812
f 2812//2812 2418//2418 2370//2370
f 2807//2807 2922//2922 2813//2813
f 2813//2813 2905//2905 2814//2814
f 2813//2813 2814//2814 2807//2807
f 2393//2393 2926//2926 2815//2815
f 2393//2393 2815//2815 2391//2391
f 2905//2905 2813//2813 2516//2516
f 2905//2905 2516//2516 2517//2517
f 2923//2923 2911//2911 2816//2816
f 2816//2816 2817//2817 2812//2812
f 2812//2812 2811//2811 2923//2923
f 2816//2816 2812//2812 2923//2923
f 2368//2368 2909//2909 2924//2924
f 2368//2368 2924//2924 2369//2369
f 2806//2806 2805//2805 2924//2924
f 2924//2924 2909//2909 2802//2802
f 2806//2806 2924//2924 2802//2802
f 2802//2802 2801//2801 2806//2806
f 2827//2827 2407//2407 2413//2413
f 2832//2832 2820//2820 2413//2413
f 2832//2832 2413//2413 2414//2414
f 2821//2821 2424//2424 2423//2423
f 2407//2407 2822//2822 2420//2420
f 2427//2427 2830//2830 2824//2824
f 2420//2420 2822//2822 2825//2825
f 2427//2427 2824//2824 2414//2414
f 2422//2422 2819//2819 2826//2826
f 2422//2422 2826//2826 2423//2423
f 2820//2820 2827//2827 2413//2413
f 2821//2821 2828//2828 2424//2424
f 2818//2818 2829//2829 2421//2421
f 2823//2823 2830//2830 2427//2427
f 2823//2823 2427//2427 2426//2426
f 2829//2829 2422//2422 2421//2421
f 2423//2423 2826//2826 2831//2831
f 2414//2414 2824//2824 2832//2832
f 2424//2424 2828//2828 2426//2426
f 2420//2420 2825//2825 2833//2833
f 2842//2842 2841//2841 2840//2840
f 2837//2837 2836//2836 2847//2847
f 2847//2847 2845//2845 2842//2842
f 2842//2842 2840//2840 2837//2837
f 2837//2837 2847//2847 2842//2842
f 2426//2426 2828//2828 2834//2834
f 2422//2422 2829//2829 2819//2819
f 2420//2420 2833//2833 2818//2818
f 2420//2420 2818//2818 2421//2421
f 2423//2423 2831//2831 2821//2821
f 2426//2426 2834//2834 2823//2823
f 2827//2827 2847//2847 2822//2822
f 2822//2822 2847//2847 2835//2835
f 2835//2835 2847//2847 2836//2836
f 2822//2822 2835//2835 2825//2825
f 2825//2825 2835//2835 2833//2833
f 2835//2835 2836//2836 2833//2833
f 2836//2836 2837//2837 2833//2833
f 2833//2833 2838//2838 2818//2818
f 2833//2833 2837//2837 2838//2838
f 2818//2818 2838//2838 2829//2829
f 2829//2829 2838//2838 2839//2839
f 2829//2829 2839//2839 2819//2819
f 2838//2838 2837//2837 2839//2839
f 2819//2819 2839//2839 2826//2826
f 2839//2839 2837//2837 2840//2840
f 2826//2826 2840//2840 2831//2831
f 2826//2826 2839//2839 2840//2840
f 2831//2831 2840//2840 2821//2821
f 2821//2821 2840//2840 2841//2841
f 2828//2828 2821//2821 2841//2841
f 2828//2828 2841//2841 2834//2834
f 2834//2834 2841//2841 2843//2843
f 2841//2841 2842//2842 2843//2843
f 2823//2823 2834//2834 2843//2843
f 2823//2823 2843//2843 2830//2830
f 2843//2843 2842//2842 2844//2844
f 2830//2830 2843//2843 2844//2844
f 2830//2830 2844//2844 2824//2824
f 2824//2824 2844//2844 2832//2832
f 2844//2844 2845//2845 2832//2832
f 2844//2844 2842//2842 2845//2845
f 2832//2832 2846//2846 2820//2820
f 2832//2832 2845//2845 2846//2846
f 2846//2846 2845//2845 2847//2847
f 2820//2820 2846//2846 2827//2827
f 2827//2827 2846//2846 2847//2847
f 2827//2827 2822//2822 2407//2407
f 2848//2848 2849//2849 2815//2815
f 2815//2815 2926//2926 2850//2850
f 2850//2850 2916//2916 2848//2848
f 2815//2815 2850//2850 2848//2848
f 2851//2851 2852//2852 2342//2342
f 2334//2334 2853//2853 2385//2385
f 2854//2854 2855//2855 2336//2336
f 2394//2394 2349//2349 2913//2913
f 2913//2913 2856//2856 2394//2394
f 2916//2916 2850//2850 2365//2365
f 2916//2916 2365//2365 2345//2345
f 2353//2353 2920//2920 2928//2928
f 2353//2353 2928//2928 2332//2332
f 2857//2857 2858//2858 2335//2335
f 2857//2857 2335//2335 2339//2339
f 2859//2859 2851//2851 2342//2342
f 2859//2859 2342//2342 2389//2389
f 2860//2860 2861//2861 2927//2927
f 2927//2927 2917//2917 2853//2853
f 2860//2860 2927//2927 2853//2853
f 2382//2382 2917//2917 2927//2927
f 2382//2382 2927//2927 2379//2379
f 2810//2810 2862//2862 2348//2348
f 2856//2856 2913//2913 2862//2862
f 2862//2862 2810//2810 2863//2863
f 2863//2863 2925//2925 2856//2856
f 2862//2862 2863//2863 2856//2856
f 2364//2364 2925//2925 2863//2863
f 2364//2364 2863//2863 2346//2346
f 2864//2864 2858//2858 2857//2857
f 2857//2857 2928//2928 2920//2920
f 2920//2920 2865//2865 2864//2864
f 2857//2857 2920//2920 2864//2864
f 2855//2855 2866//2866 2350//2350
f 2855//2855 2350//2350 2336//2336
f 2331//2331 2861//2861 2860//2860
f 2331//2331 2860//2860 2333//2333
f 2871//2871 2874//2874 2337//2337
f 2868//2868 2878//2878 2392//2392
f 2869//2869 2879//2879 2341//2341
f 2870//2870 2871//2871 2351//2351
f 2873//2873 2892//2892 2340//2340
f 2338//2338 2874//2874 2880//2880
f 2344//2344 2875//2875 2872//2872
f 2344//2344 2872//2872 2343//2343
f 2390//2390 2868//2868 2392//2392
f 2341//2341 2876//2876 2869//2869
f 2392//2392 2867//2867 2352//2352
f 2873//2873 2340//2340 2338//2338
f 2337//2337 2874//2874 2338//2338
f 2876//2876 2341//2341 2343//2343
f 2877//2877 2870//2870 2351//2351
f 2877//2877 2351//2351 2352//2352
f 2878//2878 2867//2867 2392//2392
f 2390//2390 2879//2879 2868//2868
f 2875//2875 2344//2344 2340//2340
f 2338//2338 2880//2880 2873//2873
f 2895//2895 2882//2882 2883//2883
f 2891//2891 2893//2893 2895//2895
f 2895//2895 2883//2883 2884//2884
f 2884//2884 2887//2887 2889//2889
f 2895//2895 2884//2884 2889//2889
f 2889//2889 2891//2891 2895//2895
f 2343//2343 2872//2872 2876//2876
f 2892//2892 2875//2875 2340//2340
f 2352//2352 2867//2867 2877//2877
f 2879//2879 2390//2390 2341//2341
f 2871//2871 2337//2337 2351//2351
f 2881//2881 2882//2882 2895//2895
f 2871//2871 2870//2870 2881//2881
f 2881//2881 2870//2870 2882//2882
f 2870//2870 2883//2883 2882//2882
f 2870//2870 2877//2877 2883//2883
f 2877//2877 2867//2867 2883//2883
f 2867//2867 2884//2884 2883//2883
f 2867//2867 2878//2878 2885//2885
f 2867//2867 2885//2885 2884//2884
f 2885//2885 2886//2886 2884//2884
f 2878//2878 2868//2868 2885//2885
f 2885//2885 2868//2868 2886//2886
f 2886//2886 2887//2887 2884//2884
f 2868//2868 2879//2879 2886//2886
f 2886//2886 2888//2888 2887//2887
f 2886//2886 2879//2879 2888//2888
f 2879//2879 2869//2869 2888//2888
f 2888//2888 2889//2889 2887//2887
f 2888//2888 2869//2869 2889//2889
f 2869//2869 2876//2876 2889//2889
f 2876//2876 2890//2890 2889//2889
f 2876//2876 2872//2872 2890//2890
f 2890//2890 2891//2891 2889//2889
f 2872//2872 2875//2875 2890//2890
f 2890//2890 2875//2875 2891//2891
f 2875//2875 2892//2892 2891//2891
f 2892//2892 2893//2893 2891//2891
f 2892//2892 2873//2873 2893//2893
f 2873//2873 2894//2894 2893//2893
f 2873//2873 2880//2880 2894//2894
f 2894//2894 2895//2895 2893//2893
f 2880//2880 2896//2896 2894//2894
f 2880//2880 2874//2874 2896//2896
f 2894//2894 2896//2896 2895//2895
f 2896//2896 2881//2881 2895//2895
f 2874//2874 2871//2871 2896//2896
f 2896//2896 2871//2871 2881//2881
f 2900//2900 2901//2901 2902//2902
f 2897//2897 2898//2898 2899//2899
f 2899//2899 2900//2900 2902//2902
f 2902//2902 2903//2903 2904//2904
f 2904//2904 2897//2897 2899//2899
f 2899//2899 2902//2902 2904//2904
f 2897//2897 2904//2904 2735//2735
f 2897//2897 2735//2735 2737//2737
f 2734//2734 2899//2899 2898//2898
f 2734//2734 2898//2898 2736//2736
f 2731//2731 2901//2901 2900//2900
f 2900//2900 2730//2730 2731//2731
f 2903//2903 2902//2902 2732//2732
f 2903//2903 2732//2732 2733//2733
f 2731//2731 2902//2902 2901//2901
f 2732//2732 2902//2902 2731//2731
f 2735//2735 2904//2904 2733//2733
f 2733//2733 2904//2904 2903//2903
f 2734//2734 2900//2900 2899//2899
f 2730//2730 2900//2900 2734//2734
f 2898//2898 2897//2897 2737//2737
f 2898//2898 2737//2737 2736//2736
f 2809//2809 2796//2796 2906//2906
f 2906//2906 2796//2796 2907//2907
f 2798//2798 2797//2797 2908//2908
f 2908//2908 2797//2797 2799//2799
f 2804//2804 2816//2816 2910//2910
f 2910//2910 2816//2816 2911//2911
f 2812//2812 2817//2817 2912//2912
f 2912//2912 2817//2817 2808//2808
f 2815//2815 2849//2849 2914//2914
f 2914//2914 2849//2849 2859//2859
f 2852//2852 2848//2848 2915//2915
f 2915//2915 2848//2848 2916//2916
f 2858//2858 2864//2864 2918//2918
f 2918//2918 2864//2864 2854//2854
f 2866//2866 2865//2865 2919//2919
f 2919//2919 2865//2865 2920//2920
f 2512//2512 2511//2511 2807//2807
f 2807//2807 2814//2814 2512//2512
f 2798//2798 2908//2908 2408//2408
f 2409//2409 2408//2408 2908//2908
f 2409//2409 2908//2908 2799//2799
f 2517//2517 2513//2513 2814//2814
f 2814//2814 2905//2905 2517//2517
f 2416//2416 2906//2906 2907//2907
f 2416//2416 2425//2425 2906//2906
f 2425//2425 2809//2809 2906//2906
f 2910//2910 2911//2911 2415//2415
f 2415//2415 2412//2412 2910//2910
f 2412//2412 2804//2804 2910//2910
f 2368//2368 2374//2374 2909//2909
f 2802//2802 2909//2909 2374//2374
f 2806//2806 2801//2801 2366//2366
f 2367//2367 2366//2366 2801//2801
f 2418//2418 2812//2812 2912//2912
f 2419//2419 2418//2418 2912//2912
f 2419//2419 2912//2912 2808//2808
f 2349//2349 2348//2348 2862//2862
f 2862//2862 2913//2913 2349//2349
f 2342//2342 2852//2852 2915//2915
f 2345//2345 2342//2342 2915//2915
f 2345//2345 2915//2915 2916//2916
f 2347//2347 2346//2346 2810//2810
f 2863//2863 2810//2810 2346//2346
f 2389//2389 2914//2914 2859//2859
f 2389//2389 2391//2391 2914//2914
f 2815//2815 2914//2914 2391//2391
f 2336//2336 2918//2918 2854//2854
f 2336//2336 2335//2335 2918//2918
f 2335//2335 2858//2858 2918//2918
f 2334//2334 2333//2333 2853//2853
f 2860//2860 2853//2853 2333//2333
f 2853//2853 2917//2917 2385//2385
f 2382//2382 2385//2385 2917//2917
f 2350//2350 2866//2866 2919//2919
f 2353//2353 2350//2350 2919//2919
f 2919//2919 2920//2920 2353//2353
f 2814//2814 2513//2513 2512//2512
f 2813//2813 2921//2921 2516//2516
f 2921//2921 2411//2411 2516//2516
f 2417//2417 2795//2795 2922//2922
f 2417//2417 2922//2922 2510//2510
f 2363//2363 2923//2923 2805//2805
f 2362//2362 2923//2923 2363//2363
f 2924//2924 2811//2811 2370//2370
f 2369//2369 2924//2924 2370//2370
f 2921//2921 2922//2922 2795//2795
f 2921//2921 2813//2813 2922//2922
f 2811//2811 2924//2924 2923//2923
f 2924//2924 2805//2805 2923//2923
f 2850//2850 2925//2925 2365//2365
f 2925//2925 2364//2364 2365//2365
f 2394//2394 2856//2856 2393//2393
f 2393//2393 2856//2856 2926//2926
f 2339//2339 2927//2927 2857//2857
f 2379//2379 2927//2927 2339//2339
f 2332//2332 2861//2861 2331//2331
f 2928//2928 2861//2861 2332//2332
f 2925//2925 2926//2926 2856//2856
f 2925//2925 2850//2850 2926//2926
f 2861//2861 2857//2857 2927//2927
f 2861//2861 2928//2928 2857//2857
f 2907//2907 2795//2795 2417//2417
f 2907//2907 2417//2417 2416//2416
f 2929//2929 2970//2970 2930//2930
f 2930//2930 2982//2982 2931//2931
f 2931//2931 2932//2932 2929//2929
f 2930//2930 2931//2931 2929//2929
f 2490//2490 2933//2933 2934//2934
f 2491//2491 2936//2936 2937//2937
f 2322//2322 2938//2938 2939//2939
f 2322//2322 2939//2939 2319//2319
f 2940//2940 2983//2983 1669//1669
f 2940//2940 1669//1669 1657//1657
f 2491//2491 2937//2937 2941//2941
f 2491//2491 2941//2941 2494//2494
f 2327//2327 2935//2935 2323//2323
f 2492//2492 2942//2942 2933//2933
f 2492//2492 2933//2933 2490//2490
f 2488//2488 2931//2931 2982//2982
f 2488//2488 2982//2982 1660//1660
f 2318//2318 2984//2984 2974//2974
f 2318//2318 2974//2974 2489//2489
f 2495//2495 2944//2944 2945//2945
f 2945//2945 2326//2326 2495//2495
f 2946//2946 2969//2969 2947//2947
f 2947//2947 2983//2983 2940//2940
f 2947//2947 2940//2940 2946//2946
f 2298//2298 2948//2948 2987//2987
f 2298//2298 2987//2987 2297//2297
f 2946//2946 1658//1658 1671//1671
f 1663//1663 2947//2947 2969//2969
f 1663//1663 2969//2969 1667//1667
f 2949//2949 2974//2974 2984//2984
f 2984//2984 2945//2945 2944//2944
f 2944//2944 2950//2950 2949//2949
f 2984//2984 2944//2944 2949//2949
f 2985//2985 2972//2972 2325//2325
f 2985//2985 2325//2325 2324//2324
f 2935//2935 2972//2972 2985//2985
f 2985//2985 2939//2939 2938//2938
f 2935//2935 2985//2985 2938//2938
f 2948//2948 2951//2951 2952//2952
f 2952//2952 2978//2978 2953//2953
f 2953//2953 2987//2987 2948//2948
f 2952//2952 2953//2953 2948//2948
f 2301//2301 2954//2954 2955//2955
f 2288//2288 2956//2956 2289//2289
f 2292//2292 2957//2957 2958//2958
f 2959//2959 2976//2976 2309//2309
f 2959//2959 2309//2309 2296//2296
f 2953//2953 2978//2978 2304//2304
f 2953//2953 2304//2304 2306//2306
f 2989//2989 2981//2981 2295//2295
f 2989//2989 2295//2295 2294//2294
f 2960//2960 2961//2961 2305//2305
f 2960//2960 2305//2305 2303//2303
f 2301//2301 2955//2955 2962//2962
f 2301//2301 2962//2962 2299//2299
f 2963//2963 2964//2964 2956//2956
f 2979//2979 2988//2988 2963//2963
f 2956//2956 2979//2979 2963//2963
f 2328//2328 2988//2988 2979//2979
f 2328//2328 2979//2979 2329//2329
f 2310//2310 2943//2943 2308//2308
f 2943//2943 2976//2976 2959//2959
f 2959//2959 2986//2986 2965//2965
f 2943//2943 2959//2959 2965//2965
f 2965//2965 2986//2986 2320//2320
f 2965//2965 2320//2320 2307//2307
f 2961//2961 2960//2960 2966//2966
f 2966//2966 2967//2967 2981//2981
f 2981//2981 2989//2989 2961//2961
f 2966//2966 2981//2981 2961//2961
f 2300//2300 2968//2968 2957//2957
f 2300//2300 2957//2957 2292//2292
f 2290//2290 2964//2964 2963//2963
f 2290//2290 2963//2963 2293//2293
f 2942//2942 2970//2970 2929//2929
f 2931//2931 2971//2971 2932//2932
f 2971//2971 2934//2934 2932//2932
f 2936//2936 2973//2973 2949//2949
f 2973//2973 2974//2974 2949//2949
f 2944//2944 2975//2975 2950//2950
f 2975//2975 2941//2941 2950//2950
f 2948//2948 2977//2977 2951//2951
f 2977//2977 2962//2962 2951//2951
f 2954//2954 2978//2978 2952//2952
f 2960//2960 2980//2980 2966//2966
f 2980//2980 2958//2958 2966//2966
f 2968//2968 2981//2981 2967//2967
f 2946//2946 2940//2940 1657//1657
f 1657//1657 1658//1658 2946//2946
f 2971//2971 2931//2931 2488//2488
f 2488//2488 2490//2490 2971//2971
f 2971//2971 2490//2490 2934//2934
f 1667//1667 2969//2969 1671//1671
f 1671//1671 2969//2969 2946//2946
f 2493//2493 2970//2970 2492//2492
f 2492//2492 2970//2970 2942//2942
f 2974//2974 2973//2973 2489//2489
f 2973//2973 2491//2491 2489//2489
f 2491//2491 2973//2973 2936//2936
f 2325//2325 2972//2972 2327//2327
f 2327//2327 2972//2972 2935//2935
f 2322//2322 2323//2323 2938//2938
f 2935//2935 2938//2938 2323//2323
f 2494//2494 2944//2944 2495//2495
f 2975//2975 2944//2944 2494//2494
f 2975//2975 2494//2494 2941//2941
f 2309//2309 2943//2943 2310//2310
f 2309//2309 2976//2976 2943//2943
f 2301//2301 2978//2978 2954//2954
f 2302//2302 2978//2978 2301//2301
f 2304//2304 2978//2978 2302//2302
f 2943//2943 2965//2965 2308//2308
f 2307//2307 2308//2308 2965//2965
f 2977//2977 2299//2299 2962//2962
f 2977//2977 2948//2948 2298//2298
f 2298//2298 2299//2299 2977//2977
f 2980//2980 2292//2292 2958//2958
f 2291//2291 2292//2292 2980//2980
f 2980//2980 2960//2960 2291//2291
f 2291//2291 2960//2960 2303//2303
f 2956//2956 2964//2964 2289//2289
f 2290//2290 2289//2289 2964//2964
f 2329//2329 2956//2956 2288//2288
f 2329//2329 2979//2979 2956//2956
f 2300//2300 2981//2981 2968//2968
f 2295//2295 2981//2981 2300//2300
f 2947//2947 1663//1663 1660//1660
f 2982//2982 2947//2947 1660//1660
f 2983//2983 2930//2930 2496//2496
f 2983//2983 2496//2496 1669//1669
f 2319//2319 2939//2939 2318//2318
f 2318//2318 2939//2939 2984//2984
f 2326//2326 2945//2945 2324//2324
f 2324//2324 2945//2945 2985//2985
f 2982//2982 2930//2930 2983//2983
f 2982//2982 2983//2983 2947//2947
f 2945//2945 2984//2984 2939//2939
f 2945//2945 2939//2939 2985//2985
f 2321//2321 2953//2953 2306//2306
f 2320//2320 2953//2953 2321//2321
f 2320//2320 2986//2986 2953//2953
f 2297//2297 2987//2987 2959//2959
f 2297//2297 2959//2959 2296//2296
f 2961//2961 2328//2328 2305//2305
f 2961//2961 2988//2988 2328//2328
f 2963//2963 2294//2294 2293//2293
f 2989//2989 2294//2294 2963//2963
f 2986//2986 2959//2959 2987//2987
f 2986//2986 2987//2987 2953//2953
f 2963//2963 2988//2988 2961//2961
f 2963//2963 2961//2961 2989//2989
f 2930//2930 2970//2970 2493//2493
f 2930//2930 2493//2493 2496//2496
f 2558//2558 2556//2556 2990//2990
f 2558//2558 2990//2990 2992//2992
f 2561//2561 2563//2563 2997//2997
f 2561//2561 2997//2997 2991//2991
f 2555//2555 2557//2557 2542//2542
f 2555//2555 2542//2542 2541//2541
f 2659//2659 2661//2661 2575//2575
f 2659//2659 2575//2575 2574//2574
f 2551//2551 2561//2561 2991//2991
f 2551//2551 2991//2991 2994//2994
f 2552//2552 2566//2566 2545//2545
f 2571//2571 2569//2569 2541//2541
f 2571//2571 2541//2541 2540//2540
f 2578//2578 2673//2673 2664//2664
f 2567//2567 2565//2565 2994//2994
f 2567//2567 2994//2994 2995//2995
f 2541//2541 2569//2569 2555//2555
f 2576//2576 2666//2666 2668//2668
f 2553//2553 2559//2559 2996//2996
f 2529//2529 2564//2564 2547//2547
f 2568//2568 2519//2519 2540//2540
f 2568//2568 2540//2540 2544//2544
f 2570//2570 2518//2518 2993//2993
f 2570//2570 2993//2993 2990//2990
f 2519//2519 2571//2571 2540//2540
f 2623//2623 2669//2669 2639//2639
f 2623//2623 2639//2639 2638//2638
f 2557//2557 2560//2560 2543//2543
f 2557//2557 2543//2543 2542//2542
f 2572//2572 2576//2576 2622//2622
f 2577//2577 2662//2662 2645//2645
f 2640//2640 2667//2667 2646//2646
f 2638//2638 2637//2637 2671//2671
f 2638//2638 2671//2671 2623//2623
f 2566//2566 2568//2568 2544//2544
f 2566//2566 2544//2544 2545//2545
f 2628//2628 2624//2624 2580//2580
f 2628//2628 2580//2580 2579//2579
f 2643//2643 2644//2644 2625//2625
f 2643//2643 2625//2625 2629//2629
f 2579//2579 2575//2575 2634//2634
f 2579//2579 2634//2634 2628//2628
f 2560//2560 2554//2554 2543//2543
f 2530//2530 2529//2529 2547//2547
f 2530//2530 2547//2547 2549//2549
f 2546//2546 2547//2547 2564//2564
f 2546//2546 2564//2564 2562//2562
f 2550//2550 2567//2567 2995//2995
f 2556//2556 2570//2570 2990//2990
f 2629//2629 2672//2672 2635//2635
f 2629//2629 2635//2635 2643//2643
f 2645//2645 2666//2666 2576//2576
f 2636//2636 2635//2635 2660//2660
f 2636//2636 2660//2660 2658//2658
f 2992//2992 2996//2996 2559//2559
f 2992//2992 2559//2559 2558//2558
f 2518//2518 2550//2550 2995//2995
f 2518//2518 2995//2995 2993//2993
f 2523//2523 2553//2553 2996//2996
f 2523//2523 2996//2996 2998//2998
f 2998//2998 2999//2999 2527//2527
f 2998//2998 2527//2527 2523//2523
f 2576//2576 2577//2577 2645//2645
f 2641//2641 2640//2640 2646//2646
f 2641//2641 2646//2646 2663//2663
f 2624//2624 2673//2673 2578//2578
f 2624//2624 2578//2578 2580//2580
f 2563//2563 2528//2528 2997//2997
f 2574//2574 2573//2573 2657//2657
f 2574//2574 2657//2657 2659//2659
f 2656//2656 2671//2671 2637//2637
f 2577//2577 2578//2578 2664//2664
f 2577//2577 2664//2664 2662//2662
f 2642//2642 2665//2665 2626//2626
f 2999//2999 2997//2997 2528//2528
f 2999//2999 2528//2528 2527//2527
f 2548//2548 2543//2543 2554//2554
f 2548//2548 2554//2554 2522//2522
f 2573//2573 2572//2572 2622//2622
f 2573//2573 2622//2622 2670//2670
f 2637//2637 2636//2636 2658//2658
f 2637//2637 2658//2658 2656//2656
f 2575//2575 2661//2661 2634//2634
f 2522//2522 2530//2530 2549//2549
f 2522//2522 2549//2549 2548//2548
f 2562//2562 2552//2552 2545//2545
f 2562//2562 2545//2545 2546//2546
f 2668//2668 2622//2622 2576//2576
f 2573//2573 2670//2670 2657//2657
f 2635//2635 2672//2672 2660//2660
f 2644//2644 2642//2642 2626//2626
f 2644//2644 2626//2626 2625//2625
f 2994//2994 2565//2565 2551//2551
f 2640//2640 2639//2639 2669//2669
f 2640//2640 2669//2669 2667//2667
f 2663//2663 2665//2665 2642//2642
f 2663//2663 2642//2642 2641//2641
f 2999//2999 2998//2998 2996//2996
f 2997//2997 2999//2999 2996//2996
f 2996//2996 2992//2992 2990//2990
f 2991//2991 2997//2997 2996//2996
f 2990//2990 2993//2993 2995//2995
f 2991//2991 2996//2996 2990//2990
f 2995//2995 2994//2994 2991//2991
f 2990//2990 2995//2995 2991//2991
f 2796//2796 2809//2809 2800//2800
f 2800//2800 2799//2799 2797//2797
f 2796//2796 2800//2800 2797//2797
f 2932//2932 2934//2934 2933//2933
f 2933//2933 2942//2942 2929//2929
f 2932//2932 2933//2933 2929//2929
f 2865//2865 2866//2866 2855//2855
f 2855//2855 2854//2854 2864//2864
f 2865//2865 2855//2855 2864//2864
f 2852//2852 2851//2851 2859//2859
f 2852//2852 2859//2859 2849//2849
f 2849//2849 2848//2848 2852//2852
f 2958//2958 2957//2957 2968//2968
f 2958//2958 2968//2968 2967//2967
f 2967//2967 2966//2966 2958//2958
f 2951//2951 2962//2962 2955//2955
f 2955//2955 2954//2954 2952//2952
f 2952//2952 2951//2951 2955//2955
f 2941//2941 2937//2937 2936//2936
f 2941//2941 2936//2936 2949//2949
f 2949//2949 2950//2950 2941//2941
f 2816//2816 2804//2804 2803//2803
f 2803//2803 2808//2808 2817//2817
f 2817//2817 2816//2816 2803//2803
f 2728//2728 3001//3001 3002//3002
f 2728//2728 3002//3002 3000//3000
f 2727//2727 2720//2720 3001//3001
f 2727//2727 3001//3001 2728//2728
f 2723//2723 2724//2724 2729//2729
f 2723//2723 2729//2729 3003//3003
f 2720//2720 2723//2723 3003//3003
f 2720//2720 3003//3003 3001//3001
f 3005//3005 3004//3004 3000//3000
f 3005//3005 3000//3000 3002//3002
f 3001//3001 3003//3003 3005//3005
f 3001//3001 3005//3005 3002//3002
f 2729//2729 2728//2728 3000//3000
f 2729//2729 3000//3000 3004//3004
f 3003//3003 2729//2729 3004//3004
f 3003//3003 3004//3004 3005//3005
f 3010//3010 3011//3011 3014//3014
f 3015//3015 3064//3064 3013//3013
f 3015//3015 3013//3013 3012//3012
f 3016//3016 3015//3015 3012//3012
f 3012//3012 3010//3010 3014//3014
f 3017//3017 3016//3016 3012//3012
f 3012//3012 3014//3014 3018//3018
f 3020//3020 3849//3849 3019//3019
f 3020//3020 3019//3019 3021//3021
f 3008//3008 3020//3020 3021//3021
f 3008//3008 3021//3021 3017//3017
f 3008//3008 3017//3017 3012//3012
f 3009//3009 3008//3008 3012//3012
f 3012//3012 3018//3018 3022//3022
f 3022//3022 3009//3009 3012//3012
f 3023//3023 3024//3024 3025//3025
f 3026//3026 3027//3027 3028//3028
f 3029//3029 3030//3030 3031//3031
f 3029//3029 3031//3031 3157//3157
f 3032//3032 3033//3033 3034//3034
f 3032//3032 3034//3034 3035//3035
f 3036//3036 3037//3037 3038//3038
f 3036//3036 3038//3038 3039//3039
f 3147//3147 3146//3146 3040//3040
f 3147//3147 3040//3040 3023//3023
f 3217//3217 3216//3216 3041//3041
f 3217//3217 3041//3041 3042//3042
f 3043//3043 3044//3044 3045//3045
f 3046//3046 3047//3047 3048//3048
f 3046//3046 3048//3048 3049//3049
f 3050//3050 3051//3051 3052//3052
f 3552//3552 3596//3596 3053//3053
f 3552//3552 3053//3053 3054//3054
f 3055//3055 3498//3498 3056//3056
f 3055//3055 3056//3056 3057//3057
f 3058//3058 3059//3059 3060//3060
f 3058//3058 3060//3060 3061//3061
f 3063//3063 3574//3574 3064//3064
f 3064//3064 3015//3015 3065//3065
f 3066//3066 3063//3063 3064//3064
f 3065//3065 3067//3067 3068//3068
f 3065//3065 3068//3068 3066//3066
f 3064//3064 3065//3065 3066//3066
f 3071//3071 3072//3072 3073//3073
f 3074//3074 3069//3069 3070//3070
f 3075//3075 3071//3071 3073//3073
f 3073//3073 3074//3074 3070//3070
f 3073//3073 3070//3070 3076//3076
f 3076//3076 3075//3075 3073//3073
f 3080//3080 3081//3081 3082//3082
f 3080//3080 3082//3082 3083//3083
f 3084//3084 3085//3085 3086//3086
f 3086//3086 3087//3087 3088//3088
f 3090//3090 3089//3089 3084//3084
f 3084//3084 3086//3086 3088//3088
f 3091//3091 3090//3090 3084//3084
f 3084//3084 3088//3088 3092//3092
f 3093//3093 3091//3091 3084//3084
f 3084//3084 3092//3092 3094//3094
f 3095//3095 3093//3093 3084//3084
f 3084//3084 3094//3094 3095//3095
f 3097//3097 3098//3098 3099//3099
f 3100//3100 3096//3096 3097//3097
f 3103//3103 3102//3102 3101//3101
f 3100//3100 3097//3097 3099//3099
f 3103//3103 3101//3101 3100//3100
f 3100//3100 3099//3099 3104//3104
f 3105//3105 3103//3103 3100//3100
f 3104//3104 3105//3105 3100//3100
f 3107//3107 3112//3112 3108//3108
f 3109//3109 3106//3106 3107//3107
f 3110//3110 3111//3111 3109//3109
f 3109//3109 3107//3107 3108//3108
f 3109//3109 3108//3108 3113//3113
f 3112//3112 3107//3107 3078//3078
f 3114//3114 3112//3112 3078//3078
f 3109//3109 3113//3113 3115//3115
f 3109//3109 3115//3115 3116//3116
f 3117//3117 3114//3114 3078//3078
f 3110//3110 3109//3109 3116//3116
f 3118//3118 3117//3117 3078//3078
f 3110//3110 3116//3116 3119//3119
f 3118//3118 3078//3078 3079//3079
f 3110//3110 3119//3119 3120//3120
f 3121//3121 3118//3118 3079//3079
f 3110//3110 3120//3120 3122//3122
f 3123//3123 3121//3121 3079//3079
f 3079//3079 3110//3110 3122//3122
f 3079//3079 3122//3122 3124//3124
f 3124//3124 3123//3123 3079//3079
f 3127//3127 3128//3128 3129//3129
f 3023//3023 3040//3040 3024//3024
f 3132//3132 3125//3125 3126//3126
f 3132//3132 3126//3126 3133//3133
f 3371//3371 3134//3134 3135//3135
f 3136//3136 3132//3132 3133//3133
f 3136//3136 3133//3133 3137//3137
f 3024//3024 3136//3136 3137//3137
f 3024//3024 3137//3137 3025//3025
f 3138//3138 3139//3139 3140//3140
f 3138//3138 3140//3140 3141//3141
f 3142//3142 3143//3143 3144//3144
f 3142//3142 3144//3144 3145//3145
f 3141//3141 3140//3140 3143//3143
f 3141//3141 3143//3143 3142//3142
f 3145//3145 3144//3144 3146//3146
f 3145//3145 3146//3146 3147//3147
f 3148//3148 3149//3149 3150//3150
f 3153//3153 3130//3130 3154//3154
f 3152//3152 3154//3154 3151//3151
f 3130//3130 3131//3131 3139//3139
f 3130//3130 3139//3139 3138//3138
f 3130//3130 3153//3153 3131//3131
f 3152//3152 3153//3153 3154//3154
f 3155//3155 3157//3157 3156//3156
f 3125//3125 3155//3155 3156//3156
f 3125//3125 3156//3156 3126//3126
f 3155//3155 3029//3029 3157//3157
f 3159//3159 3160//3160 3161//3161
f 3162//3162 3158//3158 3159//3159
f 3159//3159 3161//3161 3163//3163
f 3164//3164 3575//3575 3162//3162
f 3159//3159 3163//3163 3165//3165
f 3165//3165 3164//3164 3162//3162
f 3159//3159 3165//3165 3162//3162
f 3168//3168 3169//3169 3170//3170
f 3171//3171 3172//3172 3173//3173
f 3171//3171 3173//3173 3174//3174
f 3030//3030 3152//3152 3151//3151
f 3030//3030 3151//3151 3031//3031
f 3172//3172 3177//3177 3178//3178
f 3172//3172 3178//3178 3173//3173
f 3129//3129 3171//3171 3174//3174
f 3129//3129 3174//3174 3179//3179
f 3166//3166 3128//3128 3127//3127
f 3129//3129 3179//3179 3127//3127
f 3184//3184 3150//3150 3167//3167
f 3184//3184 3167//3167 3166//3166
f 3166//3166 3167//3167 3128//3128
f 3175//3175 3176//3176 3180//3180
f 3175//3175 3180//3180 3181//3181
f 3182//3182 3183//3183 3149//3149
f 3181//3181 3180//3180 3183//3183
f 3181//3181 3183//3183 3182//3182
f 3148//3148 3150//3150 3184//3184
f 3182//3182 3149//3149 3148//3148
f 3187//3187 3188//3188 3189//3189
f 3188//3188 3190//3190 3189//3189
f 3187//3187 3189//3189 3191//3191
f 3190//3190 3188//3188 3192//3192
f 3190//3190 3192//3192 3176//3176
f 3190//3190 3176//3176 3175//3175
f 3177//3177 3193//3193 3194//3194
f 3177//3177 3194//3194 3178//3178
f 3193//3193 3195//3195 3196//3196
f 3193//3193 3196//3196 3194//3194
f 3042//3042 3041//3041 3197//3197
f 3195//3195 3187//3187 3191//3191
f 3195//3195 3191//3191 3196//3196
f 3204//3204 3206//3206 3207//3207
f 3204//3204 3207//3207 3205//3205
f 3204//3204 3205//3205 3208//3208
f 3208//3208 3170//3170 3204//3204
f 3168//3168 3170//3170 3208//3208
f 3213//3213 3045//3045 3169//3169
f 3213//3213 3169//3169 3168//3168
f 3200//3200 3201//3201 3209//3209
f 3200//3200 3209//3209 3210//3210
f 3211//3211 3212//3212 3044//3044
f 3210//3210 3209//3209 3212//3212
f 3043//3043 3045//3045 3213//3213
f 3211//3211 3044//3044 3043//3043
f 3210//3210 3212//3212 3211//3211
f 3214//3214 3215//3215 3216//3216
f 3214//3214 3216//3216 3217//3217
f 3220//3220 3219//3219 3221//3221
f 3220//3220 3218//3218 3219//3219
f 3219//3219 3218//3218 3222//3222
f 3219//3219 3222//3222 3223//3223
f 3223//3223 3222//3222 3201//3201
f 3223//3223 3201//3201 3200//3200
f 3206//3206 3198//3198 3199//3199
f 3206//3206 3199//3199 3207//3207
f 3202//3202 3224//3224 3225//3225
f 3202//3202 3225//3225 3203//3203
f 3198//3198 3202//3202 3203//3203
f 3198//3198 3203//3203 3199//3199
f 3545//3545 3228//3228 3510//3510
f 3545//3545 3510//3510 3229//3229
f 3224//3224 3226//3226 3227//3227
f 3224//3224 3227//3227 3225//3225
f 3226//3226 3220//3220 3221//3221
f 3226//3226 3221//3221 3227//3227
f 3232//3232 3233//3233 3271//3271
f 3234//3234 3235//3235 3236//3236
f 3240//3240 3237//3237 3238//3238
f 3240//3240 3238//3238 3239//3239
f 3237//3237 3230//3230 3231//3231
f 3237//3237 3231//3231 3238//3238
f 3240//3240 3239//3239 3241//3241
f 3241//3241 3197//3197 3240//3240
f 3042//3042 3197//3197 3241//3241
f 3236//3236 3235//3235 3242//3242
f 3236//3236 3242//3242 3243//3243
f 3243//3243 3242//3242 3244//3244
f 3243//3243 3244//3244 3245//3245
f 3245//3245 3244//3244 3215//3215
f 3245//3245 3215//3215 3214//3214
f 3246//3246 3247//3247 3248//3248
f 3246//3246 3248//3248 3249//3249
f 3250//3250 3251//3251 3252//3252
f 3037//3037 3250//3250 3252//3252
f 3037//3037 3252//3252 3038//3038
f 3252//3252 3251//3251 3234//3234
f 3234//3234 3251//3251 3235//3235
f 3230//3230 3253//3253 3254//3254
f 3230//3230 3254//3254 3231//3231
f 3253//3253 3255//3255 3256//3256
f 3253//3253 3256//3256 3254//3254
f 3480//3480 3481//3481 3615//3615
f 3480//3480 3615//3615 3257//3257
f 3255//3255 3036//3036 3039//3039
f 3255//3255 3039//3039 3256//3256
f 3258//3258 3259//3259 3233//3233
f 3258//3258 3233//3233 3232//3232
f 3264//3264 3265//3265 3266//3266
f 3264//3264 3266//3266 3267//3267
f 3265//3265 3282//3282 3268//3268
f 3265//3265 3268//3268 3266//3266
f 3269//3269 3264//3264 3267//3267
f 3269//3269 3267//3267 3270//3270
f 3271//3271 3269//3269 3270//3270
f 3271//3271 3270//3270 3272//3272
f 3232//3232 3271//3271 3272//3272
f 3262//3262 3263//3263 3273//3273
f 3262//3262 3273//3273 3274//3274
f 3249//3249 3248//3248 3259//3259
f 3249//3249 3259//3259 3258//3258
f 3274//3274 3273//3273 3247//3247
f 3274//3274 3247//3247 3246//3246
f 3275//3275 3276//3276 3277//3277
f 3278//3278 3279//3279 3280//3280
f 3033//3033 3280//3280 3034//3034
f 3033//3033 3278//3278 3280//3280
f 3279//3279 3278//3278 3281//3281
f 3279//3279 3281//3281 3263//3263
f 3279//3279 3263//3263 3262//3262
f 3282//3282 3283//3283 3284//3284
f 3283//3283 3032//3032 3035//3035
f 3282//3282 3284//3284 3268//3268
f 3283//3283 3035//3035 3284//3284
f 3285//3285 3277//3277 3261//3261
f 3285//3285 3261//3261 3260//3260
f 3286//3286 3287//3287 3288//3288
f 3291//3291 3292//3292 3293//3293
f 3291//3291 3293//3293 3294//3294
f 3295//3295 3296//3296 3297//3297
f 3300//3300 3298//3298 3299//3299
f 3300//3300 3299//3299 3301//3301
f 3260//3260 3290//3290 3289//3289
f 3290//3290 3300//3300 3301//3301
f 3290//3290 3301//3301 3289//3289
f 3302//3302 3529//3529 3303//3303
f 3302//3302 3303//3303 3523//3523
f 3260//3260 3261//3261 3290//3290
f 3294//3294 3293//3293 3304//3304
f 3294//3294 3304//3304 3305//3305
f 3305//3305 3304//3304 3306//3306
f 3305//3305 3306//3306 3307//3307
f 3275//3275 3277//3277 3285//3285
f 3307//3307 3276//3276 3275//3275
f 3307//3307 3306//3306 3276//3276
f 3312//3312 3311//3311 3313//3313
f 3312//3312 3310//3310 3311//3311
f 3311//3311 3310//3310 3292//3292
f 3311//3311 3292//3292 3291//3291
f 3296//3296 3314//3314 3315//3315
f 3314//3314 3026//3026 3028//3028
f 3296//3296 3315//3315 3297//3297
f 3298//3298 3295//3295 3297//3297
f 3298//3298 3297//3297 3299//3299
f 3314//3314 3028//3028 3315//3315
f 3609//3609 3546//3546 3318//3318
f 3609//3609 3318//3318 3319//3319
f 3321//3321 3609//3609 3319//3319
f 3319//3319 3320//3320 3322//3322
f 3319//3319 3322//3322 3321//3321
f 3323//3323 3324//3324 3325//3325
f 3326//3326 3327//3327 3047//3047
f 3326//3326 3047//3047 3046//3046
f 3316//3316 3317//3317 3328//3328
f 3316//3316 3328//3328 3329//3329
f 3352//3352 3330//3330 3331//3331
f 3352//3352 3331//3331 3332//3332
f 3026//3026 3312//3312 3313//3313
f 3026//3026 3313//3313 3027//3027
f 3286//3286 3288//3288 3335//3335
f 3329//3329 3328//3328 3286//3286
f 3329//3329 3286//3286 3335//3335
f 3341//3341 3336//3336 3317//3317
f 3341//3341 3317//3317 3316//3316
f 3332//3332 3331//3331 3337//3337
f 3332//3332 3337//3337 3338//3338
f 3338//3338 3337//3337 3339//3339
f 3338//3338 3339//3339 3340//3340
f 3308//3308 3309//3309 3336//3336
f 3308//3308 3336//3336 3341//3341
f 3340//3340 3339//3339 3309//3309
f 3340//3340 3309//3309 3308//3308
f 3345//3345 3348//3348 3349//3349
f 3352//3352 3348//3348 3330//3330
f 3287//3287 3353//3353 3354//3354
f 3287//3287 3354//3354 3288//3288
f 3353//3353 3333//3333 3334//3334
f 3353//3353 3334//3334 3354//3354
f 3350//3350 3346//3346 3347//3347
f 3350//3350 3347//3347 3351//3351
f 3348//3348 3352//3352 3349//3349
f 3345//3345 3349//3349 3344//3344
f 3355//3355 3356//3356 3357//3357
f 3333//3333 3350//3350 3351//3351
f 3333//3333 3351//3351 3334//3334
f 3358//3358 3355//3355 3357//3357
f 3358//3358 3357//3357 3359//3359
f 3323//3323 3325//3325 3362//3362
f 3360//3360 3361//3361 3362//3362
f 3360//3360 3358//3358 3359//3359
f 3360//3360 3359//3359 3361//3361
f 3362//3362 3325//3325 3360//3360
f 3049//3049 3048//3048 3324//3324
f 3049//3049 3324//3324 3323//3323
f 3135//3135 3134//3134 3363//3363
f 3135//3135 3363//3363 3364//3364
f 3364//3364 3363//3363 3327//3327
f 3364//3364 3327//3327 3326//3326
f 3346//3346 3345//3345 3344//3344
f 3346//3346 3344//3344 3347//3347
f 3374//3374 3365//3365 3366//3366
f 3374//3374 3366//3366 3367//3367
f 3365//3365 3368//3368 3369//3369
f 3365//3365 3369//3369 3366//3366
f 3368//3368 3370//3370 3371//3371
f 3368//3368 3371//3371 3369//3369
f 3371//3371 3370//3370 3134//3134
f 3356//3356 3372//3372 3373//3373
f 3374//3374 3367//3367 3375//3375
f 3372//3372 3375//3375 3373//3373
f 3356//3356 3373//3373 3357//3357
f 3372//3372 3374//3374 3375//3375
f 3376//3376 3377//3377 3087//3087
f 3376//3376 3378//3378 3377//3377
f 3379//3379 3378//3378 3376//3376
f 3379//3379 3380//3380 3378//3378
f 3381//3381 3380//3380 3379//3379
f 3381//3381 3382//3382 3380//3380
f 3383//3383 3382//3382 3381//3381
f 3383//3383 3384//3384 3382//3382
f 3385//3385 3384//3384 3383//3383
f 3385//3385 3386//3386 3384//3384
f 3387//3387 3386//3386 3385//3385
f 3387//3387 3388//3388 3386//3386
f 3389//3389 3388//3388 3387//3387
f 3389//3389 3390//3390 3388//3388
f 3089//3089 3390//3390 3389//3389
f 3090//3090 3391//3391 3390//3390
f 3090//3090 3390//3390 3089//3089
f 3091//3091 3392//3392 3391//3391
f 3091//3091 3391//3391 3090//3090
f 3093//3093 3393//3393 3392//3392
f 3093//3093 3392//3392 3091//3091
f 3095//3095 3393//3393 3093//3093
f 3095//3095 3394//3394 3393//3393
f 3094//3094 3394//3394 3095//3095
f 3094//3094 3395//3395 3394//3394
f 3092//3092 3395//3395 3094//3094
f 3092//3092 3396//3396 3395//3395
f 3088//3088 3396//3396 3092//3092
f 3088//3088 3397//3397 3396//3396
f 3087//3087 3397//3397 3088//3088
f 3087//3087 3377//3377 3397//3397
f 3399//3399 3400//3400 3401//3401
f 3395//3395 3402//3402 3399//3399
f 3404//3404 3380//3380 3403//3403
f 3398//3398 3388//3388 3390//3390
f 3393//3393 3401//3401 3405//3405
f 3013//3013 3397//3397 3377//3377
f 3386//3386 3406//3406 3384//3384
f 3398//3398 3391//3391 3392//3392
f 3013//3013 3402//3402 3395//3395
f 3013//3013 3395//3395 3396//3396
f 3382//3382 3403//3403 3380//3380
f 3394//3394 3401//3401 3393//3393
f 3377//3377 3378//3378 3404//3404
f 3377//3377 3404//3404 3013//3013
f 3386//3386 3407//3407 3406//3406
f 3398//3398 3392//3392 3408//3408
f 3382//3382 3409//3409 3403//3403
f 3394//3394 3399//3399 3401//3401
f 3410//3410 3407//3407 3386//3386
f 3410//3410 3386//3386 3388//3388
f 3392//3392 3393//3393 3405//3405
f 3392//3392 3405//3405 3408//3408
f 3013//3013 3396//3396 3397//3397
f 3384//3384 3409//3409 3382//3382
f 3390//3390 3391//3391 3398//3398
f 3395//3395 3399//3399 3394//3394
f 3380//3380 3404//3404 3378//3378
f 3410//3410 3388//3388 3398//3398
f 3384//3384 3406//3406 3409//3409
f 3160//3160 3159//3159 3411//3411
f 3064//3064 3414//3414 3415//3415
f 3418//3418 3419//3419 3160//3160
f 3160//3160 3411//3411 3412//3412
f 3412//3412 3400//3400 3413//3413
f 3413//3413 3064//3064 3415//3415
f 3415//3415 3416//3416 3417//3417
f 3417//3417 3418//3418 3160//3160
f 3160//3160 3412//3412 3413//3413
f 3413//3413 3415//3415 3417//3417
f 3160//3160 3413//3413 3417//3417
f 3418//3418 3407//3407 3410//3410
f 3418//3418 3410//3410 3419//3419
f 3399//3399 3413//3413 3400//3400
f 3402//3402 3413//3413 3399//3399
f 3413//3413 3402//3402 3013//3013
f 3064//3064 3413//3413 3013//3013
f 3403//3403 3415//3415 3414//3414
f 3403//3403 3414//3414 3404//3404
f 3403//3403 3416//3416 3415//3415
f 3409//3409 3416//3416 3403//3403
f 3159//3159 3408//3408 3405//3405
f 3405//3405 3411//3411 3159//3159
f 3409//3409 3417//3417 3416//3416
f 3405//3405 3412//3412 3411//3411
f 3406//3406 3417//3417 3409//3409
f 3401//3401 3412//3412 3405//3405
f 3406//3406 3418//3418 3417//3417
f 3401//3401 3400//3400 3412//3412
f 3407//3407 3418//3418 3406//3406
f 3420//3420 3421//3421 3422//3422
f 3422//3422 3421//3421 3423//3423
f 3422//3422 3423//3423 3424//3424
f 3424//3424 3423//3423 3425//3425
f 3424//3424 3425//3425 3426//3426
f 3425//3425 3427//3427 3426//3426
f 3427//3427 3428//3428 3426//3426
f 3427//3427 3429//3429 3428//3428
f 3429//3429 3430//3430 3428//3428
f 3429//3429 3431//3431 3430//3430
f 3431//3431 3432//3432 3430//3430
f 3432//3432 3431//3431 3433//3433
f 3432//3432 3433//3433 3434//3434
f 3434//3434 3433//3433 3435//3435
f 3435//3435 3433//3433 3436//3436
f 3435//3435 3436//3436 3437//3437
f 3435//3435 3437//3437 3438//3438
f 3438//3438 3437//3437 3439//3439
f 3438//3438 3439//3439 3440//3440
f 3439//3439 3441//3441 3440//3440
f 3441//3441 3442//3442 3440//3440
f 3441//3441 3443//3443 3442//3442
f 3443//3443 3444//3444 3442//3442
f 3443//3443 3445//3445 3444//3444
f 3445//3445 3446//3446 3444//3444
f 3446//3446 3445//3445 3447//3447
f 3446//3446 3447//3447 3448//3448
f 3437//3437 3436//3436 3455//3455
f 3448//3448 3447//3447 3420//3420
f 3420//3420 3447//3447 3421//3421
f 3449//3449 3450//3450 3451//3451
f 3445//3445 3449//3449 3452//3452
f 3454//3454 3425//3425 3453//3453
f 3441//3441 3456//3456 3450//3450
f 3453//3453 3421//3421 3458//3458
f 3421//3421 3447//3447 3458//3458
f 3431//3431 3429//3429 3457//3457
f 3445//3445 3452//3452 3458//3458
f 3427//3427 3425//3425 3454//3454
f 3443//3443 3441//3441 3450//3450
f 3453//3453 3423//3423 3421//3421
f 3431//3431 3457//3457 3459//3459
f 3460//3460 3439//3439 3437//3437
f 3460//3460 3437//3437 3455//3455
f 3447//3447 3445//3445 3458//3458
f 3427//3427 3454//3454 3461//3461
f 3436//3436 3433//3433 3455//3455
f 3443//3443 3450//3450 3449//3449
f 3431//3431 3459//3459 3462//3462
f 3456//3456 3439//3439 3460//3460
f 3429//3429 3427//3427 3461//3461
f 3445//3445 3443//3443 3449//3449
f 3453//3453 3425//3425 3423//3423
f 3433//3433 3431//3431 3462//3462
f 3433//3433 3462//3462 3455//3455
f 3441//3441 3439//3439 3456//3456
f 3429//3429 3461//3461 3457//3457
f 3466//3466 3073//3073 3072//3072
f 3072//3072 3467//3467 3468//3468
f 3470//3470 3471//3471 3319//3319
f 3463//3463 3464//3464 3465//3465
f 3465//3465 3466//3466 3072//3072
f 3072//3072 3468//3468 3451//3451
f 3451//3451 3469//3469 3470//3470
f 3470//3470 3319//3319 3463//3463
f 3463//3463 3465//3465 3072//3072
f 3072//3072 3451//3451 3470//3470
f 3463//3463 3072//3072 3470//3470
f 3319//3319 3462//3462 3459//3459
f 3459//3459 3463//3463 3319//3319
f 3449//3449 3451//3451 3468//3468
f 3452//3452 3449//3449 3468//3468
f 3458//3458 3452//3452 3468//3468
f 3458//3458 3468//3468 3467//3467
f 3466//3466 3454//3454 3453//3453
f 3073//3073 3466//3466 3453//3453
f 3454//3454 3466//3466 3465//3465
f 3461//3461 3454//3454 3465//3465
f 3470//3470 3456//3456 3460//3460
f 3470//3470 3460//3460 3471//3471
f 3461//3461 3465//3465 3464//3464
f 3456//3456 3470//3470 3469//3469
f 3457//3457 3461//3461 3464//3464
f 3450//3450 3456//3456 3469//3469
f 3457//3457 3464//3464 3463//3463
f 3450//3450 3469//3469 3451//3451
f 3459//3459 3457//3457 3463//3463
f 3356//3356 3473//3473 3474//3474
f 3198//3198 3206//3206 3584//3584
f 3198//3198 3584//3584 3486//3486
f 3475//3475 3476//3476 3149//3149
f 3475//3475 3149//3149 3183//3183
f 3185//3185 3045//3045 3044//3044
f 3044//3044 3478//3478 3185//3185
f 3248//3248 3247//3247 3479//3479
f 3248//3248 3479//3479 3480//3480
f 3481//3481 3482//3482 3251//3251
f 3481//3481 3251//3251 3250//3250
f 3483//3483 3484//3484 3274//3274
f 3483//3483 3274//3274 3246//3246
f 3261//3261 3277//3277 3303//3303
f 3261//3261 3303//3303 3529//3529
f 3293//3293 3292//3292 3485//3485
f 3486//3486 3487//3487 3202//3202
f 3202//3202 3198//3198 3486//3486
f 3490//3490 3077//3077 3049//3049
f 3490//3490 3049//3049 3323//3323
f 3489//3489 3491//3491 3145//3145
f 3489//3489 3145//3145 3147//3147
f 3315//3315 3028//3028 3492//3492
f 3054//3054 3225//3225 3227//3227
f 3282//3282 3265//3265 3493//3493
f 3135//3135 3364//3364 3511//3511
f 3135//3135 3511//3511 3494//3494
f 3127//3127 3179//3179 3063//3063
f 3266//3266 3268//3268 3495//3495
f 3054//3054 3497//3497 3225//3225
f 3372//3372 3356//3356 3474//3474
f 3474//3474 3499//3499 3372//3372
f 3498//3498 3500//3500 3254//3254
f 3498//3498 3254//3254 3256//3256
f 3501//3501 3143//3143 3140//3140
f 3268//3268 3284//3284 3502//3502
f 3268//3268 3502//3502 3495//3495
f 3297//3297 3315//3315 3503//3503
f 3504//3504 3505//3505 3189//3189
f 3504//3504 3189//3189 3190//3190
f 3223//3223 3200//3200 3506//3506
f 3158//3158 3029//3029 3155//3155
f 3506//3506 3507//3507 3223//3223
f 3250//3250 3037//3037 3481//3481
f 3165//3165 3163//3163 3129//3129
f 3165//3165 3129//3129 3128//3128
f 3302//3302 3523//3523 3033//3033
f 3302//3302 3033//3033 3032//3032
f 3281//3281 3278//3278 3508//3508
f 3224//3224 3202//3202 3487//3487
f 3487//3487 3510//3510 3224//3224
f 3147//3147 3023//3023 3019//3019
f 3147//3147 3019//3019 3489//3489
f 3023//3023 3025//3025 3021//3021
f 3023//3023 3021//3021 3019//3019
f 3364//3364 3326//3326 3511//3511
f 3148//3148 3184//3184 3068//3068
f 3148//3148 3068//3068 3512//3512
f 3199//3199 3203//3203 3513//3513
f 3374//3374 3372//3372 3499//3499
f 3131//3131 3153//3153 3516//3516
f 3131//3131 3516//3516 3515//3515
f 3301//3301 3299//3299 3517//3517
f 3517//3517 3518//3518 3301//3301
f 3210//3210 3211//3211 3520//3520
f 3210//3210 3520//3520 3521//3521
f 3030//3030 3029//3029 3162//3162
f 3163//3163 3161//3161 3129//3129
f 3249//3249 3258//3258 3057//3057
f 3523//3523 3508//3508 3278//3278
f 3522//3522 3195//3195 3193//3193
f 3270//3270 3267//3267 3477//3477
f 3472//3472 3524//3524 3350//3350
f 3472//3472 3350//3350 3333//3333
f 3600//3600 3343//3343 3345//3345
f 3600//3600 3345//3345 3346//3346
f 3491//3491 3525//3525 3142//3142
f 3491//3491 3142//3142 3145//3145
f 3526//3526 3344//3344 3349//3349
f 3527//3527 3067//3067 3151//3151
f 3527//3527 3151//3151 3154//3154
f 3290//3290 3529//3529 3528//3528
f 3203//3203 3225//3225 3497//3497
f 3497//3497 3513//3513 3203//3203
f 3500//3500 3514//3514 3231//3231
f 3500//3500 3231//3231 3254//3254
f 3140//3140 3139//3139 3515//3515
f 3140//3140 3515//3515 3501//3501
f 3475//3475 3183//3183 3180//3180
f 3190//3190 3175//3175 3531//3531
f 3531//3531 3504//3504 3190//3190
f 3614//3614 3532//3532 3236//3236
f 3614//3614 3236//3236 3243//3243
f 3523//3523 3278//3278 3033//3033
f 3063//3063 3066//3066 3127//3127
f 3534//3534 3485//3485 3292//3292
f 3533//3533 3307//3307 3275//3275
f 3324//3324 3048//3048 3342//3342
f 3324//3324 3342//3342 3530//3530
f 3337//3337 3331//3331 3547//3547
f 3337//3337 3547//3547 3509//3509
f 3347//3347 3344//3344 3526//3526
f 3347//3347 3526//3526 3535//3535
f 3021//3021 3025//3025 3137//3137
f 3137//3137 3017//3017 3021//3021
f 3065//3065 3157//3157 3031//3031
f 3591//3591 3318//3318 3026//3026
f 3591//3591 3026//3026 3314//3314
f 3182//3182 3148//3148 3512//3512
f 3512//3512 3537//3537 3182//3182
f 3353//3353 3287//3287 3320//3320
f 3353//3353 3320//3320 3472//3472
f 3539//3539 3055//3055 3232//3232
f 3541//3541 3311//3311 3291//3291
f 3074//3074 3492//3492 3028//3028
f 3180//3180 3176//3176 3542//3542
f 3180//3180 3542//3542 3475//3475
f 3212//3212 3544//3544 3478//3478
f 3478//3478 3044//3044 3212//3212
f 3219//3219 3223//3223 3507//3507
f 3227//3227 3221//3221 3552//3552
f 3227//3227 3552//3552 3054//3054
f 3532//3532 3234//3234 3236//3236
f 3546//3546 3534//3534 3310//3310
f 3331//3331 3330//3330 3547//3547
f 3316//3316 3329//3329 3076//3076
f 3359//3359 3357//3357 3560//3560
f 3359//3359 3560//3560 3571//3571
f 3031//3031 3151//3151 3067//3067
f 3031//3031 3067//3067 3065//3065
f 3550//3550 3283//3283 3282//3282
f 3282//3282 3493//3493 3550//3550
f 3574//3574 3063//3063 3179//3179
f 3040//3040 3146//3146 3519//3519
f 3040//3040 3519//3519 3540//3540
f 3300//3300 3290//3290 3528//3528
f 3300//3300 3528//3528 3538//3538
f 3515//3515 3139//3139 3131//3131
f 3134//3134 3370//3370 3548//3548
f 3015//3015 3016//3016 3156//3156
f 3015//3015 3156//3156 3157//3157
f 3543//3543 3551//3551 3125//3125
f 3543//3543 3125//3125 3132//3132
f 3545//3545 3216//3216 3215//3215
f 3221//3221 3219//3219 3552//3552
f 3215//3215 3553//3553 3545//3545
f 3053//3053 3596//3596 3217//3217
f 3053//3053 3217//3217 3042//3042
f 3615//3615 3481//3481 3037//3037
f 3615//3615 3037//3037 3036//3036
f 3234//3234 3532//3532 3554//3554
f 3171//3171 3129//3129 3161//3161
f 3554//3554 3252//3252 3234//3234
f 3195//3195 3522//3522 3555//3555
f 3546//3546 3310//3310 3312//3312
f 3027//3027 3313//3313 3069//3069
f 3027//3027 3069//3069 3074//3074
f 3568//3568 3557//3557 3294//3294
f 3568//3568 3294//3294 3305//3305
f 3075//3075 3076//3076 3329//3329
f 3329//3329 3335//3335 3075//3075
f 3558//3558 3564//3564 3352//3352
f 3558//3558 3352//3352 3332//3332
f 3137//3137 3133//3133 3017//3017
f 3556//3556 3559//3559 3230//3230
f 3556//3556 3230//3230 3237//3237
f 3232//3232 3272//3272 3539//3539
f 3538//3538 3561//3561 3295//3295
f 3538//3538 3295//3295 3298//3298
f 3205//3205 3207//3207 3563//3563
f 3205//3205 3563//3563 3562//3562
f 3564//3564 3526//3526 3349//3349
f 3564//3564 3349//3349 3352//3352
f 3530//3530 3325//3325 3324//3324
f 3498//3498 3256//3256 3039//3039
f 3024//3024 3040//3040 3540//3540
f 3284//3284 3035//3035 3061//3061
f 3284//3284 3061//3061 3502//3502
f 3168//3168 3208//3208 3496//3496
f 3540//3540 3565//3565 3024//3024
f 3492//3492 3503//3503 3315//3315
f 3566//3566 3548//3548 3370//3370
f 3370//3370 3368//3368 3566//3566
f 3029//3029 3158//3158 3162//3162
f 3553//3553 3215//3215 3244//3244
f 3480//3480 3259//3259 3248//3248
f 3568//3568 3305//3305 3307//3307
f 3307//3307 3533//3533 3568//3568
f 3318//3318 3546//3546 3312//3312
f 3318//3318 3312//3312 3026//3026
f 3275//3275 3285//3285 3059//3059
f 3275//3275 3059//3059 3533//3533
f 3070//3070 3308//3308 3341//3341
f 3226//3226 3224//3224 3510//3510
f 3569//3569 3327//3327 3363//3363
f 3357//3357 3373//3373 3570//3570
f 3357//3357 3570//3570 3560//3560
f 3028//3028 3027//3027 3074//3074
f 3571//3571 3361//3361 3359//3359
f 3550//3550 3302//3302 3032//3032
f 3550//3550 3032//3032 3283//3283
f 3153//3153 3152//3152 3575//3575
f 3153//3153 3575//3575 3516//3516
f 3544//3544 3212//3212 3209//3209
f 3169//3169 3045//3045 3185//3185
f 3169//3169 3185//3185 3572//3572
f 3576//3576 3488//3488 3338//3338
f 3576//3576 3338//3338 3340//3340
f 3507//3507 3552//3552 3219//3219
f 3577//3577 3177//3177 3172//3172
f 3484//3484 3578//3578 3262//3262
f 3484//3484 3262//3262 3274//3274
f 3579//3579 3547//3547 3330//3330
f 3330//3330 3348//3348 3579//3579
f 3549//3549 3354//3354 3334//3334
f 3327//3327 3569//3569 3580//3580
f 3179//3179 3174//3174 3574//3574
f 3580//3580 3047//3047 3327//3327
f 3525//3525 3581//3581 3138//3138
f 3525//3525 3138//3138 3141//3141
f 3482//3482 3582//3582 3235//3235
f 3482//3482 3235//3235 3251//3251
f 3537//3537 3181//3181 3182//3182
f 3298//3298 3300//3300 3538//3538
f 3325//3325 3530//3530 3583//3583
f 3053//3053 3042//3042 3241//3241
f 3333//3333 3353//3353 3472//3472
f 3584//3584 3206//3206 3204//3204
f 3196//3196 3191//3191 3505//3505
f 3196//3196 3505//3505 3585//3585
f 3191//3191 3189//3189 3505//3505
f 3247//3247 3273//3273 3586//3586
f 3247//3247 3586//3586 3479//3479
f 3587//3587 3303//3303 3277//3277
f 3130//3130 3581//3581 3527//3527
f 3343//3343 3579//3579 3348//3348
f 3548//3548 3569//3569 3363//3363
f 3548//3548 3363//3363 3134//3134
f 3229//3229 3197//3197 3041//3041
f 3348//3348 3345//3345 3343//3343
f 3253//3253 3230//3230 3559//3559
f 3253//3253 3559//3559 3588//3588
f 3077//3077 3589//3589 3046//3046
f 3077//3077 3046//3046 3049//3049
f 3371//3371 3494//3494 3590//3590
f 3581//3581 3130//3130 3138//3138
f 3176//3176 3192//3192 3542//3542
f 3590//3590 3369//3369 3371//3371
f 3322//3322 3320//3320 3286//3286
f 3209//3209 3201//3201 3605//3605
f 3209//3209 3605//3605 3544//3544
f 3561//3561 3591//3591 3296//3296
f 3561//3561 3296//3296 3295//3295
f 3360//3360 3325//3325 3583//3583
f 3583//3583 3592//3592 3360//3360
f 3514//3514 3593//3593 3238//3238
f 3514//3514 3238//3238 3231//3231
f 3594//3594 3542//3542 3192//3192
f 3299//3299 3297//3297 3503//3503
f 3299//3299 3503//3503 3517//3517
f 3555//3555 3186//3186 3187//3187
f 3555//3555 3187//3187 3195//3195
f 3192//3192 3188//3188 3594//3594
f 3043//3043 3213//3213 3062//3062
f 3595//3595 3244//3244 3242//3242
f 3041//3041 3216//3216 3545//3545
f 3041//3041 3545//3545 3229//3229
f 3214//3214 3217//3217 3596//3596
f 3596//3596 3597//3597 3214//3214
f 3587//3587 3277//3277 3276//3276
f 3598//3598 3058//3058 3034//3034
f 3598//3598 3034//3034 3280//3280
f 3317//3317 3336//3336 3609//3609
f 3317//3317 3609//3609 3321//3321
f 3335//3335 3071//3071 3075//3075
f 3197//3197 3229//3229 3599//3599
f 3524//3524 3600//3600 3346//3346
f 3524//3524 3346//3346 3350//3350
f 3599//3599 3240//3240 3197//3197
f 3571//3571 3601//3601 3362//3362
f 3571//3571 3362//3362 3361//3361
f 3373//3373 3375//3375 3610//3610
f 3373//3373 3610//3610 3570//3570
f 3328//3328 3317//3317 3321//3321
f 3271//3271 3233//3233 3257//3257
f 3271//3271 3257//3257 3602//3602
f 3592//3592 3358//3358 3360//3360
f 3146//3146 3144//3144 3603//3603
f 3146//3146 3603//3603 3519//3519
f 3604//3604 3566//3566 3368//3368
f 3186//3186 3594//3594 3188//3188
f 3496//3496 3062//3062 3213//3213
f 3496//3496 3213//3213 3168//3168
f 3201//3201 3222//3222 3605//3605
f 3155//3155 3125//3125 3551//3551
f 3039//3039 3038//3038 3056//3056
f 3039//3039 3056//3056 3498//3498
f 3244//3244 3595//3595 3553//3553
f 3578//3578 3279//3279 3262//3262
f 3035//3035 3034//3034 3058//3058
f 3035//3035 3058//3058 3061//3061
f 3606//3606 3587//3587 3276//3276
f 3606//3606 3276//3276 3306//3306
f 3165//3165 3128//3128 3167//3167
f 3204//3204 3170//3170 3572//3572
f 3204//3204 3572//3572 3607//3607
f 3608//3608 3609//3609 3309//3309
f 3525//3525 3141//3141 3142//3142
f 3309//3309 3339//3339 3608//3608
f 3367//3367 3366//3366 3567//3567
f 3367//3367 3567//3567 3610//3610
f 3070//3070 3576//3576 3340//3340
f 3070//3070 3340//3340 3308//3308
f 3016//3016 3126//3126 3156//3156
f 3573//3573 3173//3173 3178//3178
f 3286//3286 3328//3328 3321//3321
f 3286//3286 3321//3321 3322//3322
f 3611//3611 3053//3053 3241//3241
f 3241//3241 3239//3239 3611//3611
f 3170//3170 3169//3169 3572//3572
f 3565//3565 3543//3543 3136//3136
f 3565//3565 3136//3136 3024//3024
f 3186//3186 3188//3188 3187//3187
f 3368//3368 3365//3365 3604//3604
f 3242//3242 3235//3235 3582//3582
f 3242//3242 3582//3582 3595//3595
f 3200//3200 3210//3210 3521//3521
f 3200//3200 3521//3521 3506//3506
f 3055//3055 3057//3057 3258//3258
f 3055//3055 3258//3258 3232//3232
f 3578//3578 3598//3598 3279//3279
f 3060//3060 3059//3059 3285//3285
f 3060//3060 3285//3285 3260//3260
f 3612//3612 3549//3549 3334//3334
f 3612//3612 3334//3334 3351//3351
f 3375//3375 3367//3367 3610//3610
f 3323//3323 3362//3362 3601//3601
f 3601//3601 3490//3490 3323//3323
f 3602//3602 3613//3613 3269//3269
f 3602//3602 3269//3269 3271//3271
f 3066//3066 3068//3068 3184//3184
f 3066//3066 3184//3184 3166//3166
f 3133//3133 3126//3126 3016//3016
f 3133//3133 3016//3016 3017//3017
f 3591//3591 3314//3314 3296//3296
f 3573//3573 3574//3574 3174//3174
f 3573//3573 3174//3174 3173//3173
f 3239//3239 3238//3238 3593//3593
f 3239//3239 3593//3593 3611//3611
f 3272//3272 3270//3270 3477//3477
f 3272//3272 3477//3477 3539//3539
f 3476//3476 3150//3150 3149//3149
f 3518//3518 3060//3060 3289//3289
f 3289//3289 3301//3301 3518//3518
f 3167//3167 3150//3150 3164//3164
f 3167//3167 3164//3164 3165//3165
f 3551//3551 3158//3158 3155//3155
f 3211//3211 3043//3043 3062//3062
f 3211//3211 3062//3062 3520//3520
f 3597//3597 3614//3614 3245//3245
f 3245//3245 3214//3214 3597//3597
f 3554//3554 3056//3056 3038//3038
f 3554//3554 3038//3038 3252//3252
f 3172//3172 3171//3171 3161//3161
f 3172//3172 3161//3161 3577//3577
f 3311//3311 3541//3541 3069//3069
f 3255//3255 3253//3253 3588//3588
f 3255//3255 3588//3588 3615//3615
f 3488//3488 3558//3558 3332//3332
f 3488//3488 3332//3332 3338//3338
f 3157//3157 3065//3065 3015//3015
f 3613//3613 3264//3264 3269//3269
f 3537//3537 3531//3531 3175//3175
f 3537//3537 3175//3175 3181//3181
f 3543//3543 3132//3132 3136//3136
f 3616//3616 3605//3605 3222//3222
f 3510//3510 3228//3228 3220//3220
f 3510//3510 3220//3220 3226//3226
f 3222//3222 3218//3218 3616//3616
f 3243//3243 3245//3245 3614//3614
f 3577//3577 3522//3522 3193//3193
f 3577//3577 3193//3193 3177//3177
f 3273//3273 3263//3263 3536//3536
f 3273//3273 3536//3536 3586//3586
f 3057//3057 3483//3483 3246//3246
f 3057//3057 3246//3246 3249//3249
f 3606//3606 3306//3306 3304//3304
f 3609//3609 3336//3336 3309//3309
f 3204//3204 3607//3607 3584//3584
f 3071//3071 3335//3335 3288//3288
f 3240//3240 3599//3599 3556//3556
f 3292//3292 3310//3310 3534//3534
f 3535//3535 3612//3612 3351//3351
f 3535//3535 3351//3351 3347//3347
f 3617//3617 3573//3573 3178//3178
f 3617//3617 3178//3178 3194//3194
f 3613//3613 3493//3493 3265//3265
f 3613//3613 3265//3265 3264//3264
f 3320//3320 3287//3287 3286//3286
f 3473//3473 3356//3356 3355//3355
f 3162//3162 3575//3575 3152//3152
f 3162//3162 3152//3152 3030//3030
f 3495//3495 3477//3477 3267//3267
f 3495//3495 3267//3267 3266//3266
f 3228//3228 3616//3616 3218//3218
f 3208//3208 3205//3205 3562//3562
f 3562//3562 3496//3496 3208//3208
f 3263//3263 3281//3281 3508//3508
f 3263//3263 3508//3508 3536//3536
f 3280//3280 3279//3279 3598//3598
f 3339//3339 3337//3337 3509//3509
f 3509//3509 3608//3608 3339//3339
f 3076//3076 3070//3070 3341//3341
f 3076//3076 3341//3341 3316//3316
f 3047//3047 3580//3580 3342//3342
f 3036//3036 3255//3255 3615//3615
f 3371//3371 3135//3135 3494//3494
f 3342//3342 3048//3048 3047//3047
f 3527//3527 3154//3154 3130//3130
f 3166//3166 3127//3127 3066//3066
f 3557//3557 3541//3541 3291//3291
f 3557//3557 3291//3291 3294//3294
f 3365//3365 3374//3374 3499//3499
f 3365//3365 3499//3499 3604//3604
f 3592//3592 3473//3473 3355//3355
f 3592//3592 3355//3355 3358//3358
f 3501//3501 3603//3603 3144//3144
f 3501//3501 3144//3144 3143//3143
f 3260//3260 3289//3289 3060//3060
f 3476//3476 3164//3164 3150//3150
f 3513//3513 3563//3563 3207//3207
f 3513//3513 3207//3207 3199//3199
f 3228//3228 3218//3218 3220//3220
f 3233//3233 3259//3259 3480//3480
f 3233//3233 3480//3480 3257//3257
f 3304//3304 3293//3293 3485//3485
f 3304//3304 3485//3485 3606//3606
f 3069//3069 3313//3313 3311//3311
f 3237//3237 3240//3240 3556//3556
f 3567//3567 3366//3366 3369//3369
f 3369//3369 3590//3590 3567//3567
f 3589//3589 3511//3511 3326//3326
f 3589//3589 3326//3326 3046//3046
f 3288//3288 3354//3354 3549//3549
f 3288//3288 3549//3549 3071//3071
f 3529//3529 3290//3290 3261//3261
f 3196//3196 3585//3585 3617//3617
f 3617//3617 3194//3194 3196//3196
f 3620//3620 3619//3619 3632//3632
f 3621//3621 3631//3631 3618//3618
f 3621//3621 3618//3618 3622//3622
f 3620//3620 3632//3632 3623//3623
f 3621//3621 3622//3622 3624//3624
f 3625//3625 3620//3620 3623//3623
f 3621//3621 3624//3624 3626//3626
f 3627//3627 3625//3625 3623//3623
f 3621//3621 3626//3626 3628//3628
f 3629//3629 3627//3627 3623//3623
f 3623//3623 3621//3621 3628//3628
f 3630//3630 3629//3629 3623//3623
f 3623//3623 3628//3628 3630//3630
f 3631//3631 3633//3633 3634//3634
f 3631//3631 3634//3634 3632//3632
f 3632//3632 3619//3619 3635//3635
f 3636//3636 3618//3618 3631//3631
f 3632//3632 3635//3635 3637//3637
f 3638//3638 3636//3636 3631//3631
f 3631//3631 3632//3632 3637//3637
f 3637//3637 3638//3638 3631//3631
f 3645//3645 3567//3567 3590//3590
f 3645//3645 3590//3590 3494//3494
f 3641//3641 3644//3644 3645//3645
f 3641//3641 3645//3645 3494//3494
f 3641//3641 3494//3494 3511//3511
f 3640//3640 3641//3641 3511//3511
f 3639//3639 3640//3640 3511//3511
f 3610//3610 3567//3567 3645//3645
f 3610//3610 3645//3645 3646//3646
f 3647//3647 3610//3610 3646//3646
f 3649//3649 3648//3648 3647//3647
f 3649//3649 3647//3647 3646//3646
f 3650//3650 3649//3649 3646//3646
f 3650//3650 3646//3646 3651//3651
f 3652//3652 3650//3650 3651//3651
f 3652//3652 3651//3651 3643//3643
f 3652//3652 3643//3643 3642//3642
f 3653//3653 3652//3652 3642//3642
f 3653//3653 3642//3642 3654//3654
f 3655//3655 3653//3653 3654//3654
f 3655//3655 3654//3654 3656//3656
f 3657//3657 3655//3655 3656//3656
f 3570//3570 3647//3647 3660//3660
f 3560//3560 3570//3570 3660//3660
f 3571//3571 3560//3560 3660//3660
f 3571//3571 3660//3660 3661//3661
f 3571//3571 3661//3661 3659//3659
f 3589//3589 3077//3077 3526//3526
f 3589//3589 3526//3526 3564//3564
f 3511//3511 3589//3589 3564//3564
f 3639//3639 3511//3511 3564//3564
f 3639//3639 3564//3564 3558//3558
f 3639//3639 3558//3558 3488//3488
f 3526//3526 3077//3077 3490//3490
f 3535//3535 3526//3526 3490//3490
f 3535//3535 3490//3490 3601//3601
f 3612//3612 3535//3535 3601//3601
f 3549//3549 3612//3612 3601//3601
f 3072//3072 3071//3071 3549//3549
f 3467//3467 3072//3072 3549//3549
f 3467//3467 3549//3549 3601//3601
f 3467//3467 3601//3601 3571//3571
f 3458//3458 3467//3467 3571//3571
f 3458//3458 3571//3571 3659//3659
f 3458//3458 3659//3659 3658//3658
f 3670//3670 3669//3669 3668//3668
f 3662//3662 3458//3458 3658//3658
f 3670//3670 3668//3668 3667//3667
f 3663//3663 3662//3662 3658//3658
f 3663//3663 3658//3658 3671//3671
f 3663//3663 3671//3671 3672//3672
f 3664//3664 3663//3663 3672//3672
f 3664//3664 3672//3672 3657//3657
f 3673//3673 3670//3670 3667//3667
f 3666//3666 3664//3664 3657//3657
f 3666//3666 3657//3657 3656//3656
f 3491//3491 3489//3489 3677//3677
f 3677//3677 3675//3675 3676//3676
f 3491//3491 3677//3677 3676//3676
f 3525//3525 3491//3491 3676//3676
f 3581//3581 3525//3525 3676//3676
f 3581//3581 3676//3676 3678//3678
f 3581//3581 3678//3678 3674//3674
f 3068//3068 3067//3067 3527//3527
f 3512//3512 3068//3068 3527//3527
f 3512//3512 3527//3527 3581//3581
f 3537//3537 3512//3512 3581//3581
f 3537//3537 3581//3581 3674//3674
f 3531//3531 3537//3537 3674//3674
f 3062//3062 3505//3505 3504//3504
f 3520//3520 3062//3062 3504//3504
f 3520//3520 3504//3504 3531//3531
f 3521//3521 3520//3520 3531//3531
f 3521//3521 3531//3531 3674//3674
f 3506//3506 3521//3521 3674//3674
f 3666//3666 3656//3656 3679//3679
f 3674//3674 3673//3673 3667//3667
f 3674//3674 3667//3667 3665//3665
f 3506//3506 3674//3674 3665//3665
f 3507//3507 3506//3506 3665//3665
f 3665//3665 3666//3666 3679//3679
f 3596//3596 3552//3552 3507//3507
f 3665//3665 3679//3679 3680//3680
f 3597//3597 3596//3596 3507//3507
f 3614//3614 3597//3597 3507//3507
f 3614//3614 3507//3507 3665//3665
f 3532//3532 3614//3614 3665//3665
f 3554//3554 3532//3532 3665//3665
f 3057//3057 3056//3056 3554//3554
f 3665//3665 3680//3680 3639//3639
f 3665//3665 3639//3639 3488//3488
f 3483//3483 3057//3057 3554//3554
f 3665//3665 3488//3488 3576//3576
f 3484//3484 3483//3483 3554//3554
f 3576//3576 3070//3070 3069//3069
f 3576//3576 3069//3069 3541//3541
f 3484//3484 3554//3554 3665//3665
f 3665//3665 3576//3576 3541//3541
f 3578//3578 3484//3484 3665//3665
f 3665//3665 3541//3541 3557//3557
f 3665//3665 3557//3557 3568//3568
f 3598//3598 3578//3578 3665//3665
f 3598//3598 3665//3665 3568//3568
f 3058//3058 3598//3598 3568//3568
f 3058//3058 3568//3568 3533//3533
f 3533//3533 3059//3059 3058//3058
f 3570//3570 3610//3610 3647//3647
f 3633//3633 3681//3681 3634//3634
f 3703//3703 3683//3683 3682//3682
f 3687//3687 3688//3688 3689//3689
f 3686//3686 3687//3687 3689//3689
f 3686//3686 3689//3689 3690//3690
f 3691//3691 3686//3686 3690//3690
f 3691//3691 3690//3690 3692//3692
f 3695//3695 3693//3693 3694//3694
f 3695//3695 3694//3694 3696//3696
f 3695//3695 3696//3696 3716//3716
f 3692//3692 3695//3695 3716//3716
f 3700//3700 3746//3746 3474//3474
f 3700//3700 3474//3474 3473//3473
f 3700//3700 3473//3473 3592//3592
f 3699//3699 3700//3700 3592//3592
f 3698//3698 3699//3699 3592//3592
f 3688//3688 3687//3687 3701//3701
f 3702//3702 3688//3688 3701//3701
f 3702//3702 3701//3701 3703//3703
f 3704//3704 3702//3702 3703//3703
f 3530//3530 3342//3342 3343//3343
f 3530//3530 3343//3343 3600//3600
f 3583//3583 3530//3530 3600//3600
f 3583//3583 3600//3600 3524//3524
f 3583//3583 3524//3524 3472//3472
f 3472//3472 3320//3320 3319//3319
f 3472//3472 3319//3319 3471//3471
f 3583//3583 3472//3472 3471//3471
f 3592//3592 3583//3583 3471//3471
f 3592//3592 3471//3471 3460//3460
f 3698//3698 3592//3592 3460//3460
f 3697//3697 3698//3698 3460//3460
f 3455//3455 3705//3705 3706//3706
f 3712//3712 3713//3713 3714//3714
f 3460//3460 3455//3455 3706//3706
f 3697//3697 3460//3460 3706//3706
f 3711//3711 3712//3712 3714//3714
f 3697//3697 3706//3706 3707//3707
f 3715//3715 3697//3697 3707//3707
f 3716//3716 3715//3715 3707//3707
f 3692//3692 3716//3716 3707//3707
f 3692//3692 3707//3707 3708//3708
f 3691//3691 3692//3692 3708//3708
f 3711//3711 3714//3714 3717//3717
f 3691//3691 3708//3708 3709//3709
f 3721//3721 3519//3519 3603//3603
f 3719//3719 3720//3720 3721//3721
f 3719//3719 3721//3721 3603//3603
f 3719//3719 3603//3603 3501//3501
f 3501//3501 3515//3515 3722//3722
f 3501//3501 3722//3722 3723//3723
f 3719//3719 3501//3501 3723//3723
f 3724//3724 3719//3719 3723//3723
f 3724//3724 3723//3723 3725//3725
f 3724//3724 3725//3725 3726//3726
f 3724//3724 3726//3726 3727//3727
f 3724//3724 3727//3727 3728//3728
f 3718//3718 3724//3724 3728//3728
f 3717//3717 3718//3718 3728//3728
f 3711//3711 3717//3717 3728//3728
f 3711//3711 3728//3728 3729//3729
f 3730//3730 3691//3691 3709//3709
f 3711//3711 3729//3729 3731//3731
f 3710//3710 3711//3711 3731//3731
f 3730//3730 3709//3709 3710//3710
f 3710//3710 3731//3731 3732//3732
f 3733//3733 3730//3730 3710//3710
f 3710//3710 3732//3732 3734//3734
f 3710//3710 3734//3734 3735//3735
f 3710//3710 3735//3735 3736//3736
f 3737//3737 3733//3733 3710//3710
f 3710//3710 3736//3736 3738//3738
f 3710//3710 3738//3738 3739//3739
f 3710//3710 3739//3739 3740//3740
f 3685//3685 3737//3737 3710//3710
f 3685//3685 3710//3710 3740//3740
f 3740//3740 3515//3515 3516//3516
f 3684//3684 3685//3685 3740//3740
f 3740//3740 3516//3516 3575//3575
f 3682//3682 3684//3684 3740//3740
f 3704//3704 3703//3703 3682//3682
f 3575//3575 3164//3164 3476//3476
f 3740//3740 3575//3575 3476//3476
f 3694//3694 3693//3693 3741//3741
f 3742//3742 3694//3694 3741//3741
f 3742//3742 3741//3741 3743//3743
f 3744//3744 3742//3742 3743//3743
f 3744//3744 3743//3743 3704//3704
f 3745//3745 3744//3744 3704//3704
f 3746//3746 3745//3745 3704//3704
f 3499//3499 3746//3746 3704//3704
f 3604//3604 3499//3499 3704//3704
f 3740//3740 3476//3476 3475//3475
f 3604//3604 3704//3704 3682//3682
f 3566//3566 3604//3604 3682//3682
f 3740//3740 3475//3475 3542//3542
f 3548//3548 3566//3566 3682//3682
f 3682//3682 3740//3740 3542//3542
f 3594//3594 3186//3186 3185//3185
f 3594//3594 3185//3185 3478//3478
f 3542//3542 3594//3594 3478//3478
f 3542//3542 3478//3478 3544//3544
f 3569//3569 3548//3548 3682//3682
f 3343//3343 3342//3342 3580//3580
f 3579//3579 3343//3343 3580//3580
f 3579//3579 3580//3580 3569//3569
f 3547//3547 3579//3579 3569//3569
f 3682//3682 3542//3542 3544//3544
f 3682//3682 3544//3544 3605//3605
f 3547//3547 3569//3569 3682//3682
f 3509//3509 3547//3547 3682//3682
f 3616//3616 3228//3228 3545//3545
f 3616//3616 3545//3545 3553//3553
f 3605//3605 3616//3616 3553//3553
f 3605//3605 3553//3553 3595//3595
f 3546//3546 3609//3609 3608//3608
f 3534//3534 3546//3546 3608//3608
f 3534//3534 3608//3608 3509//3509
f 3485//3485 3534//3534 3509//3509
f 3485//3485 3509//3509 3682//3682
f 3606//3606 3485//3485 3682//3682
f 3682//3682 3605//3605 3595//3595
f 3682//3682 3595//3595 3582//3582
f 3482//3482 3481//3481 3480//3480
f 3482//3482 3480//3480 3479//3479
f 3582//3582 3482//3482 3479//3479
f 3582//3582 3479//3479 3586//3586
f 3523//3523 3303//3303 3587//3587
f 3508//3508 3523//3523 3587//3587
f 3508//3508 3587//3587 3606//3606
f 3536//3536 3508//3508 3606//3606
f 3536//3536 3606//3606 3682//3682
f 3682//3682 3582//3582 3586//3586
f 3586//3586 3536//3536 3682//3682
f 3740//3740 3722//3722 3515//3515
f 3499//3499 3474//3474 3746//3746
f 3749//3749 3750//3750 3748//3748
f 3749//3749 3748//3748 3747//3747
f 3753//3753 3751//3751 3752//3752
f 3753//3753 3752//3752 3754//3754
f 3755//3755 3756//3756 3753//3753
f 3754//3754 3755//3755 3753//3753
f 3757//3757 3747//3747 3748//3748
f 3757//3757 3748//3748 3758//3758
f 3821//3821 3822//3822 3762//3762
f 3712//3712 3821//3821 3762//3762
f 3762//3762 3763//3763 3760//3760
f 3713//3713 3712//3712 3762//3762
f 3759//3759 3772//3772 3764//3764
f 3765//3765 3759//3759 3764//3764
f 3766//3766 3765//3765 3764//3764
f 3766//3766 3764//3764 3767//3767
f 3768//3768 3766//3766 3767//3767
f 3769//3769 3770//3770 3540//3540
f 3540//3540 3519//3519 3721//3721
f 3771//3771 3772//3772 3759//3759
f 3771//3771 3759//3759 3773//3773
f 3771//3771 3773//3773 3774//3774
f 3721//3721 3771//3771 3774//3774
f 3540//3540 3721//3721 3774//3774
f 3540//3540 3774//3774 3775//3775
f 3769//3769 3540//3540 3775//3775
f 3769//3769 3775//3775 3776//3776
f 3769//3769 3776//3776 3777//3777
f 3778//3778 3769//3769 3777//3777
f 3778//3778 3777//3777 3779//3779
f 3761//3761 3778//3778 3779//3779
f 3760//3760 3761//3761 3779//3779
f 3760//3760 3779//3779 3780//3780
f 3762//3762 3760//3760 3780//3780
f 3768//3768 3767//3767 3713//3713
f 3780//3780 3768//3768 3713//3713
f 3780//3780 3713//3713 3762//3762
f 3781//3781 3098//3098 3097//3097
f 3101//3101 3102//3102 3782//3782
f 3781//3781 3097//3097 3081//3081
f 3080//3080 3101//3101 3782//3782
f 3783//3783 3781//3781 3081//3081
f 3080//3080 3782//3782 3784//3784
f 3785//3785 3783//3783 3081//3081
f 3080//3080 3784//3784 3786//3786
f 3787//3787 3785//3785 3081//3081
f 3080//3080 3786//3786 3788//3788
f 3787//3787 3081//3081 3080//3080
f 3080//3080 3788//3788 3787//3787
f 3789//3789 3790//3790 3791//3791
f 3792//3792 3793//3793 3622//3622
f 3795//3795 3794//3794 3618//3618
f 3795//3795 3618//3618 3636//3636
f 3636//3636 3796//3796 3795//3795
f 3638//3638 3796//3796 3636//3636
f 3638//3638 3797//3797 3796//3796
f 3637//3637 3797//3797 3638//3638
f 3637//3637 3798//3798 3797//3797
f 3635//3635 3798//3798 3637//3637
f 3635//3635 3799//3799 3798//3798
f 3619//3619 3799//3799 3635//3635
f 3619//3619 3800//3800 3799//3799
f 3620//3620 3800//3800 3619//3619
f 3620//3620 3801//3801 3800//3800
f 3625//3625 3801//3801 3620//3620
f 3625//3625 3802//3802 3801//3801
f 3627//3627 3802//3802 3625//3625
f 3627//3627 3803//3803 3802//3802
f 3629//3629 3803//3803 3627//3627
f 3629//3629 3804//3804 3803//3803
f 3630//3630 3804//3804 3629//3629
f 3630//3630 3805//3805 3804//3804
f 3628//3628 3805//3805 3630//3630
f 3628//3628 3806//3806 3805//3805
f 3626//3626 3806//3806 3628//3628
f 3793//3793 3806//3806 3626//3626
f 3793//3793 3626//3626 3624//3624
f 3793//3793 3624//3624 3622//3622
f 3794//3794 3792//3792 3618//3618
f 3792//3792 3622//3622 3618//3618
f 3792//3792 3794//3794 3807//3807
f 3794//3794 3808//3808 3807//3807
f 3794//3794 3795//3795 3808//3808
f 3795//3795 3796//3796 3808//3808
f 3796//3796 3809//3809 3808//3808
f 3796//3796 3797//3797 3809//3809
f 3797//3797 3798//3798 3809//3809
f 3798//3798 3810//3810 3809//3809
f 3798//3798 3799//3799 3810//3810
f 3799//3799 3800//3800 3810//3810
f 3800//3800 3811//3811 3810//3810
f 3800//3800 3801//3801 3811//3811
f 3801//3801 3802//3802 3811//3811
f 3802//3802 3812//3812 3811//3811
f 3802//3802 3803//3803 3812//3812
f 3803//3803 3804//3804 3812//3812
f 3804//3804 3813//3813 3812//3812
f 3804//3804 3805//3805 3813//3813
f 3805//3805 3806//3806 3813//3813
f 3806//3806 3814//3814 3813//3813
f 3806//3806 3793//3793 3814//3814
f 3793//3793 3807//3807 3814//3814
f 3793//3793 3792//3792 3807//3807
f 3814//3814 3807//3807 3808//3808
f 3808//3808 3809//3809 3810//3810
f 3810//3810 3811//3811 3812//3812
f 3812//3812 3813//3813 3814//3814
f 3814//3814 3808//3808 3810//3810
f 3810//3810 3812//3812 3814//3814
f 3621//3621 3623//3623 3750//3750
f 3621//3621 3750//3750 3749//3749
f 3817//3817 3818//3818 3819//3819
f 3817//3817 3819//3819 3820//3820
f 3821//3821 3817//3817 3820//3820
f 3821//3821 3820//3820 3822//3822
f 3823//3823 3824//3824 3816//3816
f 3823//3823 3816//3816 3815//3815
f 3085//3085 3084//3084 3825//3825
f 3819//3819 3818//3818 3815//3815
f 3819//3819 3815//3815 3816//3816
f 3085//3085 3825//3825 3826//3826
f 3824//3824 3823//3823 3756//3756
f 3824//3824 3756//3756 3755//3755
f 3083//3083 3082//3082 3829//3829
f 3083//3083 3829//3829 3830//3830
f 3830//3830 3829//3829 3828//3828
f 3830//3830 3828//3828 3827//3827
f 3828//3828 3833//3833 3834//3834
f 3828//3828 3834//3834 3827//3827
f 3835//3835 3832//3832 3831//3831
f 3835//3835 3831//3831 3836//3836
f 3837//3837 3838//3838 3839//3839
f 3837//3837 3839//3839 3840//3840
f 3840//3840 3839//3839 3079//3079
f 3840//3840 3079//3079 3078//3078
f 3010//3010 3752//3752 3751//3751
f 3010//3010 3751//3751 3668//3668
f 3011//3011 3010//3010 3668//3668
f 3841//3841 3011//3011 3668//3668
f 3668//3668 3669//3669 3842//3842
f 3841//3841 3668//3668 3842//3842
f 3843//3843 3841//3841 3842//3842
f 3843//3843 3842//3842 3844//3844
f 3845//3845 3843//3843 3844//3844
f 3845//3845 3844//3844 3846//3846
f 3847//3847 3845//3845 3846//3846
f 3847//3847 3846//3846 3848//3848
f 3019//3019 3849//3849 3847//3847
f 3489//3489 3019//3019 3847//3847
f 3847//3847 3848//3848 3677//3677
f 3677//3677 3489//3489 3847//3847
f 3831//3831 3832//3832 3838//3838
f 3831//3831 3838//3838 3837//3837
f 3122//3122 3781//3781 3124//3124
f 3124//3124 3781//3781 3783//3783
f 3124//3124 3783//3783 3123//3123
f 3123//3123 3783//3783 3785//3785
f 3785//3785 3121//3121 3123//3123
f 3787//3787 3121//3121 3785//3785
f 3787//3787 3118//3118 3121//3121
f 3788//3788 3118//3118 3787//3787
f 3788//3788 3117//3117 3118//3118
f 3786//3786 3117//3117 3788//3788
f 3786//3786 3784//3784 3114//3114
f 3786//3786 3114//3114 3117//3117
f 3784//3784 3782//3782 3114//3114
f 3782//3782 3112//3112 3114//3114
f 3782//3782 3102//3102 3112//3112
f 3102//3102 3108//3108 3112//3112
f 3102//3102 3103//3103 3108//3108
f 3103//3103 3113//3113 3108//3108
f 3103//3103 3105//3105 3113//3113
f 3105//3105 3115//3115 3113//3113
f 3105//3105 3104//3104 3115//3115
f 3104//3104 3116//3116 3115//3115
f 3104//3104 3099//3099 3116//3116
f 3099//3099 3119//3119 3116//3116
f 3119//3119 3099//3099 3098//3098
f 3119//3119 3098//3098 3120//3120
f 3120//3120 3098//3098 3122//3122
f 3122//3122 3098//3098 3781//3781
f 3850//3850 3851//3851 3709//3709
f 3709//3709 3708//3708 3852//3852
f 3709//3709 3852//3852 3850//3850
f 3853//3853 3052//3052 3854//3854
f 3854//3854 3435//3435 3438//3438
f 3420//3420 3422//3422 3853//3853
f 3853//3853 3854//3854 3438//3438
f 3448//3448 3420//3420 3853//3853
f 3853//3853 3438//3438 3440//3440
f 3446//3446 3448//3448 3853//3853
f 3853//3853 3440//3440 3442//3442
f 3444//3444 3446//3446 3853//3853
f 3442//3442 3444//3444 3853//3853
f 3855//3855 3856//3856 3826//3826
f 3855//3855 3826//3826 3825//3825
f 3857//3857 3858//3858 3007//3007
f 3857//3857 3007//3007 3006//3006
f 3856//3856 3855//3855 3834//3834
f 3856//3856 3834//3834 3833//3833
f 3757//3757 3758//3758 3859//3859
f 3757//3757 3859//3859 3860//3860
f 3006//3006 3007//3007 3861//3861
f 3006//3006 3861//3861 3862//3862
f 3789//3789 3862//3862 3861//3861
f 3789//3789 3861//3861 3790//3790
f 3860//3860 3859//3859 3051//3051
f 3860//3860 3051//3051 3050//3050
f 3791//3791 3790//3790 3681//3681
f 3565//3565 3540//3540 3770//3770
f 3770//3770 3863//3863 3864//3864
f 3543//3543 3565//3565 3770//3770
f 3543//3543 3770//3770 3864//3864
f 3551//3551 3543//3543 3864//3864
f 3159//3159 3158//3158 3551//3551
f 3408//3408 3159//3159 3551//3551
f 3408//3408 3551//3551 3864//3864
f 3408//3408 3864//3864 3865//3865
f 3867//3867 3868//3868 3398//3398
f 3869//3869 3763//3763 3762//3762
f 3867//3867 3398//3398 3408//3408
f 3867//3867 3408//3408 3865//3865
f 3867//3867 3865//3865 3866//3866
f 3869//3869 3762//3762 3867//3867
f 3870//3870 3869//3869 3867//3867
f 3867//3867 3866//3866 3870//3870
f 3050//3050 3052//3052 3853//3853
f 3903//3903 3871//3871 3872//3872
f 3903//3903 3872//3872 3920//3920
f 3873//3873 3874//3874 3875//3875
f 3878//3878 3873//3873 3875//3875
f 3876//3876 3877//3877 3879//3879
f 3879//3879 3878//3878 3875//3875
f 3875//3875 3876//3876 3879//3879
f 3880//3880 3881//3881 3882//3882
f 3880//3880 3882//3882 3883//3883
f 3875//3875 3874//3874 3884//3884
f 3885//3885 3877//3877 3876//3876
f 3883//3883 3875//3875 3884//3884
f 3885//3885 3876//3876 3880//3880
f 3886//3886 3885//3885 3880//3880
f 3883//3883 3884//3884 3887//3887
f 3888//3888 3886//3886 3880//3880
f 3883//3883 3887//3887 3889//3889
f 3890//3890 3888//3888 3880//3880
f 3891//3891 3890//3890 3880//3880
f 3883//3883 3889//3889 3892//3892
f 3883//3883 3892//3892 3891//3891
f 3880//3880 3883//3883 3891//3891
f 3893//3893 3894//3894 3895//3895
f 3893//3893 3895//3895 3896//3896
f 3898//3898 3897//3897 3893//3893
f 3900//3900 3899//3899 3898//3898
f 3898//3898 3893//3893 3896//3896
f 3898//3898 3896//3896 3901//3901
f 3901//3901 3902//3902 3900//3900
f 3900//3900 3898//3898 3901//3901
f 3906//3906 3876//3876 3875//3875
f 3906//3906 3875//3875 3907//3907
f 3908//3908 3909//3909 3911//3911
f 3908//3908 3911//3911 3910//3910
f 3911//3911 3912//3912 3913//3913
f 3911//3911 3913//3913 3910//3910
f 3904//3904 3905//3905 3915//3915
f 3904//3904 3915//3915 3914//3914
f 3916//3916 3914//3914 3915//3915
f 3916//3916 3915//3915 3917//3917
f 3919//3919 3918//3918 3905//3905
f 3919//3919 3905//3905 3904//3904
f 3919//3919 3920//3920 3918//3918
f 3909//3909 3908//3908 3921//3921
f 3909//3909 3921//3921 3922//3922
f 3922//3922 3921//3921 3872//3872
f 3922//3922 3872//3872 3871//3871
f 3903//3903 3920//3920 3919//3919
f 3906//3906 3907//3907 3913//3913
f 3906//3906 3913//3913 3912//3912
f 3924//3924 3925//3925 3926//3926
f 3927//3927 3923//3923 3924//3924
f 3927//3927 3924//3924 3926//3926
f 3929//3929 3928//3928 3927//3927
f 3930//3930 3931//3931 3929//3929
f 3927//3927 3926//3926 3930//3930
f 3929//3929 3927//3927 3930//3930
f 3882//3882 3881//3881 3916//3916
f 3882//3882 3916//3916 3917//3917
f 3886//3886 3932//3932 3933//3933
f 3886//3886 3933//3933 3885//3885
f 3885//3885 3933//3933 3934//3934
f 3885//3885 3934//3934 3877//3877
f 3934//3934 3935//3935 3877//3877
f 3935//3935 3879//3879 3877//3877
f 3935//3935 3936//3936 3879//3879
f 3936//3936 3878//3878 3879//3879
f 3936//3936 3937//3937 3878//3878
f 3937//3937 3873//3873 3878//3878
f 3873//3873 3937//3937 3938//3938
f 3873//3873 3938//3938 3874//3874
f 3874//3874 3938//3938 3884//3884
f 3884//3884 3938//3938 3939//3939
f 3884//3884 3939//3939 3887//3887
f 3887//3887 3939//3939 3940//3940
f 3887//3887 3940//3940 3941//3941
f 3887//3887 3941//3941 3889//3889
f 3941//3941 3942//3942 3889//3889
f 3942//3942 3892//3892 3889//3889
f 3942//3942 3943//3943 3892//3892
f 3943//3943 3891//3891 3892//3892
f 3943//3943 3944//3944 3891//3891
f 3944//3944 3890//3890 3891//3891
f 3890//3890 3944//3944 3945//3945
f 3890//3890 3945//3945 3888//3888
f 3888//3888 3945//3945 3932//3932
f 3888//3888 3932//3932 3886//3886
f 3947//3947 3948//3948 3949//3949
f 3940//3940 3939//3939 3950//3950
f 3940//3940 3950//3950 3951//3951
f 3944//3944 3947//3947 3952//3952
f 3950//3950 3938//3938 3954//3954
f 3955//3955 3933//3933 3932//3932
f 3955//3955 3932//3932 3956//3956
f 3956//3956 3932//3932 3958//3958
f 3937//3937 3936//3936 3946//3946
f 3937//3937 3946//3946 3959//3959
f 3940//3940 3951//3951 3960//3960
f 3935//3935 3934//3934 3953//3953
f 3935//3935 3953//3953 3961//3961
f 3943//3943 3942//3942 3957//3957
f 3943//3943 3957//3957 3948//3948
f 3962//3962 3933//3933 3955//3955
f 3940//3940 3960//3960 3963//3963
f 3963//3963 3964//3964 3941//3941
f 3963//3963 3941//3941 3940//3940
f 3952//3952 3965//3965 3966//3966
f 3966//3966 3945//3945 3944//3944
f 3966//3966 3944//3944 3952//3952
f 3939//3939 3938//3938 3950//3950
f 3943//3943 3948//3948 3947//3947
f 3934//3934 3933//3933 3962//3962
f 3934//3934 3962//3962 3967//3967
f 3937//3937 3959//3959 3968//3968
f 3969//3969 3945//3945 3966//3966
f 3936//3936 3935//3935 3961//3961
f 3936//3936 3961//3961 3946//3946
f 3944//3944 3943//3943 3947//3947
f 3934//3934 3967//3967 3970//3970
f 3970//3970 3953//3953 3934//3934
f 3968//3968 3971//3971 3954//3954
f 3954//3954 3938//3938 3937//3937
f 3954//3954 3937//3937 3968//3968
f 3942//3942 3941//3941 3964//3964
f 3942//3942 3964//3964 3957//3957
f 3958//3958 3932//3932 3945//3945
f 3958//3958 3945//3945 3969//3969
f 3972//3972 3973//3973 3974//3974
f 3972//3972 3974//3974 3975//3975
f 3975//3975 3976//3976 3977//3977
f 3977//3977 3978//3978 3979//3979
f 3979//3979 3980//3980 3949//3949
f 3949//3949 3981//3981 3982//3982
f 3982//3982 3972//3972 3975//3975
f 3975//3975 3977//3977 3979//3979
f 3979//3979 3949//3949 3982//3982
f 3975//3975 3979//3979 3982//3982
f 3968//3968 3959//3959 3974//3974
f 3947//3947 3949//3949 3980//3980
f 3968//3968 3974//3974 3973//3973
f 3968//3968 3973//3973 3971//3971
f 3952//3952 3947//3947 3980//3980
f 3952//3952 3980//3980 3979//3979
f 3965//3965 3952//3952 3979//3979
f 3978//3978 3953//3953 3970//3970
f 3953//3953 3978//3978 3977//3977
f 3961//3961 3953//3953 3977//3977
f 3972//3972 3982//3982 3964//3964
f 3972//3972 3964//3964 3963//3963
f 3961//3961 3977//3977 3976//3976
f 3946//3946 3961//3961 3976//3976
f 3957//3957 3964//3964 3982//3982
f 3957//3957 3982//3982 3981//3981
f 3946//3946 3976//3976 3975//3975
f 3959//3959 3946//3946 3975//3975
f 3948//3948 3957//3957 3981//3981
f 3948//3948 3981//3981 3949//3949
f 3959//3959 3975//3975 3974//3974
f 3970//3970 3967//3967 3962//3962
f 3955//3955 3956//3956 3958//3958
f 3970//3970 3962//3962 3955//3955
f 3979//3979 3978//3978 3970//3970
f 3966//3966 3965//3965 3979//3979
f 3958//3958 3969//3969 3966//3966
f 3970//3970 3955//3955 3958//3958
f 3966//3966 3979//3979 3970//3970
f 3958//3958 3966//3966 3970//3970
f 3973//3973 3972//3972 3963//3963
f 3963//3963 3960//3960 3951//3951
f 3963//3963 3951//3951 3950//3950
f 3971//3971 3973//3973 3963//3963
f 3950//3950 3954//3954 3971//3971
f 3963//3963 3950//3950 3971//3971
f 3983//3983 4030//4030 3984//3984
f 3985//3985 3986//3986 3987//3987
f 3985//3985 3987//3987 4034//4034
f 3990//3990 3991//3991 3992//3992
f 3990//3990 3992//3992 3993//3993
f 3994//3994 3988//3988 3989//3989
f 3990//3990 3993//3993 3994//3994
f 3989//3989 3990//3990 3994//3994
f 3995//3995 4033//4033 3990//3990
f 3995//3995 3990//3990 3989//3989
f 3997//3997 3998//3998 3999//3999
f 3996//3996 3997//3997 3999//3999
f 3996//3996 3999//3999 4000//4000
f 4001//4001 4002//4002 4003//4003
f 3996//3996 4000//4000 4001//4001
f 3996//3996 4001//4001 4003//4003
f 4005//4005 4004//4004 3996//3996
f 4003//4003 4005//4005 3996//3996
f 3989//3989 3988//3988 4008//4008
f 4009//4009 3991//3991 3990//3990
f 3989//3989 4008//4008 4010//4010
f 4009//4009 3990//3990 3986//3986
f 4011//4011 4009//4009 3986//3986
f 3985//3985 3989//3989 4010//4010
f 3985//3985 4010//4010 4012//4012
f 4013//4013 4011//4011 3986//3986
f 3985//3985 4012//4012 4014//4014
f 4015//4015 4013//4013 3986//3986
f 3985//3985 4014//4014 4016//4016
f 4015//4015 3986//3986 3985//3985
f 3985//3985 4016//4016 4015//4015
f 4017//4017 4019//4019 4020//4020
f 4017//4017 4020//4020 4018//4018
f 4020//4020 4019//4019 4021//4021
f 4020//4020 4021//4021 4022//4022
f 4006//4006 4023//4023 4024//4024
f 4006//4006 4024//4024 4007//4007
f 4025//4025 4026//4026 4024//4024
f 4025//4025 4024//4024 4023//4023
f 4027//4027 4006//4006 4007//4007
f 4027//4027 4007//4007 4028//4028
f 4029//4029 4027//4027 4028//4028
f 4029//4029 4028//4028 4030//4030
f 4018//4018 4031//4031 4032//4032
f 4018//4018 4032//4032 4017//4017
f 4031//4031 3983//3983 3984//3984
f 4031//4031 3984//3984 4032//4032
f 4029//4029 4030//4030 3983//3983
f 3995//3995 4022//4022 4021//4021
f 3995//3995 4021//4021 4033//4033
f 3987//3987 4026//4026 4025//4025
f 3987//3987 4025//4025 4034//4034
f 4010//4010 4008//4008 4035//4035
f 4010//4010 4035//4035 4036//4036
f 4008//4008 3988//3988 4037//4037
f 4008//4008 4037//4037 4035//4035
f 4037//4037 3988//3988 4038//4038
f 4038//4038 3988//3988 3994//3994
f 4038//4038 3994//3994 4039//4039
f 4039//4039 3994//3994 3993//3993
f 4039//4039 3993//3993 4040//4040
f 4040//4040 3993//3993 3992//3992
f 3992//3992 3991//3991 4041//4041
f 3992//3992 4041//4041 4040//4040
f 3991//3991 4009//4009 4041//4041
f 4009//4009 4042//4042 4041//4041
f 4009//4009 4011//4011 4042//4042
f 4011//4011 4043//4043 4042//4042
f 4011//4011 4013//4013 4044//4044
f 4011//4011 4044//4044 4043//4043
f 4044//4044 4013//4013 4045//4045
f 4045//4045 4013//4013 4015//4015
f 4045//4045 4015//4015 4046//4046
f 4046//4046 4015//4015 4016//4016
f 4046//4046 4016//4016 4047//4047
f 4047//4047 4016//4016 4014//4014
f 4014//4014 4012//4012 4048//4048
f 4014//4014 4048//4048 4047//4047
f 4012//4012 4010//4010 4036//4036
f 4012//4012 4036//4036 4048//4048
f 4050//4050 4051//4051 4052//4052
f 4043//4043 4053//4053 4042//4042
f 4047//4047 4054//4054 4050//4050
f 4057//4057 4036//4036 4035//4035
f 4057//4057 4059//4059 4036//4036
f 4040//4040 4060//4060 4049//4049
f 4040//4040 4049//4049 4039//4039
f 4038//4038 4061//4061 4055//4055
f 4038//4038 4055//4055 4037//4037
f 4053//4053 4056//4056 4041//4041
f 4046//4046 4052//4052 4058//4058
f 4046//4046 4058//4058 4045//4045
f 4062//4062 4057//4057 4035//4035
f 4043//4043 4044//4044 4063//4063
f 4043//4043 4063//4063 4053//4053
f 4064//4064 4065//4065 4054//4054
f 4054//4054 4047//4047 4048//4048
f 4054//4054 4048//4048 4064//4064
f 4042//4042 4053//4053 4041//4041
f 4046//4046 4050//4050 4052//4052
f 4037//4037 4062//4062 4035//4035
f 4040//4040 4056//4056 4060//4060
f 4066//4066 4064//4064 4048//4048
f 4039//4039 4049//4049 4061//4061
f 4039//4039 4061//4061 4038//4038
f 4047//4047 4050//4050 4046//4046
f 4037//4037 4055//4055 4062//4062
f 4056//4056 4040//4040 4041//4041
f 4045//4045 4058//4058 4063//4063
f 4045//4045 4063//4063 4044//4044
f 4059//4059 4066//4066 4048//4048
f 4059//4059 4048//4048 4036//4036
f 4070//4070 4071//4071 4072//4072
f 4067//4067 4068//4068 4069//4069
f 4069//4069 4070//4070 4072//4072
f 4072//4072 4073//4073 4074//4074
f 4074//4074 4075//4075 4076//4076
f 4076//4076 4051//4051 4077//4077
f 4077//4077 4067//4067 4069//4069
f 4069//4069 4072//4072 4074//4074
f 4074//4074 4076//4076 4077//4077
f 4069//4069 4074//4074 4077//4077
f 4056//4056 4073//4073 4072//4072
f 4056//4056 4072//4072 4060//4060
f 4050//4050 4077//4077 4051//4051
f 4054//4054 4077//4077 4050//4050
f 4054//4054 4067//4067 4077//4077
f 4065//4065 4067//4067 4054//4054
f 4068//4068 4062//4062 4055//4055
f 4055//4055 4069//4069 4068//4068
f 4061//4061 4069//4069 4055//4055
f 4074//4074 4053//4053 4063//4063
f 4074//4074 4063//4063 4075//4075
f 4061//4061 4070//4070 4069//4069
f 4049//4049 4070//4070 4061//4061
f 4058//4058 4076//4076 4075//4075
f 4058//4058 4075//4075 4063//4063
f 4049//4049 4071//4071 4070//4070
f 4060//4060 4072//4072 4071//4071
f 4060//4060 4071//4071 4049//4049
f 4052//4052 4051//4051 4076//4076
f 4052//4052 4076//4076 4058//4058
f 4065//4065 4064//4064 4066//4066
f 4065//4065 4066//4066 4059//4059
f 4068//4068 4067//4067 4065//4065
f 4065//4065 4059//4059 4057//4057
f 4062//4062 4068//4068 4065//4065
f 4057//4057 4062//4062 4065//4065
f 4074//4074 4073//4073 4056//4056
f 4053//4053 4074//4074 4056//4056
f 4078//4078 4079//4079 4080//4080
f 4078//4078 4080//4080 4081//4081
f 4082//4082 4080//4080 4083//4083
f 4082//4082 4083//4083 4084//4084
f 4082//4082 4084//4084 4085//4085
f 4085//4085 4084//4084 4079//4079
f 4085//4085 4079//4079 4078//4078
f 4082//4082 4085//4085 4086//4086
f 4082//4082 4086//4086 4087//4087
f 4080//4080 4079//4079 4084//4084
f 4083//4083 4080//4080 4084//4084
f 4081//4081 4080//4080 4082//4082
f 3854//3854 3084//3084 3089//3089
f 3434//3434 3435//3435 3854//3854
f 3854//3854 3089//3089 3389//3389
f 3434//3434 3854//3854 3389//3389
f 3434//3434 3389//3389 3387//3387
f 3432//3432 3434//3434 3387//3387
f 3432//3432 3387//3387 3385//3385
f 3430//3430 3432//3432 3385//3385
f 3430//3430 3385//3385 3383//3383
f 3428//3428 3430//3430 3383//3383
f 3428//3428 3383//3383 3381//3381
f 3426//3426 3428//3428 3381//3381
f 3426//3426 3381//3381 3379//3379
f 3426//3426 3379//3379 3376//3376
f 3424//3424 3426//3426 3376//3376
f 3376//3376 3087//3087 3086//3086
f 3376//3376 3086//3086 3422//3422
f 3422//3422 3424//3424 3376//3376
f 3012//3012 3013//3013 3404//3404
f 3458//3458 3662//3662 3012//3012
f 3453//3453 3458//3458 3012//3012
f 3414//3414 3064//3064 3574//3574
f 3414//3414 3574//3574 3573//3573
f 3414//3414 3573//3573 3617//3617
f 3414//3414 3617//3617 3585//3585
f 3585//3585 3505//3505 3062//3062
f 3585//3585 3062//3062 3496//3496
f 3414//3414 3585//3585 3496//3496
f 3404//3404 3414//3414 3496//3496
f 3074//3074 3073//3073 3453//3453
f 3492//3492 3074//3074 3453//3453
f 3453//3453 3012//3012 3404//3404
f 3404//3404 3496//3496 3562//3562
f 3503//3503 3492//3492 3453//3453
f 3404//3404 3562//3562 3563//3563
f 3404//3404 3563//3563 3513//3513
f 3517//3517 3503//3503 3453//3453
f 3453//3453 3404//3404 3513//3513
f 3453//3453 3513//3513 3497//3497
f 3502//3502 3061//3061 3060//3060
f 3502//3502 3060//3060 3518//3518
f 3495//3495 3502//3502 3518//3518
f 3495//3495 3518//3518 3517//3517
f 3495//3495 3517//3517 3453//3453
f 3497//3497 3054//3054 3053//3053
f 3497//3497 3053//3053 3611//3611
f 3477//3477 3495//3495 3453//3453
f 3497//3497 3611//3611 3593//3593
f 3453//3453 3497//3497 3593//3593
f 3453//3453 3593//3593 3514//3514
f 3477//3477 3453//3453 3514//3514
f 3477//3477 3514//3514 3500//3500
f 3539//3539 3477//3477 3500//3500
f 3539//3539 3500//3500 3498//3498
f 3055//3055 3539//3539 3498//3498
f 3602//3602 3257//3257 3615//3615
f 3602//3602 3615//3615 3588//3588
f 3613//3613 3602//3602 3588//3588
f 3613//3613 3588//3588 3559//3559
f 4088//4088 3493//3493 3613//3613
f 3559//3559 3556//3556 4089//4089
f 4089//4089 4088//4088 3613//3613
f 3559//3559 4089//4089 3613//3613
f 3161//3161 3160//3160 3419//3419
f 3577//3577 3161//3161 3419//3419
f 3522//3522 3577//3577 3419//3419
f 3555//3555 3522//3522 3419//3419
f 3185//3185 3186//3186 3555//3555
f 3572//3572 3185//3185 3555//3555
f 3572//3572 3555//3555 3419//3419
f 3572//3572 3419//3419 3410//3410
f 3607//3607 3572//3572 3410//3410
f 3584//3584 3607//3607 3410//3410
f 3486//3486 3584//3584 3410//3410
f 3705//3705 3455//3455 3462//3462
f 3410//3410 3398//3398 3868//3868
f 3462//3462 3319//3319 3318//3318
f 3462//3462 3318//3318 3591//3591
f 3486//3486 3410//3410 3868//3868
f 3599//3599 3229//3229 3510//3510
f 3599//3599 3510//3510 3487//3487
f 3556//3556 3599//3599 3487//3487
f 3556//3556 3487//3487 3486//3486
f 3462//3462 3591//3591 3561//3561
f 3705//3705 3462//3462 3561//3561
f 4089//4089 3556//3556 3486//3486
f 3705//3705 3561//3561 3538//3538
f 4089//4089 3486//3486 3868//3868
f 3529//3529 3302//3302 3550//3550
f 3528//3528 3529//3529 3550//3550
f 3538//3538 3528//3528 3550//3550
f 3538//3538 3550//3550 3493//3493
f 3705//3705 3538//3538 3493//3493
f 4090//4090 4089//4089 3868//3868
f 3705//3705 3493//3493 4088//4088
f 4091//4091 4090//4090 3868//3868
f 3705//3705 4088//4088 4092//4092
f 4093//4093 4091//4091 3868//3868
f 3705//3705 4092//4092 4094//4094
f 4095//4095 4093//4093 3868//3868
f 4095//4095 3868//3868 3705//3705
f 3705//3705 4094//4094 4095//4095
f 3835//3835 3836//3836 3858//3858
f 3835//3835 3858//3858 3857//3857
f 3681//3681 3633//3633 3791//3791
f 3840//3840 3078//3078 3817//3817
f 3750//3750 3623//3623 3850//3850
f 3750//3750 3850//3850 3852//3852
f 3839//3839 3838//3838 3751//3751
f 3839//3839 3751//3751 3753//3753
f 3851//3851 3632//3632 3634//3634
f 3851//3851 3850//3850 3623//3623
f 3851//3851 3623//3623 3632//3632
f 3106//3106 3109//3109 3823//3823
f 3106//3106 3823//3823 3815//3815
f 3633//3633 4097//4097 3666//3666
f 3749//3749 3747//3747 3664//3664
f 3749//3749 3664//3664 4096//4096
f 3815//3815 3818//3818 3107//3107
f 3815//3815 3107//3107 3106//3106
f 3082//3082 3081//3081 3754//3754
f 3097//3097 3096//3096 3824//3824
f 3097//3097 3824//3824 3755//3755
f 3755//3755 3754//3754 3081//3081
f 3755//3755 3081//3081 3097//3097
f 3838//3838 3832//3832 3751//3751
f 3756//3756 3823//3823 3111//3111
f 3756//3756 3111//3111 3110//3110
f 3080//3080 3083//3083 3820//3820
f 3818//3818 3817//3817 3078//3078
f 3818//3818 3078//3078 3107//3107
f 3110//3110 3079//3079 3753//3753
f 3110//3110 3753//3753 3756//3756
f 3831//3831 3837//3837 3821//3821
f 3101//3101 3080//3080 3820//3820
f 3101//3101 3820//3820 3819//3819
f 3633//3633 3631//3631 4097//4097
f 3631//3631 3621//3621 4098//4098
f 3631//3631 4098//4098 4097//4097
f 3819//3819 3816//3816 3100//3100
f 3819//3819 3100//3100 3101//3101
f 3083//3083 3830//3830 3822//3822
f 3083//3083 3822//3822 3820//3820
f 3828//3828 3829//3829 3752//3752
f 3837//3837 3840//3840 3817//3817
f 3837//3837 3817//3817 3821//3821
f 3823//3823 3109//3109 3111//3111
f 3079//3079 3839//3839 3753//3753
f 3748//3748 3750//3750 3852//3852
f 3748//3748 3852//3852 3708//3708
f 3816//3816 3824//3824 3096//3096
f 3816//3816 3096//3096 3100//3100
f 3830//3830 3827//3827 3822//3822
f 3829//3829 3082//3082 3754//3754
f 3829//3829 3754//3754 3752//3752
f 3709//3709 3851//3851 3634//3634
f 3709//3709 3634//3634 3681//3681
f 3621//3621 3749//3749 4096//4096
f 3621//3621 4096//4096 4098//4098
f 3867//3867 3825//3825 3084//3084
f 3868//3868 3867//3867 3084//3084
f 3085//3085 3826//3826 3012//3012
f 3856//3856 3833//3833 3010//3010
f 3662//3662 3050//3050 3853//3853
f 3835//3835 3857//3857 3668//3668
f 3834//3834 3855//3855 3762//3762
f 3052//3052 3051//3051 3706//3706
f 3858//3858 3836//3836 3712//3712
f 3667//3667 3006//3006 3862//3862
f 3711//3711 3861//3861 3007//3007
f 3663//3663 3757//3757 3860//3860
f 3707//3707 3859//3859 3758//3758
f 3665//3665 3789//3789 3791//3791
f 3710//3710 3681//3681 3790//3790
f 3857//3857 3006//3006 3667//3667
f 3857//3857 3667//3667 3668//3668
f 3862//3862 3789//3789 3665//3665
f 3862//3862 3665//3665 3667//3667
f 3791//3791 3633//3633 3666//3666
f 3791//3791 3666//3666 3665//3665
f 3747//3747 3757//3757 3663//3663
f 3747//3747 3663//3663 3664//3664
f 3860//3860 3050//3050 3662//3662
f 3860//3860 3662//3662 3663//3663
f 3086//3086 3085//3085 3012//3012
f 3826//3826 3856//3856 3010//3010
f 3826//3826 3010//3010 3012//3012
f 3867//3867 3762//3762 3855//3855
f 3867//3867 3855//3855 3825//3825
f 3833//3833 3828//3828 3752//3752
f 3833//3833 3752//3752 3010//3010
f 3832//3832 3835//3835 3668//3668
f 3832//3832 3668//3668 3751//3751
f 3762//3762 3822//3822 3827//3827
f 3762//3762 3827//3827 3834//3834
f 3708//3708 3707//3707 3758//3758
f 3708//3708 3758//3758 3748//3748
f 3707//3707 3706//3706 3051//3051
f 3707//3707 3051//3051 3859//3859
f 3712//3712 3711//3711 3007//3007
f 3712//3712 3007//3007 3858//3858
f 3821//3821 3712//3712 3836//3836
f 3821//3821 3836//3836 3831//3831
f 3711//3711 3710//3710 3790//3790
f 3711//3711 3790//3790 3861//3861
f 3710//3710 3709//3709 3681//3681
f 3705//3705 3868//3868 3084//3084
f 3705//3705 3084//3084 3854//3854
f 3706//3706 3705//3705 3854//3854
f 3706//3706 3854//3854 3052//3052
f 3853//3853 3422//3422 3662//3662
f 3422//3422 3086//3086 3012//3012
f 3422//3422 3012//3012 3662//3662
f 3666//3666 4097//4097 4098//4098
f 4096//4096 3664//3664 3666//3666
f 3666//3666 4098//4098 4096//4096
f 4112//4112 4100//4100 3731//3731
f 4112//4112 3731//3731 3729//3729
f 4101//4101 4102//4102 3726//3726
f 3739//3739 4103//4103 4104//4104
f 3728//3728 4118//4118 4105//4105
f 3735//3735 4099//4099 3736//3736
f 4105//4105 3729//3729 3728//3728
f 4107//4107 4109//4109 3732//3732
f 3726//3726 4102//4102 3727//3727
f 4106//4106 3722//3722 3740//3740
f 4108//4108 3725//3725 3723//3723
f 4099//4099 4110//4110 3736//3736
f 3739//3739 4104//4104 4111//4111
f 4105//4105 4112//4112 3729//3729
f 4106//4106 4113//4113 3722//3722
f 4109//4109 3734//3734 3732//3732
f 4108//4108 4114//4114 3725//3725
f 4110//4110 3738//3738 3736//3736
f 3727//3727 4102//4102 4115//4115
f 3734//3734 4109//4109 4116//4116
f 3727//3727 4115//4115 3728//3728
f 3739//3739 4111//4111 4117//4117
f 3739//3739 4117//4117 3740//3740
f 3734//3734 4116//4116 3735//3735
f 4114//4114 3726//3726 3725//3725
f 4110//4110 4103//4103 3738//3738
f 4115//4115 4118//4118 3728//3728
f 4141//4141 4138//4138 4134//4134
f 4126//4126 4123//4123 4151//4151
f 4145//4145 4141//4141 4134//4134
f 4134//4134 4130//4130 4128//4128
f 4128//4128 4126//4126 4151//4151
f 4151//4151 4148//4148 4145//4145
f 4145//4145 4134//4134 4128//4128
f 4128//4128 4151//4151 4145//4145
f 3722//3722 4113//4113 4119//4119
f 4114//4114 4101//4101 3726//3726
f 3731//3731 4107//4107 3732//3732
f 3722//3722 4119//4119 3723//3723
f 3735//3735 4116//4116 4099//4099
f 3738//3738 4103//4103 3739//3739
f 3740//3740 4117//4117 4106//4106
f 3731//3731 4100//4100 4107//4107
f 3723//3723 4119//4119 4108//4108
f 4120//4120 4121//4121 4100//4100
f 4107//4107 4100//4100 4122//4122
f 4100//4100 4121//4121 4122//4122
f 4107//4107 4122//4122 4109//4109
f 4122//4122 4121//4121 4109//4109
f 4121//4121 4124//4124 4109//4109
f 4121//4121 4123//4123 4124//4124
f 4124//4124 4123//4123 4126//4126
f 4109//4109 4125//4125 4116//4116
f 4109//4109 4124//4124 4125//4125
f 4125//4125 4124//4124 4126//4126
f 4116//4116 4125//4125 4099//4099
f 4099//4099 4125//4125 4127//4127
f 4125//4125 4126//4126 4127//4127
f 4126//4126 4128//4128 4127//4127
f 4099//4099 4127//4127 4110//4110
f 4127//4127 4128//4128 4129//4129
f 4127//4127 4129//4129 4110//4110
f 4129//4129 4128//4128 4130//4130
f 4110//4110 4129//4129 4131//4131
f 4110//4110 4131//4131 4103//4103
f 4129//4129 4130//4130 4131//4131
f 4103//4103 4131//4131 4104//4104
f 4131//4131 4132//4132 4104//4104
f 4131//4131 4130//4130 4132//4132
f 4132//4132 4130//4130 4134//4134
f 4104//4104 4132//4132 4111//4111
f 4132//4132 4133//4133 4111//4111
f 4133//4133 4132//4132 4134//4134
f 4111//4111 4133//4133 4117//4117
f 4133//4133 4134//4134 4135//4135
f 4117//4117 4133//4133 4136//4136
f 4133//4133 4135//4135 4136//4136
f 4117//4117 4136//4136 4106//4106
f 4135//4135 4134//4134 4138//4138
f 4106//4106 4136//4136 4137//4137
f 4136//4136 4135//4135 4137//4137
f 4106//4106 4137//4137 4113//4113
f 4137//4137 4135//4135 4139//4139
f 4135//4135 4138//4138 4139//4139
f 4113//4113 4137//4137 4119//4119
f 4137//4137 4140//4140 4119//4119
f 4137//4137 4139//4139 4140//4140
f 4139//4139 4138//4138 4141//4141
f 4119//4119 4140//4140 4108//4108
f 4140//4140 4139//4139 4142//4142
f 4139//4139 4141//4141 4142//4142
f 4108//4108 4140//4140 4143//4143
f 4108//4108 4143//4143 4114//4114
f 4140//4140 4142//4142 4143//4143
f 4142//4142 4141//4141 4144//4144
f 4114//4114 4143//4143 4101//4101
f 4143//4143 4144//4144 4101//4101
f 4143//4143 4142//4142 4144//4144
f 4144//4144 4141//4141 4145//4145
f 4101//4101 4144//4144 4102//4102
f 4144//4144 4145//4145 4146//4146
f 4102//4102 4144//4144 4146//4146
f 4102//4102 4146//4146 4147//4147
f 4102//4102 4147//4147 4115//4115
f 4146//4146 4145//4145 4148//4148
f 4115//4115 4147//4147 4118//4118
f 4147//4147 4146//4146 4148//4148
f 4147//4147 4148//4148 4149//4149
f 4118//4118 4147//4147 4149//4149
f 4118//4118 4149//4149 4105//4105
f 4149//4149 4148//4148 4150//4150
f 4148//4148 4151//4151 4150//4150
f 4149//4149 4152//4152 4105//4105
f 4149//4149 4150//4150 4152//4152
f 4105//4105 4152//4152 4112//4112
f 4112//4112 4152//4152 4100//4100
f 4152//4152 4120//4120 4100//4100
f 4152//4152 4150//4150 4120//4120
f 4120//4120 4150//4150 4121//4121
f 4150//4150 4123//4123 4121//4121
f 4150//4150 4151//4151 4123//4123
f 4153//4153 4262//4262 4154//4154
f 4154//4154 4155//4155 4156//4156
f 4156//4156 4276//4276 4153//4153
f 4154//4154 4156//4156 4153//4153
f 4157//4157 4158//4158 3761//3761
f 4159//4159 4160//4160 3724//3724
f 4159//4159 3724//3724 3718//3718
f 4161//4161 4162//4162 3764//3764
f 4161//4161 3764//3764 3772//3772
f 3714//3714 4163//4163 4164//4164
f 3714//3714 4164//4164 3717//3717
f 3863//3863 4277//4277 4165//4165
f 3863//3863 4165//4165 3864//3864
f 3772//3772 4166//4166 4161//4161
f 3761//3761 4158//4158 4167//4167
f 3761//3761 4167//4167 3778//3778
f 4276//4276 4156//4156 3760//3760
f 4276//4276 3760//3760 3763//3763
f 3767//3767 4266//4266 4278//4278
f 3767//3767 4278//4278 3713//3713
f 3721//3721 4169//4169 4170//4170
f 4170//4170 3771//3771 3721//3721
f 4165//4165 4277//4277 4171//4171
f 4171//4171 4260//4260 4172//4172
f 4171//4171 4172//4172 4165//4165
f 3745//3745 4281//4281 4173//4173
f 3745//3745 4173//4173 3744//3744
f 3865//3865 4172//4172 3866//3866
f 4260//4260 4171//4171 3869//3869
f 4260//4260 3869//3869 3870//3870
f 4278//4278 4266//4266 4174//4174
f 4174//4174 4175//4175 4170//4170
f 4170//4170 4169//4169 4278//4278
f 4174//4174 4170//4170 4278//4278
f 3719//3719 4264//4264 4279//4279
f 3719//3719 4279//4279 3720//3720
f 4164//4164 4163//4163 4279//4279
f 4279//4279 4264//4264 4160//4160
f 4164//4164 4279//4279 4160//4160
f 4160//4160 4159//4159 4164//4164
f 4189//4189 3759//3759 3765//3765
f 3775//3775 4177//4177 3776//3776
f 4179//4179 3777//3777 3776//3776
f 3780//3780 4188//4188 4201//4201
f 3780//3780 4201//4201 3768//3768
f 4178//4178 4182//4182 3766//3766
f 4179//4179 4183//4183 3777//3777
f 4180//4180 3773//3773 3759//3759
f 4182//4182 3765//3765 3766//3766
f 4180//4180 4184//4184 3773//3773
f 4176//4176 4185//4185 3775//3775
f 4176//4176 3775//3775 3774//3774
f 3768//3768 4201//4201 4186//4186
f 3776//3776 4177//4177 4187//4187
f 4181//4181 4188//4188 3780//3780
f 4181//4181 3780//3780 3779//3779
f 3768//3768 4186//4186 3766//3766
f 4200//4200 4198//4198 4197//4197
f 4197//4197 4196//4196 4194//4194
f 4194//4194 4192//4192 4203//4203
f 4203//4203 4202//4202 4200//4200
f 4200//4200 4197//4197 4194//4194
f 4194//4194 4203//4203 4200//4200
f 3765//3765 4182//4182 4189//4189
f 3773//3773 4184//4184 3774//3774
f 3775//3775 4185//4185 4177//4177
f 4186//4186 4178//4178 3766//3766
f 3776//3776 4187//4187 4179//4179
f 3759//3759 4189//4189 4180//4180
f 3774//3774 4184//4184 4176//4176
f 3777//3777 4183//4183 4181//4181
f 3777//3777 4181//4181 3779//3779
f 4189//4189 4190//4190 4180//4180
f 4190//4190 4203//4203 4191//4191
f 4190//4190 4191//4191 4180//4180
f 4191//4191 4203//4203 4192//4192
f 4180//4180 4191//4191 4184//4184
f 4184//4184 4191//4191 4192//4192
f 4184//4184 4193//4193 4176//4176
f 4184//4184 4192//4192 4193//4193
f 4193//4193 4192//4192 4194//4194
f 4176//4176 4193//4193 4185//4185
f 4185//4185 4193//4193 4194//4194
f 4185//4185 4195//4195 4177//4177
f 4185//4185 4194//4194 4195//4195
f 4195//4195 4194//4194 4196//4196
f 4177//4177 4195//4195 4187//4187
f 4195//4195 4196//4196 4187//4187
f 4179//4179 4187//4187 4197//4197
f 4187//4187 4196//4196 4197//4197
f 4179//4179 4197//4197 4183//4183
f 4183//4183 4197//4197 4198//4198
f 4183//4183 4198//4198 4199//4199
f 4183//4183 4199//4199 4181//4181
f 4199//4199 4198//4198 4200//4200
f 4181//4181 4199//4199 4188//4188
f 4199//4199 4201//4201 4188//4188
f 4199//4199 4200//4200 4201//4201
f 4201//4201 4200//4200 4202//4202
f 4201//4201 4202//4202 4186//4186
f 4186//4186 4202//4202 4178//4178
f 4178//4178 4202//4202 4182//4182
f 4182//4182 4202//4202 4203//4203
f 4182//4182 4203//4203 4190//4190
f 4189//4189 4182//4182 4190//4190
f 4204//4204 4205//4205 4173//4173
f 4173//4173 4281//4281 4206//4206
f 4206//4206 4271//4271 4204//4204
f 4173//4173 4206//4206 4204//4204
f 4207//4207 4208//4208 3694//3694
f 3685//3685 4209//4209 3737//3737
f 4210//4210 4211//4211 3687//3687
f 3746//3746 3700//3700 4268//4268
f 4268//4268 4212//4212 3746//3746
f 4271//4271 4206//4206 3716//3716
f 4271//4271 3716//3716 3696//3696
f 3703//3703 4275//4275 4283//4283
f 3703//3703 4283//4283 3683//3683
f 4213//4213 4214//4214 3686//3686
f 4213//4213 3686//3686 3691//3691
f 4215//4215 4207//4207 3694//3694
f 4215//4215 3694//3694 3742//3742
f 4216//4216 4217//4217 4282//4282
f 4282//4282 4272//4272 4209//4209
f 4216//4216 4282//4282 4209//4209
f 3733//3733 4272//4272 4282//4282
f 3733//3733 4282//4282 3730//3730
f 4168//4168 4218//4218 3699//3699
f 4168//4168 3699//3699 3698//3698
f 4212//4212 4268//4268 4218//4218
f 4218//4218 4168//4168 4219//4219
f 4219//4219 4280//4280 4212//4212
f 4218//4218 4219//4219 4212//4212
f 3715//3715 4280//4280 4219//4219
f 3715//3715 4219//4219 3697//3697
f 4220//4220 4214//4214 4213//4213
f 4213//4213 4283//4283 4275//4275
f 4275//4275 4221//4221 4220//4220
f 4213//4213 4275//4275 4220//4220
f 4211//4211 4222//4222 3701//3701
f 4211//4211 3701//3701 3687//3687
f 3682//3682 4217//4217 4216//4216
f 3682//3682 4216//4216 3684//3684
f 4239//4239 4234//4234 3688//3688
f 3689//3689 4226//4226 3690//3690
f 3704//3704 4230//4230 4223//4223
f 4227//4227 3741//3741 3693//3693
f 4228//4228 3688//3688 3702//3702
f 3695//3695 4229//4229 3693//3693
f 4224//4224 3692//3692 3690//3690
f 3743//3743 4231//4231 4225//4225
f 3695//3695 4232//4232 4229//4229
f 4233//4233 4224//4224 3690//3690
f 3689//3689 4234//4234 4226//4226
f 4235//4235 4227//4227 3693//3693
f 4236//4236 4228//4228 3702//3702
f 4237//4237 4230//4230 3704//3704
f 3688//3688 4234//4234 3689//3689
f 3690//3690 4238//4238 4233//4233
f 4250//4250 4240//4240 4242//4242
f 4242//4242 4243//4243 4246//4246
f 4250//4250 4242//4242 4246//4246
f 4246//4246 4248//4248 4250//4250
f 4231//4231 3743//3743 3741//3741
f 3693//3693 4229//4229 4235//4235
f 3702//3702 4223//4223 4236//4236
f 4224//4224 4232//4232 3695//3695
f 4224//4224 3695//3695 3692//3692
f 4237//4237 3704//3704 3743//3743
f 4227//4227 4231//4231 3741//3741
f 3704//3704 4223//4223 3702//3702
f 4225//4225 4237//4237 3743//3743
f 3690//3690 4226//4226 4238//4238
f 4228//4228 4239//4239 3688//3688
f 4251//4251 4239//4239 4228//4228
f 4251//4251 4228//4228 4240//4240
f 4228//4228 4236//4236 4240//4240
f 4236//4236 4241//4241 4240//4240
f 4240//4240 4241//4241 4242//4242
f 4236//4236 4223//4223 4241//4241
f 4223//4223 4230//4230 4241//4241
f 4241//4241 4230//4230 4242//4242
f 4230//4230 4237//4237 4242//4242
f 4237//4237 4243//4243 4242//4242
f 4237//4237 4225//4225 4243//4243
f 4225//4225 4231//4231 4243//4243
f 4231//4231 4244//4244 4243//4243
f 4231//4231 4227//4227 4244//4244
f 4243//4243 4244//4244 4246//4246
f 4227//4227 4245//4245 4244//4244
f 4244//4244 4245//4245 4246//4246
f 4227//4227 4235//4235 4245//4245
f 4235//4235 4229//4229 4245//4245
f 4245//4245 4229//4229 4247//4247
f 4247//4247 4246//4246 4245//4245
f 4247//4247 4248//4248 4246//4246
f 4229//4229 4232//4232 4247//4247
f 4247//4247 4232//4232 4248//4248
f 4232//4232 4224//4224 4249//4249
f 4232//4232 4249//4249 4248//4248
f 4224//4224 4233//4233 4249//4249
f 4249//4249 4250//4250 4248//4248
f 4233//4233 4250//4250 4249//4249
f 4238//4238 4226//4226 4233//4233
f 4233//4233 4226//4226 4250//4250
f 4226//4226 4251//4251 4250//4250
f 4226//4226 4234//4234 4251//4251
f 4251//4251 4240//4240 4250//4250
f 4234//4234 4239//4239 4251//4251
f 4255//4255 4256//4256 4257//4257
f 4252//4252 4253//4253 4254//4254
f 4254//4254 4255//4255 4257//4257
f 4257//4257 4258//4258 4259//4259
f 4259//4259 4252//4252 4254//4254
f 4254//4254 4257//4257 4259//4259
f 4252//4252 4259//4259 4093//4093
f 4252//4252 4093//4093 4095//4095
f 4092//4092 4254//4254 4253//4253
f 4092//4092 4253//4253 4094//4094
f 4089//4089 4256//4256 4255//4255
f 4255//4255 4088//4088 4089//4089
f 4258//4258 4257//4257 4090//4090
f 4258//4258 4090//4090 4091//4091
f 4089//4089 4257//4257 4256//4256
f 4090//4090 4257//4257 4089//4089
f 4093//4093 4259//4259 4091//4091
f 4091//4091 4259//4259 4258//4258
f 4092//4092 4255//4255 4254//4254
f 4088//4088 4255//4255 4092//4092
f 4253//4253 4252//4252 4095//4095
f 4253//4253 4095//4095 4094//4094
f 4167//4167 4154//4154 4261//4261
f 4261//4261 4154//4154 4262//4262
f 4156//4156 4155//4155 4263//4263
f 4263//4263 4155//4155 4157//4157
f 4162//4162 4174//4174 4265//4265
f 4265//4265 4174//4174 4266//4266
f 4170//4170 4175//4175 4267//4267
f 4267//4267 4175//4175 4166//4166
f 4173//4173 4205//4205 4269//4269
f 4269//4269 4205//4205 4215//4215
f 4208//4208 4204//4204 4270//4270
f 4270//4270 4204//4204 4271//4271
f 4214//4214 4220//4220 4273//4273
f 4273//4273 4220//4220 4210//4210
f 4222//4222 4221//4221 4274//4274
f 4274//4274 4221//4221 4275//4275
f 3865//3865 3864//3864 4165//4165
f 4165//4165 4172//4172 3865//3865
f 4156//4156 4263//4263 3760//3760
f 3761//3761 3760//3760 4263//4263
f 3761//3761 4263//4263 4157//4157
f 3870//3870 3866//3866 4172//4172
f 4172//4172 4260//4260 3870//3870
f 3769//3769 4261//4261 4262//4262
f 3769//3769 3778//3778 4261//4261
f 3778//3778 4167//4167 4261//4261
f 4265//4265 4266//4266 3767//3767
f 3767//3767 3764//3764 4265//4265
f 3764//3764 4162//4162 4265//4265
f 3719//3719 3724//3724 4264//4264
f 4160//4160 4264//4264 3724//3724
f 4164//4164 4159//4159 3717//3717
f 3718//3718 3717//3717 4159//4159
f 3771//3771 4170//4170 4267//4267
f 3772//3772 3771//3771 4267//4267
f 3772//3772 4267//4267 4166//4166
f 4218//4218 4268//4268 3699//3699
f 3700//3700 3699//3699 4268//4268
f 3694//3694 4208//4208 4270//4270
f 3696//3696 3694//3694 4270//4270
f 3696//3696 4270//4270 4271//4271
f 3698//3698 3697//3697 4168//4168
f 4219//4219 4168//4168 3697//3697
f 3742//3742 4269//4269 4215//4215
f 3742//3742 3744//3744 4173//4173
f 4173//4173 4269//4269 3742//3742
f 3687//3687 4273//4273 4210//4210
f 4214//4214 4273//4273 3687//3687
f 3687//3687 3686//3686 4214//4214
f 3685//3685 3684//3684 4209//4209
f 4216//4216 4209//4209 3684//3684
f 4209//4209 4272//4272 3737//3737
f 3733//3733 3737//3737 4272//4272
f 3701//3701 4222//4222 4274//4274
f 3703//3703 3701//3701 4274//4274
f 4274//4274 4275//4275 3703//3703
f 4171//4171 4276//4276 3869//3869
f 4276//4276 3763//3763 3869//3869
f 3770//3770 4153//4153 4277//4277
f 3770//3770 4277//4277 3863//3863
f 3714//3714 4278//4278 4163//4163
f 3713//3713 4278//4278 3714//3714
f 4279//4279 4169//4169 3721//3721
f 3720//3720 4279//4279 3721//3721
f 4276//4276 4277//4277 4153//4153
f 4276//4276 4171//4171 4277//4277
f 4169//4169 4279//4279 4278//4278
f 4279//4279 4163//4163 4278//4278
f 4206//4206 4280//4280 3716//3716
f 4280//4280 3715//3715 3716//3716
f 3746//3746 4212//4212 4281//4281
f 3746//3746 4281//4281 3745//3745
f 3691//3691 4282//4282 4213//4213
f 3730//3730 4282//4282 3691//3691
f 3683//3683 4217//4217 3682//3682
f 4283//4283 4217//4217 3683//3683
f 4280//4280 4281//4281 4212//4212
f 4280//4280 4206//4206 4281//4281
f 4217//4217 4283//4283 4213//4213
f 4217//4217 4213//4213 4282//4282
f 4262//4262 4153//4153 3770//3770
f 4262//4262 3770//3770 3769//3769
f 4284//4284 4326//4326 4285//4285
f 4285//4285 4338//4338 4286//4286
f 4286//4286 4287//4287 4284//4284
f 4285//4285 4286//4286 4284//4284
f 3845//3845 4288//4288 4289//4289
f 3845//3845 4289//4289 3843//3843
f 3674//3674 4290//4290 4291//4291
f 3844//3844 4292//4292 4293//4293
f 3844//3844 4293//4293 3846//3846
f 3673//3673 4294//4294 4295//4295
f 3673//3673 4295//4295 3670//3670
f 4296//4296 4339//4339 3020//3020
f 4296//4296 3020//3020 3008//3008
f 3846//3846 4293//4293 4297//4297
f 3678//3678 4290//4290 3674//3674
f 3845//3845 4298//4298 4288//4288
f 3841//3841 4286//4286 4338//4338
f 3841//3841 4338//4338 3011//3011
f 3669//3669 4340//4340 4330//4330
f 3669//3669 4330//4330 3842//3842
f 3848//3848 4300//4300 4301//4301
f 4301//4301 3677//3677 3848//3848
f 4304//4304 4325//4325 4302//4302
f 4302//4302 4339//4339 4296//4296
f 4302//4302 4296//4296 4304//4304
f 3649//3649 4303//4303 4343//4343
f 3649//3649 4343//4343 3648//3648
f 3014//3014 4302//4302 4325//4325
f 3014//3014 4325//4325 3018//3018
f 4305//4305 4330//4330 4340//4340
f 4340//4340 4301//4301 4300//4300
f 4300//4300 4306//4306 4305//4305
f 4340//4340 4300//4300 4305//4305
f 4341//4341 4328//4328 3676//3676
f 4341//4341 3676//3676 3675//3675
f 4290//4290 4328//4328 4341//4341
f 4341//4341 4295//4295 4294//4294
f 4294//4294 4291//4291 4290//4290
f 4290//4290 4341//4341 4294//4294
f 4303//4303 4307//4307 4308//4308
f 4308//4308 4334//4334 4309//4309
f 4309//4309 4343//4343 4303//4303
f 4308//4308 4309//4309 4303//4303
f 3652//3652 4310//4310 4311//4311
f 3639//3639 4312//4312 3640//3640
f 3643//3643 4313//4313 4314//4314
f 4315//4315 4332//4332 3660//3660
f 4315//4315 3660//3660 3647//3647
f 4309//4309 4334//4334 3655//3655
f 4309//4309 3655//3655 3657//3657
f 4345//4345 4337//4337 3646//3646
f 4345//4345 3646//3646 3645//3645
f 4316//4316 4317//4317 3656//3656
f 4316//4316 3656//3656 3654//3654
f 3652//3652 4311//4311 4318//4318
f 3652//3652 4318//4318 3650//3650
f 4319//4319 4320//4320 4312//4312
f 4335//4335 4344//4344 4319//4319
f 4312//4312 4335//4335 4319//4319
f 3679//3679 4344//4344 4335//4335
f 3679//3679 4335//4335 3680//3680
f 3661//3661 4299//4299 3659//3659
f 4299//4299 4332//4332 4315//4315
f 4315//4315 4342//4342 4321//4321
f 4299//4299 4315//4315 4321//4321
f 4321//4321 4342//4342 3671//3671
f 4321//4321 3671//3671 3658//3658
f 4317//4317 4316//4316 4322//4322
f 4322//4322 4323//4323 4337//4337
f 4337//4337 4345//4345 4317//4317
f 4322//4322 4337//4337 4317//4317
f 3651//3651 4324//4324 4313//4313
f 3651//3651 4313//4313 3643//3643
f 3641//3641 4320//4320 4319//4319
f 3641//3641 4319//4319 3644//3644
f 4298//4298 4326//4326 4284//4284
f 4286//4286 4327//4327 4287//4287
f 4327//4327 4289//4289 4287//4287
f 4292//4292 4329//4329 4305//4305
f 4329//4329 4330//4330 4305//4305
f 4300//4300 4331//4331 4306//4306
f 4331//4331 4297//4297 4306//4306
f 4303//4303 4333//4333 4307//4307
f 4333//4333 4318//4318 4307//4307
f 4310//4310 4334//4334 4308//4308
f 4316//4316 4336//4336 4322//4322
f 4336//4336 4314//4314 4322//4322
f 4324//4324 4337//4337 4323//4323
f 4304//4304 4296//4296 3008//3008
f 3008//3008 3009//3009 4304//4304
f 4327//4327 4286//4286 3841//3841
f 3841//3841 3843//3843 4327//4327
f 4327//4327 3843//3843 4289//4289
f 3018//3018 4325//4325 3022//3022
f 3022//3022 4325//4325 4304//4304
f 3847//3847 4326//4326 3845//3845
f 3845//3845 4326//4326 4298//4298
f 4330//4330 4329//4329 3842//3842
f 4329//4329 3844//3844 3842//3842
f 3844//3844 4329//4329 4292//4292
f 3676//3676 4328//4328 3678//3678
f 3678//3678 4328//4328 4290//4290
f 3673//3673 3674//3674 4294//4294
f 4291//4291 4294//4294 3674//3674
f 4331//4331 4300//4300 3848//3848
f 3848//3848 3846//3846 4331//4331
f 4331//4331 3846//3846 4297//4297
f 3661//3661 4332//4332 4299//4299
f 3660//3660 4332//4332 3661//3661
f 3652//3652 4334//4334 4310//4310
f 3653//3653 4334//4334 3652//3652
f 3655//3655 4334//4334 3653//3653
f 4299//4299 4321//4321 3659//3659
f 3658//3658 3659//3659 4321//4321
f 4333//4333 3650//3650 4318//4318
f 3649//3649 3650//3650 4333//4333
f 4333//4333 4303//4303 3649//3649
f 4336//4336 3643//3643 4314//4314
f 3642//3642 3643//3643 4336//4336
f 4336//4336 4316//4316 3642//3642
f 3642//3642 4316//4316 3654//3654
f 4312//4312 4320//4320 3640//3640
f 3641//3641 3640//3640 4320//4320
f 3680//3680 4312//4312 3639//3639
f 3680//3680 4335//4335 4312//4312
f 3651//3651 4337//4337 4324//4324
f 3646//3646 4337//4337 3651//3651
f 3022//3022 4304//4304 3009//3009
f 4302//4302 3014//3014 3011//3011
f 4338//4338 4302//4302 3011//3011
f 4339//4339 4285//4285 3849//3849
f 4339//4339 3849//3849 3020//3020
f 3670//3670 4295//4295 3669//3669
f 3669//3669 4295//4295 4340//4340
f 3677//3677 4301//4301 4341//4341
f 3677//3677 4341//4341 3675//3675
f 4338//4338 4285//4285 4339//4339
f 4338//4338 4339//4339 4302//4302
f 4301//4301 4340//4340 4295//4295
f 4301//4301 4295//4295 4341//4341
f 3672//3672 4309//4309 3657//3657
f 3671//3671 4342//4342 4309//4309
f 3671//3671 4309//4309 3672//3672
f 3648//3648 4343//4343 4315//4315
f 3648//3648 4315//4315 3647//3647
f 4317//4317 3679//3679 3656//3656
f 4317//4317 4344//4344 3679//3679
f 4345//4345 3644//3644 4319//4319
f 4345//4345 3645//3645 3644//3644
f 4342//4342 4315//4315 4343//4343
f 4342//4342 4343//4343 4309//4309
f 4319//4319 4344//4344 4317//4317
f 4319//4319 4317//4317 4345//4345
f 4285//4285 4326//4326 3847//3847
f 4285//4285 3847//3847 3849//3849
f 3911//3911 3909//3909 4346//4346
f 3911//3911 4346//4346 4348//4348
f 3914//3914 3916//3916 4353//4353
f 3914//3914 4353//4353 4347//4347
f 3908//3908 3910//3910 3895//3895
f 3908//3908 3895//3895 3894//3894
f 4020//4020 4022//4022 3926//3926
f 4020//4020 3926//3926 3925//3925
f 3904//3904 3914//3914 4347//4347
f 3904//3904 4347//4347 4350//4350
f 3905//3905 3918//3918 3898//3898
f 3872//3872 3921//3921 3894//3894
f 3872//3872 3894//3894 3893//3893
f 3929//3929 4034//4034 4025//4025
f 3919//3919 4350//4350 4351//4351
f 3894//3894 3921//3921 3908//3908
f 3927//3927 4027//4027 4029//4029
f 3906//3906 3912//3912 4352//4352
f 3882//3882 3917//3917 3900//3900
f 3920//3920 3893//3893 3897//3897
f 3922//3922 3871//3871 4349//4349
f 3922//3922 4349//4349 4346//4346
f 3984//3984 4030//4030 4000//4000
f 3984//3984 4000//4000 3999//3999
f 3910//3910 3913//3913 3896//3896
f 3910//3910 3896//3896 3895//3895
f 3923//3923 3927//3927 3983//3983
f 3928//3928 4023//4023 4006//4006
f 4001//4001 4028//4028 4007//4007
f 3999//3999 3998//3998 4032//4032
f 3999//3999 4032//4032 3984//3984
f 3918//3918 3920//3920 3897//3897
f 3918//3918 3897//3897 3898//3898
f 3989//3989 3985//3985 3931//3931
f 3989//3989 3931//3931 3930//3930
f 4004//4004 4005//4005 3986//3986
f 4004//4004 3986//3986 3990//3990
f 3930//3930 3926//3926 3995//3995
f 3930//3930 3995//3995 3989//3989
f 3913//3913 3907//3907 3896//3896
f 3883//3883 3882//3882 3900//3900
f 3883//3883 3900//3900 3902//3902
f 3899//3899 3900//3900 3917//3917
f 3899//3899 3917//3917 3915//3915
f 3903//3903 3919//3919 4351//4351
f 3909//3909 3922//3922 4346//4346
f 3990//3990 4033//4033 3996//3996
f 3990//3990 3996//3996 4004//4004
f 4006//4006 4027//4027 3927//3927
f 3997//3997 3996//3996 4021//4021
f 3997//3997 4021//4021 4019//4019
f 4348//4348 4352//4352 3912//3912
f 4348//4348 3912//3912 3911//3911
f 3871//3871 3903//3903 4351//4351
f 3871//3871 4351//4351 4349//4349
f 3893//3893 3920//3920 3872//3872
f 3876//3876 3906//3906 4352//4352
f 3876//3876 4352//4352 4354//4354
f 4354//4354 4355//4355 3880//3880
f 4354//4354 3880//3880 3876//3876
f 3927//3927 3928//3928 4006//4006
f 4002//4002 4001//4001 4007//4007
f 4002//4002 4007//4007 4024//4024
f 3985//3985 4034//4034 3929//3929
f 3985//3985 3929//3929 3931//3931
f 3916//3916 3881//3881 4353//4353
f 3925//3925 3924//3924 4018//4018
f 3925//3925 4018//4018 4020//4020
f 4017//4017 4032//4032 3998//3998
f 3928//3928 3929//3929 4025//4025
f 3928//3928 4025//4025 4023//4023
f 4003//4003 4026//4026 3987//3987
f 4355//4355 4353//4353 3881//3881
f 4355//4355 3881//3881 3880//3880
f 3901//3901 3896//3896 3907//3907
f 3901//3901 3907//3907 3875//3875
f 3924//3924 3923//3923 3983//3983
f 3924//3924 3983//3983 4031//4031
f 3998//3998 3997//3997 4019//4019
f 3998//3998 4019//4019 4017//4017
f 3926//3926 4022//4022 3995//3995
f 3875//3875 3883//3883 3902//3902
f 3875//3875 3902//3902 3901//3901
f 3915//3915 3905//3905 3898//3898
f 3915//3915 3898//3898 3899//3899
f 4029//4029 3983//3983 3927//3927
f 3924//3924 4031//4031 4018//4018
f 3996//3996 4033//4033 4021//4021
f 4005//4005 4003//4003 3987//3987
f 4005//4005 3987//3987 3986//3986
f 4350//4350 3919//3919 3904//3904
f 4001//4001 4000//4000 4030//4030
f 4001//4001 4030//4030 4028//4028
f 4024//4024 4026//4026 4003//4003
f 4024//4024 4003//4003 4002//4002
f 4355//4355 4354//4354 4352//4352
f 4353//4353 4355//4355 4352//4352
f 4352//4352 4348//4348 4346//4346
f 4347//4347 4353//4353 4352//4352
f 4346//4346 4349//4349 4351//4351
f 4347//4347 4352//4352 4346//4346
f 4351//4351 4350//4350 4347//4347
f 4346//4346 4351//4351 4347//4347
f 4154//4154 4167//4167 4158//4158
f 4158//4158 4157//4157 4155//4155
f 4154//4154 4158//4158 4155//4155
f 4287//4287 4289//4289 4288//4288
f 4288//4288 4298//4298 4284//4284
f 4287//4287 4288//4288 4284//4284
f 4221//4221 4222//4222 4211//4211
f 4211//4211 4210//4210 4220//4220
f 4221//4221 4211//4211 4220//4220
f 4208//4208 4207//4207 4215//4215
f 4208//4208 4215//4215 4205//4205
f 4205//4205 4204//4204 4208//4208
f 4314//4314 4313//4313 4324//4324
f 4314//4314 4324//4324 4323//4323
f 4323//4323 4322//4322 4314//4314
f 4307//4307 4318//4318 4311//4311
f 4311//4311 4310//4310 4308//4308
f 4308//4308 4307//4307 4311//4311
f 4297//4297 4293//4293 4292//4292
f 4297//4297 4292//4292 4305//4305
f 4305//4305 4306//4306 4297//4297
f 4174//4174 4162//4162 4161//4161
f 4161//4161 4166//4166 4175//4175
f 4175//4175 4174//4174 4161//4161
f 4086//4086 4357//4357 4358//4358
f 4086//4086 4358//4358 4356//4356
f 4085//4085 4078//4078 4357//4357
f 4085//4085 4357//4357 4086//4086
f 4081//4081 4082//4082 4087//4087
f 4081//4081 4087//4087 4359//4359
f 4078//4078 4081//4081 4359//4359
f 4078//4078 4359//4359 4357//4357
f 4361//4361 4360//4360 4356//4356
f 4361//4361 4356//4356 4358//4358
f 4357//4357 4359//4359 4361//4361
f 4357//4357 4361//4361 4358//4358
f 4087//4087 4086//4086 4356//4356
f 4087//4087 4356//4356 4360//4360
f 4359//4359 4087//4087 4360//4360
f 4359//4359 4360//4360 4361//4361
f 4366//4366 4367//4367 4370//4370
f 4371//4371 4418//4418 4369//4369
f 4371//4371 4369//4369 4368//4368
f 4372//4372 4371//4371 4368//4368
f 4368//4368 4366//4366 4370//4370
f 4373//4373 4372//4372 4368//4368
f 4368//4368 4370//4370 4374//4374
f 4376//4376 5205//5205 4375//4375
f 4364//4364 4376//4376 4375//4375
f 4364//4364 4375//4375 4377//4377
f 4364//4364 4377//4377 4373//4373
f 4364//4364 4373//4373 4368//4368
f 4365//4365 4364//4364 4368//4368
f 4368//4368 4374//4374 4378//4378
f 4378//4378 4365//4365 4368//4368
f 4379//4379 4380//4380 4381//4381
f 4382//4382 4383//4383 4669//4669
f 4384//4384 4385//4385 4386//4386
f 4384//4384 4386//4386 4510//4510
f 4387//4387 4388//4388 4389//4389
f 4387//4387 4389//4389 4390//4390
f 4609//4609 4391//4391 4392//4392
f 4609//4609 4392//4392 4393//4393
f 4394//4394 4395//4395 4396//4396
f 4394//4394 4396//4396 4379//4379
f 4569//4569 4568//4568 4397//4397
f 4569//4569 4397//4397 4398//4398
f 4399//4399 4400//4400 4401//4401
f 4402//4402 4403//4403 4404//4404
f 4402//4402 4404//4404 4405//4405
f 4406//4406 4407//4407 4408//4408
f 4903//4903 4947//4947 4409//4409
f 4903//4903 4409//4409 4410//4410
f 4890//4890 4848//4848 4411//4411
f 4890//4890 4411//4411 4412//4412
f 4949//4949 4413//4413 4414//4414
f 4949//4949 4414//4414 4415//4415
f 4417//4417 4921//4921 4418//4418
f 4418//4418 4371//4371 4419//4419
f 4420//4420 4417//4417 4418//4418
f 4419//4419 4878//4878 4863//4863
f 4419//4419 4863//4863 4420//4420
f 4418//4418 4419//4419 4420//4420
f 4423//4423 4424//4424 4425//4425
f 4426//4426 4421//4421 4422//4422
f 4427//4427 4423//4423 4425//4425
f 4425//4425 4426//4426 4422//4422
f 4425//4425 4422//4422 4428//4428
f 4428//4428 4427//4427 4425//4425
f 4432//4432 4433//4433 4434//4434
f 4432//4432 4434//4434 4435//4435
f 4436//4436 4437//4437 4438//4438
f 4438//4438 4439//4439 4440//4440
f 4442//4442 4441//4441 4436//4436
f 4436//4436 4438//4438 4440//4440
f 4443//4443 4442//4442 4436//4436
f 4436//4436 4440//4440 4444//4444
f 4445//4445 4443//4443 4436//4436
f 4436//4436 4444//4444 4446//4446
f 4447//4447 4445//4445 4436//4436
f 4436//4436 4446//4446 4447//4447
f 4449//4449 4450//4450 4451//4451
f 4452//4452 4448//4448 4449//4449
f 4455//4455 4454//4454 4453//4453
f 4452//4452 4449//4449 4451//4451
f 4455//4455 4453//4453 4452//4452
f 4452//4452 4451//4451 4456//4456
f 4457//4457 4455//4455 4452//4452
f 4456//4456 4457//4457 4452//4452
f 4459//4459 4464//4464 4460//4460
f 4461//4461 4458//4458 4459//4459
f 4462//4462 4463//4463 4461//4461
f 4461//4461 4459//4459 4460//4460
f 4461//4461 4460//4460 4465//4465
f 4464//4464 4459//4459 4430//4430
f 4466//4466 4464//4464 4430//4430
f 4461//4461 4465//4465 4467//4467
f 4461//4461 4467//4467 4468//4468
f 4469//4469 4466//4466 4430//4430
f 4462//4462 4461//4461 4468//4468
f 4470//4470 4469//4469 4430//4430
f 4462//4462 4468//4468 4471//4471
f 4470//4470 4430//4430 4431//4431
f 4462//4462 4471//4471 4472//4472
f 4473//4473 4470//4470 4431//4431
f 4462//4462 4472//4472 4474//4474
f 4475//4475 4473//4473 4431//4431
f 4431//4431 4462//4462 4474//4474
f 4431//4431 4474//4474 4476//4476
f 4476//4476 4475//4475 4431//4431
f 4479//4479 4480//4480 4481//4481
f 4379//4379 4396//4396 4380//4380
f 4482//4482 4483//4483 4484//4484
f 4485//4485 4477//4477 4478//4478
f 4485//4485 4478//4478 4486//4486
f 4487//4487 4488//4488 4489//4489
f 4487//4487 4489//4489 4490//4490
f 4491//4491 4485//4485 4486//4486
f 4491//4491 4486//4486 4492//4492
f 4380//4380 4491//4491 4492//4492
f 4380//4380 4492//4492 4381//4381
f 4493//4493 4484//4484 4494//4494
f 4493//4493 4494//4494 4495//4495
f 4496//4496 4497//4497 4498//4498
f 4496//4496 4498//4498 4499//4499
f 4495//4495 4494//4494 4497//4497
f 4495//4495 4497//4497 4496//4496
f 4499//4499 4498//4498 4395//4395
f 4499//4499 4395//4395 4394//4394
f 4500//4500 4501//4501 4502//4502
f 4500//4500 4502//4502 4503//4503
f 4506//4506 4483//4483 4507//4507
f 4505//4505 4506//4506 4507//4507
f 4505//4505 4507//4507 4504//4504
f 4482//4482 4484//4484 4493//4493
f 4507//4507 4483//4483 4482//4482
f 4508//4508 4510//4510 4509//4509
f 4477//4477 4508//4508 4509//4509
f 4477//4477 4509//4509 4478//4478
f 4508//4508 4384//4384 4510//4510
f 4512//4512 4513//4513 4514//4514
f 4515//4515 4511//4511 4512//4512
f 4512//4512 4514//4514 4516//4516
f 4517//4517 4922//4922 4515//4515
f 4512//4512 4516//4516 4518//4518
f 4518//4518 4517//4517 4515//4515
f 4512//4512 4518//4518 4515//4515
f 4521//4521 4522//4522 4523//4523
f 4524//4524 4525//4525 4530//4530
f 4524//4524 4530//4530 4526//4526
f 4385//4385 4505//4505 4504//4504
f 4385//4385 4504//4504 4386//4386
f 4525//4525 4529//4529 4530//4530
f 4481//4481 4524//4524 4526//4526
f 4481//4481 4526//4526 4531//4531
f 4519//4519 4480//4480 4479//4479
f 4481//4481 4531//4531 4479//4479
f 4503//4503 4502//4502 4520//4520
f 4503//4503 4520//4520 4519//4519
f 4519//4519 4520//4520 4480//4480
f 4527//4527 4528//4528 4532//4532
f 4527//4527 4532//4532 4533//4533
f 4534//4534 4535//4535 4501//4501
f 4534//4534 4501//4501 4500//4500
f 4533//4533 4532//4532 4535//4535
f 4533//4533 4535//4535 4534//4534
f 4538//4538 4540//4540 4539//4539
f 4542//4542 4538//4538 4539//4539
f 4542//4542 4539//4539 4541//4541
f 4539//4539 4540//4540 4543//4543
f 4543//4543 4540//4540 4528//4528
f 4543//4543 4528//4528 4527//4527
f 4529//4529 4544//4544 4545//4545
f 4544//4544 4546//4546 4545//4545
f 4529//4529 4545//4545 4530//4530
f 4544//4544 4547//4547 4546//4546
f 4547//4547 4548//4548 4546//4546
f 4398//4398 4397//4397 4549//4549
f 4547//4547 4542//4542 4541//4541
f 4547//4547 4541//4541 4548//4548
f 4556//4556 4558//4558 4559//4559
f 4556//4556 4559//4559 4557//4557
f 4556//4556 4557//4557 4560//4560
f 4560//4560 4523//4523 4556//4556
f 4521//4521 4523//4523 4560//4560
f 4565//4565 4401//4401 4522//4522
f 4565//4565 4522//4522 4521//4521
f 4552//4552 4553//4553 4561//4561
f 4552//4552 4561//4561 4562//4562
f 4563//4563 4564//4564 4400//4400
f 4562//4562 4561//4561 4564//4564
f 4562//4562 4564//4564 4563//4563
f 4399//4399 4401//4401 4565//4565
f 4563//4563 4400//4400 4399//4399
f 4566//4566 4567//4567 4568//4568
f 4566//4566 4568//4568 4569//4569
f 4570//4570 4571//4571 4572//4572
f 4573//4573 4570//4570 4572//4572
f 4573//4573 4572//4572 4574//4574
f 4572//4572 4571//4571 4575//4575
f 4575//4575 4571//4571 4553//4553
f 4575//4575 4553//4553 4552//4552
f 4558//4558 4550//4550 4551//4551
f 4558//4558 4551//4551 4559//4559
f 4554//4554 4576//4576 4577//4577
f 4554//4554 4577//4577 4555//4555
f 4550//4550 4554//4554 4555//4555
f 4550//4550 4555//4555 4551//4551
f 4576//4576 4578//4578 4579//4579
f 4896//4896 4580//4580 4861//4861
f 4896//4896 4861//4861 4581//4581
f 4576//4576 4579//4579 4577//4577
f 4578//4578 4573//4573 4574//4574
f 4578//4578 4574//4574 4579//4579
f 4582//4582 4583//4583 4584//4584
f 4585//4585 4586//4586 4626//4626
f 4585//4585 4626//4626 4587//4587
f 4588//4588 4589//4589 4590//4590
f 4588//4588 4590//4590 4591//4591
f 4595//4595 4592//4592 4593//4593
f 4595//4595 4593//4593 4594//4594
f 4592//4592 4582//4582 4584//4584
f 4592//4592 4584//4584 4593//4593
f 4595//4595 4594//4594 4596//4596
f 4596//4596 4549//4549 4595//4595
f 4398//4398 4549//4549 4596//4596
f 4591//4591 4590//4590 4597//4597
f 4591//4591 4597//4597 4598//4598
f 4598//4598 4597//4597 4599//4599
f 4598//4598 4599//4599 4600//4600
f 4600//4600 4599//4599 4567//4567
f 4600//4600 4567//4567 4566//4566
f 4601//4601 4602//4602 4603//4603
f 4601//4601 4603//4603 4604//4604
f 4391//4391 4606//4606 4392//4392
f 4391//4391 4605//4605 4606//4606
f 4606//4606 4605//4605 4589//4589
f 4606//4606 4589//4589 4588//4588
f 4583//4583 4607//4607 4584//4584
f 4583//4583 4608//4608 4607//4607
f 4608//4608 4609//4609 4610//4610
f 4608//4608 4610//4610 4607//4607
f 4829//4829 4830//4830 4970//4970
f 4829//4829 4970//4970 4611//4611
f 4609//4609 4393//4393 4610//4610
f 4612//4612 4613//4613 4586//4586
f 4612//4612 4586//4586 4585//4585
f 4618//4618 4619//4619 4620//4620
f 4618//4618 4620//4620 4621//4621
f 4619//4619 4622//4622 4623//4623
f 4619//4619 4623//4623 4620//4620
f 4624//4624 4618//4618 4621//4621
f 4624//4624 4621//4621 4625//4625
f 4626//4626 4624//4624 4625//4625
f 4587//4587 4626//4626 4625//4625
f 4616//4616 4617//4617 4627//4627
f 4616//4616 4627//4627 4628//4628
f 4604//4604 4603//4603 4613//4613
f 4604//4604 4613//4613 4612//4612
f 4628//4628 4627//4627 4602//4602
f 4628//4628 4602//4602 4601//4601
f 4631//4631 4632//4632 4633//4633
f 4388//4388 4633//4633 4389//4389
f 4388//4388 4631//4631 4633//4633
f 4632//4632 4631//4631 4634//4634
f 4632//4632 4634//4634 4617//4617
f 4632//4632 4617//4617 4616//4616
f 4622//4622 4635//4635 4636//4636
f 4622//4622 4636//4636 4623//4623
f 4635//4635 4387//4387 4390//4390
f 4635//4635 4390//4390 4636//4636
f 4637//4637 4638//4638 4615//4615
f 4637//4637 4615//4615 4614//4614
f 4639//4639 4640//4640 4641//4641
f 4642//4642 4643//4643 4644//4644
f 4645//4645 4646//4646 4647//4647
f 4648//4648 4649//4649 4650//4650
f 4648//4648 4650//4650 4651//4651
f 4654//4654 4652//4652 4653//4653
f 4654//4654 4653//4653 4644//4644
f 4643//4643 4654//4654 4644//4644
f 4655//4655 4879//4879 4936//4936
f 4655//4655 4936//4936 4884//4884
f 4614//4614 4615//4615 4643//4643
f 4614//4614 4643//4643 4642//4642
f 4647//4647 4646//4646 4656//4656
f 4647//4647 4656//4656 4657//4657
f 4657//4657 4656//4656 4658//4658
f 4657//4657 4658//4658 4659//4659
f 4629//4629 4630//4630 4638//4638
f 4629//4629 4638//4638 4637//4637
f 4659//4659 4630//4630 4629//4629
f 4659//4659 4658//4658 4630//4630
f 4660//4660 4661//4661 4662//4662
f 4663//4663 4664//4664 4665//4665
f 4666//4666 4663//4663 4665//4665
f 4666//4666 4665//4665 4667//4667
f 4665//4665 4664//4664 4645//4645
f 4645//4645 4664//4664 4646//4646
f 4649//4649 4668//4668 4669//4669
f 4649//4649 4669//4669 4650//4650
f 4668//4668 4382//4382 4669//4669
f 4652//4652 4648//4648 4651//4651
f 4652//4652 4651//4651 4653//4653
f 4962//4962 4897//4897 4672//4672
f 4962//4962 4672//4672 4673//4673
f 4675//4675 4962//4962 4673//4673
f 4673//4673 4674//4674 4676//4676
f 4673//4673 4676//4676 4675//4675
f 4677//4677 4678//4678 4679//4679
f 4680//4680 4681//4681 4403//4403
f 4680//4680 4403//4403 4402//4402
f 4670//4670 4671//4671 4682//4682
f 4670//4670 4682//4682 4683//4683
f 4684//4684 4685//4685 4686//4686
f 4382//4382 4666//4666 4667//4667
f 4382//4382 4667//4667 4383//4383
f 4639//4639 4641//4641 4689//4689
f 4683//4683 4682//4682 4639//4639
f 4683//4683 4639//4639 4689//4689
f 4694//4694 4662//4662 4671//4671
f 4694//4694 4671//4671 4670//4670
f 4686//4686 4685//4685 4690//4690
f 4686//4686 4690//4690 4691//4691
f 4691//4691 4690//4690 4692//4692
f 4691//4691 4692//4692 4693//4693
f 4660//4660 4662//4662 4694//4694
f 4693//4693 4661//4661 4660//4660
f 4693//4693 4692//4692 4661//4661
f 4702//4702 4705//4705 4684//4684
f 4684//4684 4705//4705 4685//4685
f 4640//4640 4706//4706 4707//4707
f 4640//4640 4707//4707 4641//4641
f 4706//4706 4687//4687 4688//4688
f 4706//4706 4688//4688 4707//4707
f 4703//4703 4699//4699 4700//4700
f 4703//4703 4700//4700 4704//4704
f 4701//4701 4705//4705 4702//4702
f 4698//4698 4701//4701 4702//4702
f 4698//4698 4702//4702 4697//4697
f 4708//4708 4709//4709 4710//4710
f 4708//4708 4710//4710 4711//4711
f 4687//4687 4703//4703 4704//4704
f 4687//4687 4704//4704 4688//4688
f 4712//4712 4708//4708 4711//4711
f 4712//4712 4711//4711 4713//4713
f 4677//4677 4679//4679 4716//4716
f 4714//4714 4715//4715 4716//4716
f 4714//4714 4712//4712 4713//4713
f 4714//4714 4713//4713 4715//4715
f 4716//4716 4679//4679 4714//4714
f 4405//4405 4404//4404 4678//4678
f 4405//4405 4678//4678 4677//4677
f 4490//4490 4489//4489 4717//4717
f 4490//4490 4717//4717 4718//4718
f 4718//4718 4717//4717 4681//4681
f 4718//4718 4681//4681 4680//4680
f 4699//4699 4698//4698 4697//4697
f 4699//4699 4697//4697 4700//4700
f 4719//4719 4720//4720 4721//4721
f 4719//4719 4721//4721 4722//4722
f 4720//4720 4723//4723 4721//4721
f 4720//4720 4724//4724 4723//4723
f 4723//4723 4724//4724 4488//4488
f 4723//4723 4488//4488 4487//4487
f 4709//4709 4725//4725 4710//4710
f 4726//4726 4719//4719 4722//4722
f 4709//4709 4726//4726 4725//4725
f 4726//4726 4722//4722 4725//4725
f 4727//4727 4728//4728 4439//4439
f 4727//4727 4729//4729 4728//4728
f 4730//4730 4729//4729 4727//4727
f 4730//4730 4731//4731 4729//4729
f 4732//4732 4731//4731 4730//4730
f 4732//4732 4733//4733 4731//4731
f 4734//4734 4733//4733 4732//4732
f 4734//4734 4735//4735 4733//4733
f 4736//4736 4735//4735 4734//4734
f 4736//4736 4737//4737 4735//4735
f 4738//4738 4737//4737 4736//4736
f 4738//4738 4739//4739 4737//4737
f 4740//4740 4739//4739 4738//4738
f 4740//4740 4741//4741 4739//4739
f 4441//4441 4741//4741 4740//4740
f 4442//4442 4742//4742 4741//4741
f 4442//4442 4741//4741 4441//4441
f 4443//4443 4743//4743 4742//4742
f 4443//4443 4742//4742 4442//4442
f 4445//4445 4744//4744 4743//4743
f 4445//4445 4743//4743 4443//4443
f 4447//4447 4744//4744 4445//4445
f 4447//4447 4745//4745 4744//4744
f 4446//4446 4745//4745 4447//4447
f 4446//4446 4746//4746 4745//4745
f 4444//4444 4746//4746 4446//4446
f 4444//4444 4747//4747 4746//4746
f 4440//4440 4747//4747 4444//4444
f 4440//4440 4748//4748 4747//4747
f 4439//4439 4748//4748 4440//4440
f 4439//4439 4728//4728 4748//4748
f 4750//4750 4751//4751 4752//4752
f 4746//4746 4753//4753 4750//4750
f 4755//4755 4731//4731 4754//4754
f 4749//4749 4739//4739 4741//4741
f 4744//4744 4752//4752 4756//4756
f 4369//4369 4748//4748 4728//4728
f 4737//4737 4757//4757 4735//4735
f 4749//4749 4742//4742 4743//4743
f 4369//4369 4753//4753 4746//4746
f 4369//4369 4746//4746 4747//4747
f 4733//4733 4754//4754 4731//4731
f 4745//4745 4752//4752 4744//4744
f 4728//4728 4729//4729 4755//4755
f 4728//4728 4755//4755 4369//4369
f 4737//4737 4758//4758 4757//4757
f 4749//4749 4743//4743 4759//4759
f 4733//4733 4760//4760 4754//4754
f 4745//4745 4750//4750 4752//4752
f 4761//4761 4758//4758 4737//4737
f 4761//4761 4737//4737 4739//4739
f 4743//4743 4744//4744 4756//4756
f 4743//4743 4756//4756 4759//4759
f 4369//4369 4747//4747 4748//4748
f 4735//4735 4760//4760 4733//4733
f 4741//4741 4742//4742 4749//4749
f 4746//4746 4750//4750 4745//4745
f 4731//4731 4755//4755 4729//4729
f 4761//4761 4739//4739 4749//4749
f 4735//4735 4757//4757 4760//4760
f 4513//4513 4512//4512 4762//4762
f 4418//4418 4765//4765 4766//4766
f 4769//4769 4770//4770 4513//4513
f 4513//4513 4762//4762 4763//4763
f 4763//4763 4751//4751 4764//4764
f 4764//4764 4418//4418 4766//4766
f 4766//4766 4767//4767 4768//4768
f 4768//4768 4769//4769 4513//4513
f 4513//4513 4763//4763 4764//4764
f 4764//4764 4766//4766 4768//4768
f 4513//4513 4764//4764 4768//4768
f 4769//4769 4758//4758 4761//4761
f 4769//4769 4761//4761 4770//4770
f 4750//4750 4764//4764 4751//4751
f 4753//4753 4764//4764 4750//4750
f 4764//4764 4753//4753 4369//4369
f 4418//4418 4764//4764 4369//4369
f 4754//4754 4766//4766 4765//4765
f 4754//4754 4765//4765 4755//4755
f 4754//4754 4767//4767 4766//4766
f 4760//4760 4767//4767 4754//4754
f 4512//4512 4759//4759 4756//4756
f 4756//4756 4762//4762 4512//4512
f 4760//4760 4768//4768 4767//4767
f 4756//4756 4763//4763 4762//4762
f 4757//4757 4768//4768 4760//4760
f 4752//4752 4763//4763 4756//4756
f 4757//4757 4769//4769 4768//4768
f 4752//4752 4751//4751 4763//4763
f 4758//4758 4769//4769 4757//4757
f 4771//4771 4772//4772 4773//4773
f 4773//4773 4772//4772 4774//4774
f 4773//4773 4774//4774 4775//4775
f 4775//4775 4774//4774 4776//4776
f 4775//4775 4776//4776 4777//4777
f 4776//4776 4778//4778 4777//4777
f 4778//4778 4779//4779 4777//4777
f 4778//4778 4780//4780 4779//4779
f 4780//4780 4781//4781 4779//4779
f 4780//4780 4782//4782 4781//4781
f 4782//4782 4783//4783 4781//4781
f 4783//4783 4782//4782 4784//4784
f 4783//4783 4784//4784 4785//4785
f 4785//4785 4784//4784 4786//4786
f 4786//4786 4784//4784 4787//4787
f 4786//4786 4787//4787 4788//4788
f 4786//4786 4788//4788 4789//4789
f 4789//4789 4788//4788 4790//4790
f 4789//4789 4790//4790 4791//4791
f 4790//4790 4792//4792 4791//4791
f 4792//4792 4793//4793 4791//4791
f 4792//4792 4794//4794 4793//4793
f 4794//4794 4795//4795 4793//4793
f 4794//4794 4796//4796 4795//4795
f 4796//4796 4797//4797 4795//4795
f 4797//4797 4796//4796 4798//4798
f 4797//4797 4798//4798 4799//4799
f 4788//4788 4787//4787 4800//4800
f 4799//4799 4798//4798 4771//4771
f 4771//4771 4798//4798 4772//4772
f 4801//4801 4802//4802 4803//4803
f 4796//4796 4801//4801 4804//4804
f 4806//4806 4776//4776 4805//4805
f 4792//4792 4807//4807 4802//4802
f 4805//4805 4772//4772 4809//4809
f 4772//4772 4798//4798 4809//4809
f 4782//4782 4780//4780 4808//4808
f 4796//4796 4804//4804 4809//4809
f 4778//4778 4776//4776 4806//4806
f 4794//4794 4792//4792 4802//4802
f 4805//4805 4774//4774 4772//4772
f 4782//4782 4808//4808 4810//4810
f 4811//4811 4790//4790 4788//4788
f 4811//4811 4788//4788 4800//4800
f 4798//4798 4796//4796 4809//4809
f 4778//4778 4806//4806 4812//4812
f 4787//4787 4784//4784 4800//4800
f 4794//4794 4802//4802 4801//4801
f 4782//4782 4810//4810 4813//4813
f 4807//4807 4790//4790 4811//4811
f 4780//4780 4778//4778 4812//4812
f 4796//4796 4794//4794 4801//4801
f 4805//4805 4776//4776 4774//4774
f 4784//4784 4782//4782 4813//4813
f 4784//4784 4813//4813 4800//4800
f 4792//4792 4790//4790 4807//4807
f 4780//4780 4812//4812 4808//4808
f 4817//4817 4425//4425 4424//4424
f 4424//4424 4818//4818 4819//4819
f 4821//4821 4822//4822 4673//4673
f 4814//4814 4815//4815 4816//4816
f 4816//4816 4817//4817 4424//4424
f 4424//4424 4819//4819 4803//4803
f 4803//4803 4820//4820 4821//4821
f 4821//4821 4673//4673 4814//4814
f 4814//4814 4816//4816 4424//4424
f 4424//4424 4803//4803 4821//4821
f 4814//4814 4424//4424 4821//4821
f 4673//4673 4813//4813 4810//4810
f 4810//4810 4814//4814 4673//4673
f 4801//4801 4803//4803 4819//4819
f 4804//4804 4801//4801 4819//4819
f 4809//4809 4804//4804 4819//4819
f 4809//4809 4819//4819 4818//4818
f 4817//4817 4806//4806 4805//4805
f 4425//4425 4817//4817 4805//4805
f 4806//4806 4817//4817 4816//4816
f 4812//4812 4806//4806 4816//4816
f 4821//4821 4807//4807 4811//4811
f 4821//4821 4811//4811 4822//4822
f 4812//4812 4816//4816 4815//4815
f 4807//4807 4821//4821 4820//4820
f 4808//4808 4812//4812 4815//4815
f 4802//4802 4807//4807 4820//4820
f 4808//4808 4815//4815 4814//4814
f 4802//4802 4820//4820 4803//4803
f 4810//4810 4808//4808 4814//4814
f 4550//4550 4558//4558 4933//4933
f 4550//4550 4933//4933 4835//4835
f 4825//4825 4826//4826 4501//4501
f 4825//4825 4501//4501 4535//4535
f 4536//4536 4401//4401 4400//4400
f 4400//4400 4895//4895 4536//4536
f 4603//4603 4602//4602 4828//4828
f 4603//4603 4828//4828 4829//4829
f 4830//4830 4831//4831 4605//4605
f 4832//4832 4833//4833 4628//4628
f 4832//4832 4628//4628 4601//4601
f 4615//4615 4638//4638 4936//4936
f 4615//4615 4936//4936 4879//4879
f 4835//4835 4836//4836 4554//4554
f 4554//4554 4550//4550 4835//4835
f 4499//4499 4394//4394 4838//4838
f 4839//4839 4429//4429 4405//4405
f 4839//4839 4405//4405 4677//4677
f 4838//4838 4840//4840 4499//4499
f 4381//4381 4377//4377 4375//4375
f 4410//4410 4577//4577 4579//4579
f 4622//4622 4619//4619 4842//4842
f 4490//4490 4718//4718 4862//4862
f 4490//4490 4862//4862 4843//4843
f 4479//4479 4531//4531 4417//4417
f 4620//4620 4623//4623 4844//4844
f 4845//4845 4846//4846 4521//4521
f 4410//4410 4847//4847 4577//4577
f 4824//4824 4849//4849 4726//4726
f 4824//4824 4726//4726 4709//4709
f 4848//4848 4850//4850 4607//4607
f 4848//4848 4607//4607 4610//4610
f 4851//4851 4497//4497 4494//4494
f 4623//4623 4636//4636 4852//4852
f 4623//4623 4852//4852 4844//4844
f 4853//4853 4651//4651 4650//4650
f 4854//4854 4855//4855 4539//4539
f 4539//4539 4543//4543 4854//4854
f 4575//4575 4552//4552 4856//4856
f 4511//4511 4384//4384 4508//4508
f 4856//4856 4857//4857 4575//4575
f 4830//4830 4605//4605 4391//4391
f 4518//4518 4516//4516 4481//4481
f 4518//4518 4481//4481 4480//4480
f 4655//4655 4884//4884 4388//4388
f 4655//4655 4388//4388 4387//4387
f 4634//4634 4631//4631 4859//4859
f 4634//4634 4859//4859 4858//4858
f 4860//4860 4692//4692 4690//4690
f 4576//4576 4554//4554 4836//4836
f 4836//4836 4861//4861 4576//4576
f 4394//4394 4379//4379 4375//4375
f 4394//4394 4375//4375 4838//4838
f 4379//4379 4381//4381 4375//4375
f 4718//4718 4680//4680 4862//4862
f 4863//4863 4500//4500 4503//4503
f 4551//4551 4555//4555 4847//4847
f 4551//4551 4847//4847 4864//4864
f 4849//4849 4719//4719 4726//4726
f 4866//4866 4867//4867 4484//4484
f 4866//4866 4484//4484 4483//4483
f 4868//4868 4869//4869 4644//4644
f 4868//4868 4644//4644 4653//4653
f 4563//4563 4871//4871 4872//4872
f 4385//4385 4384//4384 4515//4515
f 4516//4516 4514//4514 4481//4481
f 4604//4604 4612//4612 4412//4412
f 4873//4873 4547//4547 4544//4544
f 4823//4823 4874//4874 4703//4703
f 4823//4823 4703//4703 4687//4687
f 4952//4952 4696//4696 4698//4698
f 4952//4952 4698//4698 4699//4699
f 4840//4840 4875//4875 4496//4496
f 4840//4840 4496//4496 4499//4499
f 4876//4876 4697//4697 4702//4702
f 4702//4702 4877//4877 4876//4876
f 4878//4878 4504//4504 4507//4507
f 4879//4879 4880//4880 4643//4643
f 4555//4555 4577//4577 4847//4847
f 4850//4850 4865//4865 4584//4584
f 4850//4850 4584//4584 4607//4607
f 4494//4494 4484//4484 4867//4867
f 4494//4494 4867//4867 4851//4851
f 4825//4825 4535//4535 4532//4532
f 4543//4543 4527//4527 4882//4882
f 4882//4882 4854//4854 4543//4543
f 4969//4969 4883//4883 4591//4591
f 4969//4969 4591//4591 4598//4598
f 4884//4884 4859//4859 4631//4631
f 4884//4884 4631//4631 4388//4388
f 4417//4417 4420//4420 4479//4479
f 4885//4885 4834//4834 4646//4646
f 4885//4885 4646//4646 4664//4664
f 4413//4413 4886//4886 4659//4659
f 4413//4413 4659//4659 4629//4629
f 4678//4678 4404//4404 4695//4695
f 4678//4678 4695//4695 4881//4881
f 4690//4690 4685//4685 4898//4898
f 4690//4690 4898//4898 4860//4860
f 4700//4700 4697//4697 4876//4876
f 4700//4700 4876//4876 4887//4887
f 4377//4377 4381//4381 4492//4492
f 4492//4492 4373//4373 4377//4377
f 4419//4419 4510//4510 4386//4386
f 4942//4942 4672//4672 4382//4382
f 4942//4942 4382//4382 4668//4668
f 4500//4500 4863//4863 4888//4888
f 4888//4888 4534//4534 4500//4500
f 4880//4880 4889//4889 4654//4654
f 4706//4706 4640//4640 4674//4674
f 4706//4706 4674//4674 4823//4823
f 4890//4890 4585//4585 4587//4587
f 4892//4892 4665//4665 4645//4645
f 4426//4426 4841//4841 4669//4669
f 4532//4532 4528//4528 4893//4893
f 4532//4532 4893//4893 4825//4825
f 4895//4895 4400//4400 4564//4564
f 4572//4572 4575//4575 4857//4857
f 4579//4579 4574//4574 4903//4903
f 4579//4579 4903//4903 4410//4410
f 4883//4883 4588//4588 4591//4591
f 4897//4897 4885//4885 4664//4664
f 4897//4897 4664//4664 4663//4663
f 4670//4670 4683//4683 4428//4428
f 4899//4899 4489//4489 4488//4488
f 4713//4713 4711//4711 4911//4911
f 4713//4713 4911//4911 4918//4918
f 4386//4386 4504//4504 4878//4878
f 4386//4386 4878//4878 4419//4419
f 4635//4635 4622//4622 4842//4842
f 4635//4635 4842//4842 4901//4901
f 4921//4921 4417//4417 4531//4531
f 4396//4396 4395//4395 4870//4870
f 4396//4396 4870//4870 4891//4891
f 4654//4654 4643//4643 4880//4880
f 4614//4614 4642//4642 4414//4414
f 4371//4371 4372//4372 4509//4509
f 4371//4371 4509//4509 4510//4510
f 4894//4894 4902//4902 4477//4477
f 4894//4894 4477//4477 4485//4485
f 4896//4896 4568//4568 4567//4567
f 4574//4574 4572//4572 4903//4903
f 4567//4567 4904//4904 4896//4896
f 4409//4409 4947//4947 4569//4569
f 4409//4409 4569//4569 4398//4398
f 4970//4970 4830//4830 4391//4391
f 4970//4970 4391//4391 4609//4609
f 4588//4588 4883//4883 4905//4905
f 4524//4524 4481//4481 4514//4514
f 4905//4905 4606//4606 4588//4588
f 4547//4547 4873//4873 4906//4906
f 4663//4663 4666//4666 4897//4897
f 4383//4383 4667//4667 4421//4421
f 4383//4383 4421//4421 4426//4426
f 4916//4916 4908//4908 4647//4647
f 4916//4916 4647//4647 4657//4657
f 4683//4683 4689//4689 4427//4427
f 4683//4683 4427//4427 4428//4428
f 4909//4909 4684//4684 4686//4686
f 4492//4492 4486//4486 4373//4373
f 4907//4907 4910//4910 4582//4582
f 4907//4907 4582//4582 4592//4592
f 4911//4911 4711//4711 4710//4710
f 4889//4889 4912//4912 4648//4648
f 4889//4889 4648//4648 4652//4652
f 4557//4557 4559//4559 4913//4913
f 4881//4881 4679//4679 4678//4678
f 4848//4848 4610//4610 4393//4393
f 4380//4380 4396//4396 4891//4891
f 4636//4636 4390//4390 4415//4415
f 4636//4636 4415//4415 4852//4852
f 4521//4521 4560//4560 4845//4845
f 4841//4841 4853//4853 4650//4650
f 4841//4841 4650//4650 4669//4669
f 4914//4914 4899//4899 4488//4488
f 4914//4914 4488//4488 4724//4724
f 4538//4538 4542//4542 4537//4537
f 4538//4538 4537//4537 4945//4945
f 4384//4384 4511//4511 4515//4515
f 4904//4904 4567//4567 4599//4599
f 4829//4829 4613//4613 4603//4603
f 4886//4886 4916//4916 4657//4657
f 4886//4886 4657//4657 4659//4659
f 4672//4672 4897//4897 4666//4666
f 4672//4672 4666//4666 4382//4382
f 4629//4629 4637//4637 4413//4413
f 4422//4422 4660//4660 4694//4694
f 4861//4861 4578//4578 4576//4576
f 4917//4917 4681//4681 4717//4717
f 4669//4669 4383//4383 4426//4426
f 4918//4918 4715//4715 4713//4713
f 4901//4901 4655//4655 4387//4387
f 4923//4923 4895//4895 4564//4564
f 4923//4923 4564//4564 4561//4561
f 4522//4522 4401//4401 4536//4536
f 4522//4522 4536//4536 4919//4919
f 4924//4924 4837//4837 4691//4691
f 4924//4924 4691//4691 4693//4693
f 4857//4857 4903//4903 4572//4572
f 4925//4925 4529//4529 4525//4525
f 4833//4833 4926//4926 4616//4616
f 4833//4833 4616//4616 4628//4628
f 4898//4898 4685//4685 4705//4705
f 4705//4705 4927//4927 4898//4898
f 4900//4900 4707//4707 4688//4688
f 4681//4681 4917//4917 4928//4928
f 4531//4531 4526//4526 4921//4921
f 4928//4928 4403//4403 4681//4681
f 4910//4910 4583//4583 4582//4582
f 4875//4875 4929//4929 4493//4493
f 4875//4875 4493//4493 4495//4495
f 4831//4831 4930//4930 4589//4589
f 4888//4888 4931//4931 4533//4533
f 4888//4888 4533//4533 4534//4534
f 4652//4652 4654//4654 4889//4889
f 4922//4922 4506//4506 4505//4505
f 4679//4679 4881//4881 4932//4932
f 4409//4409 4398//4398 4596//4596
f 4687//4687 4706//4706 4823//4823
f 4933//4933 4558//4558 4556//4556
f 4548//4548 4541//4541 4855//4855
f 4548//4548 4855//4855 4934//4934
f 4541//4541 4539//4539 4855//4855
f 4602//4602 4627//4627 4935//4935
f 4602//4602 4935//4935 4828//4828
f 4936//4936 4638//4638 4630//4630
f 4507//4507 4482//4482 4937//4937
f 4927//4927 4705//4705 4701//4701
f 4899//4899 4917//4917 4717//4717
f 4899//4899 4717//4717 4489//4489
f 4581//4581 4549//4549 4397//4397
f 4583//4583 4910//4910 4938//4938
f 4939//4939 4402//4402 4405//4405
f 4405//4405 4429//4429 4939//4939
f 4938//4938 4608//4608 4583//4583
f 4723//4723 4487//4487 4843//4843
f 4723//4723 4843//4843 4940//4940
f 4929//4929 4482//4482 4493//4493
f 4528//4528 4941//4941 4893//4893
f 4676//4676 4674//4674 4639//4639
f 4561//4561 4553//4553 4957//4957
f 4561//4561 4957//4957 4923//4923
f 4387//4387 4635//4635 4901//4901
f 4912//4912 4942//4942 4649//4649
f 4912//4912 4649//4649 4648//4648
f 4714//4714 4679//4679 4932//4932
f 4932//4932 4943//4943 4714//4714
f 4865//4865 4944//4944 4593//4593
f 4865//4865 4593//4593 4584//4584
f 4941//4941 4528//4528 4540//4540
f 4653//4653 4651//4651 4853//4853
f 4653//4653 4853//4853 4868//4868
f 4906//4906 4537//4537 4542//4542
f 4906//4906 4542//4542 4547//4547
f 4540//4540 4945//4945 4941//4941
f 4399//4399 4565//4565 4416//4416
f 4946//4946 4599//4599 4597//4597
f 4397//4397 4568//4568 4896//4896
f 4397//4397 4896//4896 4581//4581
f 4566//4566 4569//4569 4947//4947
f 4566//4566 4947//4947 4948//4948
f 4949//4949 4389//4389 4633//4633
f 4630//4630 4950//4950 4936//4936
f 4671//4671 4662//4662 4962//4962
f 4671//4671 4962//4962 4675//4675
f 4549//4549 4581//4581 4951//4951
f 4874//4874 4952//4952 4699//4699
f 4874//4874 4699//4699 4703//4703
f 4951//4951 4595//4595 4549//4549
f 4953//4953 4911//4911 4710//4710
f 4953//4953 4710//4710 4725//4725
f 4918//4918 4954//4954 4716//4716
f 4918//4918 4716//4716 4715//4715
f 4682//4682 4671//4671 4675//4675
f 4626//4626 4586//4586 4611//4611
f 4943//4943 4712//4712 4714//4714
f 4870//4870 4395//4395 4498//4498
f 4498//4498 4955//4955 4870//4870
f 4956//4956 4914//4914 4724//4724
f 4956//4956 4724//4724 4720//4720
f 4945//4945 4540//4540 4538//4538
f 4846//4846 4416//4416 4565//4565
f 4846//4846 4565//4565 4521//4521
f 4508//4508 4477//4477 4902//4902
f 4393//4393 4392//4392 4411//4411
f 4393//4393 4411//4411 4848//4848
f 4599//4599 4946//4946 4904//4904
f 4926//4926 4958//4958 4632//4632
f 4926//4926 4632//4632 4616//4616
f 4658//4658 4959//4959 4950//4950
f 4390//4390 4389//4389 4949//4949
f 4390//4390 4949//4949 4415//4415
f 4950//4950 4630//4630 4658//4658
f 4518//4518 4480//4480 4520//4520
f 4556//4556 4523//4523 4919//4919
f 4556//4556 4919//4919 4960//4960
f 4961//4961 4962//4962 4662//4662
f 4961//4961 4662//4662 4661//4661
f 4875//4875 4495//4495 4496//4496
f 4722//4722 4721//4721 4915//4915
f 4722//4722 4915//4915 4963//4963
f 4422//4422 4924//4924 4693//4693
f 4422//4422 4693//4693 4660//4660
f 4909//4909 4877//4877 4702//4702
f 4909//4909 4702//4702 4684//4684
f 4372//4372 4478//4478 4509//4509
f 4530//4530 4545//4545 4920//4920
f 4639//4639 4682//4682 4675//4675
f 4639//4639 4675//4675 4676//4676
f 4964//4964 4409//4409 4596//4596
f 4596//4596 4594//4594 4964//4964
f 4523//4523 4522//4522 4919//4919
f 4965//4965 4491//4491 4380//4380
f 4380//4380 4891//4891 4965//4965
f 4597//4597 4590//4590 4930//4930
f 4597//4597 4930//4930 4946//4946
f 4552//4552 4562//4562 4872//4872
f 4552//4552 4872//4872 4856//4856
f 4890//4890 4412//4412 4612//4612
f 4890//4890 4612//4612 4585//4585
f 4414//4414 4413//4413 4637//4637
f 4414//4414 4637//4637 4614//4614
f 4688//4688 4966//4966 4900//4900
f 4966//4966 4688//4688 4704//4704
f 4963//4963 4953//4953 4725//4725
f 4963//4963 4725//4725 4722//4722
f 4677//4677 4716//4716 4954//4954
f 4954//4954 4839//4839 4677//4677
f 4967//4967 4624//4624 4626//4626
f 4626//4626 4611//4611 4967//4967
f 4704//4704 4887//4887 4966//4966
f 4420//4420 4863//4863 4503//4503
f 4420//4420 4503//4503 4519//4519
f 4486//4486 4478//4478 4372//4372
f 4486//4486 4372//4372 4373//4373
f 4942//4942 4668//4668 4649//4649
f 4920//4920 4921//4921 4526//4526
f 4920//4920 4526//4526 4530//4530
f 4594//4594 4593//4593 4944//4944
f 4594//4594 4944//4944 4964//4964
f 4826//4826 4502//4502 4501//4501
f 4869//4869 4414//4414 4642//4642
f 4869//4869 4642//4642 4644//4644
f 4520//4520 4502//4502 4517//4517
f 4520//4520 4517//4517 4518//4518
f 4902//4902 4511//4511 4508//4508
f 4563//4563 4399//4399 4416//4416
f 4563//4563 4416//4416 4871//4871
f 4590//4590 4589//4589 4930//4930
f 4600//4600 4566//4566 4948//4948
f 4600//4600 4948//4948 4969//4969
f 4905//4905 4411//4411 4392//4392
f 4905//4905 4392//4392 4606//4606
f 4525//4525 4524//4524 4514//4514
f 4525//4525 4514//4514 4925//4925
f 4665//4665 4892//4892 4421//4421
f 4696//4696 4927//4927 4701//4701
f 4696//4696 4701//4701 4698//4698
f 4970//4970 4609//4609 4608//4608
f 4608//4608 4938//4938 4970//4970
f 4624//4624 4967//4967 4971//4971
f 4837//4837 4909//4909 4686//4686
f 4837//4837 4686//4686 4691//4691
f 4510//4510 4419//4419 4371//4371
f 4971//4971 4618//4618 4624//4624
f 4922//4922 4866//4866 4483//4483
f 4922//4922 4483//4483 4506//4506
f 4827//4827 4968//4968 4625//4625
f 4827//4827 4625//4625 4621//4621
f 4931//4931 4882//4882 4527//4527
f 4931//4931 4527//4527 4533//4533
f 4491//4491 4965//4965 4894//4894
f 4894//4894 4485//4485 4491//4491
f 4972//4972 4957//4957 4553//4553
f 4972//4972 4553//4553 4571//4571
f 4562//4562 4563//4563 4872//4872
f 4861//4861 4580//4580 4573//4573
f 4861//4861 4573//4573 4578//4578
f 4598//4598 4600//4600 4969//4969
f 4925//4925 4873//4873 4544//4544
f 4925//4925 4544//4544 4529//4529
f 4627//4627 4617//4617 4858//4858
f 4627//4627 4858//4858 4935//4935
f 4412//4412 4832//4832 4601//4601
f 4412//4412 4601//4601 4604//4604
f 4959//4959 4658//4658 4656//4656
f 4556//4556 4960//4960 4933//4933
f 4423//4423 4427//4427 4689//4689
f 4423//4423 4689//4689 4641//4641
f 4595//4595 4951//4951 4907//4907
f 4929//4929 4937//4937 4482//4482
f 4887//4887 4704//4704 4700//4700
f 4973//4973 4920//4920 4545//4545
f 4545//4545 4546//4546 4973//4973
f 4971//4971 4842//4842 4619//4619
f 4971//4971 4619//4619 4618//4618
f 4674//4674 4640//4640 4639//4639
f 4974//4974 4824//4824 4709//4709
f 4974//4974 4709//4709 4708//4708
f 4968//4968 4890//4890 4587//4587
f 4968//4968 4587//4587 4625//4625
f 4515//4515 4922//4922 4505//4505
f 4515//4515 4505//4505 4385//4385
f 4844//4844 4827//4827 4621//4621
f 4844//4844 4621//4621 4620//4620
f 4580//4580 4972//4972 4571//4571
f 4580//4580 4571//4571 4570//4570
f 4560//4560 4557//4557 4913//4913
f 4560//4560 4913//4913 4845//4845
f 4617//4617 4634//4634 4858//4858
f 4633//4633 4632//4632 4958//4958
f 4633//4633 4958//4958 4949//4949
f 4860//4860 4961//4961 4661//4661
f 4860//4860 4661//4661 4692//4692
f 4428//4428 4422//4422 4694//4694
f 4428//4428 4694//4694 4670//4670
f 4403//4403 4928//4928 4695//4695
f 4487//4487 4490//4490 4843//4843
f 4695//4695 4404//4404 4403//4403
f 4937//4937 4878//4878 4507//4507
f 4519//4519 4479//4479 4420//4420
f 4908//4908 4892//4892 4645//4645
f 4908//4908 4645//4645 4647//4647
f 4720//4720 4719//4719 4849//4849
f 4720//4720 4849//4849 4956//4956
f 4943//4943 4974//4974 4708//4708
f 4943//4943 4708//4708 4712//4712
f 4851//4851 4955//4955 4498//4498
f 4851//4851 4498//4498 4497//4497
f 4826//4826 4517//4517 4502//4502
f 4864//4864 4913//4913 4559//4559
f 4864//4864 4559//4559 4551//4551
f 4570//4570 4573//4573 4580//4580
f 4589//4589 4605//4605 4831//4831
f 4586//4586 4613//4613 4829//4829
f 4586//4586 4829//4829 4611//4611
f 4656//4656 4646//4646 4834//4834
f 4656//4656 4834//4834 4959//4959
f 4421//4421 4667//4667 4665//4665
f 4592//4592 4595//4595 4907//4907
f 4940//4940 4915//4915 4721//4721
f 4940//4940 4721//4721 4723//4723
f 4939//4939 4862//4862 4680//4680
f 4939//4939 4680//4680 4402//4402
f 4641//4641 4707//4707 4900//4900
f 4641//4641 4900//4900 4423//4423
f 4879//4879 4643//4643 4615//4615
f 4546//4546 4548//4548 4934//4934
f 4546//4546 4934//4934 4973//4973
f 4977//4977 4976//4976 4989//4989
f 4978//4978 4988//4988 4975//4975
f 4978//4978 4975//4975 4979//4979
f 4977//4977 4989//4989 4980//4980
f 4978//4978 4979//4979 4981//4981
f 4982//4982 4977//4977 4980//4980
f 4978//4978 4981//4981 4983//4983
f 4984//4984 4982//4982 4980//4980
f 4978//4978 4983//4983 4985//4985
f 4986//4986 4984//4984 4980//4980
f 4980//4980 4978//4978 4985//4985
f 4987//4987 4986//4986 4980//4980
f 4980//4980 4985//4985 4987//4987
f 4988//4988 4990//4990 4991//4991
f 4988//4988 4991//4991 4989//4989
f 4989//4989 4976//4976 4992//4992
f 4993//4993 4975//4975 4988//4988
f 4989//4989 4992//4992 4994//4994
f 4995//4995 4993//4993 4988//4988
f 4988//4988 4989//4989 4994//4994
f 4994//4994 4995//4995 4988//4988
f 5002//5002 4940//4940 4843//4843
f 4998//4998 5001//5001 5002//5002
f 4998//4998 5002//5002 4843//4843
f 4998//4998 4843//4843 4862//4862
f 4997//4997 4998//4998 4862//4862
f 4996//4996 4997//4997 4862//4862
f 4963//4963 4915//4915 5002//5002
f 4963//4963 5002//5002 5003//5003
f 5004//5004 4953//4953 4963//4963
f 5004//5004 4963//4963 5003//5003
f 5006//5006 5005//5005 5004//5004
f 5006//5006 5004//5004 5003//5003
f 5007//5007 5006//5006 5003//5003
f 5007//5007 5003//5003 5008//5008
f 5009//5009 5007//5007 5008//5008
f 5009//5009 5008//5008 5000//5000
f 5010//5010 5009//5009 5000//5000
f 5010//5010 5000//5000 4999//4999
f 5010//5010 4999//4999 5011//5011
f 5012//5012 5010//5010 5011//5011
f 5012//5012 5011//5011 5013//5013
f 5014//5014 5012//5012 5013//5013
f 4953//4953 5004//5004 5017//5017
f 4911//4911 4953//4953 5017//5017
f 4918//4918 4911//4911 5017//5017
f 4918//4918 5017//5017 5018//5018
f 4918//4918 5018//5018 5016//5016
f 4939//4939 4429//4429 4876//4876
f 4939//4939 4876//4876 4877//4877
f 4862//4862 4939//4939 4877//4877
f 4862//4862 4877//4877 4909//4909
f 4996//4996 4862//4862 4909//4909
f 4996//4996 4909//4909 4837//4837
f 4876//4876 4429//4429 4839//4839
f 4887//4887 4876//4876 4839//4839
f 4887//4887 4839//4839 4954//4954
f 4966//4966 4887//4887 4954//4954
f 4900//4900 4966//4966 4954//4954
f 4424//4424 4423//4423 4900//4900
f 4818//4818 4424//4424 4900//4900
f 4818//4818 4900//4900 4954//4954
f 4818//4818 4954//4954 4918//4918
f 4809//4809 4818//4818 4918//4918
f 4809//4809 4918//4918 5016//5016
f 4809//4809 5016//5016 5015//5015
f 5027//5027 5026//5026 5025//5025
f 5019//5019 4809//4809 5015//5015
f 5027//5027 5025//5025 5024//5024
f 5020//5020 5019//5019 5015//5015
f 5020//5020 5015//5015 5028//5028
f 5020//5020 5028//5028 5029//5029
f 5021//5021 5020//5020 5029//5029
f 5021//5021 5029//5029 5014//5014
f 5030//5030 5027//5027 5024//5024
f 5023//5023 5021//5021 5014//5014
f 5023//5023 5014//5014 5013//5013
f 4840//4840 4838//4838 5034//5034
f 5034//5034 5032//5032 5033//5033
f 4840//4840 5034//5034 5033//5033
f 4875//4875 4840//4840 5033//5033
f 4929//4929 4875//4875 5033//5033
f 4937//4937 4929//4929 5033//5033
f 4937//4937 5033//5033 5035//5035
f 4937//4937 5035//5035 5031//5031
f 4863//4863 4878//4878 4937//4937
f 4888//4888 4863//4863 4937//4937
f 4888//4888 4937//4937 5031//5031
f 4931//4931 4888//4888 5031//5031
f 4882//4882 4931//4931 5031//5031
f 4416//4416 4855//4855 4854//4854
f 4871//4871 4416//4416 4854//4854
f 4871//4871 4854//4854 4882//4882
f 4872//4872 4871//4871 4882//4882
f 4872//4872 4882//4882 5031//5031
f 4856//4856 4872//4872 5031//5031
f 5023//5023 5013//5013 5036//5036
f 5031//5031 5030//5030 5024//5024
f 5031//5031 5024//5024 5022//5022
f 4856//4856 5031//5031 5022//5022
f 4857//4857 4856//4856 5022//5022
f 5022//5022 5023//5023 5036//5036
f 4947//4947 4903//4903 4857//4857
f 4948//4948 4947//4947 4857//4857
f 5022//5022 5036//5036 5037//5037
f 4969//4969 4948//4948 4857//4857
f 4969//4969 4857//4857 5022//5022
f 4883//4883 4969//4969 5022//5022
f 4905//4905 4883//4883 5022//5022
f 4412//4412 4411//4411 4905//4905
f 5022//5022 5037//5037 4996//4996
f 5022//5022 4996//4996 4837//4837
f 4832//4832 4412//4412 4905//4905
f 5022//5022 4837//4837 4924//4924
f 4833//4833 4832//4832 4905//4905
f 4924//4924 4422//4422 4421//4421
f 4924//4924 4421//4421 4892//4892
f 4833//4833 4905//4905 5022//5022
f 5022//5022 4924//4924 4892//4892
f 4926//4926 4833//4833 5022//5022
f 5022//5022 4892//4892 4908//4908
f 4958//4958 4926//4926 5022//5022
f 5022//5022 4908//4908 4916//4916
f 4949//4949 4958//4958 5022//5022
f 4949//4949 5022//5022 4916//4916
f 4949//4949 4916//4916 4886//4886
f 4949//4949 4886//4886 4413//4413
f 5002//5002 4915//4915 4940//4940
f 4990//4990 5038//5038 4991//4991
f 5062//5062 5040//5040 5039//5039
f 5044//5044 5045//5045 5046//5046
f 5043//5043 5044//5044 5046//5046
f 5043//5043 5046//5046 5047//5047
f 5043//5043 5047//5047 5048//5048
f 5049//5049 5043//5043 5048//5048
f 5049//5049 5048//5048 5054//5054
f 5052//5052 5050//5050 5051//5051
f 5052//5052 5051//5051 5053//5053
f 5054//5054 5052//5052 5053//5053
f 5054//5054 5053//5053 5074//5074
f 5058//5058 5102//5102 4824//4824
f 5058//5058 4824//4824 4974//4974
f 5058//5058 4974//4974 4943//4943
f 5057//5057 5058//5058 4943//4943
f 5056//5056 5057//5057 4943//4943
f 5045//5045 5044//5044 5059//5059
f 5060//5060 5045//5045 5059//5059
f 5061//5061 5060//5060 5059//5059
f 5061//5061 5059//5059 5062//5062
f 4881//4881 4695//4695 4696//4696
f 4881//4881 4696//4696 4952//4952
f 4932//4932 4881//4881 4952//4952
f 4932//4932 4952//4952 4874//4874
f 4932//4932 4874//4874 4823//4823
f 4823//4823 4674//4674 4673//4673
f 4823//4823 4673//4673 4822//4822
f 4932//4932 4823//4823 4822//4822
f 4943//4943 4932//4932 4822//4822
f 4943//4943 4822//4822 4811//4811
f 5056//5056 4943//4943 4811//4811
f 5055//5055 5056//5056 4811//4811
f 4800//4800 5063//5063 5064//5064
f 5070//5070 5071//5071 5072//5072
f 4811//4811 4800//4800 5064//5064
f 5055//5055 4811//4811 5064//5064
f 5069//5069 5070//5070 5072//5072
f 5055//5055 5064//5064 5065//5065
f 5073//5073 5055//5055 5065//5065
f 5074//5074 5073//5073 5065//5065
f 5054//5054 5074//5074 5065//5065
f 5054//5054 5065//5065 5066//5066
f 5049//5049 5054//5054 5066//5066
f 5069//5069 5072//5072 5075//5075
f 5049//5049 5066//5066 5067//5067
f 5079//5079 4870//4870 4955//4955
f 5077//5077 5078//5078 5079//5079
f 5077//5077 5079//5079 4955//4955
f 5077//5077 4955//4955 4851//4851
f 4851//4851 4867//4867 5080//5080
f 4851//4851 5080//5080 5081//5081
f 4851//4851 5081//5081 5082//5082
f 5077//5077 4851//4851 5082//5082
f 5083//5083 5077//5077 5082//5082
f 5083//5083 5082//5082 5084//5084
f 5083//5083 5084//5084 5085//5085
f 5083//5083 5085//5085 5086//5086
f 5076//5076 5083//5083 5086//5086
f 5075//5075 5076//5076 5086//5086
f 5069//5069 5075//5075 5086//5086
f 5069//5069 5086//5086 5087//5087
f 5088//5088 5049//5049 5067//5067
f 5069//5069 5087//5087 5089//5089
f 5068//5068 5069//5069 5089//5089
f 5088//5088 5067//5067 5068//5068
f 5090//5090 5088//5088 5068//5068
f 5068//5068 5089//5089 5091//5091
f 5068//5068 5091//5091 5092//5092
f 5068//5068 5092//5092 5093//5093
f 5094//5094 5090//5090 5068//5068
f 5068//5068 5093//5093 5095//5095
f 5068//5068 5095//5095 5096//5096
f 5042//5042 5094//5094 5068//5068
f 5068//5068 5096//5096 5080//5080
f 5042//5042 5068//5068 5080//5080
f 5080//5080 4867//4867 4866//4866
f 5041//5041 5042//5042 5080//5080
f 5080//5080 4866//4866 4922//4922
f 5039//5039 5041//5041 5080//5080
f 5061//5061 5062//5062 5039//5039
f 4922//4922 4517//4517 4826//4826
f 5080//5080 4922//4922 4826//4826
f 5098//5098 5051//5051 5050//5050
f 5098//5098 5050//5050 5097//5097
f 5099//5099 5098//5098 5097//5097
f 5099//5099 5097//5097 5100//5100
f 5101//5101 5099//5099 5100//5100
f 5102//5102 5101//5101 5100//5100
f 4849//4849 5102//5102 5100//5100
f 4849//4849 5100//5100 5061//5061
f 4956//4956 4849//4849 5061//5061
f 5080//5080 4826//4826 4825//4825
f 4956//4956 5061//5061 5039//5039
f 4914//4914 4956//4956 5039//5039
f 5080//5080 4825//4825 4893//4893
f 4899//4899 4914//4914 5039//5039
f 5039//5039 5080//5080 4893//4893
f 4945//4945 4537//4537 4536//4536
f 4945//4945 4536//4536 4895//4895
f 4941//4941 4945//4945 4895//4895
f 4893//4893 4941//4941 4895//4895
f 4893//4893 4895//4895 4923//4923
f 4917//4917 4899//4899 5039//5039
f 4927//4927 4696//4696 4695//4695
f 4927//4927 4695//4695 4928//4928
f 4898//4898 4927//4927 4928//4928
f 4898//4898 4928//4928 4917//4917
f 5039//5039 4893//4893 4923//4923
f 5039//5039 4923//4923 4957//4957
f 4898//4898 4917//4917 5039//5039
f 4860//4860 4898//4898 5039//5039
f 4972//4972 4580//4580 4896//4896
f 4972//4972 4896//4896 4904//4904
f 4957//4957 4972//4972 4904//4904
f 4957//4957 4904//4904 4946//4946
f 4897//4897 4962//4962 4961//4961
f 4885//4885 4897//4897 4961//4961
f 4885//4885 4961//4961 4860//4860
f 4834//4834 4885//4885 4860//4860
f 4834//4834 4860//4860 5039//5039
f 4959//4959 4834//4834 5039//5039
f 5039//5039 4957//4957 4946//4946
f 5039//5039 4946//4946 4930//4930
f 4831//4831 4830//4830 4829//4829
f 4831//4831 4829//4829 4828//4828
f 4930//4930 4831//4831 4828//4828
f 4930//4930 4828//4828 4935//4935
f 4859//4859 4884//4884 4936//4936
f 4859//4859 4936//4936 4950//4950
f 4858//4858 4859//4859 4950//4950
f 4858//4858 4950//4950 4959//4959
f 4858//4858 4959//4959 5039//5039
f 5039//5039 4930//4930 4935//4935
f 4935//4935 4858//4858 5039//5039
f 4849//4849 4824//4824 5102//5102
f 5105//5105 5106//5106 5104//5104
f 5105//5105 5104//5104 5103//5103
f 5109//5109 5107//5107 5108//5108
f 5109//5109 5108//5108 5110//5110
f 5111//5111 5112//5112 5109//5109
f 5110//5110 5111//5111 5109//5109
f 5113//5113 5103//5103 5104//5104
f 5113//5113 5104//5104 5114//5114
f 5177//5177 5178//5178 5118//5118
f 5070//5070 5177//5177 5118//5118
f 5118//5118 5119//5119 5116//5116
f 5071//5071 5070//5070 5118//5118
f 5115//5115 5129//5129 5120//5120
f 5121//5121 5115//5115 5120//5120
f 5122//5122 5121//5121 5120//5120
f 5122//5122 5120//5120 5123//5123
f 5124//5124 5122//5122 5123//5123
f 5126//5126 5127//5127 4891//4891
f 5125//5125 5126//5126 4891//4891
f 4891//4891 4870//4870 5079//5079
f 5128//5128 5129//5129 5115//5115
f 5128//5128 5115//5115 5130//5130
f 5079//5079 5128//5128 5130//5130
f 5079//5079 5130//5130 5131//5131
f 4891//4891 5079//5079 5131//5131
f 4891//4891 5131//5131 5132//5132
f 5125//5125 4891//4891 5132//5132
f 5125//5125 5132//5132 5133//5133
f 5125//5125 5133//5133 5134//5134
f 5135//5135 5125//5125 5134//5134
f 5135//5135 5134//5134 5136//5136
f 5117//5117 5135//5135 5136//5136
f 5116//5116 5117//5117 5136//5136
f 5118//5118 5116//5116 5136//5136
f 5124//5124 5123//5123 5071//5071
f 5118//5118 5136//5136 5124//5124
f 5124//5124 5071//5071 5118//5118
f 5137//5137 4450//4450 4449//4449
f 4453//4453 4454//4454 5138//5138
f 5137//5137 4449//4449 4433//4433
f 4432//4432 4453//4453 5138//5138
f 5139//5139 5137//5137 4433//4433
f 4432//4432 5138//5138 5140//5140
f 5141//5141 5139//5139 4433//4433
f 4432//4432 5140//5140 5142//5142
f 5143//5143 5141//5141 4433//4433
f 4432//4432 5142//5142 5144//5144
f 5143//5143 4433//4433 4432//4432
f 4432//4432 5144//5144 5143//5143
f 5145//5145 5146//5146 5147//5147
f 5150//5150 5149//5149 4975//4975
f 5150//5150 4975//4975 4993//4993
f 4993//4993 5151//5151 5150//5150
f 4995//4995 5151//5151 4993//4993
f 4995//4995 5152//5152 5151//5151
f 4994//4994 5152//5152 4995//4995
f 4994//4994 5153//5153 5152//5152
f 4992//4992 5153//5153 4994//4994
f 4992//4992 5154//5154 5153//5153
f 4976//4976 5154//5154 4992//4992
f 4976//4976 5155//5155 5154//5154
f 4977//4977 5155//5155 4976//4976
f 4977//4977 5156//5156 5155//5155
f 4982//4982 5156//5156 4977//4977
f 4982//4982 5157//5157 5156//5156
f 4984//4984 5157//5157 4982//4982
f 4984//4984 5158//5158 5157//5157
f 4986//4986 5158//5158 4984//4984
f 4986//4986 5159//5159 5158//5158
f 4987//4987 5159//5159 4986//4986
f 4987//4987 5160//5160 5159//5159
f 4985//4985 5160//5160 4987//4987
f 4985//4985 5161//5161 5160//5160
f 4983//4983 5161//5161 4985//4985
f 5162//5162 5161//5161 4983//4983
f 5162//5162 4983//4983 4981//4981
f 5148//5148 5162//5162 4981//4981
f 5148//5148 4981//4981 4979//4979
f 5149//5149 5148//5148 4979//4979
f 5149//5149 4979//4979 4975//4975
f 5148//5148 5149//5149 5163//5163
f 5149//5149 5164//5164 5163//5163
f 5149//5149 5150//5150 5164//5164
f 5150//5150 5151//5151 5164//5164
f 5151//5151 5165//5165 5164//5164
f 5151//5151 5152//5152 5165//5165
f 5152//5152 5153//5153 5165//5165
f 5153//5153 5166//5166 5165//5165
f 5153//5153 5154//5154 5166//5166
f 5154//5154 5155//5155 5166//5166
f 5155//5155 5167//5167 5166//5166
f 5155//5155 5156//5156 5167//5167
f 5156//5156 5157//5157 5167//5167
f 5157//5157 5168//5168 5167//5167
f 5157//5157 5158//5158 5168//5168
f 5158//5158 5159//5159 5168//5168
f 5159//5159 5169//5169 5168//5168
f 5159//5159 5160//5160 5169//5169
f 5160//5160 5161//5161 5169//5169
f 5161//5161 5170//5170 5169//5169
f 5161//5161 5162//5162 5170//5170
f 5162//5162 5148//5148 5163//5163
f 5162//5162 5163//5163 5170//5170
f 5170//5170 5163//5163 5164//5164
f 5164//5164 5165//5165 5166//5166
f 5166//5166 5167//5167 5168//5168
f 5168//5168 5169//5169 5170//5170
f 5170//5170 5164//5164 5166//5166
f 5166//5166 5168//5168 5170//5170
f 4978//4978 4980//4980 5106//5106
f 4978//4978 5106//5106 5105//5105
f 5173//5173 5174//5174 5175//5175
f 5173//5173 5175//5175 5176//5176
f 5177//5177 5173//5173 5176//5176
f 5177//5177 5176//5176 5178//5178
f 5179//5179 5180//5180 5172//5172
f 5179//5179 5172//5172 5171//5171
f 4437//4437 4436//4436 5181//5181
f 5175//5175 5174//5174 5171//5171
f 5175//5175 5171//5171 5172//5172
f 4437//4437 5181//5181 5182//5182
f 5180//5180 5179//5179 5112//5112
f 5180//5180 5112//5112 5111//5111
f 4435//4435 4434//4434 5185//5185
f 4435//4435 5185//5185 5186//5186
f 5186//5186 5185//5185 5184//5184
f 5186//5186 5184//5184 5183//5183
f 5184//5184 5189//5189 5190//5190
f 5184//5184 5190//5190 5183//5183
f 5191//5191 5188//5188 5187//5187
f 5191//5191 5187//5187 5192//5192
f 5193//5193 5194//5194 5195//5195
f 5193//5193 5195//5195 5196//5196
f 5196//5196 5195//5195 4431//4431
f 5196//5196 4431//4431 4430//4430
f 4366//4366 5108//5108 5107//5107
f 4366//4366 5107//5107 5025//5025
f 4367//4367 4366//4366 5025//5025
f 5197//5197 4367//4367 5025//5025
f 5025//5025 5026//5026 5198//5198
f 5197//5197 5025//5025 5198//5198
f 5199//5199 5197//5197 5198//5198
f 5199//5199 5198//5198 5200//5200
f 5201//5201 5199//5199 5200//5200
f 5201//5201 5200//5200 5202//5202
f 5201//5201 5202//5202 5203//5203
f 5204//5204 5201//5201 5203//5203
f 4375//4375 5205//5205 5204//5204
f 4838//4838 4375//4375 5204//5204
f 5204//5204 5203//5203 5034//5034
f 5034//5034 4838//4838 5204//5204
f 5187//5187 5188//5188 5194//5194
f 5187//5187 5194//5194 5193//5193
f 4474//4474 5137//5137 4476//4476
f 4476//4476 5137//5137 5139//5139
f 4476//4476 5139//5139 4475//4475
f 4475//4475 5139//5139 5141//5141
f 5141//5141 4473//4473 4475//4475
f 5143//5143 4473//4473 5141//5141
f 5143//5143 4470//4470 4473//4473
f 5144//5144 4470//4470 5143//5143
f 5144//5144 4469//4469 4470//4470
f 5142//5142 4469//4469 5144//5144
f 5142//5142 5140//5140 4466//4466
f 5142//5142 4466//4466 4469//4469
f 5140//5140 5138//5138 4466//4466
f 5138//5138 4464//4464 4466//4466
f 5138//5138 4454//4454 4464//4464
f 4454//4454 4460//4460 4464//4464
f 4454//4454 4455//4455 4460//4460
f 4455//4455 4465//4465 4460//4460
f 4455//4455 4457//4457 4465//4465
f 4457//4457 4467//4467 4465//4465
f 4457//4457 4456//4456 4467//4467
f 4456//4456 4468//4468 4467//4467
f 4456//4456 4451//4451 4468//4468
f 4451//4451 4471//4471 4468//4468
f 4471//4471 4451//4451 4450//4450
f 4471//4471 4450//4450 4472//4472
f 4472//4472 4450//4450 4474//4474
f 4474//4474 4450//4450 5137//5137
f 5206//5206 5207//5207 5067//5067
f 5067//5067 5066//5066 5208//5208
f 5067//5067 5208//5208 5206//5206
f 5209//5209 4408//4408 5210//5210
f 5210//5210 4786//4786 4789//4789
f 4771//4771 4773//4773 5209//5209
f 5209//5209 5210//5210 4789//4789
f 4799//4799 4771//4771 5209//5209
f 5209//5209 4789//4789 4791//4791
f 4797//4797 4799//4799 5209//5209
f 5209//5209 4791//4791 4793//4793
f 4795//4795 4797//4797 5209//5209
f 4793//4793 4795//4795 5209//5209
f 5211//5211 5212//5212 5182//5182
f 5211//5211 5182//5182 5181//5181
f 5213//5213 5214//5214 4363//4363
f 5213//5213 4363//4363 4362//4362
f 5212//5212 5211//5211 5190//5190
f 5212//5212 5190//5190 5189//5189
f 5113//5113 5114//5114 5215//5215
f 5113//5113 5215//5215 5216//5216
f 4362//4362 4363//4363 5217//5217
f 4362//4362 5217//5217 5218//5218
f 5145//5145 5218//5218 5217//5217
f 5145//5145 5217//5217 5146//5146
f 5216//5216 5215//5215 4407//4407
f 5216//5216 4407//4407 4406//4406
f 5147//5147 5146//5146 5038//5038
f 4965//4965 4891//4891 5127//5127
f 4965//4965 5127//5127 5219//5219
f 4894//4894 4965//4965 5219//5219
f 4902//4902 4894//4894 5219//5219
f 4512//4512 4511//4511 4902//4902
f 4759//4759 4512//4512 4902//4902
f 4759//4759 4902//4902 5219//5219
f 4759//4759 5219//5219 5220//5220
f 5222//5222 5223//5223 4749//4749
f 5224//5224 5119//5119 5118//5118
f 5222//5222 4749//4749 4759//4759
f 5222//5222 4759//4759 5220//5220
f 5222//5222 5220//5220 5221//5221
f 5224//5224 5118//5118 5222//5222
f 5225//5225 5224//5224 5222//5222
f 5222//5222 5221//5221 5225//5225
f 4406//4406 4408//4408 5209//5209
f 5258//5258 5226//5226 5227//5227
f 5258//5258 5227//5227 5276//5276
f 5228//5228 5229//5229 5230//5230
f 5233//5233 5228//5228 5230//5230
f 5231//5231 5232//5232 5234//5234
f 5234//5234 5233//5233 5230//5230
f 5230//5230 5231//5231 5234//5234
f 5235//5235 5236//5236 5237//5237
f 5235//5235 5237//5237 5238//5238
f 5230//5230 5229//5229 5239//5239
f 5240//5240 5232//5232 5231//5231
f 5238//5238 5230//5230 5239//5239
f 5240//5240 5231//5231 5235//5235
f 5241//5241 5240//5240 5235//5235
f 5238//5238 5239//5239 5242//5242
f 5243//5243 5241//5241 5235//5235
f 5238//5238 5242//5242 5244//5244
f 5245//5245 5243//5243 5235//5235
f 5246//5246 5245//5245 5235//5235
f 5238//5238 5244//5244 5247//5247
f 5238//5238 5247//5247 5246//5246
f 5235//5235 5238//5238 5246//5246
f 5248//5248 5249//5249 5250//5250
f 5248//5248 5250//5250 5251//5251
f 5253//5253 5252//5252 5248//5248
f 5255//5255 5254//5254 5253//5253
f 5253//5253 5248//5248 5251//5251
f 5253//5253 5251//5251 5256//5256
f 5256//5256 5257//5257 5255//5255
f 5255//5255 5253//5253 5256//5256
f 5261//5261 5231//5231 5230//5230
f 5261//5261 5230//5230 5262//5262
f 5263//5263 5264//5264 5266//5266
f 5263//5263 5266//5266 5265//5265
f 5266//5266 5267//5267 5268//5268
f 5266//5266 5268//5268 5265//5265
f 5259//5259 5260//5260 5270//5270
f 5259//5259 5270//5270 5269//5269
f 5271//5271 5269//5269 5270//5270
f 5271//5271 5270//5270 5272//5272
f 5273//5273 5274//5274 5260//5260
f 5273//5273 5260//5260 5259//5259
f 5275//5275 5276//5276 5274//5274
f 5275//5275 5274//5274 5273//5273
f 5264//5264 5263//5263 5277//5277
f 5264//5264 5277//5277 5278//5278
f 5278//5278 5277//5277 5227//5227
f 5278//5278 5227//5227 5226//5226
f 5258//5258 5276//5276 5275//5275
f 5261//5261 5262//5262 5268//5268
f 5261//5261 5268//5268 5267//5267
f 5280//5280 5281//5281 5282//5282
f 5283//5283 5279//5279 5280//5280
f 5283//5283 5280//5280 5282//5282
f 5285//5285 5284//5284 5283//5283
f 5286//5286 5287//5287 5285//5285
f 5283//5283 5282//5282 5286//5286
f 5285//5285 5283//5283 5286//5286
f 5237//5237 5236//5236 5271//5271
f 5237//5237 5271//5271 5272//5272
f 5241//5241 5288//5288 5289//5289
f 5241//5241 5289//5289 5240//5240
f 5240//5240 5289//5289 5290//5290
f 5240//5240 5290//5290 5232//5232
f 5290//5290 5291//5291 5232//5232
f 5291//5291 5234//5234 5232//5232
f 5291//5291 5292//5292 5234//5234
f 5292//5292 5233//5233 5234//5234
f 5292//5292 5293//5293 5233//5233
f 5293//5293 5228//5228 5233//5233
f 5228//5228 5293//5293 5294//5294
f 5228//5228 5294//5294 5229//5229
f 5229//5229 5294//5294 5239//5239
f 5239//5239 5294//5294 5295//5295
f 5239//5239 5295//5295 5242//5242
f 5242//5242 5295//5295 5296//5296
f 5242//5242 5296//5296 5297//5297
f 5242//5242 5297//5297 5244//5244
f 5297//5297 5298//5298 5244//5244
f 5298//5298 5247//5247 5244//5244
f 5298//5298 5299//5299 5247//5247
f 5299//5299 5246//5246 5247//5247
f 5299//5299 5300//5300 5246//5246
f 5300//5300 5245//5245 5246//5246
f 5245//5245 5300//5300 5301//5301
f 5245//5245 5301//5301 5243//5243
f 5243//5243 5301//5301 5288//5288
f 5243//5243 5288//5288 5241//5241
f 5303//5303 5304//5304 5305//5305
f 5296//5296 5295//5295 5306//5306
f 5296//5296 5306//5306 5307//5307
f 5300//5300 5303//5303 5308//5308
f 5310//5310 5294//5294 5311//5311
f 5312//5312 5289//5289 5288//5288
f 5312//5312 5288//5288 5313//5313
f 5313//5313 5288//5288 5315//5315
f 5293//5293 5292//5292 5302//5302
f 5293//5293 5302//5302 5316//5316
f 5296//5296 5307//5307 5317//5317
f 5291//5291 5290//5290 5309//5309
f 5291//5291 5309//5309 5318//5318
f 5319//5319 5294//5294 5310//5310
f 5299//5299 5298//5298 5314//5314
f 5299//5299 5314//5314 5304//5304
f 5320//5320 5289//5289 5312//5312
f 5296//5296 5317//5317 5321//5321
f 5321//5321 5322//5322 5297//5297
f 5321//5321 5297//5297 5296//5296
f 5323//5323 5301//5301 5300//5300
f 5323//5323 5300//5300 5308//5308
f 5295//5295 5294//5294 5319//5319
f 5295//5295 5319//5319 5324//5324
f 5299//5299 5304//5304 5303//5303
f 5290//5290 5289//5289 5320//5320
f 5290//5290 5320//5320 5325//5325
f 5293//5293 5316//5316 5326//5326
f 5292//5292 5291//5291 5318//5318
f 5292//5292 5318//5318 5302//5302
f 5295//5295 5324//5324 5306//5306
f 5300//5300 5299//5299 5303//5303
f 5290//5290 5325//5325 5327//5327
f 5327//5327 5309//5309 5290//5290
f 5326//5326 5328//5328 5311//5311
f 5311//5311 5294//5294 5293//5293
f 5311//5311 5293//5293 5326//5326
f 5298//5298 5297//5297 5322//5322
f 5298//5298 5322//5322 5314//5314
f 5315//5315 5288//5288 5301//5301
f 5315//5315 5301//5301 5323//5323
f 5329//5329 5330//5330 5331//5331
f 5329//5329 5331//5331 5332//5332
f 5332//5332 5333//5333 5334//5334
f 5334//5334 5335//5335 5336//5336
f 5336//5336 5337//5337 5305//5305
f 5305//5305 5338//5338 5339//5339
f 5339//5339 5329//5329 5332//5332
f 5332//5332 5334//5334 5336//5336
f 5336//5336 5305//5305 5339//5339
f 5332//5332 5336//5336 5339//5339
f 5326//5326 5316//5316 5331//5331
f 5303//5303 5305//5305 5337//5337
f 5326//5326 5331//5331 5330//5330
f 5326//5326 5330//5330 5328//5328
f 5308//5308 5303//5303 5337//5337
f 5308//5308 5337//5337 5336//5336
f 5323//5323 5308//5308 5336//5336
f 5335//5335 5309//5309 5327//5327
f 5309//5309 5335//5335 5334//5334
f 5318//5318 5309//5309 5334//5334
f 5329//5329 5339//5339 5322//5322
f 5329//5329 5322//5322 5321//5321
f 5318//5318 5334//5334 5333//5333
f 5302//5302 5318//5318 5333//5333
f 5314//5314 5322//5322 5339//5339
f 5314//5314 5339//5339 5338//5338
f 5302//5302 5333//5333 5332//5332
f 5316//5316 5302//5302 5332//5332
f 5304//5304 5314//5314 5338//5338
f 5304//5304 5338//5338 5305//5305
f 5316//5316 5332//5332 5331//5331
f 5327//5327 5325//5325 5320//5320
f 5312//5312 5313//5313 5315//5315
f 5327//5327 5320//5320 5312//5312
f 5336//5336 5335//5335 5327//5327
f 5327//5327 5312//5312 5315//5315
f 5323//5323 5336//5336 5327//5327
f 5315//5315 5323//5323 5327//5327
f 5330//5330 5329//5329 5321//5321
f 5321//5321 5317//5317 5307//5307
f 5306//5306 5324//5324 5319//5319
f 5321//5321 5307//5307 5306//5306
f 5328//5328 5330//5330 5321//5321
f 5310//5310 5311//5311 5328//5328
f 5321//5321 5306//5306 5319//5319
f 5319//5319 5310//5310 5328//5328
f 5321//5321 5319//5319 5328//5328
f 5340//5340 5386//5386 5341//5341
f 5342//5342 5343//5343 5344//5344
f 5342//5342 5344//5344 5390//5390
f 5347//5347 5348//5348 5349//5349
f 5347//5347 5349//5349 5350//5350
f 5351//5351 5345//5345 5346//5346
f 5347//5347 5350//5350 5351//5351
f 5346//5346 5347//5347 5351//5351
f 5352//5352 5389//5389 5347//5347
f 5352//5352 5347//5347 5346//5346
f 5353//5353 5354//5354 5355//5355
f 5353//5353 5355//5355 5356//5356
f 5357//5357 5358//5358 5359//5359
f 5353//5353 5356//5356 5357//5357
f 5353//5353 5357//5357 5359//5359
f 5361//5361 5360//5360 5353//5353
f 5359//5359 5361//5361 5353//5353
f 5346//5346 5345//5345 5364//5364
f 5365//5365 5348//5348 5347//5347
f 5346//5346 5364//5364 5366//5366
f 5365//5365 5347//5347 5343//5343
f 5367//5367 5365//5365 5343//5343
f 5342//5342 5346//5346 5366//5366
f 5342//5342 5366//5366 5368//5368
f 5369//5369 5367//5367 5343//5343
f 5342//5342 5368//5368 5370//5370
f 5371//5371 5369//5369 5343//5343
f 5342//5342 5370//5370 5372//5372
f 5371//5371 5343//5343 5342//5342
f 5342//5342 5372//5372 5371//5371
f 5373//5373 5375//5375 5376//5376
f 5373//5373 5376//5376 5374//5374
f 5376//5376 5375//5375 5377//5377
f 5376//5376 5377//5377 5378//5378
f 5362//5362 5379//5379 5380//5380
f 5362//5362 5380//5380 5363//5363
f 5381//5381 5382//5382 5380//5380
f 5381//5381 5380//5380 5379//5379
f 5383//5383 5362//5362 5363//5363
f 5383//5383 5363//5363 5384//5384
f 5385//5385 5383//5383 5384//5384
f 5385//5385 5384//5384 5386//5386
f 5374//5374 5387//5387 5388//5388
f 5374//5374 5388//5388 5373//5373
f 5387//5387 5340//5340 5341//5341
f 5387//5387 5341//5341 5388//5388
f 5385//5385 5386//5386 5340//5340
f 5352//5352 5378//5378 5377//5377
f 5352//5352 5377//5377 5389//5389
f 5344//5344 5382//5382 5381//5381
f 5344//5344 5381//5381 5390//5390
f 5366//5366 5364//5364 5391//5391
f 5366//5366 5391//5391 5392//5392
f 5364//5364 5345//5345 5393//5393
f 5364//5364 5393//5393 5391//5391
f 5393//5393 5345//5345 5394//5394
f 5394//5394 5345//5345 5351//5351
f 5394//5394 5351//5351 5395//5395
f 5395//5395 5351//5351 5350//5350
f 5395//5395 5350//5350 5396//5396
f 5396//5396 5350//5350 5349//5349
f 5349//5349 5348//5348 5397//5397
f 5349//5349 5397//5397 5396//5396
f 5348//5348 5365//5365 5397//5397
f 5365//5365 5398//5398 5397//5397
f 5365//5365 5367//5367 5398//5398
f 5367//5367 5399//5399 5398//5398
f 5367//5367 5369//5369 5400//5400
f 5367//5367 5400//5400 5399//5399
f 5400//5400 5369//5369 5401//5401
f 5401//5401 5369//5369 5371//5371
f 5401//5401 5371//5371 5402//5402
f 5402//5402 5371//5371 5372//5372
f 5402//5402 5372//5372 5403//5403
f 5403//5403 5372//5372 5370//5370
f 5370//5370 5368//5368 5404//5404
f 5370//5370 5404//5404 5403//5403
f 5368//5368 5366//5366 5392//5392
f 5368//5368 5392//5392 5404//5404
f 5406//5406 5407//5407 5408//5408
f 5399//5399 5409//5409 5410//5410
f 5399//5399 5410//5410 5398//5398
f 5403//5403 5411//5411 5406//5406
f 5413//5413 5414//5414 5397//5397
f 5415//5415 5392//5392 5391//5391
f 5396//5396 5417//5417 5405//5405
f 5396//5396 5405//5405 5395//5395
f 5399//5399 5418//5418 5409//5409
f 5394//5394 5419//5419 5412//5412
f 5394//5394 5412//5412 5393//5393
f 5420//5420 5413//5413 5397//5397
f 5402//5402 5408//5408 5416//5416
f 5402//5402 5416//5416 5401//5401
f 5421//5421 5418//5418 5399//5399
f 5399//5399 5400//5400 5422//5422
f 5399//5399 5422//5422 5421//5421
f 5411//5411 5403//5403 5404//5404
f 5411//5411 5404//5404 5423//5423
f 5398//5398 5424//5424 5420//5420
f 5398//5398 5420//5420 5397//5397
f 5402//5402 5406//5406 5408//5408
f 5393//5393 5415//5415 5391//5391
f 5396//5396 5425//5425 5417//5417
f 5415//5415 5423//5423 5404//5404
f 5395//5395 5405//5405 5419//5419
f 5395//5395 5419//5419 5394//5394
f 5398//5398 5410//5410 5424//5424
f 5403//5403 5406//5406 5402//5402
f 5393//5393 5412//5412 5415//5415
f 5414//5414 5426//5426 5425//5425
f 5425//5425 5396//5396 5397//5397
f 5425//5425 5397//5397 5414//5414
f 5401//5401 5416//5416 5422//5422
f 5401//5401 5422//5422 5400//5400
f 5415//5415 5404//5404 5392//5392
f 5430//5430 5431//5431 5432//5432
f 5427//5427 5428//5428 5429//5429
f 5429//5429 5430//5430 5432//5432
f 5432//5432 5433//5433 5434//5434
f 5434//5434 5435//5435 5436//5436
f 5436//5436 5407//5407 5437//5437
f 5437//5437 5427//5427 5429//5429
f 5429//5429 5432//5432 5434//5434
f 5434//5434 5436//5436 5437//5437
f 5429//5429 5434//5434 5437//5437
f 5425//5425 5433//5433 5432//5432
f 5425//5425 5432//5432 5417//5417
f 5406//5406 5437//5437 5407//5407
f 5425//5425 5426//5426 5433//5433
f 5411//5411 5437//5437 5406//5406
f 5411//5411 5427//5427 5437//5437
f 5423//5423 5427//5427 5411//5411
f 5428//5428 5415//5415 5412//5412
f 5412//5412 5429//5429 5428//5428
f 5419//5419 5429//5429 5412//5412
f 5434//5434 5421//5421 5422//5422
f 5434//5434 5422//5422 5435//5435
f 5419//5419 5430//5430 5429//5429
f 5405//5405 5430//5430 5419//5419
f 5416//5416 5436//5436 5435//5435
f 5416//5416 5435//5435 5422//5422
f 5405//5405 5431//5431 5430//5430
f 5417//5417 5432//5432 5431//5431
f 5417//5417 5431//5431 5405//5405
f 5408//5408 5407//5407 5436//5436
f 5408//5408 5436//5436 5416//5416
f 5428//5428 5427//5427 5423//5423
f 5415//5415 5428//5428 5423//5423
f 5434//5434 5433//5433 5426//5426
f 5426//5426 5414//5414 5413//5413
f 5420//5420 5424//5424 5410//5410
f 5426//5426 5413//5413 5420//5420
f 5421//5421 5434//5434 5426//5426
f 5409//5409 5418//5418 5421//5421
f 5426//5426 5420//5420 5410//5410
f 5410//5410 5409//5409 5421//5421
f 5426//5426 5410//5410 5421//5421
f 5438//5438 5439//5439 5440//5440
f 5438//5438 5440//5440 5441//5441
f 5442//5442 5440//5440 5443//5443
f 5442//5442 5443//5443 5444//5444
f 5442//5442 5444//5444 5445//5445
f 5445//5445 5444//5444 5439//5439
f 5445//5445 5439//5439 5438//5438
f 5442//5442 5445//5445 5446//5446
f 5442//5442 5446//5446 5447//5447
f 5440//5440 5439//5439 5444//5444
f 5443//5443 5440//5440 5444//5444
f 5441//5441 5440//5440 5442//5442
f 5210//5210 4436//4436 4441//4441
f 4785//4785 4786//4786 5210//5210
f 5210//5210 4441//4441 4740//4740
f 4785//4785 5210//5210 4740//4740
f 4785//4785 4740//4740 4738//4738
f 4783//4783 4785//4785 4738//4738
f 4783//4783 4738//4738 4736//4736
f 4781//4781 4783//4783 4736//4736
f 4781//4781 4736//4736 4734//4734
f 4779//4779 4781//4781 4734//4734
f 4779//4779 4734//4734 4732//4732
f 4777//4777 4779//4779 4732//4732
f 4777//4777 4732//4732 4730//4730
f 4777//4777 4730//4730 4727//4727
f 4775//4775 4777//4777 4727//4727
f 4727//4727 4439//4439 4438//4438
f 4727//4727 4438//4438 4773//4773
f 4773//4773 4775//4775 4727//4727
f 4368//4368 4369//4369 4755//4755
f 4809//4809 5019//5019 4368//4368
f 4805//4805 4809//4809 4368//4368
f 4765//4765 4418//4418 4921//4921
f 4765//4765 4921//4921 4920//4920
f 4765//4765 4920//4920 4973//4973
f 4765//4765 4973//4973 4934//4934
f 4934//4934 4855//4855 4416//4416
f 4934//4934 4416//4416 4846//4846
f 4765//4765 4934//4934 4846//4846
f 4755//4755 4765//4765 4846//4846
f 4755//4755 4846//4846 4845//4845
f 4426//4426 4425//4425 4805//4805
f 4841//4841 4426//4426 4805//4805
f 4805//4805 4368//4368 4755//4755
f 4755//4755 4845//4845 4913//4913
f 4853//4853 4841//4841 4805//4805
f 4755//4755 4913//4913 4864//4864
f 4868//4868 4853//4853 4805//4805
f 4805//4805 4755//4755 4864//4864
f 4805//4805 4864//4864 4847//4847
f 4852//4852 4415//4415 4414//4414
f 4852//4852 4414//4414 4869//4869
f 4844//4844 4852//4852 4869//4869
f 4844//4844 4869//4869 4868//4868
f 4844//4844 4868//4868 4805//4805
f 4847//4847 4410//4410 4409//4409
f 4847//4847 4409//4409 4964//4964
f 4827//4827 4844//4844 4805//4805
f 4847//4847 4964//4964 4944//4944
f 4805//4805 4847//4847 4944//4944
f 4805//4805 4944//4944 4865//4865
f 4827//4827 4805//4805 4865//4865
f 4968//4968 4827//4827 4865//4865
f 4968//4968 4865//4865 4850//4850
f 4890//4890 4968//4968 4850//4850
f 4890//4890 4850//4850 4848//4848
f 4967//4967 4611//4611 4970//4970
f 4967//4967 4970//4970 4938//4938
f 4971//4971 4967//4967 4938//4938
f 4971//4971 4938//4938 4910//4910
f 5448//5448 4842//4842 4971//4971
f 4910//4910 4907//4907 5449//5449
f 5449//5449 5448//5448 4971//4971
f 4910//4910 5449//5449 4971//4971
f 4514//4514 4513//4513 4770//4770
f 4925//4925 4514//4514 4770//4770
f 4873//4873 4925//4925 4770//4770
f 4906//4906 4873//4873 4770//4770
f 4536//4536 4537//4537 4906//4906
f 4919//4919 4536//4536 4906//4906
f 4919//4919 4906//4906 4770//4770
f 4919//4919 4770//4770 4761//4761
f 4960//4960 4919//4919 4761//4761
f 4933//4933 4960//4960 4761//4761
f 4835//4835 4933//4933 4761//4761
f 5063//5063 4800//4800 4813//4813
f 4761//4761 4749//4749 5223//5223
f 4813//4813 4673//4673 4672//4672
f 4813//4813 4672//4672 4942//4942
f 4835//4835 4761//4761 5223//5223
f 4951//4951 4581//4581 4861//4861
f 4951//4951 4861//4861 4836//4836
f 4907//4907 4951//4951 4836//4836
f 4907//4907 4836//4836 4835//4835
f 4813//4813 4942//4942 4912//4912
f 5063//5063 4813//4813 4912//4912
f 5449//5449 4907//4907 4835//4835
f 5063//5063 4912//4912 4889//4889
f 5449//5449 4835//4835 5223//5223
f 4879//4879 4655//4655 4901//4901
f 4880//4880 4879//4879 4901//4901
f 4880//4880 4901//4901 4842//4842
f 4889//4889 4880//4880 4842//4842
f 5063//5063 4889//4889 4842//4842
f 5450//5450 5449//5449 5223//5223
f 5063//5063 4842//4842 5448//5448
f 5451//5451 5450//5450 5223//5223
f 5063//5063 5448//5448 5452//5452
f 5453//5453 5451//5451 5223//5223
f 5063//5063 5452//5452 5454//5454
f 5455//5455 5453//5453 5223//5223
f 5455//5455 5223//5223 5063//5063
f 5063//5063 5454//5454 5455//5455
f 5191//5191 5192//5192 5214//5214
f 5191//5191 5214//5214 5213//5213
f 5038//5038 4990//4990 5147//5147
f 5196//5196 4430//4430 5173//5173
f 5106//5106 4980//4980 5206//5206
f 5106//5106 5206//5206 5208//5208
f 5195//5195 5194//5194 5107//5107
f 5195//5195 5107//5107 5109//5109
f 5207//5207 4989//4989 4991//4991
f 5207//5207 5206//5206 4980//4980
f 5207//5207 4980//4980 4989//4989
f 4458//4458 4461//4461 5179//5179
f 4458//4458 5179//5179 5171//5171
f 4990//4990 5457//5457 5023//5023
f 5105//5105 5103//5103 5021//5021
f 5105//5105 5021//5021 5456//5456
f 5171//5171 5174//5174 4459//4459
f 5171//5171 4459//4459 4458//4458
f 4434//4434 4433//4433 5110//5110
f 4449//4449 4448//4448 5180//5180
f 4449//4449 5180//5180 5111//5111
f 5111//5111 5110//5110 4433//4433
f 5111//5111 4433//4433 4449//4449
f 5194//5194 5188//5188 5107//5107
f 5112//5112 5179//5179 4463//4463
f 5112//5112 4463//4463 4462//4462
f 4432//4432 4435//4435 5176//5176
f 5174//5174 5173//5173 4430//4430
f 5174//5174 4430//4430 4459//4459
f 4462//4462 4431//4431 5109//5109
f 4462//4462 5109//5109 5112//5112
f 5187//5187 5193//5193 5177//5177
f 4453//4453 4432//4432 5176//5176
f 4453//4453 5176//5176 5175//5175
f 4990//4990 4988//4988 5457//5457
f 4988//4988 4978//4978 5458//5458
f 4988//4988 5458//5458 5457//5457
f 5175//5175 5172//5172 4452//4452
f 5175//5175 4452//4452 4453//4453
f 4435//4435 5186//5186 5178//5178
f 4435//4435 5178//5178 5176//5176
f 5184//5184 5185//5185 5108//5108
f 5193//5193 5196//5196 5173//5173
f 5193//5193 5173//5173 5177//5177
f 5179//5179 4461//4461 4463//4463
f 4431//4431 5195//5195 5109//5109
f 5104//5104 5106//5106 5208//5208
f 5104//5104 5208//5208 5066//5066
f 5172//5172 5180//5180 4448//4448
f 5172//5172 4448//4448 4452//4452
f 5186//5186 5183//5183 5178//5178
f 5185//5185 4434//4434 5110//5110
f 5185//5185 5110//5110 5108//5108
f 5067//5067 5207//5207 4991//4991
f 5067//5067 4991//4991 5038//5038
f 4978//4978 5105//5105 5456//5456
f 4978//4978 5456//5456 5458//5458
f 5222//5222 5181//5181 4436//4436
f 5223//5223 5222//5222 4436//4436
f 4437//4437 5182//5182 4368//4368
f 5212//5212 5189//5189 4366//4366
f 5019//5019 4406//4406 5209//5209
f 5191//5191 5213//5213 5025//5025
f 5190//5190 5211//5211 5118//5118
f 4408//4408 4407//4407 5064//5064
f 5214//5214 5192//5192 5070//5070
f 5024//5024 4362//4362 5218//5218
f 5069//5069 5217//5217 4363//4363
f 5020//5020 5113//5113 5216//5216
f 5065//5065 5215//5215 5114//5114
f 5022//5022 5145//5145 5147//5147
f 5068//5068 5038//5038 5146//5146
f 5213//5213 4362//4362 5024//5024
f 5213//5213 5024//5024 5025//5025
f 5218//5218 5145//5145 5022//5022
f 5218//5218 5022//5022 5024//5024
f 5147//5147 4990//4990 5023//5023
f 5147//5147 5023//5023 5022//5022
f 5103//5103 5113//5113 5020//5020
f 5103//5103 5020//5020 5021//5021
f 5216//5216 4406//4406 5019//5019
f 5216//5216 5019//5019 5020//5020
f 4438//4438 4437//4437 4368//4368
f 5182//5182 5212//5212 4366//4366
f 5182//5182 4366//4366 4368//4368
f 5222//5222 5118//5118 5211//5211
f 5222//5222 5211//5211 5181//5181
f 5189//5189 5184//5184 5108//5108
f 5189//5189 5108//5108 4366//4366
f 5188//5188 5191//5191 5025//5025
f 5188//5188 5025//5025 5107//5107
f 5118//5118 5178//5178 5183//5183
f 5118//5118 5183//5183 5190//5190
f 5066//5066 5065//5065 5114//5114
f 5066//5066 5114//5114 5104//5104
f 5065//5065 5064//5064 4407//4407
f 5065//5065 4407//4407 5215//5215
f 5070//5070 5069//5069 4363//4363
f 5070//5070 4363//4363 5214//5214
f 5177//5177 5070//5070 5192//5192
f 5177//5177 5192//5192 5187//5187
f 5069//5069 5068//5068 5146//5146
f 5069//5069 5146//5146 5217//5217
f 5068//5068 5067//5067 5038//5038
f 5063//5063 5223//5223 4436//4436
f 5063//5063 4436//4436 5210//5210
f 5064//5064 5063//5063 5210//5210
f 5064//5064 5210//5210 4408//4408
f 5209//5209 4773//4773 5019//5019
f 4773//4773 4438//4438 4368//4368
f 4773//4773 4368//4368 5019//5019
f 5023//5023 5457//5457 5458//5458
f 5456//5456 5021//5021 5023//5023
f 5023//5023 5458//5458 5456//5456
f 5092//5092 5459//5459 5460//5460
f 5474//5474 5461//5461 5089//5089
f 5474//5474 5089//5089 5087//5087
f 5086//5086 5464//5464 5465//5465
f 5465//5465 5087//5087 5086//5086
f 5467//5467 5469//5469 5091//5091
f 5467//5467 5091//5091 5089//5089
f 5468//5468 5470//5470 5082//5082
f 5092//5092 5460//5460 5471//5471
f 5092//5092 5471//5471 5093//5093
f 5084//5084 5462//5462 5472//5472
f 5084//5084 5472//5472 5085//5085
f 5095//5095 5463//5463 5473//5473
f 5095//5095 5473//5473 5096//5096
f 5465//5465 5474//5474 5087//5087
f 5466//5466 5475//5475 5080//5080
f 5470//5470 5476//5476 5082//5082
f 5085//5085 5472//5472 5477//5477
f 5080//5080 5475//5475 5081//5081
f 5471//5471 5478//5478 5093//5093
f 5085//5085 5477//5477 5086//5086
f 5081//5081 5475//5475 5479//5479
f 5091//5091 5469//5469 5459//5459
f 5091//5091 5459//5459 5092//5092
f 5476//5476 5084//5084 5082//5082
f 5506//5506 5502//5502 5495//5495
f 5495//5495 5492//5492 5489//5489
f 5489//5489 5486//5486 5483//5483
f 5483//5483 5509//5509 5506//5506
f 5506//5506 5495//5495 5489//5489
f 5489//5489 5483//5483 5506//5506
f 5096//5096 5473//5473 5480//5480
f 5477//5477 5464//5464 5086//5086
f 5081//5081 5479//5479 5468//5468
f 5476//5476 5462//5462 5084//5084
f 5093//5093 5478//5478 5463//5463
f 5093//5093 5463//5463 5095//5095
f 5096//5096 5480//5480 5466//5466
f 5096//5096 5466//5466 5080//5080
f 5089//5089 5461//5461 5467//5467
f 5081//5081 5468//5468 5082//5082
f 5481//5481 5510//5510 5482//5482
f 5461//5461 5481//5481 5467//5467
f 5467//5467 5481//5481 5484//5484
f 5481//5481 5482//5482 5484//5484
f 5482//5482 5483//5483 5486//5486
f 5467//5467 5484//5484 5485//5485
f 5467//5467 5485//5485 5469//5469
f 5484//5484 5482//5482 5486//5486
f 5484//5484 5486//5486 5485//5485
f 5485//5485 5486//5486 5487//5487
f 5469//5469 5488//5488 5459//5459
f 5469//5469 5485//5485 5488//5488
f 5485//5485 5487//5487 5488//5488
f 5459//5459 5488//5488 5460//5460
f 5487//5487 5486//5486 5489//5489
f 5488//5488 5487//5487 5489//5489
f 5460//5460 5488//5488 5490//5490
f 5460//5460 5490//5490 5471//5471
f 5488//5488 5489//5489 5490//5490
f 5471//5471 5490//5490 5478//5478
f 5490//5490 5491//5491 5478//5478
f 5490//5490 5489//5489 5491//5491
f 5491//5491 5489//5489 5492//5492
f 5478//5478 5493//5493 5463//5463
f 5478//5478 5491//5491 5493//5493
f 5493//5493 5491//5491 5492//5492
f 5463//5463 5493//5493 5494//5494
f 5463//5463 5494//5494 5473//5473
f 5493//5493 5492//5492 5494//5494
f 5494//5494 5492//5492 5495//5495
f 5473//5473 5494//5494 5480//5480
f 5494//5494 5496//5496 5480//5480
f 5494//5494 5495//5495 5496//5496
f 5480//5480 5496//5496 5466//5466
f 5496//5496 5497//5497 5466//5466
f 5496//5496 5495//5495 5498//5498
f 5497//5497 5496//5496 5498//5498
f 5466//5466 5497//5497 5475//5475
f 5497//5497 5498//5498 5475//5475
f 5498//5498 5495//5495 5502//5502
f 5498//5498 5502//5502 5499//5499
f 5475//5475 5498//5498 5479//5479
f 5498//5498 5499//5499 5479//5479
f 5479//5479 5500//5500 5468//5468
f 5479//5479 5499//5499 5500//5500
f 5468//5468 5500//5500 5470//5470
f 5500//5500 5499//5499 5502//5502
f 5470//5470 5501//5501 5476//5476
f 5470//5470 5500//5500 5501//5501
f 5501//5501 5500//5500 5503//5503
f 5500//5500 5502//5502 5503//5503
f 5476//5476 5501//5501 5462//5462
f 5503//5503 5502//5502 5504//5504
f 5462//5462 5501//5501 5503//5503
f 5504//5504 5502//5502 5506//5506
f 5462//5462 5503//5503 5472//5472
f 5472//5472 5503//5503 5504//5504
f 5472//5472 5504//5504 5505//5505
f 5472//5472 5505//5505 5477//5477
f 5505//5505 5504//5504 5506//5506
f 5477//5477 5505//5505 5464//5464
f 5464//5464 5505//5505 5507//5507
f 5505//5505 5506//5506 5507//5507
f 5464//5464 5507//5507 5508//5508
f 5507//5507 5506//5506 5509//5509
f 5464//5464 5508//5508 5465//5465
f 5465//5465 5508//5508 5474//5474
f 5508//5508 5510//5510 5474//5474
f 5508//5508 5507//5507 5510//5510
f 5507//5507 5509//5509 5510//5510
f 5509//5509 5483//5483 5510//5510
f 5474//5474 5510//5510 5461//5461
f 5461//5461 5510//5510 5481//5481
f 5510//5510 5483//5483 5482//5482
f 5511//5511 5629//5629 5512//5512
f 5512//5512 5513//5513 5514//5514
f 5514//5514 5643//5643 5511//5511
f 5512//5512 5514//5514 5511//5511
f 5515//5515 5516//5516 5117//5117
f 5517//5517 5518//5518 5076//5076
f 5519//5519 5520//5520 5120//5120
f 5519//5519 5120//5120 5129//5129
f 5072//5072 5521//5521 5522//5522
f 5072//5072 5522//5522 5075//5075
f 5127//5127 5644//5644 5523//5523
f 5127//5127 5523//5523 5219//5219
f 5129//5129 5524//5524 5519//5519
f 5076//5076 5518//5518 5083//5083
f 5117//5117 5516//5516 5525//5525
f 5117//5117 5525//5525 5135//5135
f 5643//5643 5514//5514 5116//5116
f 5643//5643 5116//5116 5119//5119
f 5123//5123 5633//5633 5645//5645
f 5123//5123 5645//5645 5071//5071
f 5079//5079 5527//5527 5528//5528
f 5528//5528 5128//5128 5079//5079
f 5523//5523 5644//5644 5529//5529
f 5529//5529 5627//5627 5530//5530
f 5529//5529 5530//5530 5523//5523
f 5101//5101 5648//5648 5531//5531
f 5101//5101 5531//5531 5099//5099
f 5220//5220 5530//5530 5221//5221
f 5627//5627 5529//5529 5224//5224
f 5627//5627 5224//5224 5225//5225
f 5645//5645 5633//5633 5532//5532
f 5532//5532 5533//5533 5528//5528
f 5528//5528 5527//5527 5645//5645
f 5532//5532 5528//5528 5645//5645
f 5077//5077 5631//5631 5646//5646
f 5077//5077 5646//5646 5078//5078
f 5522//5522 5521//5521 5646//5646
f 5646//5646 5631//5631 5518//5518
f 5522//5522 5646//5646 5518//5518
f 5518//5518 5517//5517 5522//5522
f 5130//5130 5547//5547 5534//5534
f 5549//5549 5115//5115 5121//5121
f 5538//5538 5134//5134 5133//5133
f 5130//5130 5534//5534 5131//5131
f 5124//5124 5535//5535 5541//5541
f 5537//5537 5542//5542 5121//5121
f 5537//5537 5121//5121 5122//5122
f 5538//5538 5543//5543 5134//5134
f 5539//5539 5130//5130 5115//5115
f 5540//5540 5544//5544 5136//5136
f 5124//5124 5541//5541 5545//5545
f 5132//5132 5536//5536 5546//5546
f 5132//5132 5546//5546 5133//5133
f 5130//5130 5539//5539 5547//5547
f 5134//5134 5543//5543 5548//5548
f 5534//5534 5554//5554 5132//5132
f 5534//5534 5132//5132 5131//5131
f 5124//5124 5545//5545 5122//5122
f 5555//5555 5552//5552 5551//5551
f 5564//5564 5560//5560 5557//5557
f 5555//5555 5551//5551 5565//5565
f 5564//5564 5557//5557 5555//5555
f 5555//5555 5565//5565 5564//5564
f 5121//5121 5542//5542 5549//5549
f 5545//5545 5537//5537 5122//5122
f 5115//5115 5549//5549 5539//5539
f 5134//5134 5548//5548 5136//5136
f 5544//5544 5535//5535 5124//5124
f 5544//5544 5124//5124 5136//5136
f 5132//5132 5554//5554 5536//5536
f 5133//5133 5546//5546 5538//5538
f 5136//5136 5548//5548 5540//5540
f 5549//5549 5566//5566 5550//5550
f 5550//5550 5565//5565 5551//5551
f 5549//5549 5550//5550 5539//5539
f 5550//5550 5551//5551 5552//5552
f 5539//5539 5550//5550 5547//5547
f 5550//5550 5552//5552 5547//5547
f 5547//5547 5553//5553 5534//5534
f 5547//5547 5552//5552 5553//5553
f 5553//5553 5552//5552 5555//5555
f 5534//5534 5553//5553 5554//5554
f 5554//5554 5553//5553 5555//5555
f 5554//5554 5556//5556 5536//5536
f 5554//5554 5555//5555 5556//5556
f 5555//5555 5557//5557 5556//5556
f 5536//5536 5556//5556 5546//5546
f 5556//5556 5557//5557 5558//5558
f 5556//5556 5558//5558 5546//5546
f 5546//5546 5558//5558 5538//5538
f 5538//5538 5558//5558 5559//5559
f 5558//5558 5557//5557 5559//5559
f 5538//5538 5559//5559 5543//5543
f 5559//5559 5557//5557 5560//5560
f 5543//5543 5559//5559 5548//5548
f 5548//5548 5559//5559 5560//5560
f 5548//5548 5560//5560 5540//5540
f 5540//5540 5560//5560 5561//5561
f 5540//5540 5561//5561 5544//5544
f 5561//5561 5560//5560 5562//5562
f 5544//5544 5561//5561 5535//5535
f 5561//5561 5562//5562 5535//5535
f 5562//5562 5560//5560 5564//5564
f 5535//5535 5562//5562 5541//5541
f 5541//5541 5562//5562 5563//5563
f 5563//5563 5562//5562 5564//5564
f 5541//5541 5563//5563 5545//5545
f 5545//5545 5563//5563 5537//5537
f 5537//5537 5563//5563 5542//5542
f 5563//5563 5564//5564 5542//5542
f 5542//5542 5564//5564 5566//5566
f 5564//5564 5565//5565 5566//5566
f 5542//5542 5566//5566 5549//5549
f 5566//5566 5565//5565 5550//5550
f 5567//5567 5568//5568 5531//5531
f 5531//5531 5648//5648 5569//5569
f 5569//5569 5638//5638 5567//5567
f 5531//5531 5569//5569 5567//5567
f 5570//5570 5571//5571 5051//5051
f 5042//5042 5572//5572 5573//5573
f 5042//5042 5573//5573 5094//5094
f 5574//5574 5575//5575 5044//5044
f 5102//5102 5058//5058 5635//5635
f 5635//5635 5576//5576 5102//5102
f 5638//5638 5569//5569 5074//5074
f 5638//5638 5074//5074 5053//5053
f 5062//5062 5642//5642 5650//5650
f 5062//5062 5650//5650 5040//5040
f 5577//5577 5578//5578 5043//5043
f 5577//5577 5043//5043 5049//5049
f 5579//5579 5570//5570 5051//5051
f 5579//5579 5051//5051 5098//5098
f 5573//5573 5572//5572 5580//5580
f 5580//5580 5581//5581 5649//5649
f 5649//5649 5639//5639 5573//5573
f 5580//5580 5649//5649 5573//5573
f 5090//5090 5639//5639 5649//5649
f 5090//5090 5649//5649 5088//5088
f 5526//5526 5582//5582 5057//5057
f 5526//5526 5057//5057 5056//5056
f 5576//5576 5635//5635 5582//5582
f 5582//5582 5526//5526 5583//5583
f 5583//5583 5647//5647 5576//5576
f 5582//5582 5583//5583 5576//5576
f 5073//5073 5647//5647 5583//5583
f 5073//5073 5583//5583 5055//5055
f 5584//5584 5578//5578 5577//5577
f 5577//5577 5650//5650 5642//5642
f 5642//5642 5585//5585 5584//5584
f 5577//5577 5642//5642 5584//5584
f 5575//5575 5586//5586 5059//5059
f 5575//5575 5059//5059 5044//5044
f 5039//5039 5581//5581 5580//5580
f 5039//5039 5580//5580 5041//5041
f 5061//5061 5587//5587 5597//5597
f 5601//5601 5593//5593 5045//5045
f 5588//5588 5598//5598 5054//5054
f 5589//5589 5596//5596 5100//5100
f 5590//5590 5600//5600 5097//5097
f 5590//5590 5097//5097 5050//5050
f 5588//5588 5054//5054 5048//5048
f 5047//5047 5593//5593 5599//5599
f 5591//5591 5045//5045 5060//5060
f 5097//5097 5594//5594 5589//5589
f 5097//5097 5589//5589 5100//5100
f 5046//5046 5593//5593 5047//5047
f 5595//5595 5590//5590 5050//5050
f 5596//5596 5587//5587 5061//5061
f 5596//5596 5061//5061 5100//5100
f 5060//5060 5597//5597 5591//5591
f 5598//5598 5592//5592 5052//5052
f 5598//5598 5052//5052 5054//5054
f 5048//5048 5599//5599 5588//5588
f 5061//5061 5597//5597 5060//5060
f 5047//5047 5599//5599 5048//5048
f 5603//5603 5606//5606 5607//5607
f 5607//5607 5609//5609 5612//5612
f 5612//5612 5614//5614 5615//5615
f 5615//5615 5617//5617 5603//5603
f 5603//5603 5607//5607 5612//5612
f 5612//5612 5615//5615 5603//5603
f 5600//5600 5594//5594 5097//5097
f 5045//5045 5593//5593 5046//5046
f 5052//5052 5595//5595 5050//5050
f 5591//5591 5601//5601 5045//5045
f 5052//5052 5592//5592 5595//5595
f 5602//5602 5601//5601 5604//5604
f 5602//5602 5604//5604 5603//5603
f 5601//5601 5591//5591 5604//5604
f 5591//5591 5605//5605 5604//5604
f 5604//5604 5606//5606 5603//5603
f 5604//5604 5605//5605 5606//5606
f 5591//5591 5597//5597 5605//5605
f 5597//5597 5606//5606 5605//5605
f 5597//5597 5587//5587 5606//5606
f 5587//5587 5608//5608 5606//5606
f 5606//5606 5608//5608 5607//5607
f 5587//5587 5596//5596 5608//5608
f 5608//5608 5609//5609 5607//5607
f 5608//5608 5596//5596 5589//5589
f 5608//5608 5589//5589 5609//5609
f 5589//5589 5610//5610 5609//5609
f 5589//5589 5594//5594 5610//5610
f 5594//5594 5600//5600 5610//5610
f 5600//5600 5611//5611 5610//5610
f 5610//5610 5611//5611 5609//5609
f 5611//5611 5612//5612 5609//5609
f 5600//5600 5590//5590 5611//5611
f 5590//5590 5595//5595 5611//5611
f 5611//5611 5595//5595 5612//5612
f 5595//5595 5613//5613 5614//5614
f 5595//5595 5614//5614 5612//5612
f 5595//5595 5592//5592 5613//5613
f 5592//5592 5598//5598 5613//5613
f 5613//5613 5598//5598 5614//5614
f 5598//5598 5615//5615 5614//5614
f 5598//5598 5616//5616 5615//5615
f 5588//5588 5616//5616 5598//5598
f 5588//5588 5599//5599 5616//5616
f 5616//5616 5617//5617 5615//5615
f 5616//5616 5618//5618 5617//5617
f 5599//5599 5618//5618 5616//5616
f 5599//5599 5593//5593 5618//5618
f 5618//5618 5593//5593 5602//5602
f 5618//5618 5602//5602 5617//5617
f 5602//5602 5603//5603 5617//5617
f 5593//5593 5601//5601 5602//5602
f 5623//5623 5624//5624 5625//5625
f 5619//5619 5620//5620 5621//5621
f 5621//5621 5622//5622 5623//5623
f 5623//5623 5625//5625 5626//5626
f 5626//5626 5619//5619 5621//5621
f 5621//5621 5623//5623 5626//5626
f 5619//5619 5626//5626 5453//5453
f 5619//5619 5453//5453 5455//5455
f 5452//5452 5621//5621 5620//5620
f 5452//5452 5620//5620 5454//5454
f 5449//5449 5623//5623 5622//5622
f 5622//5622 5448//5448 5449//5449
f 5625//5625 5624//5624 5450//5450
f 5625//5625 5450//5450 5451//5451
f 5624//5624 5623//5623 5449//5449
f 5450//5450 5624//5624 5449//5449
f 5453//5453 5626//5626 5451//5451
f 5451//5451 5626//5626 5625//5625
f 5452//5452 5622//5622 5621//5621
f 5448//5448 5622//5622 5452//5452
f 5619//5619 5455//5455 5454//5454
f 5620//5620 5619//5619 5454//5454
f 5525//5525 5512//5512 5628//5628
f 5628//5628 5512//5512 5629//5629
f 5514//5514 5513//5513 5630//5630
f 5630//5630 5513//5513 5515//5515
f 5520//5520 5532//5532 5632//5632
f 5632//5632 5532//5532 5633//5633
f 5528//5528 5533//5533 5634//5634
f 5634//5634 5533//5533 5524//5524
f 5531//5531 5568//5568 5636//5636
f 5636//5636 5568//5568 5579//5579
f 5571//5571 5567//5567 5637//5637
f 5637//5637 5567//5567 5638//5638
f 5578//5578 5584//5584 5640//5640
f 5640//5640 5584//5584 5574//5574
f 5586//5586 5585//5585 5641//5641
f 5641//5641 5585//5585 5642//5642
f 5220//5220 5219//5219 5523//5523
f 5523//5523 5530//5530 5220//5220
f 5514//5514 5630//5630 5116//5116
f 5117//5117 5116//5116 5630//5630
f 5117//5117 5630//5630 5515//5515
f 5225//5225 5221//5221 5530//5530
f 5530//5530 5627//5627 5225//5225
f 5125//5125 5628//5628 5629//5629
f 5125//5125 5135//5135 5628//5628
f 5135//5135 5525//5525 5628//5628
f 5123//5123 5120//5120 5632//5632
f 5632//5632 5633//5633 5123//5123
f 5120//5120 5520//5520 5632//5632
f 5077//5077 5083//5083 5631//5631
f 5518//5518 5631//5631 5083//5083
f 5522//5522 5517//5517 5075//5075
f 5076//5076 5075//5075 5517//5517
f 5528//5528 5634//5634 5128//5128
f 5129//5129 5128//5128 5634//5634
f 5129//5129 5634//5634 5524//5524
f 5582//5582 5635//5635 5057//5057
f 5058//5058 5057//5057 5635//5635
f 5051//5051 5571//5571 5637//5637
f 5053//5053 5051//5051 5637//5637
f 5053//5053 5637//5637 5638//5638
f 5056//5056 5055//5055 5526//5526
f 5583//5583 5526//5526 5055//5055
f 5098//5098 5636//5636 5579//5579
f 5098//5098 5099//5099 5636//5636
f 5531//5531 5636//5636 5099//5099
f 5044//5044 5640//5640 5574//5574
f 5044//5044 5043//5043 5640//5640
f 5043//5043 5578//5578 5640//5640
f 5042//5042 5041//5041 5572//5572
f 5580//5580 5572//5572 5041//5041
f 5573//5573 5639//5639 5094//5094
f 5090//5090 5094//5094 5639//5639
f 5059//5059 5586//5586 5641//5641
f 5062//5062 5059//5059 5641//5641
f 5641//5641 5642//5642 5062//5062
f 5529//5529 5643//5643 5224//5224
f 5643//5643 5119//5119 5224//5224
f 5127//5127 5126//5126 5511//5511
f 5127//5127 5511//5511 5644//5644
f 5072//5072 5645//5645 5521//5521
f 5071//5071 5645//5645 5072//5072
f 5646//5646 5527//5527 5079//5079
f 5078//5078 5646//5646 5079//5079
f 5643//5643 5644//5644 5511//5511
f 5643//5643 5529//5529 5644//5644
f 5527//5527 5646//5646 5645//5645
f 5646//5646 5521//5521 5645//5645
f 5569//5569 5647//5647 5074//5074
f 5647//5647 5073//5073 5074//5074
f 5102//5102 5576//5576 5101//5101
f 5101//5101 5576//5576 5648//5648
f 5049//5049 5649//5649 5577//5577
f 5088//5088 5649//5649 5049//5049
f 5040//5040 5581//5581 5039//5039
f 5650//5650 5581//5581 5040//5040
f 5647//5647 5648//5648 5576//5576
f 5647//5647 5569//5569 5648//5648
f 5581//5581 5577//5577 5649//5649
f 5581//5581 5650//5650 5577//5577
f 5629//5629 5511//5511 5126//5126
f 5629//5629 5126//5126 5125//5125
f 5651//5651 5693//5693 5652//5652
f 5652//5652 5705//5705 5653//5653
f 5653//5653 5654//5654 5651//5651
f 5652//5652 5653//5653 5651//5651
f 5201//5201 5655//5655 5656//5656
f 5201//5201 5656//5656 5199//5199
f 5031//5031 5657//5657 5658//5658
f 5200//5200 5659//5659 5660//5660
f 5030//5030 5661//5661 5662//5662
f 5030//5030 5662//5662 5027//5027
f 5663//5663 5706//5706 4376//4376
f 5663//5663 4376//4376 4364//4364
f 5200//5200 5660//5660 5664//5664
f 5200//5200 5664//5664 5202//5202
f 5035//5035 5657//5657 5031//5031
f 5201//5201 5665//5665 5655//5655
f 5197//5197 5653//5653 5705//5705
f 5197//5197 5705//5705 4367//4367
f 5026//5026 5707//5707 5697//5697
f 5026//5026 5697//5697 5198//5198
f 5203//5203 5667//5667 5668//5668
f 5668//5668 5034//5034 5203//5203
f 5669//5669 5692//5692 5670//5670
f 5670//5670 5706//5706 5663//5663
f 5670//5670 5663//5663 5669//5669
f 5006//5006 5671//5671 5710//5710
f 5006//5006 5710//5710 5005//5005
f 4370//4370 5670//5670 5692//5692
f 4370//4370 5692//5692 4374//4374
f 5672//5672 5697//5697 5707//5707
f 5707//5707 5668//5668 5667//5667
f 5667//5667 5673//5673 5672//5672
f 5707//5707 5667//5667 5672//5672
f 5708//5708 5695//5695 5033//5033
f 5708//5708 5033//5033 5032//5032
f 5657//5657 5695//5695 5708//5708
f 5708//5708 5662//5662 5661//5661
f 5661//5661 5658//5658 5657//5657
f 5657//5657 5708//5708 5661//5661
f 5671//5671 5674//5674 5675//5675
f 5675//5675 5701//5701 5676//5676
f 5676//5676 5710//5710 5671//5671
f 5675//5675 5676//5676 5671//5671
f 5009//5009 5677//5677 5678//5678
f 5009//5009 5678//5678 5007//5007
f 4996//4996 5679//5679 4997//4997
f 5008//5008 5680//5680 5681//5681
f 5008//5008 5681//5681 5000//5000
f 5682//5682 5699//5699 5017//5017
f 5682//5682 5017//5017 5004//5004
f 5676//5676 5701//5701 5012//5012
f 5676//5676 5012//5012 5014//5014
f 5712//5712 5704//5704 5003//5003
f 5712//5712 5003//5003 5002//5002
f 5683//5683 5684//5684 5013//5013
f 5683//5683 5013//5013 5011//5011
f 5007//5007 5678//5678 5685//5685
f 5686//5686 5687//5687 5679//5679
f 5702//5702 5711//5711 5686//5686
f 5679//5679 5702//5702 5686//5686
f 5036//5036 5711//5711 5702//5702
f 5036//5036 5702//5702 5037//5037
f 5018//5018 5666//5666 5016//5016
f 5666//5666 5699//5699 5682//5682
f 5682//5682 5709//5709 5688//5688
f 5666//5666 5682//5682 5688//5688
f 5688//5688 5709//5709 5028//5028
f 5688//5688 5028//5028 5015//5015
f 5684//5684 5683//5683 5689//5689
f 5689//5689 5690//5690 5704//5704
f 5704//5704 5712//5712 5684//5684
f 5689//5689 5704//5704 5684//5684
f 5008//5008 5691//5691 5680//5680
f 4998//4998 5687//5687 5686//5686
f 4998//4998 5686//5686 5001//5001
f 5665//5665 5693//5693 5651//5651
f 5653//5653 5694//5694 5654//5654
f 5694//5694 5656//5656 5654//5654
f 5659//5659 5696//5696 5672//5672
f 5696//5696 5697//5697 5672//5672
f 5667//5667 5698//5698 5673//5673
f 5698//5698 5664//5664 5673//5673
f 5671//5671 5700//5700 5674//5674
f 5700//5700 5685//5685 5674//5674
f 5677//5677 5701//5701 5675//5675
f 5683//5683 5703//5703 5689//5689
f 5703//5703 5681//5681 5689//5689
f 5691//5691 5704//5704 5690//5690
f 4364//4364 4365//4365 5663//5663
f 5669//5669 5663//5663 4365//4365
f 5694//5694 5653//5653 5197//5197
f 5197//5197 5199//5199 5694//5694
f 5694//5694 5199//5199 5656//5656
f 4374//4374 5692//5692 4378//4378
f 4378//4378 5692//5692 5669//5669
f 5204//5204 5693//5693 5201//5201
f 5201//5201 5693//5693 5665//5665
f 5697//5697 5696//5696 5198//5198
f 5696//5696 5200//5200 5198//5198
f 5200//5200 5696//5696 5659//5659
f 5033//5033 5695//5695 5035//5035
f 5035//5035 5695//5695 5657//5657
f 5030//5030 5031//5031 5661//5661
f 5658//5658 5661//5661 5031//5031
f 5698//5698 5667//5667 5203//5203
f 5203//5203 5202//5202 5698//5698
f 5698//5698 5202//5202 5664//5664
f 5017//5017 5666//5666 5018//5018
f 5017//5017 5699//5699 5666//5666
f 5009//5009 5701//5701 5677//5677
f 5010//5010 5701//5701 5009//5009
f 5012//5012 5701//5701 5010//5010
f 5666//5666 5688//5688 5016//5016
f 5015//5015 5016//5016 5688//5688
f 5700//5700 5007//5007 5685//5685
f 5700//5700 5671//5671 5006//5006
f 5006//5006 5007//5007 5700//5700
f 5703//5703 5000//5000 5681//5681
f 5703//5703 5683//5683 5000//5000
f 5000//5000 5683//5683 4999//4999
f 4999//4999 5683//5683 5011//5011
f 5679//5679 5687//5687 4997//4997
f 4998//4998 4997//4997 5687//5687
f 5037//5037 5679//5679 4996//4996
f 5037//5037 5702//5702 5679//5679
f 5008//5008 5704//5704 5691//5691
f 5003//5003 5704//5704 5008//5008
f 4378//4378 5669//5669 4365//4365
f 5670//5670 4370//4370 4367//4367
f 5705//5705 5670//5670 4367//4367
f 5706//5706 5652//5652 5205//5205
f 5706//5706 5205//5205 4376//4376
f 5027//5027 5662//5662 5707//5707
f 5027//5027 5707//5707 5026//5026
f 5034//5034 5668//5668 5032//5032
f 5032//5032 5668//5668 5708//5708
f 5705//5705 5652//5652 5706//5706
f 5705//5705 5706//5706 5670//5670
f 5668//5668 5707//5707 5662//5662
f 5668//5668 5662//5662 5708//5708
f 5029//5029 5676//5676 5014//5014
f 5028//5028 5709//5709 5676//5676
f 5028//5028 5676//5676 5029//5029
f 5005//5005 5710//5710 5682//5682
f 5005//5005 5682//5682 5004//5004
f 5684//5684 5036//5036 5013//5013
f 5684//5684 5711//5711 5036//5036
f 5686//5686 5002//5002 5001//5001
f 5712//5712 5002//5002 5686//5686
f 5709//5709 5682//5682 5710//5710
f 5709//5709 5710//5710 5676//5676
f 5686//5686 5711//5711 5684//5684
f 5686//5686 5684//5684 5712//5712
f 5652//5652 5693//5693 5204//5204
f 5652//5652 5204//5204 5205//5205
f 5266//5266 5264//5264 5715//5715
f 5269//5269 5271//5271 5719//5719
f 5269//5269 5719//5719 5714//5714
f 5263//5263 5265//5265 5250//5250
f 5263//5263 5250//5250 5249//5249
f 5376//5376 5378//5378 5282//5282
f 5376//5376 5282//5282 5281//5281
f 5259//5259 5269//5269 5714//5714
f 5259//5259 5714//5714 5716//5716
f 5260//5260 5274//5274 5253//5253
f 5227//5227 5277//5277 5249//5249
f 5227//5227 5249//5249 5248//5248
f 5285//5285 5390//5390 5381//5381
f 5275//5275 5273//5273 5716//5716
f 5275//5275 5716//5716 5717//5717
f 5249//5249 5277//5277 5263//5263
f 5283//5283 5383//5383 5385//5385
f 5261//5261 5267//5267 5718//5718
f 5237//5237 5272//5272 5255//5255
f 5276//5276 5248//5248 5252//5252
f 5278//5278 5226//5226 5713//5713
f 5341//5341 5386//5386 5356//5356
f 5341//5341 5356//5356 5355//5355
f 5265//5265 5268//5268 5251//5251
f 5265//5265 5251//5251 5250//5250
f 5279//5279 5283//5283 5340//5340
f 5284//5284 5379//5379 5362//5362
f 5357//5357 5384//5384 5363//5363
f 5355//5355 5388//5388 5341//5341
f 5355//5355 5354//5354 5373//5373
f 5274//5274 5276//5276 5252//5252
f 5274//5274 5252//5252 5253//5253
f 5346//5346 5342//5342 5287//5287
f 5346//5346 5287//5287 5286//5286
f 5360//5360 5361//5361 5343//5343
f 5360//5360 5343//5343 5347//5347
f 5286//5286 5282//5282 5352//5352
f 5286//5286 5352//5352 5346//5346
f 5268//5268 5262//5262 5251//5251
f 5238//5238 5237//5237 5255//5255
f 5238//5238 5255//5255 5257//5257
f 5254//5254 5255//5255 5272//5272
f 5254//5254 5272//5272 5270//5270
f 5258//5258 5275//5275 5717//5717
f 5264//5264 5278//5278 5713//5713
f 5347//5347 5389//5389 5353//5353
f 5347//5347 5353//5353 5360//5360
f 5362//5362 5383//5383 5283//5283
f 5354//5354 5353//5353 5377//5377
f 5354//5354 5377//5377 5375//5375
f 5715//5715 5718//5718 5267//5267
f 5715//5715 5267//5267 5266//5266
f 5226//5226 5258//5258 5717//5717
f 5226//5226 5717//5717 5713//5713
f 5248//5248 5276//5276 5227//5227
f 5231//5231 5261//5261 5718//5718
f 5231//5231 5718//5718 5720//5720
f 5720//5720 5721//5721 5235//5235
f 5720//5720 5235//5235 5231//5231
f 5283//5283 5284//5284 5362//5362
f 5358//5358 5357//5357 5363//5363
f 5358//5358 5363//5363 5380//5380
f 5342//5342 5390//5390 5285//5285
f 5342//5342 5285//5285 5287//5287
f 5271//5271 5236//5236 5719//5719
f 5281//5281 5280//5280 5374//5374
f 5281//5281 5374//5374 5376//5376
f 5373//5373 5388//5388 5355//5355
f 5284//5284 5285//5285 5381//5381
f 5284//5284 5381//5381 5379//5379
f 5359//5359 5382//5382 5344//5344
f 5713//5713 5715//5715 5264//5264
f 5721//5721 5719//5719 5236//5236
f 5721//5721 5236//5236 5235//5235
f 5256//5256 5251//5251 5262//5262
f 5256//5256 5262//5262 5230//5230
f 5280//5280 5279//5279 5340//5340
f 5280//5280 5340//5340 5387//5387
f 5354//5354 5375//5375 5373//5373
f 5282//5282 5378//5378 5352//5352
f 5230//5230 5238//5238 5257//5257
f 5230//5230 5257//5257 5256//5256
f 5270//5270 5260//5260 5253//5253
f 5270//5270 5253//5253 5254//5254
f 5385//5385 5340//5340 5283//5283
f 5280//5280 5387//5387 5374//5374
f 5353//5353 5389//5389 5377//5377
f 5361//5361 5359//5359 5344//5344
f 5361//5361 5344//5344 5343//5343
f 5716//5716 5273//5273 5259//5259
f 5357//5357 5356//5356 5386//5386
f 5357//5357 5386//5386 5384//5384
f 5380//5380 5382//5382 5359//5359
f 5380//5380 5359//5359 5358//5358
f 5721//5721 5720//5720 5718//5718
f 5719//5719 5721//5721 5718//5718
f 5714//5714 5719//5719 5718//5718
f 5718//5718 5715//5715 5713//5713
f 5714//5714 5718//5718 5713//5713
f 5717//5717 5716//5716 5714//5714
f 5713//5713 5717//5717 5714//5714
f 5512//5512 5525//5525 5516//5516
f 5516//5516 5515//5515 5513//5513
f 5512//5512 5516//5516 5513//5513
f 5654//5654 5656//5656 5655//5655
f 5655//5655 5665//5665 5651//5651
f 5654//5654 5655//5655 5651//5651
f 5585//5585 5586//5586 5575//5575
f 5575//5575 5574//5574 5584//5584
f 5585//5585 5575//5575 5584//5584
f 5571//5571 5570//5570 5579//5579
f 5571//5571 5579//5579 5568//5568
f 5568//5568 5567//5567 5571//5571
f 5681//5681 5680//5680 5691//5691
f 5681//5681 5691//5691 5690//5690
f 5690//5690 5689//5689 5681//5681
f 5674//5674 5685//5685 5678//5678
f 5678//5678 5677//5677 5675//5675
f 5675//5675 5674//5674 5678//5678
f 5664//5664 5660//5660 5659//5659
f 5664//5664 5659//5659 5672//5672
f 5672//5672 5673//5673 5664//5664
f 5532//5532 5520//5520 5519//5519
f 5519//5519 5524//5524 5533//5533
f 5533//5533 5532//5532 5519//5519
f 5446//5446 5723//5723 5724//5724
f 5446//5446 5724//5724 5722//5722
f 5445//5445 5438//5438 5723//5723
f 5445//5445 5723//5723 5446//5446
f 5441//5441 5442//5442 5447//5447
f 5441//5441 5447//5447 5725//5725
f 5438//5438 5441//5441 5725//5725
f 5438//5438 5725//5725 5723//5723
f 5727//5727 5726//5726 5722//5722
f 5727//5727 5722//5722 5724//5724
f 5723//5723 5725//5725 5727//5727
f 5723//5723 5727//5727 5724//5724
f 5447//5447 5446//5446 5722//5722
f 5447//5447 5722//5722 5726//5726
f 5725//5725 5447//5447 5726//5726
f 5725//5725 5726//5726 5727//5727
f 5732//5732 5733//5733 5736//5736
f 5737//5737 5781//5781 5735//5735
f 5737//5737 5735//5735 5734//5734
f 5738//5738 5737//5737 5734//5734
f 5734//5734 5732//5732 5736//5736
f 5739//5739 5738//5738 5734//5734
f 5734//5734 5736//5736 5740//5740
f 5742//5742 6572//6572 5741//5741
f 5742//5742 5741//5741 5743//5743
f 5730//5730 5742//5742 5743//5743
f 5730//5730 5743//5743 5739//5739
f 5730//5730 5739//5739 5734//5734
f 5731//5731 5730//5730 5734//5734
f 5734//5734 5740//5740 5744//5744
f 5744//5744 5731//5731 5734//5734
f 5747//5747 5748//5748 6031//6031
f 5749//5749 5750//5750 5751//5751
f 5749//5749 5751//5751 5870//5870
f 5752//5752 5753//5753 5754//5754
f 5752//5752 5754//5754 5755//5755
f 5971//5971 5756//5756 5757//5757
f 5971//5971 5757//5757 5972//5972
f 5758//5758 5860//5860 5759//5759
f 5758//5758 5759//5759 5760//5760
f 5930//5930 5929//5929 5761//5761
f 5930//5930 5761//5761 5762//5762
f 5763//5763 5764//5764 5765//5765
f 5766//5766 5767//5767 5768//5768
f 5769//5769 5770//5770 5771//5771
f 6270//6270 6319//6319 5772//5772
f 6270//6270 5772//5772 5773//5773
f 6256//6256 6215//6215 5774//5774
f 6256//6256 5774//5774 5775//5775
f 6321//6321 5776//5776 5777//5777
f 6321//6321 5777//5777 5778//5778
f 5780//5780 6293//6293 5781//5781
f 5781//5781 5737//5737 5782//5782
f 5783//5783 5780//5780 5781//5781
f 5782//5782 6246//6246 6230//6230
f 5782//5782 6230//6230 5783//5783
f 5781//5781 5782//5782 5783//5783
f 5786//5786 5787//5787 5788//5788
f 5789//5789 5784//5784 5785//5785
f 5790//5790 5786//5786 5788//5788
f 5788//5788 5789//5789 5785//5785
f 5788//5788 5785//5785 5791//5791
f 5791//5791 5790//5790 5788//5788
f 5795//5795 5796//5796 5797//5797
f 5798//5798 5799//5799 5800//5800
f 5800//5800 5801//5801 5802//5802
f 5804//5804 5803//5803 5798//5798
f 5798//5798 5800//5800 5802//5802
f 5805//5805 5804//5804 5798//5798
f 5798//5798 5802//5802 5806//5806
f 5807//5807 5805//5805 5798//5798
f 5798//5798 5806//5806 5808//5808
f 5809//5809 5807//5807 5798//5798
f 5798//5798 5808//5808 5809//5809
f 5811//5811 5812//5812 5813//5813
f 5814//5814 5810//5810 5811//5811
f 5817//5817 5816//5816 5815//5815
f 5814//5814 5811//5811 5813//5813
f 5817//5817 5815//5815 5814//5814
f 5814//5814 5813//5813 5818//5818
f 5819//5819 5817//5817 5814//5814
f 5818//5818 5819//5819 5814//5814
f 5821//5821 5826//5826 5822//5822
f 5823//5823 5820//5820 5821//5821
f 5824//5824 5825//5825 5823//5823
f 5823//5823 5821//5821 5822//5822
f 5823//5823 5822//5822 5827//5827
f 5826//5826 5821//5821 5793//5793
f 5828//5828 5826//5826 5793//5793
f 5823//5823 5827//5827 5829//5829
f 5823//5823 5829//5829 5830//5830
f 5831//5831 5828//5828 5793//5793
f 5824//5824 5823//5823 5830//5830
f 5832//5832 5831//5831 5793//5793
f 5824//5824 5830//5830 5833//5833
f 5832//5832 5793//5793 5794//5794
f 5824//5824 5833//5833 5834//5834
f 5835//5835 5832//5832 5794//5794
f 5824//5824 5834//5834 5836//5836
f 5837//5837 5835//5835 5794//5794
f 5794//5794 5824//5824 5836//5836
f 5794//5794 5836//5836 5838//5838
f 5838//5838 5837//5837 5794//5794
f 5841//5841 5842//5842 5843//5843
f 5760//5760 5759//5759 5746//5746
f 5760//5760 5746//5746 5745//5745
f 5846//5846 5839//5839 5840//5840
f 5846//5846 5840//5840 5847//5847
f 6089//6089 5848//5848 5849//5849
f 5850//5850 5846//5846 5847//5847
f 5850//5850 5847//5847 5851//5851
f 5745//5745 5746//5746 5850//5850
f 5745//5745 5850//5850 5851//5851
f 5852//5852 5853//5853 5854//5854
f 5852//5852 5854//5854 5855//5855
f 5856//5856 5857//5857 5858//5858
f 5855//5855 5854//5854 5857//5857
f 5855//5855 5857//5857 5856//5856
f 5856//5856 5858//5858 5859//5859
f 5859//5859 5858//5858 5860//5860
f 5859//5859 5860//5860 5758//5758
f 5861//5861 5862//5862 5863//5863
f 5866//5866 5844//5844 5867//5867
f 5865//5865 5867//5867 5864//5864
f 5844//5844 5845//5845 5853//5853
f 5844//5844 5853//5853 5852//5852
f 5844//5844 5866//5866 5845//5845
f 5865//5865 5866//5866 5867//5867
f 5868//5868 5870//5870 5869//5869
f 5839//5839 5868//5868 5869//5869
f 5839//5839 5869//5869 5840//5840
f 5868//5868 5749//5749 5870//5870
f 5872//5872 5873//5873 5874//5874
f 5875//5875 5871//5871 5872//5872
f 5872//5872 5874//5874 5876//5876
f 6334//6334 6294//6294 5875//5875
f 5872//5872 5876//5876 5877//5877
f 5877//5877 6334//6334 5875//5875
f 5872//5872 5877//5877 5875//5875
f 5880//5880 5881//5881 5882//5882
f 5880//5880 5882//5882 5883//5883
f 5884//5884 5885//5885 5886//5886
f 5884//5884 5886//5886 5887//5887
f 5750//5750 5865//5865 5864//5864
f 5750//5750 5864//5864 5751//5751
f 5885//5885 5890//5890 5891//5891
f 5885//5885 5891//5891 5886//5886
f 5843//5843 5884//5884 5887//5887
f 5843//5843 5887//5887 5892//5892
f 5878//5878 5842//5842 5841//5841
f 5843//5843 5892//5892 5841//5841
f 5897//5897 5863//5863 5879//5879
f 5897//5897 5879//5879 5878//5878
f 5878//5878 5879//5879 5842//5842
f 5888//5888 5889//5889 5893//5893
f 5888//5888 5893//5893 5894//5894
f 5895//5895 5896//5896 5862//5862
f 5894//5894 5893//5893 5896//5896
f 5861//5861 5863//5863 5897//5897
f 5895//5895 5862//5862 5861//5861
f 5894//5894 5896//5896 5895//5895
f 5900//5900 5901//5901 5902//5902
f 5901//5901 5903//5903 5902//5902
f 5900//5900 5902//5902 5904//5904
f 5903//5903 5901//5901 5905//5905
f 5903//5903 5905//5905 5889//5889
f 5903//5903 5889//5889 5888//5888
f 5890//5890 5906//5906 5907//5907
f 5890//5890 5907//5907 5891//5891
f 5906//5906 5908//5908 5909//5909
f 5906//5906 5909//5909 5907//5907
f 5762//5762 5761//5761 5910//5910
f 5762//5762 5910//5910 5911//5911
f 5908//5908 5900//5900 5904//5904
f 5908//5908 5904//5904 5909//5909
f 5918//5918 5919//5919 5920//5920
f 5918//5918 5921//5921 5919//5919
f 5883//5883 5882//5882 5918//5918
f 5883//5883 5918//5918 5920//5920
f 5765//5765 5922//5922 5881//5881
f 5765//5765 5881//5881 5880//5880
f 5914//5914 5915//5915 5923//5923
f 5914//5914 5923//5923 5924//5924
f 5925//5925 5926//5926 5763//5763
f 5924//5924 5923//5923 5925//5925
f 5765//5765 5764//5764 5922//5922
f 5763//5763 5926//5926 5764//5764
f 5925//5925 5923//5923 5926//5926
f 5927//5927 5928//5928 5929//5929
f 5927//5927 5929//5929 5930//5930
f 5931//5931 5932//5932 5933//5933
f 5931//5931 5933//5933 5934//5934
f 5935//5935 5931//5931 5934//5934
f 5935//5935 5934//5934 5936//5936
f 5933//5933 5932//5932 5915//5915
f 5933//5933 5915//5915 5914//5914
f 5921//5921 5912//5912 5913//5913
f 5921//5921 5913//5913 5919//5919
f 5916//5916 5937//5937 5938//5938
f 5916//5916 5938//5938 5917//5917
f 5912//5912 5916//5916 5917//5917
f 5912//5912 5917//5917 5913//5913
f 5941//5941 5942//5942 6287//6287
f 5941//5941 6287//6287 5943//5943
f 5937//5937 5939//5939 5940//5940
f 5937//5937 5940//5940 5938//5938
f 5939//5939 5935//5935 5936//5936
f 5939//5939 5936//5936 5940//5940
f 5944//5944 5945//5945 5946//5946
f 5944//5944 5946//5946 5947//5947
f 5948//5948 5949//5949 5950//5950
f 5951//5951 5952//5952 5953//5953
f 5956//5956 5954//5954 5955//5955
f 5954//5954 5944//5944 5947//5947
f 5954//5954 5947//5947 5955//5955
f 5956//5956 5955//5955 5957//5957
f 5911//5911 5910//5910 5956//5956
f 5911//5911 5956//5956 5957//5957
f 5953//5953 5952//5952 5958//5958
f 5953//5953 5958//5958 5959//5959
f 5959//5959 5958//5958 5960//5960
f 5959//5959 5960//5960 5961//5961
f 5961//5961 5960//5960 5928//5928
f 5961//5961 5928//5928 5927//5927
f 5962//5962 5963//5963 5964//5964
f 5962//5962 5964//5964 5965//5965
f 5966//5966 5967//5967 5968//5968
f 5756//5756 5966//5966 5968//5968
f 5756//5756 5968//5968 5757//5757
f 5968//5968 5967//5967 5951//5951
f 5951//5951 5967//5967 5952//5952
f 5945//5945 5969//5969 5970//5970
f 5945//5945 5970//5970 5946//5946
f 5969//5969 5971//5971 5972//5972
f 5969//5969 5972//5972 5970//5970
f 6284//6284 6198//6198 6337//6337
f 6284//6284 6337//6337 5973//5973
f 5974//5974 5975//5975 5949//5949
f 5974//5974 5949//5949 5948//5948
f 5980//5980 5981//5981 5982//5982
f 5980//5980 5982//5982 5983//5983
f 5981//5981 5984//5984 5982//5982
f 5985//5985 5980//5980 5983//5983
f 5985//5985 5983//5983 5986//5986
f 5985//5985 5986//5986 5987//5987
f 5948//5948 5950//5950 5987//5987
f 5987//5987 5950//5950 5985//5985
f 5978//5978 5979//5979 5988//5988
f 5978//5978 5988//5988 5989//5989
f 5965//5965 5964//5964 5975//5975
f 5965//5965 5975//5975 5974//5974
f 5989//5989 5988//5988 5963//5963
f 5989//5989 5963//5963 5962//5962
f 5992//5992 5993//5993 5994//5994
f 5753//5753 5992//5992 5994//5994
f 5753//5753 5994//5994 5754//5754
f 5994//5994 5993//5993 5995//5995
f 5995//5995 5993//5993 5979//5979
f 5995//5995 5979//5979 5978//5978
f 5996//5996 5997//5997 5998//5998
f 5981//5981 5996//5996 5984//5984
f 5997//5997 5752//5752 5755//5755
f 5997//5997 5755//5755 5998//5998
f 5996//5996 5998//5998 5984//5984
f 5999//5999 6000//6000 5977//5977
f 5999//5999 5977//5977 5976//5976
f 6001//6001 6002//6002 6003//6003
f 6004//6004 6005//6005 6006//6006
f 6026//6026 6007//6007 6008//6008
f 6026//6026 6008//6008 6009//6009
f 6010//6010 6011//6011 6012//6012
f 6010//6010 6012//6012 6013//6013
f 6016//6016 6014//6014 6015//6015
f 6016//6016 6015//6015 6006//6006
f 6005//6005 6016//6016 6006//6006
f 6017//6017 6018//6018 6308//6308
f 6017//6017 6308//6308 6251//6251
f 5976//5976 5977//5977 6005//6005
f 5976//5976 6005//6005 6004//6004
f 6009//6009 6008//6008 6019//6019
f 6009//6009 6019//6019 6020//6020
f 6020//6020 6019//6019 6021//6021
f 6020//6020 6021//6021 6022//6022
f 5990//5990 5991//5991 6000//6000
f 5990//5990 6000//6000 5999//5999
f 6022//6022 6021//6021 5991//5991
f 6022//6022 5991//5991 5990//5990
f 6025//6025 6026//6026 6027//6027
f 6028//6028 6027//6027 6029//6029
f 6028//6028 6025//6025 6027//6027
f 6026//6026 6025//6025 6007//6007
f 6011//6011 6030//6030 6031//6031
f 6011//6011 6031//6031 6012//6012
f 6030//6030 5747//5747 6031//6031
f 6014//6014 6010//6010 6013//6013
f 6014//6014 6013//6013 6015//6015
f 6037//6037 6272//6272 6034//6034
f 6037//6037 6034//6034 6035//6035
f 6038//6038 6037//6037 6035//6035
f 6035//6035 6036//6036 6039//6039
f 6035//6035 6039//6039 6038//6038
f 6040//6040 6041//6041 6042//6042
f 6040//6040 6042//6042 6043//6043
f 6044//6044 6045//6045 5766//5766
f 6032//6032 6033//6033 6046//6046
f 6032//6032 6046//6046 6047//6047
f 6048//6048 6049//6049 6050//6050
f 6051//6051 6052//6052 6053//6053
f 6051//6051 6053//6053 6054//6054
f 5747//5747 6028//6028 6029//6029
f 5747//5747 6029//6029 5748//5748
f 6001//6001 6003//6003 6055//6055
f 6047//6047 6046//6046 6001//6001
f 6047//6047 6001//6001 6055//6055
f 6061//6061 6056//6056 6033//6033
f 6061//6061 6033//6033 6032//6032
f 6050//6050 6049//6049 6057//6057
f 6050//6050 6057//6057 6058//6058
f 6058//6058 6057//6057 6059//6059
f 6058//6058 6059//6059 6060//6060
f 6023//6023 6024//6024 6056//6056
f 6023//6023 6056//6056 6061//6061
f 6060//6060 6059//6059 6024//6024
f 6060//6060 6024//6024 6023//6023
f 6052//6052 6070//6070 6071//6071
f 6052//6052 6071//6071 6053//6053
f 6069//6069 6072//6072 6048//6048
f 6048//6048 6072//6072 6049//6049
f 6002//6002 6051//6051 6054//6054
f 6002//6002 6054//6054 6003//6003
f 6068//6068 6072//6072 6069//6069
f 6065//6065 6068//6068 6069//6069
f 6065//6065 6069//6069 6064//6064
f 6070//6070 6066//6066 6067//6067
f 6070//6070 6067//6067 6071//6071
f 6075//6075 6073//6073 6074//6074
f 6075//6075 6074//6074 6077//6077
f 6076//6076 6077//6077 6078//6078
f 6076//6076 6075//6075 6077//6077
f 6043//6043 6042//6042 6076//6076
f 6043//6043 6076//6076 6078//6078
f 5768//5768 6079//6079 6041//6041
f 5768//5768 6041//6041 6040//6040
f 5849//5849 5848//5848 6080//6080
f 5849//5849 6080//6080 6081//6081
f 6081//6081 6080//6080 6044//6044
f 6044//6044 6080//6080 6045//6045
f 5768//5768 5767//5767 6079//6079
f 5766//5766 6045//6045 5767//5767
f 6066//6066 6065//6065 6064//6064
f 6066//6066 6064//6064 6067//6067
f 6082//6082 6083//6083 6084//6084
f 6082//6082 6084//6084 6085//6085
f 6083//6083 6086//6086 6087//6087
f 6083//6083 6087//6087 6084//6084
f 6086//6086 6088//6088 6089//6089
f 6086//6086 6089//6089 6087//6087
f 6089//6089 6088//6088 5848//5848
f 6092//6092 6082//6082 6085//6085
f 6092//6092 6085//6085 6093//6093
f 6090//6090 6092//6092 6093//6093
f 6090//6090 6093//6093 6091//6091
f 6073//6073 6090//6090 6091//6091
f 6073//6073 6091//6091 6074//6074
f 6094//6094 6095//6095 5801//5801
f 6094//6094 6096//6096 6095//6095
f 6097//6097 6096//6096 6094//6094
f 6097//6097 6098//6098 6096//6096
f 6099//6099 6098//6098 6097//6097
f 6099//6099 6100//6100 6098//6098
f 6101//6101 6100//6100 6099//6099
f 6101//6101 6102//6102 6100//6100
f 6103//6103 6102//6102 6101//6101
f 6103//6103 6104//6104 6102//6102
f 6105//6105 6104//6104 6103//6103
f 6105//6105 6106//6106 6104//6104
f 6107//6107 6106//6106 6105//6105
f 6107//6107 6108//6108 6106//6106
f 5803//5803 6108//6108 6107//6107
f 5804//5804 6109//6109 6108//6108
f 5804//5804 6108//6108 5803//5803
f 5805//5805 6110//6110 6109//6109
f 5805//5805 6109//6109 5804//5804
f 5807//5807 6111//6111 6110//6110
f 5807//5807 6110//6110 5805//5805
f 5809//5809 6111//6111 5807//5807
f 5809//5809 6112//6112 6111//6111
f 5808//5808 6112//6112 5809//5809
f 5808//5808 6113//6113 6112//6112
f 5806//5806 6113//6113 5808//5808
f 5806//5806 6114//6114 6113//6113
f 5802//5802 6114//6114 5806//5806
f 5802//5802 6115//6115 6114//6114
f 5801//5801 6115//6115 5802//5802
f 5801//5801 6095//6095 6115//6115
f 6117//6117 6118//6118 6119//6119
f 6117//6117 6119//6119 6120//6120
f 6113//6113 6121//6121 6117//6117
f 6123//6123 6098//6098 6122//6122
f 6116//6116 6106//6106 6108//6108
f 6111//6111 6120//6120 6124//6124
f 5735//5735 6115//6115 6095//6095
f 6104//6104 6125//6125 6102//6102
f 6116//6116 6109//6109 6110//6110
f 5735//5735 6121//6121 6113//6113
f 5735//5735 6113//6113 6114//6114
f 6100//6100 6122//6122 6098//6098
f 6112//6112 6120//6120 6111//6111
f 6095//6095 6096//6096 6123//6123
f 6095//6095 6123//6123 5735//5735
f 6104//6104 6126//6126 6125//6125
f 6116//6116 6110//6110 6127//6127
f 6100//6100 6128//6128 6122//6122
f 6112//6112 6117//6117 6120//6120
f 6129//6129 6126//6126 6104//6104
f 6129//6129 6104//6104 6106//6106
f 6110//6110 6111//6111 6124//6124
f 6110//6110 6124//6124 6127//6127
f 5735//5735 6114//6114 6115//6115
f 6102//6102 6128//6128 6100//6100
f 6108//6108 6109//6109 6116//6116
f 6113//6113 6117//6117 6112//6112
f 6098//6098 6123//6123 6096//6096
f 6129//6129 6106//6106 6116//6116
f 6102//6102 6125//6125 6128//6128
f 5873//5873 5872//5872 6130//6130
f 6130//6130 6131//6131 6119//6119
f 5781//5781 6133//6133 6134//6134
f 6137//6137 6138//6138 5873//5873
f 5873//5873 6130//6130 6119//6119
f 6119//6119 6118//6118 6132//6132
f 6132//6132 5781//5781 6134//6134
f 6134//6134 6135//6135 6136//6136
f 6136//6136 6137//6137 5873//5873
f 5873//5873 6119//6119 6132//6132
f 6132//6132 6134//6134 6136//6136
f 5873//5873 6132//6132 6136//6136
f 6137//6137 6126//6126 6129//6129
f 6137//6137 6129//6129 6138//6138
f 6121//6121 6132//6132 6118//6118
f 6121//6121 6118//6118 6117//6117
f 6132//6132 6121//6121 5735//5735
f 5781//5781 6132//6132 5735//5735
f 6122//6122 6134//6134 6133//6133
f 6122//6122 6133//6133 6123//6123
f 6122//6122 6135//6135 6134//6134
f 6128//6128 6135//6135 6122//6122
f 5872//5872 6127//6127 6124//6124
f 6124//6124 6130//6130 5872//5872
f 6128//6128 6136//6136 6135//6135
f 6124//6124 6131//6131 6130//6130
f 6125//6125 6136//6136 6128//6128
f 6120//6120 6119//6119 6131//6131
f 6120//6120 6131//6131 6124//6124
f 6125//6125 6137//6137 6136//6136
f 6126//6126 6137//6137 6125//6125
f 6139//6139 6140//6140 6141//6141
f 6141//6141 6140//6140 6142//6142
f 6141//6141 6142//6142 6143//6143
f 6143//6143 6142//6142 6144//6144
f 6143//6143 6144//6144 6145//6145
f 6144//6144 6146//6146 6145//6145
f 6146//6146 6147//6147 6145//6145
f 6146//6146 6148//6148 6147//6147
f 6148//6148 6149//6149 6147//6147
f 6148//6148 6150//6150 6149//6149
f 6150//6150 6151//6151 6149//6149
f 6151//6151 6150//6150 6152//6152
f 6151//6151 6152//6152 6153//6153
f 6153//6153 6152//6152 6154//6154
f 6154//6154 6152//6152 6155//6155
f 6154//6154 6155//6155 6156//6156
f 6154//6154 6156//6156 6157//6157
f 6157//6157 6156//6156 6158//6158
f 6157//6157 6158//6158 6159//6159
f 6158//6158 6160//6160 6159//6159
f 6160//6160 6161//6161 6159//6159
f 6160//6160 6162//6162 6161//6161
f 6162//6162 6163//6163 6161//6161
f 6162//6162 6164//6164 6163//6163
f 6164//6164 6165//6165 6163//6163
f 6165//6165 6164//6164 6166//6166
f 6165//6165 6166//6166 6167//6167
f 6156//6156 6155//6155 6174//6174
f 6167//6167 6166//6166 6139//6139
f 6139//6139 6166//6166 6140//6140
f 6168//6168 6169//6169 6170//6170
f 6164//6164 6168//6168 6171//6171
f 6173//6173 6144//6144 6172//6172
f 6160//6160 6175//6175 6169//6169
f 6172//6172 6140//6140 6177//6177
f 6140//6140 6166//6166 6177//6177
f 6150//6150 6148//6148 6176//6176
f 6164//6164 6171//6171 6177//6177
f 6146//6146 6144//6144 6173//6173
f 6162//6162 6160//6160 6169//6169
f 6172//6172 6142//6142 6140//6140
f 6150//6150 6176//6176 6178//6178
f 6179//6179 6158//6158 6156//6156
f 6179//6179 6156//6156 6174//6174
f 6166//6166 6164//6164 6177//6177
f 6146//6146 6173//6173 6180//6180
f 6155//6155 6152//6152 6174//6174
f 6162//6162 6169//6169 6168//6168
f 6150//6150 6178//6178 6181//6181
f 6175//6175 6158//6158 6179//6179
f 6148//6148 6146//6146 6180//6180
f 6164//6164 6162//6162 6168//6168
f 6172//6172 6144//6144 6142//6142
f 6152//6152 6150//6150 6181//6181
f 6152//6152 6181//6181 6174//6174
f 6160//6160 6158//6158 6175//6175
f 6148//6148 6180//6180 6176//6176
f 6185//6185 5788//5788 5787//5787
f 5787//5787 6186//6186 6187//6187
f 6189//6189 6190//6190 6035//6035
f 6182//6182 6183//6183 6184//6184
f 6184//6184 6185//6185 5787//5787
f 5787//5787 6187//6187 6170//6170
f 6170//6170 6188//6188 6189//6189
f 6189//6189 6035//6035 6182//6182
f 6182//6182 6184//6184 5787//5787
f 5787//5787 6170//6170 6189//6189
f 6182//6182 5787//5787 6189//6189
f 6035//6035 6181//6181 6178//6178
f 6178//6178 6182//6182 6035//6035
f 6168//6168 6170//6170 6187//6187
f 6171//6171 6168//6168 6187//6187
f 6177//6177 6171//6171 6187//6187
f 6177//6177 6187//6187 6186//6186
f 6185//6185 6173//6173 6172//6172
f 5788//5788 6185//6185 6172//6172
f 6173//6173 6185//6185 6184//6184
f 6180//6180 6173//6173 6184//6184
f 6189//6189 6175//6175 6179//6179
f 6189//6189 6179//6179 6190//6190
f 6180//6180 6184//6184 6183//6183
f 6175//6175 6189//6189 6188//6188
f 6176//6176 6180//6180 6183//6183
f 6169//6169 6175//6175 6188//6188
f 6176//6176 6183//6183 6182//6182
f 6169//6169 6188//6188 6170//6170
f 6178//6178 6176//6176 6182//6182
f 6191//6191 6052//6052 6051//6051
f 6090//6090 6073//6073 6192//6192
f 5912//5912 5921//5921 6305//6305
f 5912//5912 6305//6305 6203//6203
f 6193//6193 6194//6194 5862//5862
f 6193//6193 5862//5862 5896//5896
f 5764//5764 5926//5926 6196//6196
f 5764//5764 6196//6196 5898//5898
f 5964//5964 5963//5963 6197//6197
f 6198//6198 6199//6199 5967//5967
f 6198//6198 5967//5967 5966//5966
f 6200//6200 6201//6201 5989//5989
f 6200//6200 5989//5989 5962//5962
f 5977//5977 6000//6000 6308//6308
f 5977//5977 6308//6308 6018//6018
f 6008//6008 6007//6007 6202//6202
f 6058//6058 6204//6204 6205//6205
f 5916//5916 5912//5912 6203//6203
f 5859//5859 5758//5758 6206//6206
f 6207//6207 5792//5792 5768//5768
f 6207//6207 5768//5768 6040//6040
f 6206//6206 6208//6208 5859//5859
f 5745//5745 5851//5851 5743//5743
f 5773//5773 5938//5938 5940//5940
f 5849//5849 6081//6081 6229//6229
f 5849//5849 6229//6229 6211//6211
f 6210//6210 5996//5996 5981//5981
f 5841//5841 5892//5892 5780//5780
f 5982//5982 5984//5984 6212//6212
f 6213//6213 5880//5880 5883//5883
f 5773//5773 6214//6214 5938//5938
f 5970//5970 5972//5972 6215//6215
f 6192//6192 6216//6216 6092//6092
f 6192//6192 6092//6092 6090//6090
f 6215//6215 6217//6217 5970//5970
f 6218//6218 5857//5857 5854//5854
f 5984//5984 5998//5998 6219//6219
f 5984//5984 6219//6219 6212//6212
f 6220//6220 6013//6013 6012//6012
f 6221//6221 6222//6222 5902//5902
f 6221//6221 5902//5902 5903//5903
f 5933//5933 5914//5914 6223//6223
f 5871//5871 5749//5749 5868//5868
f 6223//6223 6224//6224 5933//5933
f 5966//5966 5756//5756 6198//6198
f 5877//5877 5876//5876 5843//5843
f 5877//5877 5843//5843 5842//5842
f 6225//6225 5979//5979 5993//5993
f 6017//6017 6251//6251 5753//5753
f 6017//6017 5753//5753 5752//5752
f 5993//5993 6226//6226 6225//6225
f 5937//5937 5916//5916 6203//6203
f 5937//5937 6203//6203 6228//6228
f 5758//5758 5760//5760 5741//5741
f 5758//5758 5741//5741 6206//6206
f 5745//5745 5743//5743 5741//5741
f 6081//6081 6044//6044 6229//6229
f 5861//5861 5897//5897 6230//6230
f 5913//5913 5917//5917 6231//6231
f 6216//6216 6082//6082 6092//6092
f 5845//5845 5866//5866 6234//6234
f 5845//5845 6234//6234 6233//6233
f 6235//6235 6006//6006 6015//6015
f 5750//5750 5749//5749 5875//5875
f 5876//5876 5874//5874 5843//5843
f 5965//5965 5974//5974 5775//5775
f 5906//5906 6238//6238 6239//6239
f 6226//6226 5993//5993 5992//5992
f 6239//6239 5908//5908 5906//5906
f 5986//5986 5983//5983 6195//6195
f 5986//5986 6195//6195 6240//6240
f 6191//6191 6241//6241 6052//6052
f 6242//6242 6063//6063 6065//6065
f 6242//6242 6065//6065 6066//6066
f 6208//6208 6243//6243 5856//5856
f 5856//5856 5859//5859 6208//6208
f 6244//6244 6064//6064 6069//6069
f 6069//6069 6245//6245 6244//6244
f 6246//6246 5864//5864 5867//5867
f 5917//5917 5938//5938 6214//6214
f 6214//6214 6231//6231 5917//5917
f 6217//6217 6232//6232 5946//5946
f 5946//5946 5970//5970 6217//6217
f 5854//5854 5853//5853 6233//6233
f 5854//5854 6233//6233 6218//6218
f 6193//6193 5896//5896 5893//5893
f 5903//5903 5888//5888 6249//6249
f 6249//6249 6221//6221 5903//5903
f 6336//6336 6250//6250 5953//5953
f 6336//6336 5953//5953 5959//5959
f 6251//6251 6226//6226 5992//5992
f 5992//5992 5753//5753 6251//6251
f 5780//5780 5783//5783 5841//5841
f 6252//6252 6022//6022 5990//5990
f 6041//6041 6079//6079 6062//6062
f 6041//6041 6062//6062 6248//6248
f 6057//6057 6049//6049 6264//6264
f 6057//6057 6264//6264 6227//6227
f 6067//6067 6064//6064 6244//6244
f 6067//6067 6244//6244 6253//6253
f 5851//5851 5847//5847 5739//5739
f 5851//5851 5739//5739 5743//5743
f 5782//5782 5870//5870 5751//5751
f 6313//6313 6034//6034 5747//5747
f 6313//6313 5747//5747 6030//6030
f 5895//5895 5861//5861 6230//6230
f 5895//5895 6230//6230 6254//6254
f 6051//6051 6002//6002 6036//6036
f 6051//6051 6036//6036 6191//6191
f 5789//5789 6209//6209 6031//6031
f 5893//5893 5889//5889 6259//6259
f 5893//5893 6259//6259 6193//6193
f 5926//5926 5923//5923 6261//6261
f 5926//5926 6261//6261 6196//6196
f 6262//6262 5941//5941 5929//5929
f 5940//5940 5936//5936 6270//6270
f 5940//5940 6270//6270 5773//5773
f 6250//6250 5951//5951 5953//5953
f 6032//6032 6047//6047 5791//5791
f 6077//6077 6074//6074 6277//6277
f 6077//6077 6277//6277 6290//6290
f 5751//5751 5864//5864 6246//6246
f 5751//5751 6246//6246 5782//5782
f 6267//6267 5997//5997 5996//5996
f 5996//5996 6210//6210 6267//6267
f 6293//6293 5780//5780 5892//5892
f 5759//5759 5860//5860 6236//6236
f 5759//5759 6236//6236 6257//6257
f 6016//6016 6005//6005 6247//6247
f 6016//6016 6247//6247 6255//6255
f 6233//6233 5853//5853 5845//5845
f 5976//5976 6004//6004 5777//5777
f 5848//5848 6088//6088 6268//6268
f 5848//5848 6268//6268 6265//6265
f 5737//5737 5738//5738 5869//5869
f 5737//5737 5869//5869 5870//5870
f 6260//6260 6269//6269 5839//5839
f 6260//6260 5839//5839 5846//5846
f 6262//6262 5929//5929 5928//5928
f 5936//5936 5934//5934 6270//6270
f 5772//5772 6319//6319 5930//5930
f 5772//5772 5930//5930 5762//5762
f 6337//6337 6198//6198 5756//5756
f 6337//6337 5756//5756 5971//5971
f 5884//5884 5843//5843 5874//5874
f 6250//6250 6271//6271 5968//5968
f 6250//6250 5968//5968 5951//5951
f 6272//6272 6263//6263 6025//6025
f 6272//6272 6025//6025 6028//6028
f 5748//5748 6029//6029 5784//5784
f 5748//5748 5784//5784 5789//5789
f 6286//6286 6274//6274 6009//6009
f 6286//6286 6009//6009 6020//6020
f 6047//6047 6055//6055 5790//5790
f 6047//6047 5790//5790 5791//5791
f 6275//6275 6048//6048 6050//6050
f 5855//5855 5856//5856 6243//6243
f 6273//6273 6276//6276 5944//5944
f 6273//6273 5944//5944 5954//5954
f 5948//5948 5987//5987 6256//6256
f 6255//6255 6278//6278 6010//6010
f 6255//6255 6010//6010 6014//6014
f 5778//5778 5998//5998 5755//5755
f 6279//6279 5920//5920 5919//5919
f 5919//5919 6280//6280 6279//6279
f 6248//6248 6042//6042 6041//6041
f 5746//5746 5759//5759 6257//6257
f 5998//5998 5778//5778 6219//6219
f 6257//6257 6281//6281 5746//5746
f 6209//6209 6220//6220 6012//6012
f 6209//6209 6012//6012 6031//6031
f 6088//6088 6086//6086 6282//6282
f 6088//6088 6282//6282 6268//6268
f 5749//5749 5871//5871 5875//5875
f 6283//6283 6262//6262 5928//5928
f 6283//6283 5928//5928 5960//5960
f 6284//6284 5975//5975 5964//5964
f 6286//6286 6020//6020 6022//6022
f 6022//6022 6252//6252 6286//6286
f 6034//6034 6272//6272 6028//6028
f 6034//6034 6028//6028 5747//5747
f 5990//5990 5999//5999 5776//5776
f 5990//5990 5776//5776 6252//6252
f 5785//5785 6023//6023 6061//6061
f 5939//5939 5937//5937 6228//6228
f 5939//5939 6228//6228 6287//6287
f 6074//6074 6091//6091 6289//6289
f 6074//6074 6289//6289 6277//6277
f 6031//6031 5748//5748 5789//5789
f 6078//6078 6077//6077 6290//6290
f 6267//6267 6017//6017 5752//5752
f 6267//6267 5752//5752 5997//5997
f 5866//5866 5865//5865 6294//6294
f 5866//5866 6294//6294 6234//6234
f 5881//5881 5922//5922 5898//5898
f 5881//5881 5898//5898 6291//6291
f 6204//6204 6058//6058 6060//6060
f 5934//5934 5933//5933 6224//6224
f 6224//6224 6270//6270 5934//5934
f 6197//6197 6284//6284 5964//5964
f 6295//6295 5890//5890 5885//5885
f 6201//6201 6296//6296 5978//5978
f 6201//6201 5978//5978 5989//5989
f 6291//6291 6297//6297 5882//5882
f 6298//6298 6264//6264 6049//6049
f 6298//6298 6049//6049 6072//6072
f 6045//6045 6080//6080 6288//6288
f 6045//6045 6288//6288 6299//6299
f 5892//5892 5887//5887 6293//6293
f 5760//5760 5745//5745 5741//5741
f 6276//6276 5945//5945 5944//5944
f 6243//6243 6300//6300 5852//5852
f 6243//6243 5852//5852 5855//5855
f 6199//6199 6301//6301 5952//5952
f 6199//6199 5952//5952 5967//5967
f 5894//5894 5895//5895 6254//6254
f 5894//5894 6254//6254 6302//6302
f 6014//6014 6016//6016 6255//6255
f 6042//6042 6248//6248 6303//6303
f 6304//6304 5772//5772 5911//5911
f 6305//6305 5921//5921 5918//5918
f 5909//5909 5904//5904 6222//6222
f 5909//5909 6222//6222 6306//6306
f 5904//5904 5902//5902 6222//6222
f 5963//5963 5988//5988 6307//6307
f 6307//6307 6197//6197 5963//5963
f 6308//6308 6000//6000 5991//5991
f 6063//6063 6298//6298 6072//6072
f 6063//6063 6072//6072 6068//6068
f 6265//6265 6288//6288 6080//6080
f 6265//6265 6080//6080 5848//5848
f 5943//5943 5910//5910 5761//5761
f 5792//5792 6310//6310 5766//5766
f 5792//5792 5766//5766 5768//5768
f 6276//6276 6311//6311 5969//5969
f 6276//6276 5969//5969 5945//5945
f 6300//6300 5844//5844 5852//5852
f 5889//5889 5905//5905 6259//6259
f 6312//6312 6285//6285 6087//6087
f 6312//6312 6087//6087 6089//6089
f 6039//6039 6036//6036 6001//6001
f 5923//5923 5915//5915 6326//6326
f 5923//5923 6326//6326 6261//6261
f 6278//6278 6313//6313 6011//6011
f 6278//6278 6011//6011 6010//6010
f 6076//6076 6042//6042 6303//6303
f 6303//6303 6314//6314 6076//6076
f 6232//6232 6315//6315 5955//5955
f 6232//6232 5955//5955 5947//5947
f 6316//6316 6259//6259 5905//5905
f 6015//6015 6013//6013 6220//6220
f 6015//6015 6220//6220 6235//6235
f 6239//6239 5899//5899 5900//5900
f 6239//6239 5900//5900 5908//5908
f 5905//5905 5901//5901 6316//6316
f 5779//5779 6317//6317 5763//5763
f 5779//5779 5763//5763 5765//5765
f 6318//6318 6283//6283 5960//5960
f 6318//6318 5960//5960 5958//5958
f 5761//5761 5929//5929 5941//5941
f 5761//5761 5941//5941 5943//5943
f 5927//5927 5930//5930 6319//6319
f 5927//5927 6319//6319 6320//6320
f 6321//6321 5754//5754 5994//5994
f 5991//5991 6021//6021 6322//6322
f 5991//5991 6322//6322 6308//6308
f 6026//6026 6274//6274 6258//6258
f 6033//6033 6056//6056 6037//6037
f 6033//6033 6037//6037 6038//6038
f 6070//6070 6052//6052 6241//6241
f 5910//5910 5943//5943 6323//6323
f 6323//6323 5956//5956 5910//5910
f 6290//6290 6324//6324 6078//6078
f 6091//6091 6093//6093 6329//6329
f 6091//6091 6329//6329 6289//6289
f 6046//6046 6033//6033 6038//6038
f 5950//5950 5949//5949 5973//5973
f 5762//5762 5911//5911 5772//5772
f 6314//6314 6075//6075 6076//6076
f 5860//5860 5858//5858 6325//6325
f 5860//5860 6325//6325 6236//6236
f 5899//5899 6316//6316 5901//5901
f 6213//6213 5779//5779 5765//5765
f 6213//6213 5765//5765 5880//5880
f 5868//5868 5839//5839 6269//6269
f 5972//5972 5757//5757 5774//5774
f 5972//5972 5774//5774 6215//6215
f 6296//6296 5995//5995 5978//5978
f 6021//6021 6019//6019 6327//6327
f 6021//6021 6327//6327 6322//6322
f 5755//5755 5754//5754 6321//6321
f 5755//5755 6321//6321 5778//5778
f 5877//5877 5842//5842 5879//5879
f 5918//5918 5882//5882 6297//6297
f 6297//6297 6305//6305 5918//5918
f 6024//6024 6059//6059 6328//6328
f 6085//6085 6084//6084 6285//6285
f 6085//6085 6285//6285 6329//6329
f 5785//5785 6204//6204 6060//6060
f 5785//5785 6060//6060 6023//6023
f 6275//6275 6245//6245 6069//6069
f 6275//6275 6069//6069 6048//6048
f 5738//5738 5840//5840 5869//5869
f 5947//5947 5946//5946 6232//6232
f 5891//5891 6330//6330 6292//6292
f 6292//6292 5886//5886 5891//5891
f 6001//6001 6046//6046 6038//6038
f 6001//6001 6038//6038 6039//6039
f 6304//6304 5911//5911 5957//5957
f 5957//5957 6315//6315 6304//6304
f 5882//5882 5881//5881 6291//6291
f 6281//6281 6260//6260 5850//5850
f 5850//5850 5746//5746 6281//6281
f 5899//5899 5901//5901 5900//5900
f 6086//6086 6083//6083 6282//6282
f 5958//5958 5952//5952 6301//6301
f 5958//5958 6301//6301 6318//6318
f 5914//5914 5924//5924 6237//6237
f 5914//5914 6237//6237 6223//6223
f 6256//6256 5775//5775 5974//5974
f 6256//6256 5974//5974 5948//5948
f 5995//5995 6296//6296 6331//6331
f 6331//6331 5994//5994 5995//5995
f 5777//5777 5776//5776 5999//5999
f 5777//5777 5999//5999 5976//5976
f 6054//6054 6053//6053 6266//6266
f 6332//6332 6266//6266 6053//6053
f 6093//6093 6085//6085 6329//6329
f 6043//6043 6324//6324 6207//6207
f 6207//6207 6040//6040 6043//6043
f 5985//5985 5950//5950 5973//5973
f 5985//5985 5973//5973 6333//6333
f 6053//6053 6071//6071 6332//6332
f 5783//5783 6230//6230 5897//5897
f 5783//5783 5897//5897 5878//5878
f 5847//5847 5840//5840 5738//5738
f 5847//5847 5738//5738 5739//5739
f 6313//6313 6030//6030 6011//6011
f 6292//6292 6293//6293 5887//5887
f 6292//6292 5887//5887 5886//5886
f 6315//6315 5957//5957 5955//5955
f 5987//5987 5986//5986 6240//6240
f 6194//6194 6334//6334 5863//5863
f 6194//6194 5863//5863 5862//5862
f 6335//6335 6004//6004 6006//6006
f 6006//6006 6235//6235 6335//6335
f 5879//5879 5863//5863 6334//6334
f 5879//5879 6334//6334 5877//5877
f 6269//6269 5871//5871 5868//5868
f 5961//5961 5927//5927 6320//6320
f 5961//5961 6320//6320 6336//6336
f 6271//6271 5774//5774 5757//5757
f 6271//6271 5757//5757 5968//5968
f 5885//5885 5884//5884 5874//5874
f 5885//5885 5874//5874 6295//6295
f 6027//6027 6026//6026 6258//6258
f 6027//6027 6258//6258 5784//5784
f 6063//6063 6068//6068 6065//6065
f 6311//6311 6337//6337 5971//5971
f 6311//6311 5971//5971 5969//5969
f 5985//5985 6333//6333 6338//6338
f 6205//6205 6275//6275 6050//6050
f 6205//6205 6050//6050 6058//6058
f 5870//5870 5782//5782 5737//5737
f 6338//6338 5980//5980 5985//5985
f 6302//6302 6249//6249 5888//5888
f 6302//6302 5888//5888 5894//5894
f 6260//6260 5846//5846 5850//5850
f 6339//6339 6326//6326 5915//5915
f 6339//6339 5915//5915 5932//5932
f 5924//5924 5925//5925 6237//6237
f 6287//6287 5942//5942 5935//5935
f 6287//6287 5935//5935 5939//5939
f 5959//5959 5961//5961 6336//6336
f 6238//6238 5906//5906 5890//5890
f 5988//5988 5979//5979 6225//6225
f 5988//5988 6225//6225 6307//6307
f 5775//5775 6200//6200 5962//5962
f 5775//5775 5962//5962 5965//5965
f 5890//5890 6295//6295 6238//6238
f 6328//6328 6037//6037 6056//6056
f 6328//6328 6056//6056 6024//6024
f 5786//5786 5790//5790 6055//6055
f 5786//5786 6055//6055 6003//6003
f 6066//6066 6070//6070 6241//6241
f 6066//6066 6241//6241 6242//6242
f 5956//5956 6323//6323 6273//6273
f 6071//6071 6067//6067 6253//6253
f 6071//6071 6253//6253 6332//6332
f 6007//6007 6025//6025 6263//6263
f 6007//6007 6263//6263 6202//6202
f 6300//6300 6309//6309 5844//5844
f 6330//6330 5891//5891 5907//5907
f 5907//5907 6306//6306 6330//6330
f 6338//6338 6210//6210 5981//5981
f 6338//6338 5981//5981 5980//5980
f 6036//6036 6002//6002 6001//6001
f 6340//6340 6192//6192 6073//6073
f 6240//6240 6256//6256 5987//5987
f 5875//5875 6294//6294 5865//5865
f 5875//5875 5865//5865 5750//5750
f 6212//6212 6195//6195 5983//5983
f 6212//6212 5983//5983 5982//5982
f 5942//5942 6339//6339 5932//5932
f 5942//5942 5932//5932 5931//5931
f 6279//6279 6213//6213 5883//5883
f 6279//6279 5883//5883 5920//5920
f 5994//5994 6331//6331 6321//6321
f 6059//6059 6057//6057 6227//6227
f 6227//6227 6328//6328 6059//6059
f 5791//5791 5785//5785 6061//6061
f 5791//5791 6061//6061 6032//6032
f 5767//5767 6045//6045 6299//6299
f 5767//5767 6299//6299 6062//6062
f 6324//6324 6043//6043 6078//6078
f 6089//6089 5849//5849 6211//6211
f 6089//6089 6211//6211 6312//6312
f 6309//6309 6246//6246 5867//5867
f 6309//6309 5867//5867 5844//5844
f 5878//5878 5841//5841 5783//5783
f 6274//6274 6026//6026 6009//6009
f 6083//6083 6082//6082 6216//6216
f 6083//6083 6216//6216 6282//6282
f 6314//6314 6340//6340 6073//6073
f 6314//6314 6073//6073 6075//6075
f 6218//6218 6325//6325 5858//5858
f 6218//6218 5858//5858 5857//5857
f 6004//6004 6335//6335 5777//5777
f 6231//6231 6280//6280 5919//5919
f 6231//6231 5919//5919 5913//5913
f 5931//5931 5935//5935 5942//5942
f 5949//5949 5975//5975 6284//6284
f 5949//5949 6284//6284 5973//5973
f 6019//6019 6008//6008 6202//6202
f 6019//6019 6202//6202 6327//6327
f 5784//5784 6029//6029 6027//6027
f 6062//6062 6079//6079 5767//5767
f 5954//5954 5956//5956 6273//6273
f 6285//6285 6084//6084 6087//6087
f 6310//6310 6229//6229 6044//6044
f 6310//6310 6044//6044 5766//5766
f 6003//6003 6054//6054 6266//6266
f 6003//6003 6266//6266 5786//5786
f 6018//6018 6247//6247 6005//6005
f 6018//6018 6005//6005 5977//5977
f 6306//6306 5907//5907 5909//5909
f 6317//6317 6237//6237 5925//5925
f 6317//6317 5925//5925 5763//5763
f 5898//5898 5922//5922 5764//5764
f 6343//6343 6342//6342 6355//6355
f 6344//6344 6354//6354 6341//6341
f 6344//6344 6341//6341 6345//6345
f 6343//6343 6355//6355 6346//6346
f 6344//6344 6345//6345 6347//6347
f 6348//6348 6343//6343 6346//6346
f 6344//6344 6347//6347 6349//6349
f 6350//6350 6348//6348 6346//6346
f 6344//6344 6349//6349 6351//6351
f 6352//6352 6350//6350 6346//6346
f 6346//6346 6344//6344 6351//6351
f 6353//6353 6352//6352 6346//6346
f 6346//6346 6351//6351 6353//6353
f 6354//6354 6356//6356 6357//6357
f 6354//6354 6357//6357 6355//6355
f 6355//6355 6342//6342 6358//6358
f 6359//6359 6341//6341 6354//6354
f 6355//6355 6358//6358 6360//6360
f 6361//6361 6359//6359 6354//6354
f 6354//6354 6355//6355 6360//6360
f 6360//6360 6361//6361 6354//6354
f 6368//6368 6285//6285 6312//6312
f 6364//6364 6367//6367 6368//6368
f 6364//6364 6368//6368 6312//6312
f 6364//6364 6312//6312 6211//6211
f 6364//6364 6211//6211 6229//6229
f 6363//6363 6364//6364 6229//6229
f 6362//6362 6363//6363 6229//6229
f 6329//6329 6285//6285 6368//6368
f 6329//6329 6368//6368 6369//6369
f 6370//6370 6329//6329 6369//6369
f 6372//6372 6371//6371 6370//6370
f 6372//6372 6370//6370 6369//6369
f 6373//6373 6372//6372 6369//6369
f 6373//6373 6369//6369 6374//6374
f 6375//6375 6373//6373 6374//6374
f 6375//6375 6374//6374 6366//6366
f 6376//6376 6375//6375 6366//6366
f 6376//6376 6366//6366 6365//6365
f 6376//6376 6365//6365 6377//6377
f 6378//6378 6376//6376 6377//6377
f 6378//6378 6377//6377 6379//6379
f 6380//6380 6378//6378 6379//6379
f 6289//6289 6370//6370 6383//6383
f 6277//6277 6289//6289 6383//6383
f 6290//6290 6277//6277 6383//6383
f 6290//6290 6383//6383 6384//6384
f 6290//6290 6384//6384 6382//6382
f 6310//6310 5792//5792 6244//6244
f 6310//6310 6244//6244 6245//6245
f 6229//6229 6310//6310 6245//6245
f 6229//6229 6245//6245 6275//6275
f 6362//6362 6229//6229 6275//6275
f 6362//6362 6275//6275 6205//6205
f 6244//6244 5792//5792 6207//6207
f 6253//6253 6244//6244 6207//6207
f 6332//6332 6253//6253 6207//6207
f 6332//6332 6207//6207 6324//6324
f 6266//6266 6332//6332 6324//6324
f 5787//5787 5786//5786 6266//6266
f 6186//6186 5787//5787 6266//6266
f 6186//6186 6266//6266 6324//6324
f 6186//6186 6324//6324 6290//6290
f 6177//6177 6186//6186 6290//6290
f 6177//6177 6290//6290 6382//6382
f 6177//6177 6382//6382 6381//6381
f 6393//6393 6392//6392 6391//6391
f 6385//6385 6177//6177 6381//6381
f 6393//6393 6391//6391 6390//6390
f 6386//6386 6385//6385 6381//6381
f 6386//6386 6381//6381 6394//6394
f 6386//6386 6394//6394 6395//6395
f 6387//6387 6386//6386 6395//6395
f 6387//6387 6395//6395 6380//6380
f 6396//6396 6393//6393 6390//6390
f 6389//6389 6387//6387 6380//6380
f 6389//6389 6380//6380 6379//6379
f 6208//6208 6206//6206 6400//6400
f 6400//6400 6398//6398 6399//6399
f 6208//6208 6400//6400 6399//6399
f 6243//6243 6208//6208 6399//6399
f 6300//6300 6243//6243 6399//6399
f 6309//6309 6300//6300 6399//6399
f 6309//6309 6399//6399 6401//6401
f 6309//6309 6401//6401 6397//6397
f 6230//6230 6246//6246 6309//6309
f 6254//6254 6230//6230 6309//6309
f 6254//6254 6309//6309 6397//6397
f 6302//6302 6254//6254 6397//6397
f 6249//6249 6302//6302 6397//6397
f 6317//6317 5779//5779 6222//6222
f 6317//6317 6222//6222 6221//6221
f 6237//6237 6317//6317 6221//6221
f 6237//6237 6221//6221 6249//6249
f 6237//6237 6249//6249 6397//6397
f 6223//6223 6237//6237 6397//6397
f 6389//6389 6379//6379 6402//6402
f 6397//6397 6396//6396 6390//6390
f 6397//6397 6390//6390 6388//6388
f 6223//6223 6397//6397 6388//6388
f 6224//6224 6223//6223 6388//6388
f 6388//6388 6389//6389 6402//6402
f 6319//6319 6270//6270 6224//6224
f 6320//6320 6319//6319 6224//6224
f 6388//6388 6402//6402 6403//6403
f 6336//6336 6320//6320 6224//6224
f 6336//6336 6224//6224 6388//6388
f 6250//6250 6336//6336 6388//6388
f 6271//6271 6250//6250 6388//6388
f 5775//5775 5774//5774 6271//6271
f 6388//6388 6403//6403 6362//6362
f 6388//6388 6362//6362 6205//6205
f 6388//6388 6205//6205 6204//6204
f 6200//6200 5775//5775 6271//6271
f 6201//6201 6200//6200 6271//6271
f 6204//6204 5785//5785 5784//5784
f 6204//6204 5784//5784 6258//6258
f 6201//6201 6271//6271 6388//6388
f 6388//6388 6204//6204 6258//6258
f 6388//6388 6258//6258 6274//6274
f 6296//6296 6201//6201 6388//6388
f 6331//6331 6296//6296 6388//6388
f 6388//6388 6274//6274 6286//6286
f 6321//6321 6331//6331 6388//6388
f 6321//6321 6388//6388 6286//6286
f 6321//6321 6286//6286 6252//6252
f 6252//6252 5776//5776 6321//6321
f 6289//6289 6329//6329 6370//6370
f 6356//6356 6404//6404 6357//6357
f 6426//6426 6406//6406 6405//6405
f 6410//6410 6411//6411 6412//6412
f 6409//6409 6410//6410 6412//6412
f 6409//6409 6412//6412 6413//6413
f 6414//6414 6409//6409 6413//6413
f 6414//6414 6413//6413 6419//6419
f 6417//6417 6415//6415 6416//6416
f 6417//6417 6416//6416 6418//6418
f 6419//6419 6417//6417 6418//6418
f 6419//6419 6418//6418 6439//6439
f 6423//6423 6471//6471 6192//6192
f 6423//6423 6192//6192 6340//6340
f 6423//6423 6340//6340 6314//6314
f 6422//6422 6423//6423 6314//6314
f 6421//6421 6422//6422 6314//6314
f 6411//6411 6410//6410 6424//6424
f 6425//6425 6411//6411 6424//6424
f 6425//6425 6424//6424 6426//6426
f 6427//6427 6425//6425 6426//6426
f 6248//6248 6062//6062 6063//6063
f 6248//6248 6063//6063 6242//6242
f 6248//6248 6242//6242 6241//6241
f 6303//6303 6248//6248 6241//6241
f 6303//6303 6241//6241 6191//6191
f 6191//6191 6036//6036 6035//6035
f 6191//6191 6035//6035 6190//6190
f 6303//6303 6191//6191 6190//6190
f 6314//6314 6303//6303 6190//6190
f 6314//6314 6190//6190 6179//6179
f 6421//6421 6314//6314 6179//6179
f 6420//6420 6421//6421 6179//6179
f 6174//6174 6428//6428 6429//6429
f 6435//6435 6436//6436 6437//6437
f 6179//6179 6174//6174 6429//6429
f 6420//6420 6179//6179 6429//6429
f 6434//6434 6435//6435 6437//6437
f 6420//6420 6429//6429 6430//6430
f 6438//6438 6420//6420 6430//6430
f 6439//6439 6438//6438 6430//6430
f 6419//6419 6439//6439 6430//6430
f 6419//6419 6430//6430 6431//6431
f 6414//6414 6419//6419 6431//6431
f 6434//6434 6437//6437 6440//6440
f 6414//6414 6431//6431 6432//6432
f 6444//6444 6236//6236 6325//6325
f 6442//6442 6443//6443 6444//6444
f 6442//6442 6444//6444 6325//6325
f 6442//6442 6325//6325 6218//6218
f 6218//6218 6233//6233 6445//6445
f 6218//6218 6445//6445 6446//6446
f 6218//6218 6446//6446 6447//6447
f 6442//6442 6218//6218 6447//6447
f 6448//6448 6442//6442 6447//6447
f 6448//6448 6447//6447 6449//6449
f 6448//6448 6449//6449 6450//6450
f 6448//6448 6450//6450 6451//6451
f 6441//6441 6448//6448 6451//6451
f 6441//6441 6451//6451 6452//6452
f 6440//6440 6441//6441 6452//6452
f 6434//6434 6440//6440 6452//6452
f 6434//6434 6452//6452 6453//6453
f 6434//6434 6453//6453 6454//6454
f 6455//6455 6414//6414 6432//6432
f 6433//6433 6434//6434 6454//6454
f 6433//6433 6454//6454 6456//6456
f 6455//6455 6432//6432 6433//6433
f 6457//6457 6455//6455 6433//6433
f 6433//6433 6456//6456 6458//6458
f 6433//6433 6458//6458 6459//6459
f 6460//6460 6457//6457 6433//6433
f 6433//6433 6459//6459 6461//6461
f 6433//6433 6461//6461 6462//6462
f 6433//6433 6462//6462 6463//6463
f 6408//6408 6460//6460 6433//6433
f 6433//6433 6463//6463 6464//6464
f 6408//6408 6433//6433 6464//6464
f 6464//6464 6233//6233 6234//6234
f 6407//6407 6408//6408 6464//6464
f 6464//6464 6234//6234 6294//6294
f 6405//6405 6407//6407 6464//6464
f 6427//6427 6426//6426 6405//6405
f 6469//6469 6427//6427 6405//6405
f 6464//6464 6294//6294 6334//6334
f 6464//6464 6334//6334 6194//6194
f 6416//6416 6415//6415 6465//6465
f 6466//6466 6416//6416 6465//6465
f 6466//6466 6465//6465 6467//6467
f 6468//6468 6466//6466 6467//6467
f 6468//6468 6467//6467 6469//6469
f 6470//6470 6468//6468 6469//6469
f 6471//6471 6470//6470 6469//6469
f 6216//6216 6471//6471 6469//6469
f 6282//6282 6216//6216 6469//6469
f 6464//6464 6194//6194 6193//6193
f 6282//6282 6469//6469 6405//6405
f 6464//6464 6193//6193 6259//6259
f 6268//6268 6282//6282 6405//6405
f 6405//6405 6464//6464 6259//6259
f 6265//6265 6268//6268 6405//6405
f 6316//6316 5899//5899 5898//5898
f 6316//6316 5898//5898 6196//6196
f 6259//6259 6316//6316 6196//6196
f 6259//6259 6196//6196 6261//6261
f 6288//6288 6265//6265 6405//6405
f 6063//6063 6062//6062 6299//6299
f 6298//6298 6063//6063 6299//6299
f 6298//6298 6299//6299 6288//6288
f 6264//6264 6298//6298 6288//6288
f 6405//6405 6259//6259 6261//6261
f 6405//6405 6261//6261 6326//6326
f 6264//6264 6288//6288 6405//6405
f 6227//6227 6264//6264 6405//6405
f 5942//5942 5941//5941 6262//6262
f 6339//6339 5942//5942 6262//6262
f 6339//6339 6262//6262 6283//6283
f 6326//6326 6339//6339 6283//6283
f 6326//6326 6283//6283 6318//6318
f 6272//6272 6037//6037 6328//6328
f 6263//6263 6272//6272 6328//6328
f 6263//6263 6328//6328 6227//6227
f 6202//6202 6263//6263 6227//6227
f 6202//6202 6227//6227 6405//6405
f 6327//6327 6202//6202 6405//6405
f 6405//6405 6326//6326 6318//6318
f 6405//6405 6318//6318 6301//6301
f 6198//6198 6284//6284 6197//6197
f 6199//6199 6198//6198 6197//6197
f 6199//6199 6197//6197 6307//6307
f 6301//6301 6199//6199 6307//6307
f 6226//6226 6251//6251 6308//6308
f 6226//6226 6308//6308 6322//6322
f 6225//6225 6226//6226 6322//6322
f 6225//6225 6322//6322 6327//6327
f 6225//6225 6327//6327 6405//6405
f 6405//6405 6301//6301 6307//6307
f 6307//6307 6225//6225 6405//6405
f 6464//6464 6445//6445 6233//6233
f 6216//6216 6192//6192 6471//6471
f 6474//6474 6475//6475 6473//6473
f 6474//6474 6473//6473 6472//6472
f 6478//6478 6476//6476 6477//6477
f 6478//6478 6477//6477 6479//6479
f 6480//6480 6481//6481 6478//6478
f 6479//6479 6480//6480 6478//6478
f 6482//6482 6472//6472 6473//6473
f 6482//6482 6473//6473 6483//6483
f 6546//6546 6547//6547 6487//6487
f 6435//6435 6546//6546 6487//6487
f 6487//6487 6488//6488 6485//6485
f 6436//6436 6435//6435 6487//6487
f 6484//6484 6497//6497 6489//6489
f 6490//6490 6484//6484 6489//6489
f 6491//6491 6490//6490 6489//6489
f 6491//6491 6489//6489 6492//6492
f 6493//6493 6491//6491 6492//6492
f 6494//6494 6495//6495 6257//6257
f 6257//6257 6236//6236 6444//6444
f 6496//6496 6497//6497 6484//6484
f 6496//6496 6484//6484 6498//6498
f 6444//6444 6496//6496 6498//6498
f 6444//6444 6498//6498 6499//6499
f 6257//6257 6444//6444 6499//6499
f 6494//6494 6257//6257 6499//6499
f 6494//6494 6499//6499 6500//6500
f 6494//6494 6500//6500 6501//6501
f 6494//6494 6501//6501 6502//6502
f 6503//6503 6494//6494 6502//6502
f 6503//6503 6502//6502 6504//6504
f 6486//6486 6503//6503 6504//6504
f 6485//6485 6486//6486 6504//6504
f 6485//6485 6504//6504 6505//6505
f 6487//6487 6485//6485 6505//6505
f 6493//6493 6492//6492 6436//6436
f 6505//6505 6493//6493 6436//6436
f 6505//6505 6436//6436 6487//6487
f 6506//6506 5812//5812 5811//5811
f 5815//5815 5816//5816 6507//6507
f 6506//6506 5811//5811 5796//5796
f 5795//5795 5815//5815 6507//6507
f 6508//6508 6506//6506 5796//5796
f 5795//5795 6507//6507 6509//6509
f 6510//6510 6508//6508 5796//5796
f 5795//5795 6509//6509 6511//6511
f 6512//6512 6510//6510 5796//5796
f 5795//5795 6511//6511 6513//6513
f 6512//6512 5796//5796 5795//5795
f 5795//5795 6513//6513 6512//6512
f 6514//6514 6515//6515 6516//6516
f 6517//6517 6518//6518 6345//6345
f 6520//6520 6519//6519 6341//6341
f 6520//6520 6341//6341 6359//6359
f 6359//6359 6521//6521 6520//6520
f 6361//6361 6521//6521 6359//6359
f 6361//6361 6522//6522 6521//6521
f 6360//6360 6522//6522 6361//6361
f 6360//6360 6523//6523 6522//6522
f 6358//6358 6523//6523 6360//6360
f 6358//6358 6524//6524 6523//6523
f 6342//6342 6524//6524 6358//6358
f 6342//6342 6525//6525 6524//6524
f 6343//6343 6525//6525 6342//6342
f 6343//6343 6526//6526 6525//6525
f 6348//6348 6526//6526 6343//6343
f 6348//6348 6527//6527 6526//6526
f 6350//6350 6527//6527 6348//6348
f 6350//6350 6528//6528 6527//6527
f 6352//6352 6528//6528 6350//6350
f 6352//6352 6529//6529 6528//6528
f 6353//6353 6529//6529 6352//6352
f 6353//6353 6530//6530 6529//6529
f 6351//6351 6530//6530 6353//6353
f 6351//6351 6531//6531 6530//6530
f 6349//6349 6531//6531 6351//6351
f 6518//6518 6531//6531 6349//6349
f 6518//6518 6349//6349 6347//6347
f 6518//6518 6347//6347 6345//6345
f 6519//6519 6517//6517 6341//6341
f 6517//6517 6345//6345 6341//6341
f 6517//6517 6519//6519 6532//6532
f 6519//6519 6533//6533 6532//6532
f 6519//6519 6520//6520 6533//6533
f 6520//6520 6521//6521 6533//6533
f 6521//6521 6534//6534 6533//6533
f 6521//6521 6522//6522 6534//6534
f 6522//6522 6523//6523 6534//6534
f 6523//6523 6535//6535 6534//6534
f 6523//6523 6524//6524 6535//6535
f 6524//6524 6525//6525 6535//6535
f 6525//6525 6536//6536 6535//6535
f 6525//6525 6526//6526 6536//6536
f 6526//6526 6527//6527 6536//6536
f 6527//6527 6537//6537 6536//6536
f 6527//6527 6528//6528 6537//6537
f 6528//6528 6529//6529 6537//6537
f 6529//6529 6538//6538 6537//6537
f 6529//6529 6530//6530 6538//6538
f 6530//6530 6531//6531 6538//6538
f 6531//6531 6539//6539 6538//6538
f 6531//6531 6518//6518 6539//6539
f 6518//6518 6532//6532 6539//6539
f 6518//6518 6517//6517 6532//6532
f 6539//6539 6532//6532 6533//6533
f 6533//6533 6534//6534 6535//6535
f 6535//6535 6536//6536 6537//6537
f 6537//6537 6538//6538 6539//6539
f 6539//6539 6533//6533 6535//6535
f 6535//6535 6537//6537 6539//6539
f 6344//6344 6346//6346 6475//6475
f 6344//6344 6475//6475 6474//6474
f 6542//6542 6543//6543 6544//6544
f 6542//6542 6544//6544 6545//6545
f 6546//6546 6542//6542 6545//6545
f 6546//6546 6545//6545 6547//6547
f 6548//6548 6549//6549 6541//6541
f 6548//6548 6541//6541 6540//6540
f 5799//5799 5798//5798 6550//6550
f 6544//6544 6543//6543 6540//6540
f 6544//6544 6540//6540 6541//6541
f 5799//5799 6550//6550 6551//6551
f 6549//6549 6548//6548 6481//6481
f 6549//6549 6481//6481 6480//6480
f 5795//5795 5797//5797 6554//6554
f 6554//6554 5797//5797 6555//6555
f 6554//6554 6555//6555 6552//6552
f 6552//6552 6555//6555 6553//6553
f 6553//6553 6558//6558 6559//6559
f 6553//6553 6559//6559 6552//6552
f 6560//6560 6557//6557 6556//6556
f 6560//6560 6556//6556 6561//6561
f 6562//6562 6557//6557 6563//6563
f 6562//6562 6563//6563 6564//6564
f 6564//6564 6563//6563 5794//5794
f 6564//6564 5794//5794 5793//5793
f 5732//5732 6477//6477 6476//6476
f 5732//5732 6476//6476 6391//6391
f 5733//5733 5732//5732 6391//6391
f 6565//6565 5733//5733 6391//6391
f 6391//6391 6392//6392 6566//6566
f 6565//6565 6391//6391 6566//6566
f 6567//6567 6565//6565 6566//6566
f 6567//6567 6566//6566 6568//6568
f 6569//6569 6567//6567 6568//6568
f 6570//6570 6569//6569 6568//6568
f 6570//6570 6568//6568 6571//6571
f 6570//6570 6571//6571 6573//6573
f 5741//5741 6572//6572 6570//6570
f 6206//6206 5741//5741 6570//6570
f 6570//6570 6573//6573 6400//6400
f 6400//6400 6206//6206 6570//6570
f 6556//6556 6557//6557 6562//6562
f 5836//5836 6506//6506 5838//5838
f 5838//5838 6506//6506 6508//6508
f 5838//5838 6508//6508 5837//5837
f 5837//5837 6508//6508 6510//6510
f 6510//6510 5835//5835 5837//5837
f 6512//6512 5835//5835 6510//6510
f 6512//6512 5832//5832 5835//5835
f 6513//6513 5832//5832 6512//6512
f 6513//6513 5831//5831 5832//5832
f 6511//6511 5831//5831 6513//6513
f 6511//6511 6509//6509 5828//5828
f 6511//6511 5828//5828 5831//5831
f 6509//6509 6507//6507 5828//5828
f 6507//6507 5826//5826 5828//5828
f 6507//6507 5816//5816 5826//5826
f 5816//5816 5822//5822 5826//5826
f 5816//5816 5817//5817 5822//5822
f 5817//5817 5827//5827 5822//5822
f 5817//5817 5819//5819 5827//5827
f 5819//5819 5829//5829 5827//5827
f 5819//5819 5818//5818 5829//5829
f 5818//5818 5830//5830 5829//5829
f 5818//5818 5813//5813 5830//5830
f 5813//5813 5833//5833 5830//5830
f 5833//5833 5813//5813 5812//5812
f 5833//5833 5812//5812 5834//5834
f 5834//5834 5812//5812 5836//5836
f 5836//5836 5812//5812 6506//6506
f 6574//6574 6575//6575 6432//6432
f 6432//6432 6431//6431 6576//6576
f 6432//6432 6576//6576 6574//6574
f 6577//6577 5771//5771 6578//6578
f 6578//6578 6154//6154 6157//6157
f 6139//6139 6141//6141 6577//6577
f 6577//6577 6578//6578 6157//6157
f 6167//6167 6139//6139 6577//6577
f 6577//6577 6157//6157 6159//6159
f 6165//6165 6167//6167 6577//6577
f 6577//6577 6159//6159 6161//6161
f 6163//6163 6165//6165 6577//6577
f 6161//6161 6163//6163 6577//6577
f 6579//6579 6580//6580 6551//6551
f 6579//6579 6551//6551 6550//6550
f 6581//6581 6582//6582 5729//5729
f 6581//6581 5729//5729 5728//5728
f 6580//6580 6579//6579 6559//6559
f 6580//6580 6559//6559 6558//6558
f 6482//6482 6483//6483 6583//6583
f 6482//6482 6583//6583 6584//6584
f 5728//5728 5729//5729 6585//6585
f 5728//5728 6585//6585 6586//6586
f 6514//6514 6586//6586 6585//6585
f 6514//6514 6585//6585 6515//6515
f 6584//6584 6583//6583 5770//5770
f 6584//6584 5770//5770 5769//5769
f 6516//6516 6515//6515 6404//6404
f 6281//6281 6257//6257 6495//6495
f 6495//6495 6587//6587 6588//6588
f 6260//6260 6281//6281 6495//6495
f 6260//6260 6495//6495 6588//6588
f 6269//6269 6260//6260 6588//6588
f 5872//5872 5871//5871 6269//6269
f 6127//6127 5872//5872 6269//6269
f 6127//6127 6269//6269 6588//6588
f 6127//6127 6588//6588 6589//6589
f 6591//6591 6592//6592 6116//6116
f 6593//6593 6488//6488 6487//6487
f 6591//6591 6116//6116 6127//6127
f 6591//6591 6127//6127 6589//6589
f 6591//6591 6589//6589 6590//6590
f 6593//6593 6487//6487 6591//6591
f 6594//6594 6593//6593 6591//6591
f 6591//6591 6590//6590 6594//6594
f 5769//5769 5771//5771 6577//6577
f 6597//6597 6598//6598 6599//6599
f 6602//6602 6597//6597 6599//6599
f 6600//6600 6601//6601 6603//6603
f 6603//6603 6602//6602 6599//6599
f 6599//6599 6600//6600 6603//6603
f 6604//6604 6605//6605 6606//6606
f 6604//6604 6606//6606 6607//6607
f 6599//6599 6598//6598 6608//6608
f 6609//6609 6601//6601 6600//6600
f 6607//6607 6599//6599 6608//6608
f 6609//6609 6600//6600 6604//6604
f 6610//6610 6609//6609 6604//6604
f 6607//6607 6608//6608 6611//6611
f 6612//6612 6610//6610 6604//6604
f 6607//6607 6611//6611 6613//6613
f 6614//6614 6612//6612 6604//6604
f 6615//6615 6614//6614 6604//6604
f 6607//6607 6613//6613 6616//6616
f 6607//6607 6616//6616 6615//6615
f 6604//6604 6607//6607 6615//6615
f 6617//6617 6618//6618 6619//6619
f 6617//6617 6619//6619 6620//6620
f 6622//6622 6621//6621 6617//6617
f 6624//6624 6623//6623 6622//6622
f 6622//6622 6617//6617 6620//6620
f 6622//6622 6620//6620 6625//6625
f 6625//6625 6626//6626 6624//6624
f 6624//6624 6622//6622 6625//6625
f 6629//6629 6600//6600 6599//6599
f 6629//6629 6599//6599 6630//6630
f 6631//6631 6632//6632 6634//6634
f 6631//6631 6634//6634 6633//6633
f 6634//6634 6635//6635 6636//6636
f 6634//6634 6636//6636 6633//6633
f 6627//6627 6628//6628 6638//6638
f 6627//6627 6638//6638 6637//6637
f 6639//6639 6637//6637 6638//6638
f 6639//6639 6638//6638 6640//6640
f 6641//6641 6642//6642 6628//6628
f 6641//6641 6628//6628 6627//6627
f 6643//6643 6644//6644 6642//6642
f 6643//6643 6642//6642 6641//6641
f 6632//6632 6631//6631 6645//6645
f 6632//6632 6645//6645 6646//6646
f 6646//6646 6645//6645 6595//6595
f 6595//6595 6645//6645 6596//6596
f 6629//6629 6630//6630 6636//6636
f 6629//6629 6636//6636 6635//6635
f 6648//6648 6649//6649 6650//6650
f 6651//6651 6647//6647 6648//6648
f 6651//6651 6648//6648 6650//6650
f 6653//6653 6652//6652 6651//6651
f 6654//6654 6655//6655 6653//6653
f 6651//6651 6650//6650 6654//6654
f 6653//6653 6651//6651 6654//6654
f 6606//6606 6605//6605 6639//6639
f 6606//6606 6639//6639 6640//6640
f 6610//6610 6656//6656 6657//6657
f 6610//6610 6657//6657 6609//6609
f 6609//6609 6657//6657 6658//6658
f 6609//6609 6658//6658 6601//6601
f 6658//6658 6659//6659 6601//6601
f 6659//6659 6603//6603 6601//6601
f 6659//6659 6660//6660 6603//6603
f 6660//6660 6602//6602 6603//6603
f 6660//6660 6661//6661 6602//6602
f 6661//6661 6597//6597 6602//6602
f 6597//6597 6661//6661 6662//6662
f 6597//6597 6662//6662 6598//6598
f 6598//6598 6662//6662 6608//6608
f 6608//6608 6662//6662 6663//6663
f 6608//6608 6663//6663 6611//6611
f 6611//6611 6663//6663 6664//6664
f 6611//6611 6664//6664 6665//6665
f 6611//6611 6665//6665 6613//6613
f 6665//6665 6666//6666 6613//6613
f 6666//6666 6616//6616 6613//6613
f 6666//6666 6667//6667 6616//6616
f 6667//6667 6615//6615 6616//6616
f 6667//6667 6668//6668 6615//6615
f 6668//6668 6614//6614 6615//6615
f 6614//6614 6668//6668 6669//6669
f 6614//6614 6669//6669 6612//6612
f 6612//6612 6669//6669 6656//6656
f 6612//6612 6656//6656 6610//6610
f 6671//6671 6672//6672 6673//6673
f 6664//6664 6663//6663 6674//6674
f 6664//6664 6674//6674 6675//6675
f 6668//6668 6671//6671 6676//6676
f 6678//6678 6657//6657 6656//6656
f 6678//6678 6656//6656 6679//6679
f 6666//6666 6680//6680 6672//6672
f 6661//6661 6660//6660 6670//6670
f 6661//6661 6670//6670 6681//6681
f 6659//6659 6658//6658 6677//6677
f 6659//6659 6677//6677 6682//6682
f 6667//6667 6666//6666 6672//6672
f 6683//6683 6657//6657 6678//6678
f 6675//6675 6665//6665 6664//6664
f 6679//6679 6669//6669 6668//6668
f 6679//6679 6668//6668 6676//6676
f 6663//6663 6662//6662 6674//6674
f 6667//6667 6672//6672 6671//6671
f 6658//6658 6657//6657 6683//6683
f 6658//6658 6683//6683 6684//6684
f 6661//6661 6681//6681 6674//6674
f 6665//6665 6675//6675 6680//6680
f 6660//6660 6659//6659 6682//6682
f 6660//6660 6682//6682 6670//6670
f 6668//6668 6667//6667 6671//6671
f 6658//6658 6684//6684 6685//6685
f 6685//6685 6677//6677 6658//6658
f 6674//6674 6662//6662 6661//6661
f 6666//6666 6665//6665 6680//6680
f 6679//6679 6656//6656 6669//6669
f 6686//6686 6687//6687 6688//6688
f 6686//6686 6688//6688 6689//6689
f 6689//6689 6690//6690 6691//6691
f 6691//6691 6692//6692 6693//6693
f 6693//6693 6694//6694 6673//6673
f 6673//6673 6695//6695 6696//6696
f 6696//6696 6686//6686 6689//6689
f 6689//6689 6691//6691 6693//6693
f 6693//6693 6673//6673 6696//6696
f 6689//6689 6693//6693 6696//6696
f 6674//6674 6681//6681 6688//6688
f 6671//6671 6673//6673 6694//6694
f 6674//6674 6688//6688 6687//6687
f 6676//6676 6671//6671 6694//6694
f 6676//6676 6694//6694 6693//6693
f 6679//6679 6676//6676 6693//6693
f 6692//6692 6677//6677 6685//6685
f 6677//6677 6692//6692 6691//6691
f 6682//6682 6677//6677 6691//6691
f 6686//6686 6696//6696 6675//6675
f 6682//6682 6691//6691 6690//6690
f 6680//6680 6675//6675 6696//6696
f 6670//6670 6682//6682 6690//6690
f 6680//6680 6696//6696 6695//6695
f 6670//6670 6690//6690 6689//6689
f 6672//6672 6680//6680 6695//6695
f 6681//6681 6670//6670 6689//6689
f 6672//6672 6695//6695 6673//6673
f 6681//6681 6689//6689 6688//6688
f 6685//6685 6684//6684 6683//6683
f 6685//6685 6683//6683 6678//6678
f 6693//6693 6692//6692 6685//6685
f 6685//6685 6678//6678 6679//6679
f 6679//6679 6693//6693 6685//6685
f 6687//6687 6686//6686 6675//6675
f 6674//6674 6687//6687 6675//6675
f 6697//6697 6743//6743 6698//6698
f 6699//6699 6700//6700 6701//6701
f 6699//6699 6701//6701 6747//6747
f 6704//6704 6705//6705 6706//6706
f 6704//6704 6706//6706 6707//6707
f 6708//6708 6702//6702 6703//6703
f 6704//6704 6707//6707 6708//6708
f 6703//6703 6704//6704 6708//6708
f 6709//6709 6746//6746 6704//6704
f 6709//6709 6704//6704 6703//6703
f 6710//6710 6711//6711 6712//6712
f 6710//6710 6712//6712 6713//6713
f 6714//6714 6715//6715 6716//6716
f 6710//6710 6713//6713 6714//6714
f 6710//6710 6714//6714 6716//6716
f 6718//6718 6717//6717 6710//6710
f 6716//6716 6718//6718 6710//6710
f 6703//6703 6702//6702 6721//6721
f 6722//6722 6705//6705 6704//6704
f 6703//6703 6721//6721 6723//6723
f 6722//6722 6704//6704 6700//6700
f 6724//6724 6722//6722 6700//6700
f 6699//6699 6703//6703 6723//6723
f 6699//6699 6723//6723 6725//6725
f 6726//6726 6724//6724 6700//6700
f 6699//6699 6725//6725 6727//6727
f 6728//6728 6726//6726 6700//6700
f 6699//6699 6727//6727 6729//6729
f 6728//6728 6700//6700 6699//6699
f 6699//6699 6729//6729 6728//6728
f 6730//6730 6732//6732 6733//6733
f 6730//6730 6733//6733 6731//6731
f 6733//6733 6732//6732 6734//6734
f 6733//6733 6734//6734 6735//6735
f 6719//6719 6736//6736 6737//6737
f 6719//6719 6737//6737 6720//6720
f 6738//6738 6739//6739 6737//6737
f 6738//6738 6737//6737 6736//6736
f 6740//6740 6719//6719 6720//6720
f 6740//6740 6720//6720 6741//6741
f 6742//6742 6740//6740 6741//6741
f 6742//6742 6741//6741 6743//6743
f 6731//6731 6744//6744 6745//6745
f 6731//6731 6745//6745 6730//6730
f 6744//6744 6697//6697 6698//6698
f 6744//6744 6698//6698 6745//6745
f 6742//6742 6743//6743 6697//6697
f 6643//6643 6595//6595 6596//6596
f 6643//6643 6596//6596 6644//6644
f 6709//6709 6735//6735 6734//6734
f 6709//6709 6734//6734 6746//6746
f 6701//6701 6739//6739 6738//6738
f 6701//6701 6738//6738 6747//6747
f 6723//6723 6721//6721 6748//6748
f 6723//6723 6748//6748 6749//6749
f 6721//6721 6702//6702 6750//6750
f 6721//6721 6750//6750 6748//6748
f 6750//6750 6702//6702 6751//6751
f 6751//6751 6702//6702 6708//6708
f 6751//6751 6708//6708 6752//6752
f 6752//6752 6708//6708 6707//6707
f 6752//6752 6707//6707 6753//6753
f 6753//6753 6707//6707 6706//6706
f 6706//6706 6705//6705 6754//6754
f 6706//6706 6754//6754 6753//6753
f 6705//6705 6722//6722 6754//6754
f 6722//6722 6755//6755 6754//6754
f 6722//6722 6724//6724 6755//6755
f 6724//6724 6756//6756 6755//6755
f 6724//6724 6726//6726 6757//6757
f 6724//6724 6757//6757 6756//6756
f 6757//6757 6726//6726 6758//6758
f 6758//6758 6726//6726 6728//6728
f 6758//6758 6728//6728 6759//6759
f 6759//6759 6728//6728 6729//6729
f 6759//6759 6729//6729 6760//6760
f 6760//6760 6729//6729 6727//6727
f 6727//6727 6725//6725 6761//6761
f 6727//6727 6761//6761 6760//6760
f 6725//6725 6723//6723 6749//6749
f 6725//6725 6749//6749 6761//6761
f 6763//6763 6764//6764 6765//6765
f 6756//6756 6766//6766 6755//6755
f 6760//6760 6767//6767 6763//6763
f 6770//6770 6771//6771 6749//6749
f 6770//6770 6749//6749 6748//6748
f 6771//6771 6773//6773 6749//6749
f 6753//6753 6774//6774 6762//6762
f 6753//6753 6762//6762 6752//6752
f 6751//6751 6775//6775 6768//6768
f 6751//6751 6768//6768 6750//6750
f 6766//6766 6769//6769 6754//6754
f 6759//6759 6765//6765 6772//6772
f 6759//6759 6772//6772 6758//6758
f 6776//6776 6770//6770 6748//6748
f 6756//6756 6757//6757 6777//6777
f 6756//6756 6777//6777 6766//6766
f 6778//6778 6779//6779 6767//6767
f 6767//6767 6760//6760 6761//6761
f 6767//6767 6761//6761 6778//6778
f 6755//6755 6766//6766 6754//6754
f 6759//6759 6763//6763 6765//6765
f 6750//6750 6780//6780 6776//6776
f 6750//6750 6776//6776 6748//6748
f 6753//6753 6769//6769 6774//6774
f 6781//6781 6778//6778 6761//6761
f 6752//6752 6762//6762 6775//6775
f 6752//6752 6775//6775 6751//6751
f 6760//6760 6763//6763 6759//6759
f 6782//6782 6780//6780 6750//6750
f 6750//6750 6768//6768 6782//6782
f 6769//6769 6753//6753 6754//6754
f 6758//6758 6772//6772 6777//6777
f 6758//6758 6777//6777 6757//6757
f 6773//6773 6781//6781 6761//6761
f 6773//6773 6761//6761 6749//6749
f 6786//6786 6787//6787 6788//6788
f 6783//6783 6784//6784 6785//6785
f 6785//6785 6786//6786 6788//6788
f 6788//6788 6789//6789 6790//6790
f 6790//6790 6791//6791 6792//6792
f 6792//6792 6764//6764 6793//6793
f 6793//6793 6783//6783 6785//6785
f 6785//6785 6788//6788 6790//6790
f 6790//6790 6792//6792 6793//6793
f 6785//6785 6790//6790 6793//6793
f 6769//6769 6789//6789 6788//6788
f 6769//6769 6788//6788 6774//6774
f 6763//6763 6793//6793 6764//6764
f 6767//6767 6793//6793 6763//6763
f 6767//6767 6783//6783 6793//6793
f 6779//6779 6783//6783 6767//6767
f 6784//6784 6782//6782 6768//6768
f 6768//6768 6785//6785 6784//6784
f 6775//6775 6785//6785 6768//6768
f 6790//6790 6766//6766 6777//6777
f 6790//6790 6777//6777 6791//6791
f 6775//6775 6786//6786 6785//6785
f 6762//6762 6786//6786 6775//6775
f 6772//6772 6792//6792 6791//6791
f 6772//6772 6791//6791 6777//6777
f 6762//6762 6787//6787 6786//6786
f 6774//6774 6788//6788 6787//6787
f 6774//6774 6787//6787 6762//6762
f 6765//6765 6764//6764 6792//6792
f 6765//6765 6792//6792 6772//6772
f 6779//6779 6778//6778 6781//6781
f 6773//6773 6771//6771 6770//6770
f 6779//6779 6781//6781 6773//6773
f 6784//6784 6783//6783 6779//6779
f 6780//6780 6782//6782 6784//6784
f 6770//6770 6776//6776 6780//6780
f 6779//6779 6773//6773 6770//6770
f 6780//6780 6784//6784 6779//6779
f 6770//6770 6780//6780 6779//6779
f 6790//6790 6789//6789 6769//6769
f 6766//6766 6790//6790 6769//6769
f 6794//6794 6795//6795 6796//6796
f 6794//6794 6796//6796 6797//6797
f 6798//6798 6796//6796 6799//6799
f 6798//6798 6799//6799 6800//6800
f 6798//6798 6800//6800 6801//6801
f 6801//6801 6800//6800 6795//6795
f 6801//6801 6795//6795 6794//6794
f 6798//6798 6801//6801 6802//6802
f 6798//6798 6802//6802 6803//6803
f 6796//6796 6795//6795 6800//6800
f 6799//6799 6796//6796 6800//6800
f 6797//6797 6796//6796 6798//6798
f 6578//6578 5798//5798 5803//5803
f 6153//6153 6154//6154 6578//6578
f 6578//6578 5803//5803 6107//6107
f 6153//6153 6578//6578 6107//6107
f 6153//6153 6107//6107 6105//6105
f 6151//6151 6153//6153 6105//6105
f 6151//6151 6105//6105 6103//6103
f 6149//6149 6151//6151 6103//6103
f 6149//6149 6103//6103 6101//6101
f 6147//6147 6149//6149 6101//6101
f 6147//6147 6101//6101 6099//6099
f 6145//6145 6147//6147 6099//6099
f 6145//6145 6099//6099 6097//6097
f 6145//6145 6097//6097 6094//6094
f 6143//6143 6145//6145 6094//6094
f 6094//6094 5801//5801 5800//5800
f 6094//6094 5800//5800 6141//6141
f 6141//6141 6143//6143 6094//6094
f 5734//5734 5735//5735 6123//6123
f 6177//6177 6385//6385 5734//5734
f 6172//6172 6177//6177 5734//5734
f 6133//6133 5781//5781 6293//6293
f 6133//6133 6293//6293 6292//6292
f 6133//6133 6292//6292 6330//6330
f 6133//6133 6330//6330 6306//6306
f 6306//6306 6222//6222 5779//5779
f 6306//6306 5779//5779 6213//6213
f 6133//6133 6306//6306 6213//6213
f 6123//6123 6133//6133 6213//6213
f 5789//5789 5788//5788 6172//6172
f 6209//6209 5789//5789 6172//6172
f 6172//6172 5734//5734 6123//6123
f 6123//6123 6213//6213 6279//6279
f 6220//6220 6209//6209 6172//6172
f 6123//6123 6279//6279 6280//6280
f 6123//6123 6280//6280 6231//6231
f 6235//6235 6220//6220 6172//6172
f 6172//6172 6123//6123 6231//6231
f 6172//6172 6231//6231 6214//6214
f 5778//5778 5777//5777 6335//6335
f 6219//6219 5778//5778 6335//6335
f 6219//6219 6335//6335 6235//6235
f 6212//6212 6219//6219 6235//6235
f 5773//5773 5772//5772 6304//6304
f 6212//6212 6235//6235 6172//6172
f 6214//6214 5773//5773 6304//6304
f 6195//6195 6212//6212 6172//6172
f 6214//6214 6304//6304 6315//6315
f 6172//6172 6214//6214 6315//6315
f 6172//6172 6315//6315 6232//6232
f 6195//6195 6172//6172 6232//6232
f 6240//6240 6195//6195 6232//6232
f 6240//6240 6232//6232 6217//6217
f 6256//6256 6240//6240 6217//6217
f 6256//6256 6217//6217 6215//6215
f 5973//5973 6337//6337 6311//6311
f 6333//6333 5973//5973 6311//6311
f 6333//6333 6311//6311 6276//6276
f 6338//6338 6333//6333 6276//6276
f 6804//6804 6210//6210 6338//6338
f 6276//6276 6273//6273 6805//6805
f 6805//6805 6804//6804 6338//6338
f 6276//6276 6805//6805 6338//6338
f 5874//5874 5873//5873 6138//6138
f 6295//6295 5874//5874 6138//6138
f 6238//6238 6295//6295 6138//6138
f 6239//6239 6238//6238 6138//6138
f 5898//5898 5899//5899 6239//6239
f 6291//6291 5898//5898 6239//6239
f 6291//6291 6239//6239 6138//6138
f 6291//6291 6138//6138 6129//6129
f 6297//6297 6291//6291 6129//6129
f 6305//6305 6297//6297 6129//6129
f 6203//6203 6305//6305 6129//6129
f 6428//6428 6174//6174 6181//6181
f 6129//6129 6116//6116 6592//6592
f 6181//6181 6035//6035 6034//6034
f 6181//6181 6034//6034 6313//6313
f 6203//6203 6129//6129 6592//6592
f 5943//5943 6287//6287 6228//6228
f 6323//6323 5943//5943 6228//6228
f 6323//6323 6228//6228 6203//6203
f 6273//6273 6323//6323 6203//6203
f 6181//6181 6313//6313 6278//6278
f 6428//6428 6181//6181 6278//6278
f 6805//6805 6273//6273 6203//6203
f 6428//6428 6278//6278 6255//6255
f 6805//6805 6203//6203 6592//6592
f 6247//6247 6018//6018 6017//6017
f 6247//6247 6017//6017 6267//6267
f 6255//6255 6247//6247 6267//6267
f 6255//6255 6267//6267 6210//6210
f 6428//6428 6255//6255 6210//6210
f 6806//6806 6805//6805 6592//6592
f 6428//6428 6210//6210 6804//6804
f 6807//6807 6806//6806 6592//6592
f 6428//6428 6804//6804 6808//6808
f 6809//6809 6807//6807 6592//6592
f 6428//6428 6808//6808 6810//6810
f 6811//6811 6809//6809 6592//6592
f 6811//6811 6592//6592 6428//6428
f 6428//6428 6810//6810 6811//6811
f 6560//6560 6561//6561 6582//6582
f 6560//6560 6582//6582 6581//6581
f 6404//6404 6356//6356 6516//6516
f 6564//6564 5793//5793 6542//6542
f 6475//6475 6346//6346 6574//6574
f 6475//6475 6574//6574 6576//6576
f 6563//6563 6476//6476 6478//6478
f 6575//6575 6355//6355 6357//6357
f 6575//6575 6574//6574 6346//6346
f 6575//6575 6346//6346 6355//6355
f 5820//5820 5823//5823 6548//6548
f 5820//5820 6548//6548 6540//6540
f 6356//6356 6813//6813 6389//6389
f 6474//6474 6472//6472 6387//6387
f 6474//6474 6387//6387 6812//6812
f 6563//6563 6557//6557 6476//6476
f 6540//6540 6543//6543 5821//5821
f 6540//6540 5821//5821 5820//5820
f 5797//5797 5796//5796 6479//6479
f 5811//5811 5810//5810 6549//6549
f 5811//5811 6549//6549 6480//6480
f 6480//6480 6479//6479 5796//5796
f 6480//6480 5796//5796 5811//5811
f 6481//6481 6548//6548 5825//5825
f 6481//6481 5825//5825 5824//5824
f 6543//6543 6542//6542 5793//5793
f 6543//6543 5793//5793 5821//5821
f 5824//5824 5794//5794 6478//6478
f 5824//5824 6478//6478 6481//6481
f 6556//6556 6562//6562 6546//6546
f 5815//5815 5795//5795 6545//6545
f 5815//5815 6545//6545 6544//6544
f 5795//5795 6554//6554 6545//6545
f 6356//6356 6354//6354 6813//6813
f 6354//6354 6344//6344 6814//6814
f 6354//6354 6814//6814 6813//6813
f 6544//6544 6541//6541 5814//5814
f 6544//6544 5814//5814 5815//5815
f 6554//6554 6547//6547 6545//6545
f 6553//6553 6555//6555 6477//6477
f 6562//6562 6564//6564 6542//6542
f 6562//6562 6542//6542 6546//6546
f 6548//6548 5823//5823 5825//5825
f 6554//6554 6552//6552 6547//6547
f 6473//6473 6475//6475 6576//6576
f 6473//6473 6576//6576 6431//6431
f 6541//6541 6549//6549 5810//5810
f 6541//6541 5810//5810 5814//5814
f 6555//6555 5797//5797 6479//6479
f 6555//6555 6479//6479 6477//6477
f 5794//5794 6563//6563 6478//6478
f 6432//6432 6575//6575 6357//6357
f 6432//6432 6357//6357 6404//6404
f 6344//6344 6474//6474 6812//6812
f 6344//6344 6812//6812 6814//6814
f 6591//6591 6550//6550 5798//5798
f 6592//6592 6591//6591 5798//5798
f 5799//5799 6551//6551 5734//5734
f 6580//6580 6558//6558 5732//5732
f 6385//6385 5769//5769 6577//6577
f 6560//6560 6581//6581 6391//6391
f 6559//6559 6579//6579 6487//6487
f 5771//5771 5770//5770 6429//6429
f 6582//6582 6561//6561 6435//6435
f 6390//6390 5728//5728 6586//6586
f 6434//6434 6585//6585 5729//5729
f 6386//6386 6482//6482 6584//6584
f 6430//6430 6583//6583 6483//6483
f 6388//6388 6514//6514 6516//6516
f 6433//6433 6404//6404 6515//6515
f 6581//6581 5728//5728 6390//6390
f 6581//6581 6390//6390 6391//6391
f 6586//6586 6514//6514 6388//6388
f 6586//6586 6388//6388 6390//6390
f 6516//6516 6356//6356 6389//6389
f 6516//6516 6389//6389 6388//6388
f 6472//6472 6482//6482 6386//6386
f 6472//6472 6386//6386 6387//6387
f 6584//6584 5769//5769 6385//6385
f 6584//6584 6385//6385 6386//6386
f 5800//5800 5799//5799 5734//5734
f 6551//6551 6580//6580 5732//5732
f 6551//6551 5732//5732 5734//5734
f 6591//6591 6487//6487 6579//6579
f 6591//6591 6579//6579 6550//6550
f 6558//6558 6553//6553 6477//6477
f 6558//6558 6477//6477 5732//5732
f 6557//6557 6560//6560 6391//6391
f 6557//6557 6391//6391 6476//6476
f 6487//6487 6547//6547 6552//6552
f 6487//6487 6552//6552 6559//6559
f 6431//6431 6430//6430 6483//6483
f 6431//6431 6483//6483 6473//6473
f 6430//6430 6429//6429 5770//5770
f 6430//6430 5770//5770 6583//6583
f 6435//6435 6434//6434 5729//5729
f 6435//6435 5729//5729 6582//6582
f 6546//6546 6435//6435 6561//6561
f 6546//6546 6561//6561 6556//6556
f 6434//6434 6433//6433 6515//6515
f 6434//6434 6515//6515 6585//6585
f 6433//6433 6432//6432 6404//6404
f 6428//6428 6592//6592 5798//5798
f 6428//6428 5798//5798 6578//6578
f 6429//6429 6428//6428 6578//6578
f 6429//6429 6578//6578 5771//5771
f 6577//6577 6141//6141 6385//6385
f 6141//6141 5800//5800 5734//5734
f 6141//6141 5734//5734 6385//6385
f 6389//6389 6813//6813 6814//6814
f 6812//6812 6387//6387 6389//6389
f 6389//6389 6814//6814 6812//6812
f 6459//6459 6815//6815 6816//6816
f 6818//6818 6819//6819 6450//6450
f 6818//6818 6450//6450 6449//6449
f 6464//6464 6822//6822 6823//6823
f 6456//6456 6824//6824 6825//6825
f 6447//6447 6837//6837 6826//6826
f 6462//6462 6820//6820 6827//6827
f 6821//6821 6828//6828 6452//6452
f 6823//6823 6445//6445 6464//6464
f 6825//6825 6458//6458 6456//6456
f 6826//6826 6829//6829 6447//6447
f 6816//6816 6830//6830 6459//6459
f 6450//6450 6819//6819 6451//6451
f 6462//6462 6827//6827 6463//6463
f 6828//6828 6453//6453 6452//6452
f 6823//6823 6831//6831 6445//6445
f 6830//6830 6461//6461 6459//6459
f 6451//6451 6819//6819 6832//6832
f 6463//6463 6827//6827 6833//6833
f 6828//6828 6834//6834 6453//6453
f 6445//6445 6831//6831 6446//6446
f 6458//6458 6825//6825 6835//6835
f 6829//6829 6836//6836 6449//6449
f 6829//6829 6449//6449 6447//6447
f 6453//6453 6834//6834 6454//6454
f 6446//6446 6831//6831 6837//6837
f 6830//6830 6820//6820 6461//6461
f 6851//6851 6846//6846 6844//6844
f 6854//6854 6851//6851 6844//6844
f 6844//6844 6841//6841 6867//6867
f 6867//6867 6864//6864 6860//6860
f 6860//6860 6854//6854 6844//6844
f 6844//6844 6867//6867 6860//6860
f 6463//6463 6833//6833 6822//6822
f 6834//6834 6817//6817 6454//6454
f 6458//6458 6835//6835 6815//6815
f 6836//6836 6818//6818 6449//6449
f 6832//6832 6821//6821 6451//6451
f 6458//6458 6815//6815 6459//6459
f 6461//6461 6820//6820 6462//6462
f 6821//6821 6452//6452 6451//6451
f 6463//6463 6822//6822 6464//6464
f 6454//6454 6817//6817 6824//6824
f 6454//6454 6824//6824 6456//6456
f 6446//6446 6837//6837 6447//6447
f 6839//6839 6867//6867 6841//6841
f 6817//6817 6838//6838 6824//6824
f 6838//6838 6840//6840 6824//6824
f 6838//6838 6839//6839 6841//6841
f 6838//6838 6841//6841 6840//6840
f 6824//6824 6840//6840 6825//6825
f 6825//6825 6840//6840 6842//6842
f 6825//6825 6842//6842 6835//6835
f 6840//6840 6841//6841 6842//6842
f 6841//6841 6843//6843 6842//6842
f 6843//6843 6841//6841 6844//6844
f 6835//6835 6842//6842 6815//6815
f 6815//6815 6842//6842 6845//6845
f 6815//6815 6845//6845 6816//6816
f 6842//6842 6843//6843 6845//6845
f 6843//6843 6844//6844 6845//6845
f 6845//6845 6844//6844 6846//6846
f 6816//6816 6845//6845 6847//6847
f 6816//6816 6847//6847 6830//6830
f 6845//6845 6848//6848 6847//6847
f 6845//6845 6846//6846 6848//6848
f 6830//6830 6847//6847 6820//6820
f 6820//6820 6847//6847 6849//6849
f 6847//6847 6848//6848 6849//6849
f 6848//6848 6846//6846 6851//6851
f 6820//6820 6849//6849 6827//6827
f 6827//6827 6849//6849 6850//6850
f 6849//6849 6848//6848 6850//6850
f 6850//6850 6848//6848 6851//6851
f 6827//6827 6850//6850 6833//6833
f 6850//6850 6851//6851 6852//6852
f 6833//6833 6850//6850 6852//6852
f 6833//6833 6852//6852 6822//6822
f 6851//6851 6854//6854 6852//6852
f 6822//6822 6852//6852 6853//6853
f 6822//6822 6853//6853 6823//6823
f 6852//6852 6854//6854 6853//6853
f 6853//6853 6854//6854 6855//6855
f 6823//6823 6853//6853 6831//6831
f 6853//6853 6855//6855 6831//6831
f 6855//6855 6854//6854 6857//6857
f 6854//6854 6856//6856 6857//6857
f 6831//6831 6855//6855 6837//6837
f 6837//6837 6855//6855 6858//6858
f 6855//6855 6857//6857 6858//6858
f 6856//6856 6854//6854 6860//6860
f 6837//6837 6858//6858 6826//6826
f 6858//6858 6857//6857 6826//6826
f 6826//6826 6857//6857 6856//6856
f 6826//6826 6856//6856 6859//6859
f 6826//6826 6859//6859 6829//6829
f 6859//6859 6856//6856 6860//6860
f 6829//6829 6859//6859 6836//6836
f 6836//6836 6859//6859 6861//6861
f 6859//6859 6860//6860 6861//6861
f 6836//6836 6861//6861 6818//6818
f 6818//6818 6861//6861 6819//6819
f 6861//6861 6860//6860 6862//6862
f 6861//6861 6862//6862 6863//6863
f 6862//6862 6860//6860 6864//6864
f 6819//6819 6861//6861 6863//6863
f 6819//6819 6863//6863 6832//6832
f 6863//6863 6862//6862 6864//6864
f 6832//6832 6863//6863 6821//6821
f 6863//6863 6864//6864 6865//6865
f 6821//6821 6863//6863 6865//6865
f 6821//6821 6865//6865 6828//6828
f 6865//6865 6866//6866 6828//6828
f 6865//6865 6864//6864 6866//6866
f 6866//6866 6864//6864 6867//6867
f 6828//6828 6866//6866 6834//6834
f 6834//6834 6866//6866 6838//6838
f 6866//6866 6867//6867 6838//6838
f 6834//6834 6838//6838 6817//6817
f 6838//6838 6867//6867 6839//6839
f 6868//6868 6982//6982 6869//6869
f 6869//6869 6870//6870 6871//6871
f 6871//6871 6996//6996 6868//6868
f 6869//6869 6871//6871 6868//6868
f 6872//6872 6873//6873 6486//6486
f 6874//6874 6875//6875 6448//6448
f 6874//6874 6448//6448 6441//6441
f 6876//6876 6877//6877 6489//6489
f 6876//6876 6489//6489 6497//6497
f 6437//6437 6878//6878 6879//6879
f 6437//6437 6879//6879 6440//6440
f 6587//6587 6997//6997 6880//6880
f 6587//6587 6880//6880 6588//6588
f 6497//6497 6881//6881 6876//6876
f 6486//6486 6873//6873 6882//6882
f 6486//6486 6882//6882 6503//6503
f 6996//6996 6871//6871 6485//6485
f 6996//6996 6485//6485 6488//6488
f 6492//6492 6986//6986 6998//6998
f 6492//6492 6998//6998 6436//6436
f 6883//6883 6422//6422 6421//6421
f 6444//6444 6884//6884 6885//6885
f 6885//6885 6496//6496 6444//6444
f 6880//6880 6997//6997 6886//6886
f 6886//6886 6980//6980 6887//6887
f 6886//6886 6887//6887 6880//6880
f 6470//6470 7001//7001 6888//6888
f 6470//6470 6888//6888 6468//6468
f 6980//6980 6886//6886 6593//6593
f 6980//6980 6593//6593 6594//6594
f 6998//6998 6986//6986 6889//6889
f 6889//6889 6890//6890 6885//6885
f 6885//6885 6884//6884 6998//6998
f 6889//6889 6885//6885 6998//6998
f 6442//6442 6984//6984 6999//6999
f 6442//6442 6999//6999 6443//6443
f 6879//6879 6878//6878 6999//6999
f 6999//6999 6984//6984 6875//6875
f 6879//6879 6999//6999 6875//6875
f 6875//6875 6874//6874 6879//6879
f 6892//6892 6484//6484 6490//6490
f 6504//6504 6906//6906 6897//6897
f 6498//6498 6891//6891 6499//6499
f 6505//6505 6893//6893 6493//6493
f 6905//6905 6898//6898 6491//6491
f 6500//6500 6894//6894 6899//6899
f 6898//6898 6490//6490 6491//6491
f 6895//6895 6900//6900 6502//6502
f 6891//6891 6901//6901 6499//6499
f 6493//6493 6893//6893 6902//6902
f 6500//6500 6899//6899 6501//6501
f 6896//6896 6903//6903 6498//6498
f 6896//6896 6498//6498 6484//6484
f 6897//6897 6904//6904 6504//6504
f 6904//6904 6505//6505 6504//6504
f 6493//6493 6902//6902 6905//6905
f 6493//6493 6905//6905 6491//6491
f 6898//6898 6892//6892 6490//6490
f 6502//6502 6900//6900 6906//6906
f 6502//6502 6906//6906 6504//6504
f 6915//6915 6913//6913 6912//6912
f 6915//6915 6912//6912 6910//6910
f 6908//6908 6921//6921 6917//6917
f 6917//6917 6915//6915 6910//6910
f 6910//6910 6908//6908 6917//6917
f 6501//6501 6899//6899 6895//6895
f 6904//6904 6893//6893 6505//6505
f 6499//6499 6901//6901 6894//6894
f 6499//6499 6894//6894 6500//6500
f 6484//6484 6892//6892 6896//6896
f 6498//6498 6903//6903 6891//6891
f 6501//6501 6895//6895 6502//6502
f 6907//6907 6921//6921 6908//6908
f 6892//6892 6907//6907 6896//6896
f 6907//6907 6908//6908 6896//6896
f 6896//6896 6908//6908 6909//6909
f 6896//6896 6909//6909 6903//6903
f 6908//6908 6910//6910 6909//6909
f 6903//6903 6909//6909 6891//6891
f 6891//6891 6909//6909 6901//6901
f 6909//6909 6910//6910 6901//6901
f 6901//6901 6910//6910 6911//6911
f 6901//6901 6911//6911 6894//6894
f 6911//6911 6910//6910 6912//6912
f 6894//6894 6911//6911 6899//6899
f 6911//6911 6912//6912 6899//6899
f 6899//6899 6912//6912 6913//6913
f 6899//6899 6913//6913 6914//6914
f 6899//6899 6914//6914 6895//6895
f 6895//6895 6914//6914 6900//6900
f 6914//6914 6913//6913 6900//6900
f 6900//6900 6913//6913 6915//6915
f 6906//6906 6900//6900 6916//6916
f 6900//6900 6915//6915 6916//6916
f 6906//6906 6916//6916 6897//6897
f 6897//6897 6916//6916 6904//6904
f 6916//6916 6915//6915 6904//6904
f 6915//6915 6917//6917 6904//6904
f 6904//6904 6917//6917 6918//6918
f 6904//6904 6918//6918 6893//6893
f 6893//6893 6918//6918 6902//6902
f 6918//6918 6917//6917 6919//6919
f 6918//6918 6919//6919 6902//6902
f 6919//6919 6917//6917 6921//6921
f 6902//6902 6919//6919 6905//6905
f 6905//6905 6919//6919 6920//6920
f 6920//6920 6919//6919 6921//6921
f 6905//6905 6920//6920 6898//6898
f 6898//6898 6920//6920 6922//6922
f 6920//6920 6921//6921 6922//6922
f 6898//6898 6922//6922 6892//6892
f 6922//6922 6907//6907 6892//6892
f 6922//6922 6921//6921 6907//6907
f 6923//6923 6924//6924 6888//6888
f 6888//6888 7001//7001 6925//6925
f 6925//6925 6991//6991 6923//6923
f 6888//6888 6925//6925 6923//6923
f 6926//6926 6927//6927 6416//6416
f 6408//6408 6928//6928 6460//6460
f 6929//6929 6930//6930 6410//6410
f 6471//6471 6423//6423 6988//6988
f 6988//6988 6931//6931 6471//6471
f 6991//6991 6925//6925 6439//6439
f 6991//6991 6439//6439 6418//6418
f 6426//6426 6995//6995 7003//7003
f 6426//6426 7003//7003 6406//6406
f 6932//6932 6933//6933 6409//6409
f 6932//6932 6409//6409 6414//6414
f 6934//6934 6926//6926 6416//6416
f 6934//6934 6416//6416 6466//6466
f 6935//6935 6936//6936 7002//7002
f 7002//7002 6992//6992 6928//6928
f 6935//6935 7002//7002 6928//6928
f 6457//6457 6992//6992 7002//7002
f 6457//6457 7002//7002 6455//6455
f 6931//6931 6988//6988 6883//6883
f 6937//6937 7000//7000 6931//6931
f 6883//6883 6937//6937 6931//6931
f 6438//6438 7000//7000 6937//6937
f 6438//6438 6937//6937 6420//6420
f 6938//6938 6933//6933 6932//6932
f 6932//6932 7003//7003 6995//6995
f 6995//6995 6939//6939 6938//6938
f 6932//6932 6995//6995 6938//6938
f 6930//6930 6940//6940 6424//6424
f 6930//6930 6424//6424 6410//6410
f 6405//6405 6936//6936 6935//6935
f 6405//6405 6935//6935 6407//6407
f 6427//6427 6941//6941 6958//6958
f 6947//6947 6951//6951 6411//6411
f 6943//6943 6469//6469 6467//6467
f 6946//6946 6947//6947 6425//6425
f 6945//6945 6465//6465 6415//6415
f 6949//6949 6942//6942 6419//6419
f 6467//6467 6950//6950 6943//6943
f 6469//6469 6941//6941 6427//6427
f 6949//6949 6419//6419 6413//6413
f 6412//6412 6951//6951 6944//6944
f 6952//6952 6941//6941 6469//6469
f 6953//6953 6945//6945 6415//6415
f 6425//6425 6958//6958 6946//6946
f 6948//6948 6417//6417 6419//6419
f 6942//6942 6948//6948 6419//6419
f 6964//6964 6967//6967 6969//6969
f 6956//6956 6957//6957 6962//6962
f 6963//6963 6964//6964 6969//6969
f 6969//6969 6970//6970 6956//6956
f 6956//6956 6962//6962 6963//6963
f 6963//6963 6969//6969 6956//6956
f 6954//6954 6950//6950 6467//6467
f 6954//6954 6467//6467 6465//6465
f 6411//6411 6951//6951 6412//6412
f 6427//6427 6958//6958 6425//6425
f 6413//6413 6944//6944 6949//6949
f 6947//6947 6411//6411 6425//6425
f 6417//6417 6953//6953 6415//6415
f 6943//6943 6952//6952 6469//6469
f 6412//6412 6944//6944 6413//6413
f 6945//6945 6954//6954 6465//6465
f 6417//6417 6948//6948 6953//6953
f 6955//6955 6947//6947 6956//6956
f 6947//6947 6946//6946 6956//6956
f 6946//6946 6959//6959 6956//6956
f 6956//6956 6959//6959 6957//6957
f 6946//6946 6958//6958 6959//6959
f 6959//6959 6960//6960 6957//6957
f 6958//6958 6960//6960 6959//6959
f 6958//6958 6941//6941 6960//6960
f 6960//6960 6962//6962 6957//6957
f 6941//6941 6952//6952 6961//6961
f 6941//6941 6961//6961 6960//6960
f 6960//6960 6961//6961 6962//6962
f 6961//6961 6952//6952 6943//6943
f 6961//6961 6943//6943 6962//6962
f 6943//6943 6963//6963 6962//6962
f 6950//6950 6963//6963 6943//6943
f 6950//6950 6954//6954 6963//6963
f 6963//6963 6954//6954 6964//6964
f 6954//6954 6945//6945 6964//6964
f 6945//6945 6953//6953 6965//6965
f 6945//6945 6965//6965 6964//6964
f 6953//6953 6948//6948 6966//6966
f 6953//6953 6966//6966 6965//6965
f 6965//6965 6966//6966 6967//6967
f 6965//6965 6967//6967 6964//6964
f 6948//6948 6968//6968 6966//6966
f 6948//6948 6942//6942 6968//6968
f 6966//6966 6968//6968 6967//6967
f 6968//6968 6969//6969 6967//6967
f 6942//6942 6949//6949 6968//6968
f 6968//6968 6949//6949 6969//6969
f 6949//6949 6970//6970 6969//6969
f 6949//6949 6944//6944 6970//6970
f 6970//6970 6944//6944 6971//6971
f 6944//6944 6951//6951 6971//6971
f 6971//6971 6956//6956 6970//6970
f 6971//6971 6955//6955 6956//6956
f 6951//6951 6955//6955 6971//6971
f 6951//6951 6947//6947 6955//6955
f 6975//6975 6976//6976 6977//6977
f 6972//6972 6973//6973 6974//6974
f 6974//6974 6975//6975 6977//6977
f 6977//6977 6978//6978 6979//6979
f 6979//6979 6972//6972 6974//6974
f 6974//6974 6977//6977 6979//6979
f 6972//6972 6979//6979 6809//6809
f 6972//6972 6809//6809 6811//6811
f 6808//6808 6974//6974 6973//6973
f 6808//6808 6973//6973 6810//6810
f 6805//6805 6976//6976 6975//6975
f 6975//6975 6804//6804 6805//6805
f 6978//6978 6977//6977 6806//6806
f 6978//6978 6806//6806 6807//6807
f 6805//6805 6977//6977 6976//6976
f 6806//6806 6977//6977 6805//6805
f 6809//6809 6979//6979 6807//6807
f 6807//6807 6979//6979 6978//6978
f 6804//6804 6975//6975 6974//6974
f 6804//6804 6974//6974 6808//6808
f 6972//6972 6811//6811 6810//6810
f 6973//6973 6972//6972 6810//6810
f 6882//6882 6869//6869 6981//6981
f 6981//6981 6869//6869 6982//6982
f 6871//6871 6870//6870 6983//6983
f 6983//6983 6870//6870 6872//6872
f 6877//6877 6889//6889 6985//6985
f 6985//6985 6889//6889 6986//6986
f 6885//6885 6890//6890 6987//6987
f 6987//6987 6890//6890 6881//6881
f 6888//6888 6924//6924 6989//6989
f 6989//6989 6924//6924 6934//6934
f 6927//6927 6923//6923 6990//6990
f 6990//6990 6923//6923 6991//6991
f 6933//6933 6938//6938 6993//6993
f 6993//6993 6938//6938 6929//6929
f 6940//6940 6939//6939 6994//6994
f 6994//6994 6939//6939 6995//6995
f 6880//6880 6887//6887 6588//6588
f 6589//6589 6588//6588 6887//6887
f 6871//6871 6983//6983 6485//6485
f 6486//6486 6485//6485 6983//6983
f 6486//6486 6983//6983 6872//6872
f 6594//6594 6590//6590 6980//6980
f 6887//6887 6980//6980 6590//6590
f 6494//6494 6981//6981 6982//6982
f 6494//6494 6503//6503 6981//6981
f 6503//6503 6882//6882 6981//6981
f 6492//6492 6489//6489 6985//6985
f 6985//6985 6986//6986 6492//6492
f 6489//6489 6877//6877 6985//6985
f 6442//6442 6448//6448 6875//6875
f 6875//6875 6984//6984 6442//6442
f 6879//6879 6874//6874 6440//6440
f 6441//6441 6440//6440 6874//6874
f 6496//6496 6885//6885 6987//6987
f 6497//6497 6496//6496 6987//6987
f 6497//6497 6987//6987 6881//6881
f 6883//6883 6988//6988 6422//6422
f 6423//6423 6422//6422 6988//6988
f 6416//6416 6927//6927 6990//6990
f 6418//6418 6416//6416 6990//6990
f 6418//6418 6990//6990 6991//6991
f 6937//6937 6883//6883 6421//6421
f 6421//6421 6420//6420 6937//6937
f 6466//6466 6989//6989 6934//6934
f 6466//6466 6468//6468 6888//6888
f 6888//6888 6989//6989 6466//6466
f 6410//6410 6993//6993 6929//6929
f 6410//6410 6409//6409 6993//6993
f 6409//6409 6933//6933 6993//6993
f 6408//6408 6407//6407 6928//6928
f 6935//6935 6928//6928 6407//6407
f 6928//6928 6992//6992 6460//6460
f 6457//6457 6460//6460 6992//6992
f 6424//6424 6940//6940 6994//6994
f 6426//6426 6424//6424 6994//6994
f 6994//6994 6995//6995 6426//6426
f 6887//6887 6590//6590 6589//6589
f 6886//6886 6996//6996 6593//6593
f 6996//6996 6488//6488 6593//6593
f 6868//6868 6997//6997 6495//6495
f 6495//6495 6997//6997 6587//6587
f 6437//6437 6998//6998 6878//6878
f 6436//6436 6998//6998 6437//6437
f 6999//6999 6884//6884 6444//6444
f 6443//6443 6999//6999 6444//6444
f 6996//6996 6997//6997 6868//6868
f 6996//6996 6886//6886 6997//6997
f 6884//6884 6999//6999 6998//6998
f 6999//6999 6878//6878 6998//6998
f 6925//6925 7000//7000 6439//6439
f 7000//7000 6438//6438 6439//6439
f 6471//6471 6931//6931 6470//6470
f 6470//6470 6931//6931 7001//7001
f 6414//6414 7002//7002 6932//6932
f 6455//6455 7002//7002 6414//6414
f 6406//6406 6936//6936 6405//6405
f 7003//7003 6936//6936 6406//6406
f 7000//7000 6925//6925 6931//6931
f 6925//6925 7001//7001 6931//6931
f 6936//6936 6932//6932 7002//7002
f 6936//6936 7003//7003 6932//6932
f 6982//6982 6868//6868 6495//6495
f 6982//6982 6495//6495 6494//6494
f 7004//7004 7045//7045 7005//7005
f 7005//7005 7057//7057 7006//7006
f 7006//7006 7007//7007 7004//7004
f 7005//7005 7006//7006 7004//7004
f 6569//6569 7008//7008 7009//7009
f 6569//6569 7009//7009 6567//6567
f 6568//6568 7011//7011 7012//7012
f 6396//6396 7013//7013 7014//7014
f 6396//6396 7014//7014 6393//6393
f 7015//7015 7058//7058 5742//5742
f 7015//7015 5742//5742 5730//5730
f 6568//6568 7012//7012 7016//7016
f 6568//6568 7016//7016 6571//6571
f 6401//6401 7010//7010 6397//6397
f 6569//6569 7017//7017 7008//7008
f 6565//6565 7006//7006 7057//7057
f 6565//6565 7057//7057 5733//5733
f 6392//6392 7059//7059 7049//7049
f 6392//6392 7049//7049 6566//6566
f 6384//6384 7018//7018 6382//6382
f 6573//6573 7019//7019 7020//7020
f 7020//7020 6400//6400 6573//6573
f 7023//7023 7044//7044 7021//7021
f 7021//7021 7058//7058 7015//7015
f 7021//7021 7015//7015 7023//7023
f 6372//6372 7022//7022 7062//7062
f 6372//6372 7062//7062 6371//6371
f 7023//7023 5731//5731 5744//5744
f 5736//5736 7021//7021 7044//7044
f 5736//5736 7044//7044 5740//5740
f 7024//7024 7049//7049 7059//7059
f 7059//7059 7020//7020 7019//7019
f 7019//7019 7025//7025 7024//7024
f 7059//7059 7019//7019 7024//7024
f 7060//7060 7047//7047 6399//6399
f 7060//7060 6399//6399 6398//6398
f 7010//7010 7047//7047 7060//7060
f 7060//7060 7014//7014 7013//7013
f 7010//7010 7060//7060 7013//7013
f 7022//7022 7026//7026 7027//7027
f 7027//7027 7053//7053 7028//7028
f 7028//7028 7062//7062 7022//7022
f 7027//7027 7028//7028 7022//7022
f 6375//6375 7029//7029 7030//7030
f 6375//6375 7030//7030 6373//6373
f 6362//6362 7031//7031 6363//6363
f 6374//6374 7032//7032 7033//7033
f 6374//6374 7033//7033 6366//6366
f 7034//7034 7051//7051 6383//6383
f 7034//7034 6383//6383 6370//6370
f 7028//7028 7053//7053 6378//6378
f 7028//7028 6378//6378 6380//6380
f 7064//7064 7056//7056 6369//6369
f 7064//7064 6369//6369 6368//6368
f 7035//7035 7036//7036 6379//6379
f 7035//7035 6379//6379 6377//6377
f 6373//6373 7030//7030 7037//7037
f 7038//7038 7039//7039 7031//7031
f 7054//7054 7063//7063 7038//7038
f 7031//7031 7054//7054 7038//7038
f 6402//6402 7063//7063 7054//7054
f 6402//6402 7054//7054 6403//6403
f 7018//7018 7051//7051 7034//7034
f 7034//7034 7061//7061 7040//7040
f 7018//7018 7034//7034 7040//7040
f 7040//7040 7061//7061 6394//6394
f 7040//7040 6394//6394 6381//6381
f 7036//7036 7035//7035 7041//7041
f 7041//7041 7042//7042 7056//7056
f 7056//7056 7064//7064 7036//7036
f 7041//7041 7056//7056 7036//7036
f 6374//6374 7043//7043 7032//7032
f 6364//6364 7039//7039 7038//7038
f 6364//6364 7038//7038 6367//6367
f 7017//7017 7045//7045 7004//7004
f 7006//7006 7046//7046 7007//7007
f 7046//7046 7009//7009 7007//7007
f 7011//7011 7048//7048 7024//7024
f 7048//7048 7049//7049 7024//7024
f 7019//7019 7050//7050 7025//7025
f 7050//7050 7016//7016 7025//7025
f 7022//7022 7052//7052 7026//7026
f 7052//7052 7037//7037 7026//7026
f 7029//7029 7053//7053 7027//7027
f 7035//7035 7055//7055 7041//7041
f 7055//7055 7033//7033 7041//7041
f 7043//7043 7056//7056 7042//7042
f 7023//7023 7015//7015 5730//5730
f 5730//5730 5731//5731 7023//7023
f 7046//7046 7006//7006 6565//6565
f 6565//6565 6567//6567 7046//7046
f 7046//7046 6567//6567 7009//7009
f 5740//5740 7044//7044 5744//5744
f 5744//5744 7044//7044 7023//7023
f 6570//6570 7045//7045 6569//6569
f 6569//6569 7045//7045 7017//7017
f 7049//7049 7048//7048 6566//6566
f 7048//7048 6568//6568 6566//6566
f 6568//6568 7048//7048 7011//7011
f 6399//6399 7047//7047 6401//6401
f 6401//6401 7047//7047 7010//7010
f 6396//6396 6397//6397 7013//7013
f 7010//7010 7013//7013 6397//6397
f 6571//6571 7019//7019 6573//6573
f 7050//7050 7019//7019 6571//6571
f 7050//7050 6571//6571 7016//7016
f 6384//6384 7051//7051 7018//7018
f 6383//6383 7051//7051 6384//6384
f 6375//6375 7053//7053 7029//7029
f 6376//6376 7053//7053 6375//6375
f 6378//6378 7053//7053 6376//6376
f 7018//7018 7040//7040 6382//6382
f 6381//6381 6382//6382 7040//7040
f 7052//7052 6373//6373 7037//7037
f 7052//7052 7022//7022 6372//6372
f 6372//6372 6373//6373 7052//7052
f 7055//7055 6366//6366 7033//7033
f 7055//7055 7035//7035 6366//6366
f 6366//6366 7035//7035 6365//6365
f 6365//6365 7035//7035 6377//6377
f 7031//7031 7039//7039 6363//6363
f 6364//6364 6363//6363 7039//7039
f 6362//6362 7054//7054 7031//7031
f 6403//6403 7054//7054 6362//6362
f 6374//6374 7056//7056 7043//7043
f 6369//6369 7056//7056 6374//6374
f 7021//7021 5736//5736 5733//5733
f 7057//7057 7021//7021 5733//5733
f 7058//7058 7005//7005 6572//6572
f 7058//7058 6572//6572 5742//5742
f 6393//6393 7014//7014 6392//6392
f 6392//6392 7014//7014 7059//7059
f 6400//6400 7020//7020 7060//7060
f 6400//6400 7060//7060 6398//6398
f 7057//7057 7005//7005 7058//7058
f 7057//7057 7058//7058 7021//7021
f 7020//7020 7059//7059 7014//7014
f 7020//7020 7014//7014 7060//7060
f 6395//6395 7028//7028 6380//6380
f 6394//6394 7061//7061 7028//7028
f 6394//6394 7028//7028 6395//6395
f 6371//6371 7062//7062 7034//7034
f 6371//6371 7034//7034 6370//6370
f 7036//7036 6402//6402 6379//6379
f 7036//7036 7063//7063 6402//6402
f 7064//7064 6367//6367 7038//7038
f 7064//7064 6368//6368 6367//6367
f 7061//7061 7034//7034 7062//7062
f 7061//7061 7062//7062 7028//7028
f 7038//7038 7063//7063 7036//7036
f 7038//7038 7036//7036 7064//7064
f 7005//7005 7045//7045 6570//6570
f 7005//7005 6570//6570 6572//6572
f 6634//6634 6632//6632 7065//7065
f 6634//6634 7065//7065 7067//7067
f 6637//6637 6639//6639 7072//7072
f 6637//6637 7072//7072 7066//7066
f 6631//6631 6633//6633 6619//6619
f 6631//6631 6619//6619 6618//6618
f 6733//6733 6735//6735 6650//6650
f 6733//6733 6650//6650 6649//6649
f 6627//6627 6637//6637 7066//7066
f 6627//6627 7066//7066 7069//7069
f 6628//6628 6642//6642 6622//6622
f 6645//6645 6618//6618 6617//6617
f 6653//6653 6747//6747 6738//6738
f 7070//7070 6595//6595 6643//6643
f 6643//6643 6641//6641 7069//7069
f 6643//6643 7069//7069 7070//7070
f 6618//6618 6645//6645 6631//6631
f 6651//6651 6740//6740 6742//6742
f 6629//6629 6635//6635 7071//7071
f 6606//6606 6640//6640 6624//6624
f 6644//6644 6596//6596 6617//6617
f 6644//6644 6617//6617 6621//6621
f 6646//6646 6595//6595 7068//7068
f 6646//6646 7068//7068 7065//7065
f 6596//6596 6645//6645 6617//6617
f 6698//6698 6743//6743 6713//6713
f 6698//6698 6713//6713 6712//6712
f 6633//6633 6636//6636 6620//6620
f 6633//6633 6620//6620 6619//6619
f 6647//6647 6651//6651 6697//6697
f 6652//6652 6736//6736 6719//6719
f 6714//6714 6741//6741 6720//6720
f 6712//6712 6745//6745 6698//6698
f 6712//6712 6711//6711 6730//6730
f 6642//6642 6644//6644 6621//6621
f 6642//6642 6621//6621 6622//6622
f 6703//6703 6699//6699 6655//6655
f 6703//6703 6655//6655 6654//6654
f 6717//6717 6718//6718 6700//6700
f 6717//6717 6700//6700 6704//6704
f 6654//6654 6650//6650 6709//6709
f 6654//6654 6709//6709 6703//6703
f 6636//6636 6630//6630 6620//6620
f 6607//6607 6606//6606 6624//6624
f 6607//6607 6624//6624 6626//6626
f 6623//6623 6624//6624 6640//6640
f 6623//6623 6640//6640 6638//6638
f 6632//6632 6646//6646 7065//7065
f 6704//6704 6746//6746 6710//6710
f 6704//6704 6710//6710 6717//6717
f 6719//6719 6740//6740 6651//6651
f 6711//6711 6710//6710 6734//6734
f 6711//6711 6734//6734 6732//6732
f 7067//7067 7071//7071 6635//6635
f 7067//7067 6635//6635 6634//6634
f 6595//6595 7070//7070 7068//7068
f 6600//6600 6629//6629 7071//7071
f 6600//6600 7071//7071 7073//7073
f 7073//7073 7074//7074 6604//6604
f 7073//7073 6604//6604 6600//6600
f 6651//6651 6652//6652 6719//6719
f 6715//6715 6714//6714 6720//6720
f 6715//6715 6720//6720 6737//6737
f 6699//6699 6747//6747 6653//6653
f 6699//6699 6653//6653 6655//6655
f 6639//6639 6605//6605 7072//7072
f 6649//6649 6648//6648 6731//6731
f 6649//6649 6731//6731 6733//6733
f 6730//6730 6745//6745 6712//6712
f 6652//6652 6653//6653 6738//6738
f 6652//6652 6738//6738 6736//6736
f 6716//6716 6739//6739 6701//6701
f 7074//7074 7072//7072 6605//6605
f 7074//7074 6605//6605 6604//6604
f 6625//6625 6620//6620 6630//6630
f 6625//6625 6630//6630 6599//6599
f 6648//6648 6647//6647 6697//6697
f 6648//6648 6697//6697 6744//6744
f 6711//6711 6732//6732 6730//6730
f 6650//6650 6735//6735 6709//6709
f 6599//6599 6607//6607 6626//6626
f 6599//6599 6626//6626 6625//6625
f 6638//6638 6628//6628 6622//6622
f 6638//6638 6622//6622 6623//6623
f 6742//6742 6697//6697 6651//6651
f 6648//6648 6744//6744 6731//6731
f 6710//6710 6746//6746 6734//6734
f 6718//6718 6716//6716 6701//6701
f 6718//6718 6701//6701 6700//6700
f 7069//7069 6641//6641 6627//6627
f 6714//6714 6713//6713 6743//6743
f 6714//6714 6743//6743 6741//6741
f 6737//6737 6739//6739 6716//6716
f 6737//6737 6716//6716 6715//6715
f 7074//7074 7073//7073 7071//7071
f 7072//7072 7074//7074 7071//7071
f 7071//7071 7067//7067 7065//7065
f 7066//7066 7072//7072 7071//7071
f 7065//7065 7068//7068 7070//7070
f 7066//7066 7071//7071 7065//7065
f 7070//7070 7069//7069 7066//7066
f 7065//7065 7070//7070 7066//7066
f 6869//6869 6882//6882 6873//6873
f 6873//6873 6872//6872 6870//6870
f 6869//6869 6873//6873 6870//6870
f 7007//7007 7009//7009 7008//7008
f 7008//7008 7017//7017 7004//7004
f 7007//7007 7008//7008 7004//7004
f 6939//6939 6940//6940 6930//6930
f 6930//6930 6929//6929 6938//6938
f 6939//6939 6930//6930 6938//6938
f 6927//6927 6926//6926 6934//6934
f 6927//6927 6934//6934 6924//6924
f 6924//6924 6923//6923 6927//6927
f 7033//7033 7032//7032 7043//7043
f 7033//7033 7043//7043 7042//7042
f 7042//7042 7041//7041 7033//7033
f 7026//7026 7037//7037 7030//7030
f 7030//7030 7029//7029 7027//7027
f 7027//7027 7026//7026 7030//7030
f 7016//7016 7012//7012 7011//7011
f 7016//7016 7011//7011 7024//7024
f 7024//7024 7025//7025 7016//7016
f 6889//6889 6877//6877 6876//6876
f 6876//6876 6881//6881 6890//6890
f 6890//6890 6889//6889 6876//6876
f 6802//6802 7076//7076 7077//7077
f 6802//6802 7077//7077 7075//7075
f 6801//6801 6794//6794 7076//7076
f 6801//6801 7076//7076 6802//6802
f 6797//6797 6798//6798 6803//6803
f 6797//6797 6803//6803 7078//7078
f 6794//6794 6797//6797 7078//7078
f 6794//6794 7078//7078 7076//7076
f 7080//7080 7079//7079 7075//7075
f 7080//7080 7075//7075 7077//7077
f 7076//7076 7078//7078 7080//7080
f 7076//7076 7080//7080 7077//7077
f 6803//6803 6802//6802 7075//7075
f 6803//6803 7075//7075 7079//7079
f 7078//7078 6803//6803 7079//7079
f 7078//7078 7079//7079 7080//7080
# 14316 faces, 0 coords texture

# End of File
