####
#
# OBJ File Generated by Meshlab
#
####
# Object rock-divider.obj
#
# Vertices: 1255
# Faces: 2498
#
####
mtllib ./rock-divider.obj.mtl

vn -1.1322229 1.0547129 -6.0395589
v 3.4363999 0.4663290 -0.1226239
vn 2.3500409 0.5861948 -5.6681933
v 3.4807751 0.4819270 -0.1167660
vn 2.0385273 0.6962867 -5.8203998
v 3.4648473 0.4240938 -0.1254230
vn 2.8696356 -0.2347664 -5.5148892
v 3.5267332 0.3642413 -0.1039978
vn 2.6696570 1.3274720 -5.5124345
v 3.4805419 0.3961540 -0.1217055
vn 2.7432239 1.0979478 -5.4461417
v 3.4976172 0.3844989 -0.1159645
vn -0.7753096 1.3510156 -5.6982341
v 3.4245598 0.4338559 -0.1314386
vn 1.8241651 1.6018808 -5.7857971
v 3.4596558 0.3768169 -0.1346398
vn 2.9149945 1.6675222 -5.1212072
v 3.4890618 0.3728879 -0.1269318
vn 0.2245172 1.3495914 -6.0441380
v 3.4357457 0.3973956 -0.1358668
vn -1.2309189 1.5535349 -5.8715878
v 3.4024477 0.4062899 -0.1270900
vn 2.1327882 1.1393970 -5.6878920
v 3.4804616 0.3441676 -0.1385176
vn -0.5628701 1.9972955 -5.9009132
v 3.4101069 0.3731211 -0.1394605
vn 0.2456080 1.1796263 -5.7980018
v 3.4323199 0.3586963 -0.1492157
vn 4.3523588 -4.2612810 1.0127485
v 3.5573759 0.2676997 -0.0049489
vn 3.8244624 -4.4506588 1.1336819
v 3.5273447 0.2354327 -0.0028264
vn 4.1173887 -4.5522032 -0.7821456
v 3.5133009 0.2243229 -0.0328807
vn 4.2966404 -3.9021206 -0.3963686
v 3.5720928 0.2779024 -0.0207863
vn 4.2548409 -3.9207981 -2.1681864
v 3.5408435 0.2577439 -0.0424600
vn 3.1279094 -4.8061523 -1.7328197
v 3.4963434 0.2151695 -0.0556704
vn 4.6214719 -3.4187398 -2.3139186
v 3.5267675 0.2612614 -0.0643767
vn 4.2877283 -2.0792544 -3.8858032
v 3.5523031 0.3001556 -0.0727028
vn 1.0843444 -4.6256866 -3.9517174
v 3.4750063 0.2303934 -0.0972032
vn 4.5825610 -2.2216702 -3.1054914
v 3.5253243 0.2748679 -0.0996205
vn 2.3171110 -3.5827973 -2.8155804
v 3.5000494 0.2335620 -0.0991551
vn 2.3238325 -1.7364874 -5.0535226
v 3.5006275 0.2810805 -0.1254139
vn 3.8817875 -0.9641763 -4.4909363
v 3.5403595 0.3373283 -0.0868951
vn 4.5151877 0.0571969 -4.2160006
v 3.5208340 0.3176271 -0.1140412
vn 3.1824036 -0.2544973 -4.8569913
v 3.5036852 0.3142481 -0.1319358
vn -2.9113348 -3.7216852 -4.0895319
v 3.3491011 0.2461267 -0.1041232
vn -2.7223060 -2.4859185 -4.6169319
v 3.3600135 0.2588947 -0.1272109
vn -1.3284678 -1.0425119 -6.0487061
v 3.3764658 0.3011661 -0.1388045
vn -0.6581471 0.1819164 -5.7815995
v 3.3929355 0.3379437 -0.1517819
vn 0.0477754 0.1923168 -6.1646476
v 3.4168158 0.3370984 -0.1505283
vn -0.4533170 -1.4465772 -6.0728321
v 3.4024408 0.3066606 -0.1449274
vn -1.3879473 -4.7391658 -2.5662234
v 3.3781862 0.2113675 -0.0924666
vn -0.6520141 -2.6701820 -4.9323878
v 3.3838124 0.2511024 -0.1329765
vn 0.0527718 -0.8187864 -6.1218529
v 3.4350107 0.3120511 -0.1481554
vn 0.7422214 -3.7228291 -4.9129968
v 3.4264233 0.2402365 -0.1185656
vn -0.0396422 -2.2693152 -5.8087363
v 3.4232564 0.2679756 -0.1323556
vn 0.9387673 -4.5913334 -3.8507802
v 3.4380455 0.2169603 -0.0969235
vn 0.8310583 -2.2564864 -5.2190986
v 3.4507926 0.2769497 -0.1411305
vn 0.6628133 -5.5899811 -1.6134752
v 3.4415202 0.1963227 -0.0604953
vn 1.5693998 -3.0028701 -5.2351990
v 3.4725611 0.2663831 -0.1247107
vn 0.9943119 0.1206997 -5.6341872
v 3.4648314 0.3174582 -0.1477154
vn 0.7821366 1.6360462 -4.8159566
v 3.4635653 0.4897824 -0.1266424
vn -0.1649653 2.3914349 -5.7687273
v 3.3851800 0.3876612 -0.1345443
vn 1.9960924 -5.4506068 0.1848314
v 3.4836433 0.2017713 -0.0204224
vn 3.1884892 -2.2506638 -4.8359342
v 3.5704341 0.3412524 -0.0690943
vn -1.9850284 -1.3252693 -5.7315550
v 3.3494239 0.3015701 -0.1331363
vn -0.6605651 3.3687201 -5.1907840
v 3.4890614 0.5254599 -0.0925057
vn -0.3643394 1.4757794 -5.3839569
v 3.5020168 0.5013589 -0.1137030
vn -1.3593630 2.8608294 -5.3060012
v 3.5401495 0.5277174 -0.1000578
vn 0.1720452 0.3919132 -5.5498419
v 3.5411139 0.5087729 -0.1127447
vn 0.0303710 0.4224890 -5.6287694
v 3.5781419 0.5400511 -0.1084632
vn 2.2621980 -0.8548446 -5.7381983
v 3.6057484 0.5080030 -0.0896843
vn 0.7641014 -0.8274622 -6.0598702
v 3.5190389 0.4827501 -0.1063972
vn 0.5398670 -0.5845131 -6.1219454
v 3.5661428 0.4949649 -0.1029087
vn 1.6935645 0.2857268 -5.6958184
v 3.4956825 0.4334916 -0.1061963
vn 0.8530120 -0.3362158 -6.0838456
v 3.5551658 0.4547638 -0.1070365
vn 1.5087107 -0.1095566 -6.0429688
v 3.5741744 0.4871539 -0.1025070
vn 2.3605504 -0.3465816 -5.7320862
v 3.5904434 0.4468366 -0.0965386
vn 0.5708899 0.0137403 -6.2276516
v 3.5415359 0.4226625 -0.1038739
vn 2.6297259 -0.3301708 -5.6867299
v 3.6061835 0.4321105 -0.0869597
vn 1.8409821 -0.7723261 -5.8886724
v 3.5272934 0.3956599 -0.1051174
vn 1.0766513 -0.7106122 -5.8407679
v 3.5583715 0.4059506 -0.1046964
vn 2.3133471 -2.3316035 -5.2726316
v 3.5671649 0.3715657 -0.0899974
vn 4.5546656 0.9940203 -3.6225495
v 3.6725166 0.5638177 -0.0568173
vn 4.2950745 -0.4190826 -4.4748235
v 3.6724219 0.5210154 -0.0548966
vn 4.5161514 -0.7038300 -4.0761948
v 3.6680984 0.4825485 -0.0547659
vn 5.0911899 -1.0242260 -3.0638068
v 3.6696205 0.4578885 -0.0483761
vn 5.5980988 -2.2813385 -0.4036883
v 3.6663542 0.4315506 -0.0331886
vn 3.7015522 -0.4532589 -5.0187736
v 3.6488774 0.5444548 -0.0749936
vn 3.0437491 -0.4341178 -5.2770128
v 3.6405206 0.4534132 -0.0745326
vn 2.7345934 -0.5712704 -5.5651779
v 3.6331470 0.5014709 -0.0801930
vn 3.3796546 -0.6713874 -4.9958253
v 3.6322277 0.5595834 -0.0911327
vn 2.4487693 -1.3049264 -5.6262188
v 3.6119061 0.5366332 -0.0944275
vn 2.3061724 -0.2274427 -5.7521243
v 3.6178296 0.4631976 -0.0808684
vn 4.5364537 -4.0643744 0.3901511
v 3.5873678 0.3004202 -0.0102856
vn 3.9353583 -3.3168838 -3.2946548
v 3.5999327 0.3265927 -0.0419995
vn 4.1776791 -2.7218785 -3.2128112
v 3.5809889 0.3067080 -0.0505134
vn 4.1341200 -4.2175055 1.8267626
v 3.6058106 0.3211258 0.0053358
vn 4.4984660 -3.0064578 -0.3335665
v 3.6292179 0.3393679 -0.0159010
vn 3.3529172 -2.6772847 -4.4636054
v 3.6107168 0.3755119 -0.0681827
vn 2.5530682 -1.8901271 -5.2652493
v 3.5871277 0.3899032 -0.0898456
vn 5.6114097 -1.8383421 1.8072236
v 3.6405499 0.3745339 -0.0102675
vn 3.5548511 -2.8244202 -4.2647338
v 3.6278121 0.3905318 -0.0625932
vn 5.2327051 -2.1066425 2.5177333
v 3.6456482 0.4029291 0.0007135
vn 4.9898324 -2.5512516 -1.3051245
v 3.6483464 0.3868002 -0.0368076
vn 4.2467852 -1.8246661 -3.4498036
v 3.6512513 0.4133532 -0.0597841
vn 3.0745313 -1.6122650 -5.0240030
v 3.6357284 0.4169341 -0.0722584
vn 2.5448070 -1.0212893 -5.5385427
v 3.6188116 0.4207628 -0.0815450
vn 1.1197671 2.6025903 -5.5045252
v 3.4827950 0.5718008 -0.0724419
vn -0.4378383 3.2154474 -5.2536802
v 3.5017431 0.5858325 -0.0592557
vn 1.7556945 2.3109255 -5.0141482
v 3.4839673 0.5992716 -0.0506567
vn -0.8909763 2.8674576 -5.4065948
v 3.5164511 0.6148000 -0.0426311
vn 1.2312008 1.7409984 -5.3712068
v 3.4985535 0.6233552 -0.0371422
vn -0.3516446 2.0716217 -5.8933344
v 3.5236628 0.6476866 -0.0328743
vn -1.3920544 3.7889912 -4.7815762
v 3.5301652 0.6057807 -0.0528617
vn -0.9489903 2.7090020 -4.8959126
v 3.5098648 0.5597811 -0.0703013
vn -1.3653033 3.4219339 -4.7664185
v 3.5411937 0.5875193 -0.0756627
vn -1.0472503 2.1027863 -5.7118063
v 3.5510640 0.6409596 -0.0366618
vn -1.7729883 2.7257848 -5.2694416
v 3.5287642 0.5503227 -0.0896386
vn -1.8669002 3.1897666 -4.9720321
v 3.5662317 0.5712079 -0.0893673
vn -1.2376736 3.2653792 -5.0501852
v 3.5599859 0.6117326 -0.0535244
vn -2.1031771 2.5299795 -5.3421783
v 3.5769405 0.6224774 -0.0553787
vn -1.2828760 3.6594117 -4.7402411
v 3.5787785 0.5978699 -0.0674164
vn -0.2313248 1.3874213 -4.3092179
v 3.5990226 0.5761487 -0.1096647
vn -2.8373380 3.0048580 -4.0188346
v 3.5992167 0.6053445 -0.0693787
vn 1.9687076 5.7976437 1.2057934
v 3.5620403 0.7061160 0.0321457
vn 3.2103145 3.8641245 2.5495126
v 3.5877624 0.6912060 0.0502916
vn 4.0586686 4.1551223 0.1610905
v 3.6049664 0.6874155 0.0138430
vn 2.1501648 4.9856501 -1.0270727
v 3.5837622 0.7030048 0.0093691
vn 3.7776418 4.5097752 1.8278397
v 3.6440730 0.6495237 0.0136663
vn 3.6375470 4.9014649 1.1867195
v 3.6287823 0.6617514 0.0064609
vn 1.7856143 5.4848223 -1.7241637
v 3.5390985 0.7136464 0.0119086
vn 2.0694213 5.0943632 -1.1007444
v 3.6345866 0.6648459 -0.0265005
vn 1.6297189 4.4752846 -3.3681886
v 3.5944736 0.6813064 -0.0197375
vn 0.2591969 4.4331770 -4.2868466
v 3.5646567 0.6913636 -0.0123541
vn 0.0050995 4.4007182 -4.3650193
v 3.6042693 0.6610669 -0.0340073
vn 1.5857123 2.5294638 -5.2938790
v 3.5332158 0.6929732 -0.0121496
vn -0.5872895 3.0093963 -5.2382727
v 3.5643835 0.6678340 -0.0322797
vn 0.5439950 2.1409619 -5.4927554
v 3.5245528 0.6756066 -0.0170366
vn -1.4141757 3.2199502 -5.1150298
v 3.5822759 0.6476315 -0.0426519
vn 4.4193721 0.0566301 -4.4340339
v 3.6612816 0.5867032 -0.0622079
vn 1.9863178 1.8302372 -5.0288725
v 3.6259911 0.5960446 -0.0932480
vn 3.4062617 1.0810465 -4.4773374
v 3.6465559 0.6077442 -0.0793002
vn 4.1194568 1.4695916 -2.9340904
v 3.6789532 0.6109760 -0.0486618
vn 4.2764645 1.6378211 -4.1447015
v 3.6570151 0.6105981 -0.0658507
vn -2.3076277 3.1174345 -4.7252612
v 3.6142499 0.6195738 -0.0753845
vn 5.3814087 0.1636917 -3.1821401
v 3.6844809 0.5820854 -0.0324210
vn 4.7040935 3.3052177 -1.7168525
v 3.6713960 0.6283163 -0.0369674
vn 1.3582653 3.6744533 -3.5833120
v 3.6375310 0.6434957 -0.0644019
vn 4.4627085 4.0667791 0.5695367
v 3.6621912 0.6432387 -0.0183984
vn 2.9447999 3.9713547 -2.0568061
v 3.6525502 0.6519899 -0.0426208
vn 5.0493870 3.4698801 1.1638136
v 3.6777670 0.6171820 -0.0059695
vn -1.1061363 3.6789443 -4.2391462
v 3.6128235 0.6437756 -0.0627324
vn 1.7405374 4.9969335 3.2931092
v 3.5329108 0.7064401 0.0586334
vn 1.0203904 2.6481414 -4.6336937
v 3.4497280 0.5256461 -0.0854201
vn 3.7801201 0.1711028 -4.9059238
v 3.4237092 0.5945482 -0.0961486
vn 2.8106928 0.1044658 -5.2560821
v 3.3950598 0.6303277 -0.1189444
vn 0.8203919 1.0336075 -6.1154623
v 3.3594942 0.6515834 -0.1220985
vn 4.6522074 0.6563219 -4.1644769
v 3.4152441 0.6443712 -0.0967470
vn 3.0147653 1.2568872 -5.2548318
v 3.4521978 0.5943007 -0.0714800
vn 4.1382327 0.9903157 -4.5077739
v 3.4329402 0.6309120 -0.0774548
vn 4.2794485 -0.0075906 -4.4902973
v 3.4306543 0.6651564 -0.0749197
vn 2.2331617 1.3858597 -4.9437823
v 3.3929286 0.6788387 -0.1162948
vn 3.0690892 0.5658960 -4.9879961
v 3.4546742 0.6572099 -0.0527857
vn 3.2341421 1.1985487 -5.1899042
v 3.4753885 0.6329197 -0.0522416
vn 3.6716735 0.2583016 -5.0131426
v 3.4710476 0.6755910 -0.0440311
vn 3.6439040 0.4820867 -4.5586729
v 3.4514747 0.7060674 -0.0683663
vn 2.7539613 1.6758196 -5.1610308
v 3.4268374 0.7069042 -0.0801333
vn -1.4136901 5.4494042 -2.6693857
v 3.3024554 0.7212316 -0.0694203
vn -0.5744177 5.3937640 -0.6111848
v 3.3736944 0.7630277 -0.0157735
vn 0.3142402 5.6667480 -1.9797103
v 3.3910930 0.7563488 -0.0337163
vn -1.0296226 4.6413245 -3.9901440
v 3.3140471 0.7110143 -0.0858558
vn -0.5908852 4.5850725 -3.4799995
v 3.3339815 0.7272666 -0.0795522
vn -0.8314913 5.4599476 -2.9158080
v 3.3638051 0.7424834 -0.0496820
vn 0.5954836 6.2017007 -0.1591222
v 3.4193773 0.7509885 -0.0138333
vn -0.1726053 4.7961178 -3.9839926
v 3.3633046 0.7205638 -0.0804333
vn -0.1728162 4.3691406 -4.4959159
v 3.3286669 0.6985914 -0.1025506
vn 0.9646581 4.1221495 -4.2170424
v 3.3994894 0.7243080 -0.0821708
vn 0.5728207 4.6448717 -3.6835113
v 3.4091437 0.7405012 -0.0638263
vn 1.6859026 4.9950175 -2.7827668
v 3.4401939 0.7449759 -0.0446178
vn 0.1593187 2.4749982 -5.4448967
v 3.3523357 0.6803250 -0.1196607
vn 0.2286253 3.8457325 -4.3566561
v 3.3808098 0.7082556 -0.1018798
vn 2.5353596 2.9680927 -4.3049102
v 3.4440436 0.7248331 -0.0664709
vn 1.6763316 5.1867871 2.1007009
v 3.5163083 0.7225605 0.0445534
vn 3.5423355 4.3940310 -2.3394833
v 3.5200241 0.7167985 -0.0028667
vn 2.4571247 0.9803776 -5.3991404
v 3.4958494 0.6719687 -0.0265778
vn 2.8260796 2.5972378 -4.0831494
v 3.4920051 0.7233052 -0.0291626
vn 3.0942547 4.9647779 -0.6675352
v 3.5005431 0.7342497 0.0007032
vn 0.8702440 5.4461355 2.6362655
v 3.4766665 0.7348485 0.0336734
vn 2.4206219 5.0648222 -0.6192278
v 3.4793253 0.7460918 -0.0058398
vn 0.8149996 5.6989694 2.0122483
v 3.4567831 0.7482740 0.0109980
vn 3.4926813 2.6797905 -4.1920066
v 3.4700258 0.7247345 -0.0400173
vn 0.3980304 5.0989804 3.6358378
v 3.4399934 0.7224377 0.0520226
vn 1.2976083 4.9383559 -1.4351484
v 3.4541478 0.7539974 -0.0225736
vn 0.6312096 5.8060393 1.7762487
v 3.4265826 0.7501734 0.0120483
vn -2.1256535 5.8052979 -0.9003310
v 3.2998619 0.7292755 -0.0392777
vn -1.8691095 5.7152734 -1.1739935
v 3.3256731 0.7417135 -0.0344883
vn -2.0980504 5.2223406 0.7075735
v 3.3515399 0.7562419 -0.0059347
vn -1.8225023 3.8814015 -3.9083793
v 3.2929294 0.7056865 -0.0927166
vn -0.9915068 3.0898039 -4.9908600
v 3.3134742 0.6846793 -0.1159039
vn 0.5045347 2.1797814 -5.5045366
v 3.4258723 0.5137250 -0.1088043
vn -1.1119628 -1.0031776 -5.9955101
v 3.3818407 0.5139546 -0.1044620
vn -1.0126067 -2.1319866 -5.4819713
v 3.3471611 0.5204995 -0.0932613
vn 0.0298724 -1.7922913 -5.9452453
v 3.2923257 0.4999127 -0.0876066
vn -0.9217772 -1.4721447 -5.9058237
v 3.2594378 0.4752254 -0.0784665
vn -1.7047137 0.8930806 -5.8757448
v 3.2769778 0.4491383 -0.0817986
vn 1.8255216 0.0310404 -5.8187518
v 3.4055498 0.5387094 -0.1086224
vn 0.1770624 -1.3073224 -5.4600716
v 3.3617876 0.5595488 -0.1236900
vn 0.2798383 -2.6198790 -5.6599331
v 3.3074689 0.5350158 -0.1009730
vn 2.2535758 -0.2473475 -5.8298974
v 3.3846362 0.5810220 -0.1141616
vn -0.2015438 -2.3875213 -5.6846600
v 3.2769060 0.5397862 -0.1078647
vn 0.2690955 -1.6670905 -5.8313203
v 3.3357143 0.5818348 -0.1285966
vn 0.4457484 0.8124439 -5.6134691
v 3.3578641 0.6274045 -0.1312309
vn 0.4670390 0.1359944 -6.2371688
v 3.3362808 0.6128042 -0.1309415
vn -0.1371698 -2.8046358 -5.6133304
v 3.3035929 0.5651464 -0.1174640
vn -5.4461923 -1.9082096 0.1921612
v 3.1977773 0.4272634 -0.0010803
vn -4.8064423 -2.6699729 2.6684179
v 3.2053227 0.4304182 0.0244209
vn -6.0929599 -0.4188077 0.7177852
v 3.1938639 0.5039665 -0.0077155
vn -5.4397469 0.3932059 2.4124775
v 3.1941569 0.5570841 0.0063100
vn -6.1155248 1.0659765 -0.1863146
v 3.1924188 0.5840924 -0.0377864
vn -5.8867688 0.2569372 -0.5105336
v 3.1861424 0.5506483 -0.0357413
vn -5.4395690 -1.4664077 -2.1363606
v 3.1944327 0.5100808 -0.0506078
vn -5.2360926 -0.4172262 -1.4099034
v 3.1862044 0.5271547 -0.0391375
vn -4.8770881 -1.6215868 -2.1397133
v 3.2038450 0.4278001 -0.0366895
vn -5.6912122 -0.9904014 -2.2549310
v 3.2041359 0.4693522 -0.0377060
vn -3.3630245 -1.2402421 -4.9087858
v 3.2274785 0.4554310 -0.0664968
vn -3.6574678 -1.7678672 -4.3651061
v 3.2153754 0.4972282 -0.0750984
vn -4.1962032 -1.0201283 -4.0296130
v 3.2078905 0.5444263 -0.0834651
vn -1.9391773 -1.5849066 -5.7073402
v 3.2439148 0.5216267 -0.0946863
vn -0.9423749 -2.2618401 -5.6555128
v 3.2492304 0.4933915 -0.0867777
vn -2.3053389 -1.7485147 -5.5628071
v 3.2378967 0.5435129 -0.0973100
vn -2.0908954 4.8376732 -2.7351296
v 3.2740955 0.7171552 -0.0656844
vn -0.1434129 1.4340588 -5.9622717
v 3.3167362 0.6437351 -0.1300907
vn -2.8767152 3.4967914 -4.3282118
v 3.2776904 0.6883267 -0.0922527
vn -2.3488050 2.8732142 -4.8523197
v 3.2817345 0.6705118 -0.1113488
vn -3.6964297 3.6554520 -3.0635953
v 3.2538230 0.7022391 -0.0659904
vn -2.0980508 2.1963303 -5.4039483
v 3.2799604 0.6451601 -0.1214903
vn -3.8341558 2.9796219 -3.5004478
v 3.2417998 0.6729121 -0.0832619
vn -0.7074451 0.0584880 -5.7050452
v 3.2937512 0.6124308 -0.1364280
vn -5.1672482 2.9838130 -0.3943417
v 3.2186971 0.6679452 -0.0366490
vn -2.8664093 1.2725366 -5.1587367
v 3.2573535 0.6185989 -0.1216348
vn -3.7993267 2.0991831 -4.4662952
v 3.2429554 0.6332384 -0.1039576
vn -4.8791084 2.1717565 -2.7528265
v 3.2196681 0.6470838 -0.0730853
vn -1.3277403 -1.5630349 -5.4815536
v 3.2679460 0.5798029 -0.1260493
vn -3.4048512 -0.1930870 -4.9365835
v 3.2256594 0.5855697 -0.1058788
vn -5.2204280 1.9453801 0.9699329
v 3.1991024 0.6309531 -0.0122799
vn -5.6226482 1.9467459 -1.6183134
v 3.2014241 0.6067501 -0.0646203
vn -2.5241826 -1.4493289 -5.4096746
v 3.2499778 0.5768870 -0.1169674
vn -4.5457072 1.3465964 -2.7603953
v 3.2032487 0.5977826 -0.0850137
vn -1.3432420 0.9496202 -5.9959145
v 3.4029980 0.4871228 -0.1075757
vn -3.0586307 4.4506140 -0.5328388
v 3.2549417 0.7183615 -0.0414689
vn -5.0114245 1.1831408 2.8885369
v 3.2031927 0.6096704 0.0108335
vn -0.8917099 1.8220435 -5.7200594
v 3.3763006 0.4169073 -0.1168325
vn -0.8931965 1.9872305 -5.4904089
v 3.3545067 0.3825550 -0.1373607
vn -1.6644509 1.5706581 -5.7908525
v 3.3858991 0.4526404 -0.1138406
vn -2.1044924 1.8017195 -5.5910196
v 3.3571923 0.4584667 -0.0998599
vn -1.3029729 2.7871966 -5.4365110
v 3.3455813 0.4101788 -0.1157251
vn -1.2534792 0.0595435 -5.5987029
v 3.3382852 0.4852962 -0.0837647
vn -1.1363389 2.8908732 -5.3816528
v 3.3160760 0.4200572 -0.1028659
vn -1.6863105 2.5100472 -5.3034754
v 3.3033602 0.3953137 -0.1179720
vn -0.7705601 1.0127528 -5.9008770
v 3.3151212 0.4655314 -0.0838168
vn -2.0799375 2.3912203 -5.3342052
v 3.2860041 0.4267397 -0.0948234
vn -3.2038932 -2.5817254 -4.7286024
v 3.3344784 0.2713267 -0.1114248
vn -3.8295658 -3.2399311 -3.5367103
v 3.3015580 0.2721028 -0.0892107
vn -4.3126807 -3.1875525 -2.0466847
v 3.2701693 0.2939989 -0.0774202
vn -5.3411140 -3.0075567 1.0357655
v 3.2661037 0.3021408 -0.0501696
vn -3.3622446 -2.9474468 -4.4015722
v 3.2865539 0.2981753 -0.0928442
vn -2.4487250 -1.9906789 -5.2385111
v 3.3181000 0.3090541 -0.1238680
vn -3.2209573 -1.5039800 -4.7200446
v 3.2831125 0.3308854 -0.1149595
vn -1.4993814 0.2709891 -5.9681864
v 3.3678672 0.3455595 -0.1441398
vn -1.4483367 -0.6720288 -6.0626540
v 3.3301182 0.3383185 -0.1313931
vn -3.0788870 0.9851981 -5.2914915
v 3.2950926 0.3730153 -0.1211961
vn -1.6536703 0.5709335 -5.5839815
v 3.3138857 0.3645864 -0.1327377
vn -5.3029594 -2.8827884 0.7265224
v 3.2102025 0.4067698 -0.0037914
vn -4.8793769 -0.7911577 -3.4640777
v 3.2182515 0.4196737 -0.0522756
vn -2.6124165 0.0662379 -5.6572938
v 3.2453561 0.4404697 -0.0716758
vn -3.7421398 0.9992217 -4.8374958
v 3.2485375 0.4045251 -0.0807012
vn -3.4631054 -3.9809628 3.3753195
v 3.2457182 0.3695338 0.0006738
vn -5.4349051 -2.5173860 -0.5474417
v 3.2212842 0.3803713 -0.0345582
vn -4.3149662 -0.5472788 -3.2309957
v 3.2231896 0.3991482 -0.0627735
vn -5.1487832 -3.2099571 1.4345670
v 3.2503610 0.3440111 -0.0375883
vn -4.5351882 -3.4870803 2.4277163
v 3.2549491 0.3499846 -0.0136656
vn -4.7437973 0.2815178 -3.5132499
v 3.2446206 0.3731561 -0.0846996
vn -5.3516817 -2.1694989 -1.3760823
v 3.2320678 0.3667027 -0.0560096
vn -4.9501057 -2.1862793 -1.2675927
v 3.2461495 0.3313516 -0.0736555
vn -4.1851902 -0.8670424 -4.2308736
v 3.2583108 0.3470122 -0.0973373
vn -3.3448796 1.4042565 -5.0300574
v 3.2728462 0.3885922 -0.1036695
vn -2.3163614 -3.7810094 4.4330139
v 3.3777311 0.3979595 0.1367552
vn -3.3523448 -3.1942072 4.2183685
v 3.3428330 0.3776226 0.1004795
vn -3.9677589 -2.1087613 4.3252115
v 3.3179433 0.4290206 0.1141396
vn -3.5615268 -3.0966995 4.0201449
v 3.3150845 0.3912949 0.0890606
vn -3.1787381 -3.5695198 4.0067325
v 3.2882969 0.3950517 0.0669563
vn -2.7826421 -3.4053607 4.2170510
v 3.2602382 0.4057435 0.0597597
vn -3.5997295 -3.7339046 3.2592483
v 3.2325206 0.4031801 0.0342169
vn -3.0312970 -4.1796961 3.5368967
v 3.2511666 0.3834957 0.0222448
vn -4.3887043 -3.3930805 1.7844820
v 3.2215993 0.3823646 -0.0054323
vn -0.1190533 -1.7080240 5.3062396
v 3.4385843 0.3936625 0.1737632
vn -2.8474915 -2.1398799 5.0180840
v 3.4242408 0.3796707 0.1630763
vn -2.9949634 -4.0565915 3.6530848
v 3.2776949 0.3808032 0.0390749
vn -3.1569774 -2.4181921 4.2046685
v 3.3907635 0.3784413 0.1241980
vn -3.7226570 -3.8201947 3.2884936
v 3.3161862 0.3687921 0.0651871
vn 3.3587389 -2.5374794 4.6105847
v 3.4757400 0.3748446 0.1442772
vn 0.4200898 -2.2602928 4.7364912
v 3.4399924 0.3422875 0.1528963
vn -3.9002321 -1.6048445 4.6020555
v 3.4104044 0.3563648 0.1381264
vn -2.8770535 -2.3503413 4.9231639
v 3.3707283 0.3664791 0.1089458
vn -4.0299950 -3.0166719 3.4879379
v 3.3448768 0.3489676 0.0843700
vn -3.4315088 -3.3777406 3.9156590
v 3.2679844 0.3536637 0.0104580
vn -4.4597163 -3.6024082 2.5491934
v 3.3378272 0.3435825 0.0634224
vn -2.6979971 -3.6080706 4.2950521
v 3.2908354 0.3526120 0.0219923
vn 3.2074969 -2.7296295 4.2805119
v 3.4647253 0.3536967 0.1346284
vn -3.8792357 -2.5166900 3.8522394
v 3.3729711 0.3285639 0.1018668
vn -3.4107440 -3.0443418 3.6723554
v 3.3223281 0.3384000 0.0280881
vn -2.6373780 -2.5208490 4.4754834
v 3.4113500 0.3187516 0.1317422
vn 1.6934735 -3.2799275 3.9670439
v 3.4494112 0.3101430 0.1318214
vn -4.4111834 -2.7386088 3.0902658
v 3.2675245 0.3259550 -0.0109124
vn -2.1176095 -3.9478464 3.6689682
v 3.4149129 0.3041589 0.1217414
vn -4.0408568 -3.7083793 2.9470212
v 3.3615100 0.3098004 0.0639331
vn -2.7969446 -2.8195920 4.8577838
v 3.2929599 0.3305441 0.0095950
vn 3.7377949 -2.7599125 4.0959096
v 3.4844685 0.3373503 0.1161851
vn -3.3977456 -4.3205886 2.9695885
v 3.3893094 0.2960868 0.0803560
vn -3.4035339 -2.1559083 4.7747231
v 3.3164973 0.3036175 0.0090682
vn -3.9268839 -2.2722969 4.2985244
v 3.3412011 0.2972968 0.0282479
vn -3.7156630 -2.7490184 4.1448097
v 3.2968044 0.2905120 -0.0092875
vn -1.5888480 -4.9593101 3.1920390
v 3.4230969 0.2866014 0.0996519
vn -3.1470556 -3.5035479 3.7056162
v 3.3676829 0.2930451 0.0436241
vn -4.7906156 -2.9756744 2.5415702
v 3.2729065 0.3060381 -0.0236661
vn 4.6956992 -2.1785440 3.2876010
v 3.5105426 0.3626947 0.0973610
vn -3.2627461 -3.7490425 3.7762680
v 3.3912313 0.2756340 0.0532820
vn 1.0296493 -4.5996804 3.4422133
v 3.4463384 0.2746800 0.0863777
vn -1.8834261 -4.7001157 3.6559916
v 3.4233069 0.2684235 0.0662099
vn 2.7867417 -3.2788262 4.2555838
v 3.4732227 0.2882588 0.0729978
vn -3.3278720 -3.4225564 3.6739662
v 3.3151772 0.2628656 -0.0093455
vn -4.8089700 -3.2946298 1.7626579
v 3.2816784 0.2796026 -0.0393714
vn 3.9512007 -1.9436845 4.4207873
v 3.5121381 0.3393487 0.0884545
vn 2.7744794 -3.5495362 4.3350410
v 3.5008123 0.3086200 0.0772395
vn 0.6163079 -4.0900507 4.3908300
v 3.4579890 0.2558202 0.0621560
vn -3.0966022 -2.9584827 4.2355433
v 3.3506274 0.2642578 0.0225541
vn -2.5038078 -3.1650658 4.7731543
v 3.3889883 0.2529750 0.0348713
vn 3.3163137 -1.1784060 5.0332513
v 3.5389450 0.3347868 0.0683546
vn -3.4725888 -3.6715393 3.6912386
v 3.3613126 0.2462652 0.0114132
vn -2.9151361 -4.3312702 3.2988091
v 3.3353233 0.2521937 -0.0114274
vn -4.6423373 -3.8866982 -0.7229748
v 3.2856450 0.2713422 -0.0589992
vn -3.3333535 -4.5770860 2.5369198
v 3.3427370 0.2340924 -0.0244655
vn -3.7562194 -3.9852595 2.1273222
v 3.3066573 0.2480128 -0.0353702
vn -0.8945273 -4.2073364 4.5499740
v 3.4224906 0.2339213 0.0313469
vn -3.5251377 -4.2203965 2.9502189
v 3.3715332 0.2222416 -0.0030007
vn 2.1066573 -3.3453481 4.5181789
v 3.5023918 0.2558901 0.0493485
vn 0.1714450 -4.4768023 4.3634033
v 3.4629138 0.2318217 0.0347060
vn -1.7761321 -3.6377983 3.7553313
v 3.3905396 0.2213117 0.0200875
vn -3.4561839 -4.5540676 0.2634108
v 3.3146234 0.2364106 -0.0513685
vn 2.3441932 -2.6963692 5.1368232
v 3.5267293 0.2996611 0.0557856
vn -0.4297764 -4.9702058 3.5133362
v 3.4412701 0.2137541 0.0152308
vn -2.8364525 -4.8961143 1.0966471
v 3.3674157 0.2106426 -0.0255922
vn -0.9741526 -5.2510228 1.9433960
v 3.4041002 0.2020933 -0.0040932
vn 3.5717978 -3.3250463 3.4532313
v 3.5489151 0.2785700 0.0350175
vn -2.8980663 -5.5391889 0.0280686
v 3.3628185 0.2152191 -0.0572165
vn -2.5895894 -5.1100001 -1.4594806
v 3.3411813 0.2232572 -0.0737626
vn -3.0383136 -3.5731339 -3.0444181
v 3.3234146 0.2409347 -0.0893877
vn 1.4765376 -4.3521347 4.0110803
v 3.4779410 0.2202667 0.0222170
vn 3.4821889 -4.1173048 2.8647420
v 3.5316145 0.2530296 0.0241479
vn -1.2543026 -5.7599282 -0.5724138
v 3.3800700 0.2056625 -0.0605800
vn -0.2654735 -4.0043674 0.7729855
v 3.4702065 0.1989498 0.0030760
vn -0.4150939 -5.9698129 0.4247504
v 3.4304037 0.1948885 -0.0372757
vn -1.5023657 -6.0612450 -0.0503864
v 3.4030294 0.2041718 -0.0402867
vn -2.9641967 -3.1535220 4.3400702
v 3.3512862 0.3994542 0.1264805
vn -3.5209310 -1.6264539 4.4578815
v 3.2289290 0.4305955 0.0535657
vn 0.3891184 -1.1654856 5.4938469
v 3.4477975 0.4251960 0.1826489
vn 3.2693536 -2.3674779 4.7037778
v 3.4771667 0.4030066 0.1586612
vn 4.4667645 -2.2766621 3.1625071
v 3.5199740 0.3893211 0.1154966
vn 3.6492965 -0.6062341 4.9925742
v 3.5443904 0.3601079 0.0641004
vn 4.3771806 -1.1376110 4.3595057
v 3.5337245 0.3775188 0.0783782
vn 3.1780481 -0.9439994 5.2782922
v 3.5745893 0.3387435 0.0416689
vn 3.1539192 -2.5010269 4.1736374
v 3.5605927 0.3044458 0.0471833
vn 4.1295514 -2.0208530 4.2441058
v 3.5074339 0.4124550 0.1331620
vn 4.1231723 -2.3500657 3.3655612
v 3.6144302 0.3395386 0.0193780
vn 3.6853182 -1.6439431 4.5381713
v 3.4972346 0.4354682 0.1599754
vn 4.4072857 -2.6305442 3.0215476
v 3.5455346 0.4175188 0.0777445
vn 2.7407589 -0.6680802 5.5193124
v 3.5792193 0.3734030 0.0498781
vn 3.1667788 -0.7442655 5.3065510
v 3.4895489 0.4584547 0.1691961
vn 3.0078530 -1.8703972 4.4754076
v 3.5607817 0.4111342 0.0573943
vn 4.4239583 -1.6883179 4.0794621
v 3.5356867 0.4523983 0.1248095
vn 4.5434198 -2.3757389 3.4887609
v 3.5512803 0.4422126 0.1017823
vn 3.5912302 -0.0371459 5.0247836
v 3.5003304 0.4826360 0.1641759
vn 3.8171701 -1.1677306 4.4711161
v 3.6161263 0.3731195 0.0300861
vn 2.5536008 -0.9083406 5.5574703
v 3.5922432 0.3987391 0.0423068
vn 3.4439654 -2.2698972 4.6198592
v 3.6218338 0.4145584 0.0327416
vn 4.2685199 -1.1914792 4.3402386
v 3.5415123 0.4804216 0.1288783
vn 4.0501199 -2.2577410 4.0554376
v 3.5570512 0.4916005 0.1132035
vn 3.4548573 -2.5733194 4.5166626
v 3.5771456 0.4549614 0.0816493
vn 3.1810217 -0.0165333 5.3505745
v 3.5133820 0.5160409 0.1501883
vn 2.7979095 -1.6418602 5.3209777
v 3.5427594 0.5093763 0.1352646
vn 2.5099466 -2.8222067 4.9560208
v 3.5944006 0.4381566 0.0583025
vn 2.4221284 -2.4232535 4.7160506
v 3.6260619 0.4409086 0.0517331
vn 3.0096538 -2.0095179 4.9258208
v 3.5983965 0.4714327 0.0784240
vn 4.7662401 -2.8121190 2.7149885
v 3.6605997 0.4471192 0.0187115
vn 3.2742414 -0.2900706 5.2535758
v 3.4966576 0.5410513 0.1589427
vn 5.5049257 -2.6134660 1.3164629
v 3.6568093 0.4304193 -0.0015901
vn 2.3474545 0.0333646 5.7020049
v 3.5530989 0.5506247 0.1389105
vn 3.1997094 -1.8135725 4.3094325
v 3.5764937 0.5223697 0.1262980
vn 3.6955159 -2.2600632 4.2726483
v 3.5815282 0.4982710 0.0930555
vn 3.8950241 -1.8624153 4.0304761
v 3.6526423 0.4577442 0.0394357
vn 3.4542227 -1.4467477 5.0077877
v 3.6270313 0.4782994 0.0594619
vn 2.6022263 1.5152075 5.3567519
v 3.5390348 0.5813810 0.1409489
vn 3.8551009 -1.6133250 4.4906077
v 3.6059997 0.5187456 0.0815549
vn 5.3098984 -2.2843068 0.1528659
v 3.6857846 0.4713982 -0.0105068
vn 3.8120983 -0.3052109 4.4812169
v 3.5942259 0.5517996 0.1168218
vn 3.4359891 -1.1544946 5.0728259
v 3.6436918 0.5216929 0.0599647
vn 3.6070073 -1.0356972 4.8981590
v 3.6532228 0.4916542 0.0398285
vn 2.1464550 2.7010884 5.0978994
v 3.5066061 0.6194900 0.1418506
vn 2.9232905 2.0067186 4.8199563
v 3.5760989 0.5838914 0.1231279
vn 3.5959747 -0.3765363 5.0681767
v 3.6409316 0.5618433 0.0652258
vn 3.9924994 -1.9479927 4.2445340
v 3.6734264 0.4889121 0.0269821
vn 3.2275479 2.3762076 4.7985177
v 3.5365124 0.6147904 0.1225985
vn 3.4624069 2.0348299 4.7110705
v 3.5650353 0.6308005 0.0952558
vn 3.8347950 2.2377350 4.2802677
v 3.6028798 0.5853177 0.0998715
vn 4.2170744 -1.1327134 4.3657379
v 3.6814549 0.5303430 0.0343026
vn 4.2273340 -0.4904285 1.8703790
v 3.7004054 0.5094074 0.0158016
vn 3.4743595 2.4972022 4.5264473
v 3.6039171 0.6145588 0.0756650
vn 3.7914441 0.1498409 4.6182981
v 3.6718936 0.5627344 0.0498410
vn 3.1287374 2.3767436 4.5683360
v 3.5499690 0.6589671 0.1012362
vn 3.7971611 1.4377524 4.6735625
v 3.6301892 0.5839803 0.0743530
vn 5.8448782 -0.2048196 -0.3920972
v 3.7005298 0.5210219 -0.0037628
vn 5.0730476 0.0617049 2.6300840
v 3.6943717 0.5524437 0.0257408
vn 5.3101635 -1.0899400 -2.6547418
v 3.6889555 0.5028971 -0.0322579
vn 3.7055662 1.9068762 4.0008368
v 3.6632621 0.5977097 0.0510891
vn 5.0940566 2.0092537 2.9751627
v 3.6831355 0.5822788 0.0272488
vn 5.2940745 0.2194207 -3.1426425
v 3.6872468 0.5452052 -0.0382310
vn 3.1238306 2.4600518 4.7961273
v 3.5752892 0.6600177 0.0791856
vn 3.9290376 3.4062304 3.3570113
v 3.6161194 0.6515683 0.0468702
vn 3.5440269 3.5129821 2.9434774
v 3.6410413 0.6411397 0.0381834
vn 4.9709511 1.6774744 0.2100435
v 3.6969879 0.5927887 -0.0068450
vn 5.9403124 0.3611515 -1.1842082
v 3.6975715 0.5588034 -0.0119836
vn 3.4814439 2.1189432 4.1040440
v 3.5975881 0.6560203 0.0704054
vn 4.7179413 3.1507609 2.2279103
v 3.6708558 0.6168582 0.0191359
vn 1.9279788 4.5809503 3.2812917
v 3.5606556 0.6973432 0.0608854
vn 1.2694398 -0.0239274 5.8184872
v 3.4663234 0.4732848 0.1823804
vn -0.8918595 -0.0725713 6.1959291
v 3.4322138 0.4617828 0.1798958
vn 1.1996173 0.4579142 5.8361316
v 3.4669561 0.5044818 0.1804529
vn -0.6034294 0.0657012 6.1605134
v 3.4536932 0.5306168 0.1755073
vn 1.3706963 0.9307780 5.3610625
v 3.4748676 0.5649973 0.1780148
vn 0.8791921 3.1469953 5.2919068
v 3.4808326 0.6168017 0.1502353
vn 1.6691159 3.6261411 4.0448380
v 3.5228248 0.6794898 0.1054014
vn -2.2397640 -1.2295042 5.5967007
v 3.3958766 0.4366206 0.1689513
vn -0.1385790 2.9183624 5.5441813
v 3.4526577 0.6038437 0.1583290
vn 0.5734589 3.5474000 5.1402221
v 3.4852893 0.6468226 0.1271287
vn 0.1760360 4.9133215 3.8088014
v 3.4933066 0.6930392 0.0904636
vn -1.4876652 0.1982916 6.0515943
v 3.4156575 0.5268669 0.1726305
vn -0.1862223 3.6463532 4.9472041
v 3.4566212 0.6405203 0.1372697
vn -0.0967694 4.1436920 4.6514053
v 3.4766645 0.6758190 0.1080280
vn -1.3702358 0.1574597 5.9525747
v 3.4034712 0.4833605 0.1772109
vn -0.9304311 0.5593232 5.6440678
v 3.4281352 0.5539784 0.1797947
vn 0.2995577 4.9603114 3.8075972
v 3.4761648 0.7095208 0.0692904
vn -1.1192687 3.1003625 5.2234869
v 3.4234793 0.6056660 0.1554621
vn -2.9537847 -2.4381413 4.8878641
v 3.4025292 0.4037356 0.1579247
vn -1.9680115 0.6223384 5.5807548
v 3.3728769 0.4891120 0.1688115
vn -2.6373961 1.0079517 5.5901942
v 3.3664260 0.5244778 0.1541943
vn -0.6120993 3.9631259 4.6867375
v 3.4508021 0.6677197 0.1151478
vn -2.6129246 -2.1753068 5.1729727
v 3.3730955 0.4286574 0.1557846
vn -2.1765168 0.8160277 5.7171841
v 3.3907490 0.5640249 0.1637826
vn -1.1098518 1.9928807 5.6106873
v 3.3908818 0.5818673 0.1601685
vn -1.1083753 3.3346035 5.1431861
v 3.3901234 0.6229091 0.1299053
vn -0.9014894 3.7625027 4.9034853
v 3.4213378 0.6626617 0.1092071
vn -3.0670362 -0.5971423 5.0842962
v 3.3478832 0.4712902 0.1572231
vn -0.2871015 4.4454980 4.3585267
v 3.4344454 0.6989058 0.0828407
vn -3.6230018 -1.9032849 4.6443386
v 3.3433256 0.4429073 0.1442444
vn -0.6951013 3.2691176 5.0165324
v 3.3829451 0.6578977 0.1141587
vn -3.4009390 0.9069137 5.1767130
v 3.3290875 0.4987013 0.1405207
vn -2.0405982 1.8190459 5.1640735
v 3.3622673 0.5931541 0.1473921
vn 0.3595391 4.6402121 4.1039653
v 3.4095125 0.7308487 0.0474159
vn -2.9103422 -0.0555991 5.5132146
v 3.3449304 0.5765779 0.1363121
vn -0.7512493 4.2029295 4.5947385
v 3.3918200 0.6884847 0.0859597
vn -2.9661729 0.5708128 5.5022101
v 3.3226838 0.5474584 0.1276457
vn -1.6162255 3.0505657 5.2382569
v 3.3533618 0.6309122 0.1182996
vn -4.1081815 -0.3825759 4.5710273
v 3.3135803 0.4929194 0.1297825
vn -1.2368739 4.1006460 4.5665574
v 3.3694935 0.7026542 0.0682432
vn 0.0219235 4.8640547 2.6371474
v 3.3914165 0.7536373 0.0267590
vn -3.2520304 0.9954209 5.1535430
v 3.3050010 0.5845992 0.1173365
vn -2.8187985 2.4030569 4.9332876
v 3.3179145 0.6130362 0.1161797
vn -2.1344824 3.6714904 4.4328561
v 3.3406444 0.6634305 0.0957797
vn -4.2211804 -0.4734548 4.5319695
v 3.2884202 0.4846419 0.0982849
vn -3.9451461 -0.2592332 4.6924953
v 3.2953935 0.5183408 0.1156000
vn -2.1902311 4.0947433 3.9632103
v 3.3420014 0.7158039 0.0489430
vn -3.9281540 -2.6216714 4.0600219
v 3.3083463 0.4183885 0.0966963
vn -4.0562525 0.3055521 4.4386983
v 3.2728236 0.5613674 0.0995824
vn -3.3062012 2.6591659 4.5129471
v 3.2905860 0.6296934 0.0885270
vn -2.6582701 3.8265278 4.2077241
v 3.3144388 0.6705418 0.0701096
vn -3.5834715 -0.6208626 4.8593097
v 3.2746189 0.4567512 0.0912230
vn -3.3924899 -2.5599213 4.6078153
v 3.2867913 0.4304544 0.0870524
vn -3.9454432 -0.2091134 4.6944842
v 3.2611086 0.5098335 0.0726415
vn -2.5323141 5.1601076 2.1850331
v 3.3306086 0.7412182 0.0012654
vn -4.3905945 1.0938364 4.3054924
v 3.2572269 0.5916104 0.0746000
vn -2.7620554 3.6172209 4.3003159
v 3.2909212 0.6675495 0.0588306
vn -3.8096733 1.9221674 4.3804984
v 3.2596130 0.6221024 0.0692417
vn -2.4466274 4.1079707 4.0474811
v 3.3037140 0.6983058 0.0364647
vn -2.1631227 5.0625439 1.6222924
v 3.2987382 0.7322259 -0.0024710
vn -3.3529775 -1.3613044 5.0735145
v 3.2544153 0.4353105 0.0686428
vn -3.5031526 -0.2344490 5.1542783
v 3.2433925 0.4697914 0.0619606
vn -4.7369332 0.1584253 4.0878525
v 3.2476544 0.5627069 0.0676753
vn -2.7145696 3.5700626 4.3802876
v 3.2743201 0.6823421 0.0355436
vn -3.3405013 -0.1203580 5.0860515
v 3.2300756 0.4864071 0.0580118
vn -4.1481552 0.3588428 4.6488290
v 3.2351618 0.5319821 0.0559729
vn -3.9288228 2.7445593 3.8655200
v 3.2477703 0.6524847 0.0397268
vn -4.5623121 1.4493996 3.9997916
v 3.2221124 0.6132980 0.0293821
vn -2.7705183 4.2200532 2.5114248
v 3.2670238 0.7145836 0.0059254
vn -4.9754190 0.7684867 3.6284361
v 3.2112641 0.5148319 0.0339469
vn -4.6996026 2.9136891 2.8282003
v 3.2271249 0.6573028 0.0078791
vn -4.7387309 -0.2436993 2.3804095
v 3.1944797 0.4634913 0.0298553
vn -4.7862210 3.4503417 1.5783019
v 3.2372696 0.6916613 -0.0152206
vn -4.6619611 0.6847543 4.1445565
v 3.2201705 0.5500185 0.0357456
vn -1.7981302 2.5843434 -4.4653606
v 3.3324220 1.9028194 -0.1130309
vn -4.7155848 3.7724447 -1.5447248
v 3.3117115 1.8882270 -0.0928485
vn 0.8563808 1.7740883 -5.8480835
v 3.3315971 1.8765941 -0.1231607
vn 1.4498602 1.6999813 -5.8449078
v 3.3428936 1.8619683 -0.1228805
vn 0.3690742 0.8711629 -5.8744659
v 3.3443146 1.8349017 -0.1342284
vn -0.0220761 -0.3040586 -6.0978003
v 3.3385475 1.8140558 -0.1298017
vn -4.5697527 3.6404114 -2.1431227
v 3.3085210 1.8954724 -0.0695547
vn -2.2700195 2.9544857 -3.4395871
v 3.3073044 1.8772852 -0.1226558
vn -0.0937051 0.4118233 -6.0410600
v 3.3204169 1.8341062 -0.1349320
vn -4.2449765 3.8959837 -1.8230765
v 3.3036029 1.9172466 -0.0359727
vn -4.4035254 4.2157621 -1.4867685
v 3.2802217 1.8522621 -0.1060817
vn -2.4504409 2.0751302 -4.1458688
v 3.2834251 1.8451844 -0.1287762
vn -1.0603337 -0.3244925 -6.1773405
v 3.2875011 1.8254994 -0.1292296
vn -0.8681425 0.2003206 -6.1755853
v 3.2895567 1.8023379 -0.1274489
vn -5.1034379 2.7601910 -1.4652952
v 3.2764363 1.8769107 -0.0450506
vn -4.4036932 4.1068597 -1.5623302
v 3.2936611 1.8708632 -0.0831635
vn -4.9310017 3.5513194 -1.0539573
v 3.2726779 1.8570173 -0.0564297
vn -4.4423227 4.1500416 -1.0358055
v 3.2655423 1.8488257 -0.0754688
vn -4.5523658 3.9146702 -1.6036477
v 3.2564657 1.8326470 -0.0827179
vn -4.4758134 4.1418033 -1.2887583
v 3.2567258 1.8292123 -0.1054831
vn -3.1816738 1.6944922 -3.4803081
v 3.2487187 1.8137558 -0.1214441
vn -1.9026607 0.0231521 -5.6909513
v 3.2562547 1.7986858 -0.1249155
vn -4.7857151 3.5819120 -0.5270852
v 3.2670670 1.8528017 -0.0236523
vn 0.6564773 -4.0710011 -4.7073073
v 3.3234627 1.6899880 -0.1227850
vn -2.7455795 -2.8539946 -3.5108328
v 3.3027434 1.6908293 -0.1238589
vn -5.5381837 -2.5878541 -1.3439740
v 3.2915030 1.7008109 -0.0994720
vn -5.6409822 -2.2134082 -1.2255906
v 3.2920787 1.6927407 -0.0800122
vn 0.2973564 -1.5308278 -5.4458094
v 3.3488514 1.7230737 -0.1416105
vn -0.5410556 -1.8466426 -4.9202967
v 3.3194447 1.7065156 -0.1390343
vn -3.1771479 -1.8562942 -4.4449420
v 3.2871490 1.7259070 -0.1265925
vn -5.3233933 -3.0720336 -1.2887273
v 3.2709675 1.7253331 -0.0723269
vn -1.2785075 1.0046088 -5.8897095
v 3.3599148 1.7473170 -0.1381720
vn -1.1686360 0.1908525 -6.1559520
v 3.3138235 1.7412943 -0.1342660
vn -3.4646952 -1.9462092 -3.4038548
v 3.2715962 1.7414944 -0.1240011
vn -5.3463826 -3.1224041 -1.0006307
v 3.2698700 1.7372651 -0.0936124
vn -5.1328959 -3.2677903 -1.3616184
v 3.2622154 1.7449522 -0.0778777
vn -0.2882861 0.5694978 -6.2463250
v 3.3336916 1.7718155 -0.1347582
vn -1.5879804 -0.2106798 -6.0095954
v 3.2794902 1.7694082 -0.1293222
vn -0.6436564 0.6737927 -6.0988827
v 3.3054276 1.7822081 -0.1340685
vn -3.8777742 -2.0896542 -3.3558314
v 3.2565331 1.7645245 -0.1190423
vn -0.1004659 0.4172528 -6.2375083
v 3.3247778 1.7981895 -0.1312373
vn -4.7178440 -3.7267613 -1.4719076
v 3.2418282 1.7756934 -0.0788557
vn -4.2351079 -0.3850470 -2.2202168
v 3.2341921 1.7927723 -0.1100512
vn -3.0157449 -4.0704660 3.6887934
v 3.2508922 1.7381672 0.0267255
vn -4.2314510 -1.7862766 3.2334745
v 3.2353039 1.7635444 0.0447291
vn -5.4284496 1.0541798 2.8847036
v 3.2330892 1.7817274 0.0377046
vn -5.1868563 2.7855587 1.3777089
v 3.2227466 1.7973025 0.0053986
vn -4.8253326 -0.8309586 0.2046985
v 3.2121649 1.7710760 0.0013541
vn -5.0751328 3.5611959 0.7625417
v 3.2393010 1.8179801 0.0007285
vn -5.1407475 3.4348083 -0.4238632
v 3.2572851 1.8502561 0.0018095
vn -4.6803436 4.0698762 -0.3953069
v 3.2520790 1.8404760 -0.0249052
vn -3.6118340 -3.5187728 0.6901466
v 3.2418118 1.7237031 0.0067410
vn -4.2405276 -2.2548816 1.3355914
v 3.2208061 1.7517197 0.0182918
vn -4.9725690 3.7391632 0.3165882
v 3.2376349 1.8213614 -0.0190736
vn -4.7971988 -3.5433652 -1.8707284
v 3.2294824 1.7575306 -0.0107779
vn -5.1211166 -0.0465305 -0.5449978
v 3.2131581 1.7830265 -0.0208533
vn -4.9038963 3.8785636 -0.5905653
v 3.2423267 1.8240187 -0.0479564
vn -5.2346010 3.3920758 -0.4344769
v 3.2264817 1.8040888 -0.0420895
vn -4.0053267 -3.5883505 0.5208832
v 3.2639096 1.7004330 -0.0094493
vn -4.9841542 -2.9823472 -2.0253711
v 3.2600181 1.7215648 -0.0211314
vn -4.6331391 -3.8345952 -1.7504274
v 3.2309456 1.7664059 -0.0410990
vn -4.8607087 -0.6255575 -1.1096308
v 3.2166159 1.7851107 -0.0467945
vn -4.8341260 -3.6554604 -1.5913366
v 3.2441187 1.7451556 -0.0313443
vn -4.7394896 -0.2486799 -1.3889260
v 3.2242167 1.7924778 -0.0768381
vn -4.9964991 3.6312490 -1.0088769
v 3.2390046 1.8148431 -0.0769721
vn -5.3174276 -2.8833873 -1.5558505
v 3.2742863 1.7130986 -0.0529299
vn -4.8297119 -3.4842923 -1.8656561
v 3.2498729 1.7541651 -0.0575655
vn -0.2047265 0.4304709 -6.2155614
v 3.3643582 1.9106354 -0.1089223
vn -2.1432045 0.3158372 -5.8047538
v 3.3512998 1.9373637 -0.1033573
vn -4.9796147 2.6571941 -2.5422683
v 3.3313906 1.9226106 -0.0928718
vn 0.4590825 1.4647211 -5.9630156
v 3.3671658 1.8805659 -0.1116910
vn 0.6334929 2.0924473 -5.7656984
v 3.3660614 1.8532358 -0.1201806
vn 0.3558178 1.0151063 -5.9261560
v 3.3597417 1.8269774 -0.1341232
vn -5.7267313 2.0661814 -1.5484883
v 3.3280218 1.9319546 -0.0668384
vn -4.7074876 3.2671981 -1.8799000
v 3.3191953 1.9118844 -0.0615290
vn -5.2987719 3.3387091 -0.2343347
v 3.2915840 1.9014239 -0.0145578
vn -5.3031993 2.9721663 0.1149766
v 3.2771087 1.8833785 -0.0139882
vn 1.5888196 -3.6823487 -4.8328228
v 3.3473911 1.7064583 -0.1289288
vn 1.1283313 -3.5857172 -5.0218821
v 3.3496170 1.6801763 -0.1097705
vn 0.5259791 -4.0427070 -4.7673035
v 3.3320632 1.6664324 -0.1017756
vn -2.9297023 -2.9303832 -2.9043725
v 3.3037510 1.6589683 -0.0963598
vn -5.8264866 -1.8302908 -1.4621824
v 3.2939856 1.6669184 -0.0617623
vn -5.5791354 -2.3545198 -1.6439641
v 3.2791514 1.6907821 -0.0393334
vn 0.9996939 -3.9182813 -4.6882720
v 3.3735056 1.7165853 -0.1272117
vn -0.8504945 0.6408917 -6.1753802
v 3.3557439 1.7705374 -0.1361366
vn -0.3462747 0.7960793 -6.1969500
v 3.3742514 1.8013819 -0.1357146
vn -3.2649515 -4.2698145 3.1477089
v 3.2570965 1.7533982 0.0499028
vn -5.4932394 2.1399484 2.0012217
v 3.2380884 1.8073412 0.0310467
vn -5.4125004 2.3853123 1.2959045
v 3.2448502 1.8261548 0.0331057
vn -5.4322743 3.0900228 0.3048069
v 3.2504380 1.8347696 0.0137858
vn -5.1679325 3.3024058 -0.5895875
v 3.2724574 1.8792973 0.0281970
vn -4.5675550 -3.4665806 1.1685953
v 3.2798867 1.6818335 -0.0223289
vn 0.5964074 0.8461697 -6.1264434
v 3.3862195 1.8918201 -0.1094313
vn 0.4660044 0.6752148 -5.8067346
v 3.4087341 1.8843536 -0.1053504
vn 0.6801592 1.8913211 -5.7661409
v 3.3903816 1.8685504 -0.1181178
vn 0.9344682 1.6249213 -5.9159489
v 3.4144781 1.8594978 -0.1129265
vn 0.4368064 1.0481100 -6.0822568
v 3.4265478 1.8610421 -0.1131327
vn 1.3831863 1.1633863 -5.9758601
v 3.4228837 1.8411343 -0.1153666
vn -0.9468763 0.7521814 -5.7819753
v 3.4524295 1.8417299 -0.1105050
vn -0.1290794 1.7512205 -5.7181621
v 3.4439671 1.8238380 -0.1142830
vn -1.1867733 2.3851023 -5.6650333
v 3.4574018 1.8138611 -0.1226538
vn 1.3654537 1.3410971 -5.9226460
v 3.4027615 1.8416262 -0.1223480
vn 0.7357071 1.7396804 -5.9712391
v 3.3828146 1.8382734 -0.1251350
vn -0.4907590 3.0595438 -5.2504082
v 3.4443092 1.8018683 -0.1238044
vn 1.4476576 1.4983287 -5.9241862
v 3.4085746 1.8182881 -0.1254867
vn 0.9948505 1.5390056 -5.9906564
v 3.3846102 1.8064488 -0.1341529
vn 0.7588991 2.8379333 -5.3395734
v 3.4278846 1.8010008 -0.1251389
vn 5.6720433 1.1515253 -2.4154084
v 3.5511942 1.7247252 -0.1034696
vn 3.1959667 -0.9860038 -4.0376053
v 3.5465269 1.7032317 -0.1235925
vn 2.7094934 -1.2621535 -3.6440153
v 3.5521991 1.6819223 -0.1164425
vn -0.5531525 -2.3545916 -5.7731781
v 3.5232022 1.6988708 -0.1223031
vn -1.0204543 -2.7627461 -5.5459981
v 3.4979789 1.6911443 -0.1144072
vn 1.8042190 -0.1266679 -3.7918971
v 3.5339243 1.7362542 -0.1383059
vn 2.3308144 -0.4932445 -3.4888103
v 3.5432653 1.7174605 -0.1323194
vn -0.3606409 -2.4493423 -5.7679124
v 3.4898956 1.7236401 -0.1284021
vn -0.2397783 -2.3441730 -5.8122358
v 3.5039818 1.7327412 -0.1322393
vn 5.4482493 1.7495928 -2.5069656
v 3.5362957 1.7465922 -0.1211029
vn 3.4513779 -0.0600382 -3.6086123
v 3.5269613 1.7536221 -0.1418275
vn -0.4615601 -2.0042446 -5.8020473
v 3.5185621 1.7250305 -0.1290787
vn 1.9526877 0.3644809 -3.6638446
v 3.5209281 1.7632035 -0.1482947
vn 0.0425696 -3.1906245 -5.2705927
v 3.4897752 1.7507288 -0.1390803
vn -2.4635236 -0.5567951 -4.4020796
v 3.5047474 1.7811286 -0.1402798
vn 0.0402206 -0.8317503 -5.0928946
v 3.4936988 1.7609235 -0.1483380
vn -0.0136800 2.5944693 -5.5485926
v 3.4870870 1.7764896 -0.1390895
vn 0.6616594 -0.2745473 -5.3620372
v 3.4675641 1.7628388 -0.1499979
vn 0.2406732 -3.4324000 -5.0507522
v 3.3829243 1.7062527 -0.1174502
vn -1.0882461 -2.4540470 -5.5011621
v 3.3874991 1.6975958 -0.1130207
vn -0.6619582 -1.1429160 -5.2679229
v 3.3847854 1.7423103 -0.1497908
vn 0.3677804 -3.9006023 -4.8655705
v 3.3946588 1.7311629 -0.1405651
vn -1.7781869 1.2845188 -5.8791995
v 3.3817248 1.7602533 -0.1442907
vn -0.3410704 1.9186175 -5.8780255
v 3.3896554 1.7820787 -0.1407864
vn 0.1067570 -3.3672853 -5.2470942
v 3.4067514 1.7217969 -0.1316097
vn -0.4605630 0.6320897 -5.5785270
v 3.4120181 1.7607534 -0.1531146
vn 0.8249108 2.5516059 -5.5293589
v 3.4121082 1.7960243 -0.1302303
vn -0.2590359 -2.7628818 -5.2429638
v 3.4111187 1.6977232 -0.1226854
vn 0.6844618 -3.1032350 -5.3898249
v 3.4147813 1.7428925 -0.1455127
vn 0.6113454 -3.0000017 -5.4097958
v 3.4341590 1.7180054 -0.1264133
vn 0.1065177 0.2139129 -4.5585322
v 3.4330935 1.7621697 -0.1561307
vn 0.9483266 -2.8572366 -5.4930120
v 3.4379454 1.7057806 -0.1208856
vn 0.6806481 -3.0522859 -5.4051919
v 3.4468296 1.7263848 -0.1316368
vn 0.9407696 -3.1468103 -5.2106428
v 3.4422548 1.7464871 -0.1406025
vn 0.1291849 3.4734540 -5.1946759
v 3.4480803 1.7773986 -0.1445280
vn 0.2276946 -3.1439428 -5.3806477
v 3.4539492 1.6829535 -0.1033447
vn 0.0171581 -3.0484328 -5.4604864
v 3.4644332 1.7099955 -0.1195014
vn -0.2025544 2.7633221 -5.5989780
v 3.4710531 1.7962935 -0.1329495
vn 0.3888817 -2.9038997 -5.5365734
v 3.4643233 1.7379164 -0.1343841
vn -0.3970625 -0.6581263 -6.2242165
v 3.3816884 1.9130316 -0.1108811
vn -1.6342084 1.6478825 -5.6027904
v 3.4775264 1.8142323 -0.1244594
vn 5.9670658 0.6081583 -1.8164889
v 3.5680554 1.6819320 -0.0618305
vn 5.8182573 1.0383751 -1.6223195
v 3.5613642 1.7128215 -0.0859585
vn 6.0160642 0.0900148 -1.7958530
v 3.5595801 1.6900065 -0.0909481
vn 3.9864025 -2.5556705 -0.8848446
v 3.5688276 1.6588361 -0.0699408
vn 2.7366681 -2.5760918 -2.3514721
v 3.5579689 1.6584909 -0.0990483
vn 1.9525622 -5.9427466 0.0141533
v 3.5425899 1.6493551 -0.0648850
vn -0.5495941 -3.2995760 -5.1376271
v 3.5201323 1.6668310 -0.1077030
vn -0.6201272 -3.5881476 -5.0997305
v 3.4989259 1.6523575 -0.0931415
vn -1.8815290 -1.4933698 -5.2742224
v 3.4758124 1.6735301 -0.0993478
vn 5.5355535 1.9355272 -1.8907725
v 3.5270221 1.7593851 -0.1314058
vn 5.6209149 2.2531531 -0.6187019
v 3.5249100 1.7655708 -0.1343333
vn 5.4810171 2.3394804 -1.9899855
v 3.5222912 1.7676485 -0.1389796
vn -2.7170725 1.0776839 -5.3614469
v 3.4993825 1.7881207 -0.1376293
vn -2.1643186 0.3620538 -5.0643597
v 3.4941130 1.7952650 -0.1329875
vn 0.2843140 -3.9393678 -4.7562795
v 3.4164946 1.6776099 -0.1072567
vn -0.0611883 -3.6839044 -5.0520806
v 3.4264200 1.6610281 -0.0907691
vn -0.8540609 -0.8477901 -6.0311613
v 3.4250677 1.8996648 -0.1080467
vn -1.0619808 -0.6255758 -6.0627093
v 3.4459636 1.8872708 -0.1141495
vn -1.9244875 -1.3217896 -5.6488590
v 3.4455395 1.9177799 -0.1155511
vn -2.9721093 -1.4059827 -5.3461285
v 3.4739811 1.9130087 -0.1316574
vn -1.9382867 -1.0566448 -5.7577901
v 3.4578922 1.8801239 -0.1141209
vn -2.7265882 -1.3115050 -5.4805660
v 3.4968393 1.9014164 -0.1390174
vn -0.8680043 0.0868471 -6.1292133
v 3.4327579 1.8790257 -0.1091865
vn -3.2018638 -1.0956416 -5.2773871
v 3.4809241 1.8744249 -0.1256054
vn -2.7495151 -0.5889967 -5.6090827
v 3.5177884 1.8886766 -0.1486994
vn -0.3462643 0.2557931 -5.8560371
v 3.4470947 1.8586135 -0.1083423
vn -3.0637989 -0.3431104 -5.4417019
v 3.5123823 1.8656971 -0.1452247
vn -2.9487031 -0.1532723 -5.2276683
v 3.4778888 1.8583497 -0.1192173
vn -2.5961754 0.5967208 -5.6810722
v 3.4706824 1.8428329 -0.1192004
vn -3.2823341 -0.3540798 -5.3339915
v 3.4961958 1.8443491 -0.1323729
vn -2.9614093 0.1365825 -5.4860840
v 3.5005517 1.8305551 -0.1337471
vn 0.7181839 -1.5287141 -4.8246241
v 3.5285652 1.8362129 -0.1495336
vn 5.1428366 -1.2026730 -3.0402088
v 3.6108155 1.8861643 -0.0783155
vn 5.1186585 -1.9338500 -3.0653801
v 3.6007378 1.8964578 -0.0960265
vn 4.8443933 -2.2470922 -3.3066287
v 3.5955951 1.8623124 -0.0831082
vn 5.0151205 -1.5547751 -3.3304119
v 3.6009324 1.8393015 -0.0591548
vn 4.8647375 -1.4522707 -3.4121897
v 3.5858727 1.8294686 -0.0727320
vn 4.8894196 -1.1055371 -3.1979897
v 3.6043136 1.8177713 -0.0533543
vn 4.8196383 -1.6906105 -3.5782590
v 3.5938053 1.8011947 -0.0578455
vn 4.5437860 -2.3322957 -3.5737159
v 3.5859349 1.8893759 -0.1161261
vn 4.4806581 -2.1860161 -3.7451694
v 3.5799332 1.8625375 -0.1072124
vn 4.8247018 -2.1358764 -3.3783898
v 3.5791061 1.8383917 -0.0920249
vn 3.5062521 1.4745349 -2.6543665
v 3.5953529 1.9152275 -0.1197533
vn 4.2060914 -2.2439542 -4.0370727
v 3.5649500 1.8748798 -0.1267934
vn 4.5466905 -1.9763211 -3.8453226
v 3.5583401 1.8313704 -0.1121244
vn 2.4417505 1.4979846 -3.1767542
v 3.5767574 1.9134455 -0.1410982
vn 1.6573290 0.8947998 -4.2446351
v 3.5505273 1.9051725 -0.1605245
vn 1.0200490 -1.2189759 -5.0131154
v 3.5432177 1.8886331 -0.1591579
vn 4.5782671 -1.9940174 -3.7952380
v 3.5467014 1.8461096 -0.1357144
vn -0.0460213 1.7608354 -4.6212673
v 3.5218930 1.9223975 -0.1560069
vn 0.6661839 -1.1620432 -4.5135908
v 3.5331578 1.8540609 -0.1555134
vn 5.9324875 0.1560642 -1.8024303
v 3.5614774 1.7238779 -0.0716026
vn 5.4782834 -1.2318975 -2.6867757
v 3.5637598 1.7428770 -0.0712226
vn 5.1632333 -0.2682035 -3.3579626
v 3.5549812 1.7484280 -0.0884318
vn 5.0867624 0.8638077 -2.8871486
v 3.5220056 1.7721360 -0.1331486
vn 0.4367068 0.7177584 -5.3308277
v 3.5133159 1.7756224 -0.1443197
vn 5.0078864 0.2383257 -3.5452576
v 3.5384278 1.7610306 -0.1107276
vn 1.3701807 -0.5842618 -4.9282680
v 3.5178690 1.7977515 -0.1450669
vn -2.9677017 0.2707252 -5.4617329
v 3.5021260 1.7934122 -0.1394234
vn 5.1463327 -1.7458439 -3.1460311
v 3.5743032 1.7547554 -0.0602647
vn 4.9316325 -1.1935600 -3.4421349
v 3.5649774 1.7638699 -0.0833473
vn 4.5661087 -1.0451671 -4.1794567
v 3.5447512 1.7816000 -0.1081354
vn -0.1998730 -0.5821685 -5.3022256
v 3.5205526 1.8237256 -0.1464743
vn 5.1159477 -1.2136861 -3.3805172
v 3.5735648 1.7706281 -0.0687937
vn 4.6574392 -1.4813188 -3.8578665
v 3.5318482 1.7973330 -0.1262943
vn 4.6947980 -1.5283991 -3.8656170
v 3.5593822 1.8035480 -0.0988177
vn 3.1952114 -1.2529389 -4.2275772
v 3.5708246 1.7913221 -0.0745987
vn 4.3549428 -1.9071915 -4.0803008
v 3.5352802 1.8147296 -0.1319885
vn 4.6972237 -1.5968696 -3.7910128
v 3.5789614 1.8107132 -0.0787153
vn -0.6846362 -1.0502502 -6.1317410
v 3.4055564 1.9299003 -0.1150642
vn -1.3242373 -1.6431785 -5.8753629
v 3.4363823 1.9445969 -0.1219173
vn -2.8751023 -0.6560925 -5.5149384
v 3.4666841 1.9473605 -0.1354909
vn -0.4783320 1.3304781 -4.4624329
v 3.4958344 1.9369129 -0.1510450
vn -1.6163837 1.5681156 -5.6990170
v 3.4837132 1.8074020 -0.1286113
vn 5.4276276 -1.7309330 -2.5861084
v 3.6205165 1.9029337 -0.0608222
vn 3.8839560 1.5199080 -2.3708408
v 3.6163042 1.9195770 -0.0843274
vn 5.3333817 -1.6104742 -2.5733204
v 3.6167226 1.8681124 -0.0567380
vn 5.3658233 -1.2334398 -2.6615906
v 3.6099005 1.8388783 -0.0396857
vn 5.6221242 -1.2530015 -2.2654090
v 3.6133091 1.8142298 -0.0311242
vn 2.2669113 5.2085290 -2.6393826
v 3.5704648 1.9266413 -0.1178089
vn 2.1871560 4.7747631 -3.4342532
v 3.5195839 1.9411796 -0.1328726
vn 3.5661070 3.8946514 -1.7861360
v 3.5188310 1.7732983 -0.1416780
vn -2.8628027 -1.1321481 -3.8395240
v 3.5040929 1.7828853 -0.1417087
vn 5.2602510 -0.6950652 -2.9450185
v 3.5709760 1.7222408 -0.0460099
vn 5.1850662 -1.8514467 -3.0125670
v 3.5965800 1.7769970 -0.0383785
vn -2.4238324 2.3306661 -4.4074955
v 3.3901231 1.9727852 -0.1141746
vn -3.2016096 4.6949692 -2.4263608
v 3.4027202 1.9942626 -0.0970728
vn -3.2937405 5.0134883 -1.8235042
v 3.3753762 1.9793187 -0.0802125
vn -3.3975568 4.8266826 -2.0988135
v 3.4115450 2.0111134 -0.0668013
vn -3.8244958 4.4256587 -2.0506284
v 3.3853698 2.0101519 -0.0070084
vn -3.9961786 4.4958701 -1.7359394
v 3.3942108 2.0105913 -0.0354776
vn -3.5086238 4.8609347 -1.7052116
v 3.4104054 2.0321131 -0.0143275
vn -3.4589915 4.7741842 -1.9832391
v 3.3987820 2.0376706 0.0167504
vn -1.0222023 4.5036964 1.2620972
v 3.3976176 2.0446811 0.0403492
vn 0.1104392 4.7724295 0.0462654
v 3.4244401 2.0522754 0.0178882
vn 1.4435928 4.5646868 4.0373607
v 3.4281187 2.0375583 0.0365413
vn -1.5262678 -0.2159402 -5.9371195
v 3.4255657 1.9674855 -0.1263531
vn -0.3161622 5.1135912 -2.5504646
v 3.4325430 2.0049791 -0.1067930
vn 0.1403906 4.3316526 -1.5238091
v 3.4306777 2.0396523 -0.0397732
vn 1.5554409 5.4108415 -1.3824595
v 3.4330273 2.0472708 0.0075641
vn 0.0748199 3.0056081 -3.4468706
v 3.4357405 1.9959604 -0.1248878
vn 0.5652243 4.8178096 -2.1337740
v 3.4355667 2.0213301 -0.0747922
vn 3.7557821 4.7668176 -1.5983603
v 3.4597719 2.0221267 -0.0098234
vn 3.8192656 3.9391153 -2.3787494
v 3.4559546 1.9987869 -0.0967446
vn 3.9803674 4.5321488 -1.6594633
v 3.4537652 2.0193112 -0.0308998
vn 2.7089467 4.9931569 -2.6105590
v 3.4738944 1.9717457 -0.1167718
vn 0.2023548 2.2231288 -4.7896719
v 3.4657772 1.9633530 -0.1350176
vn 3.5119090 4.5276437 -2.0966277
v 3.4662297 1.9828041 -0.0971712
vn 3.4616466 4.9337854 -1.6989630
v 3.4722748 1.9983699 -0.0513031
vn 3.1669421 5.2322774 -1.3634231
v 3.4819770 2.0049171 -0.0139080
vn 2.4557097 5.4471450 -1.9241434
v 3.4800785 1.9850684 -0.0756115
vn 2.4997482 5.4379358 -1.8638988
v 3.4967675 1.9939365 -0.0235185
vn -0.9174050 4.8566461 3.8396471
v 3.4954267 1.9678936 0.0914988
vn 2.0782244 5.8717928 -0.1204109
v 3.5689328 1.9781950 0.0753627
vn 2.5286179 5.6376877 -0.8045844
v 3.5528991 1.9833943 0.0500421
vn 2.8502622 5.4647675 -1.0413735
v 3.5800233 1.9705859 0.0499925
vn -0.3247407 4.3633652 4.4556785
v 3.4889650 1.9797093 0.0776620
vn 0.4007551 4.9846249 2.7463956
v 3.5127525 2.0009022 0.0631094
vn 1.0382348 5.0291915 2.2878606
v 3.5331337 1.9924811 0.0735224
vn 2.4387522 5.5588098 -1.5639402
v 3.5636151 1.9709674 0.0201002
vn 2.7582438 5.4655433 -1.1887341
v 3.5491571 1.9734049 0.0098849
vn 0.1122983 4.1729989 4.5495048
v 3.4865818 1.9933548 0.0638667
vn 2.4439082 5.5969954 -0.4568140
v 3.5230277 1.9987106 0.0533613
vn 2.8795664 5.4095421 -1.0073835
v 3.5273325 1.9864672 0.0230455
vn 1.9077270 5.1701722 1.3944449
v 3.4993351 2.0082629 0.0482311
vn 0.9845937 3.9827015 4.6494808
v 3.4807532 2.0073729 0.0553354
vn 0.4193545 4.3477216 4.4756351
v 3.4564192 2.0001836 0.0639766
vn 1.2562441 4.1731305 4.4840841
v 3.4388521 1.9912682 0.0741675
vn 2.5059128 5.6486506 -0.8851634
v 3.5076025 1.9964993 -0.0006537
vn 0.9512185 4.0967960 4.4791341
v 3.4473155 2.0099120 0.0531539
vn 1.8606229 4.6907816 2.3632383
v 3.4648359 2.0294003 0.0368891
vn 3.6053975 4.8340645 -1.1038496
v 3.4723060 2.0248587 0.0192203
vn 2.9381182 5.1917505 -1.1713881
v 3.4892664 2.0037336 0.0088619
vn 2.2265825 5.6007199 -1.5659771
v 3.6181228 1.9341251 -0.0461015
vn 2.5777762 5.4073062 -1.8711063
v 3.5623009 1.9417254 -0.0918782
vn 2.4340162 5.1863146 -2.3772087
v 3.5425885 1.9454767 -0.1100359
vn 2.6428740 5.4263177 -1.6621594
v 3.5169573 1.9643025 -0.0824240
vn 2.3047760 5.1537862 -2.6692300
v 3.5044484 1.9586442 -0.1166818
vn 2.1759384 5.6739712 -1.5751463
v 3.5863650 1.9433973 -0.0498381
vn 2.1522238 5.3838768 -1.8273340
v 3.5388649 1.9587897 -0.0786200
vn 2.7246499 5.3303180 -1.6304605
v 3.5001407 1.9759563 -0.0799170
vn 2.0389485 5.8105254 -1.1039358
v 3.6037784 1.9399983 -0.0347970
vn 2.4233308 5.6359129 -1.2963376
v 3.5598178 1.9512058 -0.0588291
vn 2.6862338 5.2822018 -1.7975689
v 3.5359614 1.9632732 -0.0525161
vn 2.2363188 5.7464547 -1.1173052
v 3.6032410 1.9459174 -0.0041514
vn 2.0280864 5.7478113 -0.9646445
v 3.5804520 1.9533415 -0.0269772
vn 2.5672567 5.4927106 -1.2669834
v 3.5639272 1.9586732 -0.0169670
vn 2.7234342 4.6897225 -2.2881815
v 3.5340996 1.9775929 -0.0349963
vn 2.7453914 5.3172154 -1.8446734
v 3.5007765 1.9820503 -0.0500994
vn 2.0418291 5.4279265 -2.3937855
v 3.5094972 1.9843731 -0.0362340
vn 2.7856832 5.4807301 -1.2546734
v 3.5839744 1.9617168 0.0265684
vn 2.6538672 5.4379220 -1.0649228
v 3.5247500 1.9871045 -0.0154806
vn -2.7567804 1.9346297 -3.6021438
v 3.3518674 1.9556489 -0.1056019
vn -1.1280074 -0.0630471 -6.1376400
v 3.3812404 1.9472494 -0.1132927
vn -4.1370387 3.7739766 -1.7709993
v 3.3420172 1.9626930 -0.0750767
vn -3.1224499 5.2426729 -1.4546856
v 3.3481107 1.9735752 -0.0439786
vn -3.6358266 4.8230062 -1.6023022
v 3.3795619 1.9915533 -0.0470110
vn -3.3554025 4.9210663 -1.7880273
v 3.3709168 1.9934593 -0.0212269
vn -3.6191914 4.5040083 -2.4373102
v 3.3723619 2.0162404 0.0183600
vn 1.4047823 4.1205826 4.4249554
v 3.4151149 2.0241129 0.0565434
vn -0.9432711 4.7679219 3.9435718
v 3.5231402 1.9706120 0.0940572
vn 0.4044079 5.1972461 2.5820222
v 3.5541453 1.9806415 0.0904762
vn 1.0814995 2.2911618 5.0121236
v 3.5551078 1.9625648 0.1071372
vn 1.7886108 2.4775732 2.4738398
v 3.5747886 1.9766511 0.0979669
vn 3.3000367 3.2061090 2.1536491
v 3.5929399 1.9669883 0.0804445
vn 3.4204228 3.1882303 1.9437542
v 3.6133258 1.9548683 0.0656708
vn 0.2559576 4.7056241 3.7540312
v 3.4737194 1.9605502 0.0952250
vn 0.8945693 4.2443070 4.5353041
v 3.4589145 1.9811680 0.0798211
vn 2.3511443 5.4675236 -1.9620451
v 3.5904453 1.9338224 -0.0799267
vn 4.0601335 1.7159437 -1.9642788
v 3.6381767 1.9254880 -0.0420818
vn 2.5134919 5.6722536 -0.9186735
v 3.6120787 1.9510778 0.0334977
vn -4.2435980 3.6394517 -1.0410130
v 3.3303449 1.9648384 -0.0385855
vn -5.1994185 2.8529077 -1.4608293
v 3.3194115 1.9333811 -0.0299396
vn -4.7619596 3.7640803 -0.2743295
v 3.3000333 1.9186429 -0.0109907
vn -5.3524685 2.9057722 -0.3789465
v 3.3092077 1.9265045 0.0079900
vn -5.1305265 3.5347278 -0.5848711
v 3.2922845 1.9035001 0.0250228
vn -5.0470743 3.4783306 -0.8035268
v 3.2779374 1.8789439 0.0120585
vn -5.0382342 2.0892375 2.2247999
v 3.2697806 1.8708346 0.0523803
vn -5.3518052 1.9013075 2.6842649
v 3.2565961 1.8219124 0.0592849
vn -5.0850687 1.2194859 3.2967100
v 3.2547703 1.7994958 0.0710387
vn -4.3080249 -2.1389577 3.0440753
v 3.2526577 1.7686729 0.0707082
vn -5.3444009 2.7317541 -1.2556348
v 3.3218818 1.9617195 -0.0075622
vn -5.6940494 2.2948875 -0.3261013
v 3.3087704 1.9300013 0.0343613
vn -4.7329154 3.0484300 1.4214768
v 3.2839367 1.8987166 0.0507420
vn -4.6591520 2.1933732 3.5888898
v 3.2835240 1.8610353 0.0735811
vn -4.6844172 2.0746608 3.4360285
v 3.2688003 1.8337331 0.0748122
vn -4.3779407 1.9159116 4.0726414
v 3.2883263 1.8379713 0.0921019
vn -4.3233566 1.4562172 4.2917409
v 3.2799897 1.8141571 0.0944615
vn -3.8044968 -1.5183234 3.4537261
v 3.2653506 1.7726145 0.0917710
vn -3.9971001 4.1641307 -1.5990103
v 3.3345742 1.9791944 -0.0098127
vn -5.1308513 2.7639997 -0.5541254
v 3.3142593 1.9610934 0.0249737
vn -5.4563208 1.6958767 1.7445264
v 3.3120637 1.9483322 0.0576930
vn -5.3574853 2.7462707 1.3378026
v 3.3050001 1.9242163 0.0539177
vn -4.9346895 2.3995576 3.0163715
v 3.3132389 1.9160875 0.0762553
vn -4.7739773 2.2780845 3.3328104
v 3.3021333 1.8956542 0.0743624
vn -4.1984706 1.1104195 4.5373435
v 3.2855330 1.7916317 0.1048474
vn -3.4781799 4.7619519 -2.1166747
v 3.3562400 1.9981761 0.0096940
vn -4.6905951 3.8968318 -1.1540885
v 3.3343134 1.9842680 0.0202785
vn -5.1705041 3.0852580 -0.9544262
v 3.3268664 1.9748875 0.0395706
vn -5.4462695 2.0962775 1.2072517
v 3.3185778 1.9672347 0.0561524
vn -4.9416099 1.8445195 3.3922994
v 3.3055134 1.8722590 0.0972471
vn -4.6494775 1.3391016 3.9846079
v 3.3014295 1.8224227 0.1124838
vn -2.6111796 -1.6209929 4.3859744
v 3.2931986 1.7737803 0.1163057
vn -2.5808206 -4.6040740 3.2983906
v 3.2941456 1.7580923 0.0990036
vn -3.7202280 4.7353258 -1.5236901
v 3.3564284 2.0167150 0.0454320
vn -4.4333658 2.5823946 0.6636841
v 3.3286333 1.9994301 0.0659702
vn -5.2943859 1.0175208 3.0082650
v 3.3347144 1.9604130 0.0825422
vn -4.9908738 2.3266077 2.8682122
v 3.3272090 1.9265251 0.0895843
vn -5.0103755 1.4339620 3.4752800
v 3.3121448 1.8514539 0.1139618
vn -1.7827839 3.6387992 2.2003710
v 3.3492970 2.0168386 0.0815931
vn -4.9012842 1.4677017 3.4640465
v 3.3410518 1.9836785 0.0917372
vn -5.1450424 1.8750013 3.0034194
v 3.3415067 1.9431555 0.1052024
vn -4.9879551 2.0148413 3.0852494
v 3.3348699 1.9134657 0.1222468
vn -5.1052403 2.3337214 2.7548020
v 3.3195367 1.9043523 0.1008331
vn -4.9057627 1.4276989 3.6089237
v 3.3189681 1.8760533 0.1158922
vn -4.6419816 1.5681192 3.8751831
v 3.3201339 1.8450181 0.1295407
vn -2.9493809 -0.5438895 4.5275569
v 3.3171520 1.8166863 0.1366055
vn 1.1761932 4.4106026 4.2507339
v 3.3691680 1.9947217 0.0991627
vn 1.1464292 4.1957374 4.4281092
v 3.3901618 2.0137110 0.0682714
vn 1.5764095 4.2794313 4.3092213
v 3.3978550 1.9967343 0.0843519
vn -2.0972488 3.2000253 4.2428365
v 3.3568509 1.9873550 0.1070978
vn -4.5278931 1.4985005 3.9870741
v 3.3566523 1.9566208 0.1223263
vn -5.1110005 1.1286395 3.4449372
v 3.3436995 1.8841058 0.1429948
vn -4.7711229 1.0931329 3.7594247
v 3.3367255 1.8688552 0.1362086
vn -1.5285683 -2.0457208 5.7111945
v 3.3396084 1.8150613 0.1393032
vn -3.0808825 -0.7354978 4.9939742
v 3.3093622 1.8004283 0.1264215
vn -1.3445183 -2.3659117 5.6474328
v 3.3371880 1.7807446 0.1250213
vn 1.4278208 4.5576859 4.0111895
v 3.4253299 1.9724349 0.0969356
vn -1.7607833 3.6216662 3.8819349
v 3.3745177 1.9618254 0.1365825
vn -4.2033420 2.5440626 3.8147156
v 3.3647869 1.9397540 0.1367633
vn -4.3519645 2.5126951 3.4608204
v 3.3475642 1.9217455 0.1363616
vn -3.2559495 -0.3928541 4.8890696
v 3.3362172 1.8401952 0.1471747
vn -1.6393905 -2.6460552 5.4573178
v 3.3645527 1.7808348 0.1334354
vn -1.3794192 -2.2514672 5.6667686
v 3.3626206 1.7559923 0.1208770
vn 1.5894544 4.8592963 3.4165397
v 3.4146132 1.9619502 0.1132799
vn 1.4114926 4.8498788 3.7071550
v 3.3785965 1.9752241 0.1173193
vn 1.8998857 5.2269163 2.7962279
v 3.3996677 1.9570479 0.1375846
vn -4.3699012 2.0865247 3.7752776
v 3.3593833 1.9050047 0.1606672
vn -3.4063008 -0.6004810 4.2399907
v 3.3526218 1.8657293 0.1665556
vn -1.6690845 -2.3434396 5.5753670
v 3.3668840 1.8336508 0.1550100
vn -1.7642431 -2.1959791 5.5643377
v 3.3590434 1.8022034 0.1426520
vn -0.9170035 -2.2912045 5.7280817
v 3.3846579 1.7963209 0.1464779
vn -3.7793686 2.7424886 4.1812181
v 3.3852510 1.9359899 0.1631428
vn -0.9219016 -2.2348714 5.7370706
v 3.3916662 1.8620670 0.1759586
vn 1.3236266 4.9847903 3.4598126
v 3.4336972 1.9605308 0.1128032
vn -0.6246436 3.7379572 3.6020973
v 3.3992267 1.9386827 0.1730160
vn -0.5578825 1.1866196 4.8505750
v 3.4039903 1.9110975 0.1920572
vn -2.4749892 0.0640231 4.8265095
v 3.3724444 1.8876141 0.1817942
vn -0.6627696 -2.4849849 5.6391845
v 3.4132793 1.8389347 0.1698650
vn -0.7530982 -2.5972581 5.6418037
v 3.3953967 1.8201362 0.1566437
vn -0.8865929 -2.1682694 5.7955627
v 3.4116523 1.7933259 0.1466427
vn 1.2082590 4.8322725 3.7556031
v 3.4537244 1.9578756 0.1052466
vn 1.6786660 5.3079195 2.6334875
v 3.4271035 1.9398761 0.1423538
vn 1.5915315 4.0564318 3.8729537
v 3.4196553 1.9302022 0.1762585
vn 1.8128073 2.2573023 5.5485120
v 3.4352643 1.9059398 0.1806328
vn -1.5579126 -2.0106790 5.4280934
v 3.4301846 1.8694986 0.1849743
vn -1.1498648 -2.2569997 5.6064982
v 3.4287891 1.8520544 0.1739477
vn -1.3690078 -2.3117003 5.2986207
v 3.4197106 1.8160869 0.1545806
vn 0.4119597 5.1795330 3.1062784
v 3.4600663 1.9436464 0.1215895
vn 0.2136641 5.5407305 2.7739682
v 3.4777815 1.9368738 0.1440510
vn 1.2939436 3.9334195 4.0754251
v 3.4484887 1.9259146 0.1694725
vn 0.6407223 0.3900396 6.0558910
v 3.4491439 1.8781834 0.1867074
vn -0.2110369 5.3451586 3.1675937
v 3.4908752 1.9458357 0.1207054
vn 1.9232361 2.6128473 4.6510353
v 3.4843700 1.9240701 0.1601324
vn 3.1495945 1.1778107 5.2372246
v 3.4821398 1.9042537 0.1645227
vn 2.2979126 1.7945936 5.3100553
v 3.4646187 1.8922966 0.1799304
vn -1.5109788 -2.1044154 5.6745372
v 3.4611230 1.8439499 0.1819604
vn -1.2402116 -2.0451350 5.7677441
v 3.4386241 1.8243515 0.1668924
vn -1.2874664 -2.3679957 5.3453026
v 3.4397426 1.8024797 0.1614857
vn -1.4915357 -2.4889688 5.3960404
v 3.4440877 1.7797494 0.1458601
vn -5.4095449 2.4177628 1.6041214
v 3.2594986 1.8505101 0.0432953
vn -3.0415602 -4.5835061 3.0127654
v 3.2768278 1.7522964 0.0728563
vn -2.0747962 -3.3103540 4.6456170
v 3.3266420 1.7519653 0.1111872
vn -1.2279607 -2.4419098 5.6287241
v 3.3900459 1.7642670 0.1336296
vn -1.0234871 -2.1547186 5.8034525
v 3.4163156 1.7614082 0.1364842
vn -0.3320528 -2.1590784 5.6948175
v 3.4359417 1.7549852 0.1388467
vn -1.4199604 -2.2528608 5.6617670
v 3.4610372 1.8058118 0.1644045
vn 1.4392930 -0.3648926 4.6546130
v 3.4798734 1.8428084 0.1863138
vn 3.8748026 0.2464812 4.8795609
v 3.5032082 1.9087530 0.1497364
vn -2.8958564 -4.6973314 2.8825266
v 3.3081889 1.7180722 0.0449983
vn -2.3336246 -4.7150345 3.4019654
v 3.2931445 1.7178918 0.0329687
vn -3.0447402 -4.1312337 3.2086372
v 3.3187551 1.6994317 0.0246032
vn -2.5802946 -4.4061265 3.6228445
v 3.2839739 1.7007862 0.0084398
vn -2.9504306 -3.6052101 4.1861901
v 3.3080301 1.6805344 0.0021058
vn -3.3215241 -3.6448667 3.7102807
v 3.3021781 1.6654398 -0.0132951
vn -3.2773345 -4.3215308 3.1401181
v 3.3116446 1.6482642 -0.0290593
vn -2.0018504 -4.5746102 -0.0566319
v 3.3307114 1.6183155 -0.0449734
vn -0.1313155 -4.9531760 -3.7655449
v 3.3345640 1.6325181 -0.0675982
vn 0.4276317 -4.3365698 -3.8548865
v 3.3244102 1.6437588 -0.0849153
vn 0.2631016 -3.8089578 -4.9684181
v 3.3723919 1.6600411 -0.0918833
vn 0.8282874 -3.1450229 -5.2918801
v 3.3690941 1.6869682 -0.1083556
vn -0.4946403 -3.2767138 -5.2792988
v 3.3844118 1.6804720 -0.1060262
vn -2.4192381 -4.7674580 3.2369266
v 3.3030956 1.7341015 0.0692834
vn -3.3084748 -3.9255464 3.3599970
v 3.3336391 1.6829123 0.0207811
vn -2.7655854 -3.7316239 4.1295466
v 3.3280904 1.6582069 -0.0003764
vn -3.1219897 -4.0488772 3.5650368
v 3.3321233 1.6348741 -0.0220011
vn 0.0255248 -4.3383470 -4.5359344
v 3.3573098 1.6329939 -0.0668524
vn -3.4527621 -3.7131951 3.3296826
v 3.3287606 1.7081773 0.0613229
vn -3.6933186 -4.2697005 2.6525359
v 3.3336639 1.6965923 0.0484385
vn -3.0995970 -3.8266242 3.8209996
v 3.3463795 1.6393950 -0.0086820
vn -1.8102912 -4.8645511 0.0660724
v 3.3597443 1.6080413 -0.0316434
vn -0.5667453 -4.9136353 -3.8587980
v 3.3775139 1.6206392 -0.0543206
vn -0.0620010 -3.9015055 -4.8084898
v 3.4061644 1.6375494 -0.0765423
vn -0.0244947 -3.5726030 -5.0492358
v 3.4047637 1.6603616 -0.0888861
vn -3.0089052 -4.2425127 3.2969177
v 3.3270679 1.7269535 0.0738802
vn -3.3906951 -3.9199300 3.3820610
v 3.3649435 1.6719745 0.0402237
vn -2.9669266 -4.7463074 2.2368691
v 3.3443191 1.6813676 0.0395859
vn -3.3433547 -3.4354846 3.9224067
v 3.3511665 1.6552002 0.0089446
vn -4.0240116 -3.2679873 3.5468855
v 3.3709016 1.6356884 0.0150184
vn -2.8645902 -4.6488886 3.0238543
v 3.3221393 1.7386889 0.0879855
vn -3.0209630 -4.1818867 3.5462172
v 3.3513207 1.7015574 0.0712046
vn -2.5665264 -4.6095848 2.6916518
v 3.3761404 1.6148752 0.0007927
vn 0.1015317 -5.1017718 -0.4324894
v 3.3865521 1.6018436 -0.0306130
vn 0.5839918 -5.1521807 -1.6260399
v 3.4119818 1.6100562 -0.0481729
vn -3.3630657 -4.4497156 2.7011302
v 3.3551815 1.7187710 0.0928158
vn -1.9020134 -2.9342926 4.1570497
v 3.3490169 1.7316393 0.1131022
vn -3.5918119 -3.8302712 3.0564265
v 3.3782234 1.6772320 0.0580079
vn -3.9688222 -3.2372341 3.6250389
v 3.3809872 1.6468995 0.0371294
vn -3.6883688 -3.6912990 3.4674220
v 3.3872747 1.6318865 0.0297327
vn -0.6633820 -3.9112525 -4.8298421
v 3.4387124 1.6306041 -0.0686587
vn -4.3034987 -3.3146446 3.0810037
v 3.3949442 1.6592959 0.0624420
vn -0.2028436 -5.0026679 1.9733697
v 3.4009221 1.6204267 0.0286622
vn 2.1526415 -5.3724604 2.0825124
v 3.4453628 1.6351781 -0.0118686
vn 1.7626905 -5.6738195 1.9416190
v 3.4333031 1.6189423 -0.0337620
vn 0.5370899 -4.6969209 -1.3837786
v 3.4502485 1.6159124 -0.0599191
vn -0.9313466 -2.7170322 5.5474076
v 3.3802643 1.7242808 0.1106455
vn -2.1409690 -3.5813327 4.1525083
v 3.3744116 1.7079479 0.1024976
vn -2.3848567 -3.2892971 4.5668349
v 3.3897364 1.6937075 0.0971353
vn -3.8146687 -4.0399227 2.8751206
v 3.3828225 1.6849823 0.0790011
vn -1.1032470 -4.6192636 2.0411308
v 3.4155247 1.6328393 0.0641469
vn 2.5869653 -5.6923757 0.5761183
v 3.4261663 1.6332903 0.0359319
vn 2.7191231 -5.5229564 1.0868142
v 3.4207830 1.6278940 0.0060948
vn 2.2482879 -5.7828865 0.4579708
v 3.4484351 1.6435639 0.0247495
vn 2.1421478 -5.6818919 1.5695380
v 3.4724038 1.6273520 -0.0515513
vn 1.5677071 -5.5857711 2.4007111
v 3.4692223 1.6383585 -0.0183694
vn -2.8026676 -2.8484075 4.2301641
v 3.4040837 1.6700933 0.0928906
vn -0.4534124 -4.0826774 2.9525423
v 3.4319129 1.6401715 0.0861669
vn 1.9891517 -5.9489141 -0.0681541
v 3.4493122 1.6435536 0.0472841
vn 1.2236537 -5.8300824 1.4859735
v 3.4722598 1.6479030 0.0010386
vn -1.3061435 -2.8203948 5.4094672
v 3.3936164 1.7345763 0.1208746
vn -1.1096234 -3.0674100 5.3546958
v 3.4072363 1.7219090 0.1164836
vn -1.2452239 -2.5425079 5.5763445
v 3.4099813 1.7040231 0.1062460
vn -1.0421965 -2.3519502 5.7164450
v 3.4271524 1.6664956 0.0967318
vn 1.3885252 -6.1187077 0.0506545
v 3.4589102 1.6454601 0.0670275
vn 1.4568998 -5.8627796 1.6736022
v 3.4908218 1.6412725 -0.0244996
vn 1.2912048 -6.0556631 0.9470984
v 3.5260530 1.6499268 -0.0300129
vn -1.1961144 -2.0550606 5.7739830
v 3.4274180 1.6941746 0.1078033
vn 0.8019204 -4.0557351 2.9565847
v 3.4678869 1.6488810 0.0953450
vn 0.9290612 -6.0917463 0.0588790
v 3.4768147 1.6522726 0.0304374
vn 0.8404311 -6.1524854 0.8310422
v 3.5018687 1.6521837 0.0115102
vn -0.7056277 -2.8512185 5.4743071
v 3.4273360 1.7340295 0.1273237
vn -1.1886085 -2.5262101 5.5703964
v 3.4372044 1.7123963 0.1152848
vn -1.0872153 -2.4314706 5.6781774
v 3.4484427 1.6794003 0.1045755
vn 0.7601056 -3.6880035 3.7624302
v 3.4894471 1.6732442 0.1132887
vn 2.6181314 -4.8722806 1.0204177
v 3.5005815 1.6519771 0.0531989
vn 3.0077124 -4.9437046 1.5424348
v 3.5170729 1.6568286 0.0267585
vn -1.5992981 -2.1574018 5.6437144
v 3.4654858 1.7152321 0.1264908
vn -1.7264975 -2.6333132 5.4145627
v 3.4773350 1.6834195 0.1134900
vn 3.9395409 -4.4793649 1.9287735
v 3.4975810 1.6706574 0.0924449
vn 4.4941010 -3.8062193 2.1000695
v 3.5082684 1.6666623 0.0595027
vn 2.2364306 -5.2910480 1.6267350
v 3.5402660 1.6536733 -0.0140493
vn 2.9255111 -4.7178540 0.8360223
v 3.5599351 1.6532393 -0.0437629
vn -1.1185509 -2.6401212 5.4296203
v 3.4527028 1.7478472 0.1339397
vn 3.9328485 -4.6427121 1.2396543
v 3.5163357 1.6899153 0.0927252
vn 4.1196542 -4.1868820 2.1891859
v 3.5267873 1.6821644 0.0532606
vn 3.5521441 -4.1564097 2.4877756
v 3.5364714 1.6803414 0.0251053
vn 3.6617725 -4.2383761 2.8184335
v 3.5481088 1.6697962 0.0019220
vn 4.3239260 -3.9793551 1.9646090
v 3.5666881 1.6693976 -0.0250681
vn -3.1325834 -4.3607941 3.2006609
v 3.2701335 1.7399377 0.0487491
vn -2.6430690 -4.4176922 3.5911930
v 3.2654250 1.7232034 0.0219083
vn -4.3098350 -3.1934969 1.1172854
v 3.2908559 1.6573191 -0.0346956
vn -3.0361626 -3.6490746 -0.7276216
v 3.3047800 1.6327710 -0.0605155
vn -0.7134811 -3.2948954 -5.2284012
v 3.4576859 1.6479614 -0.0873931
vn 0.7427070 -4.3752179 -2.2728245
v 3.4766853 1.6247606 -0.0738819
vn 1.0633508 -4.8687010 -1.8235655
v 3.5009859 1.6323742 -0.0769449
vn 5.2935953 -2.0160120 -0.4753551
v 3.5775046 1.6799304 -0.0352125
vn 3.5924671 -4.4644151 1.8710710
v 3.5322134 1.6957083 0.0647493
vn 1.7527905 -3.8702624 3.3333242
v 3.5124691 1.6935314 0.1265080
vn -1.2154161 -2.5928569 5.5056553
v 3.4939818 1.6998125 0.1284604
vn -1.5481098 -2.2806203 5.5801578
v 3.4733977 1.7295212 0.1321885
vn -1.3876519 -2.6453984 5.5060101
v 3.4899116 1.7455094 0.1469401
vn -2.2692184 -2.3629315 5.2786431
v 3.4615524 1.7751830 0.1536535
vn -1.7421443 -2.8153496 5.2914133
v 3.4723363 1.7558918 0.1476837
vn 1.7076375 -2.1597126 3.3713853
v 3.5374506 1.7226365 0.1498962
vn 3.4712412 -4.8401322 1.4977212
v 3.5391369 1.7199839 0.1291978
vn 3.2360103 -5.1836500 1.3481994
v 3.5331655 1.7013702 0.0982130
vn 3.2170990 -4.9141741 1.7711201
v 3.5551369 1.7129263 0.0986185
vn 3.3161244 -5.0557923 1.6234189
v 3.5734551 1.7218612 0.0794208
vn 2.9056699 -5.1677256 1.8088117
v 3.5644515 1.7124894 0.0588365
vn 2.5730481 -5.1579566 2.4070342
v 3.5766783 1.7118671 0.0430928
vn 3.0605242 -4.9710951 2.2864642
v 3.5676727 1.6922088 0.0151380
vn 3.2538798 -4.8857036 1.9863732
v 3.5746558 1.6903284 -0.0034900
vn 5.7750864 -0.7154467 -2.3092866
v 3.5925655 1.7223054 -0.0102959
vn 4.1259484 -3.3197045 0.2672452
v 3.5984242 1.7085673 0.0166931
vn -1.3380870 -2.1398654 5.6873083
v 3.4907901 1.7925091 0.1696359
vn -1.0671939 -2.7361877 5.5333648
v 3.5078278 1.7678611 0.1596170
vn 3.0550618 -0.9602242 5.0394158
v 3.5363088 1.7497625 0.1527018
vn 3.8699250 -2.9086571 3.3184276
v 3.5715580 1.7338215 0.1127338
vn 1.4881041 -0.0839670 4.5401988
v 3.5112853 1.7953266 0.1750471
vn 1.4342741 -1.1699749 4.5675797
v 3.5250843 1.7716200 0.1666787
vn 4.0098548 0.8131157 4.4151711
v 3.5512877 1.7776284 0.1429889
vn 4.1514764 2.0975199 4.2106147
v 3.5321476 1.7966439 0.1496523
vn 4.1580071 -0.7667771 4.3465910
v 3.5566645 1.7446543 0.1263505
vn 4.2592511 -1.5961657 4.3182740
v 3.5758739 1.7594793 0.1165247
vn 3.5787616 -3.2296007 3.6023653
v 3.5888846 1.7420018 0.0988767
vn 2.4957325 -5.2347631 2.3942645
v 3.5953448 1.7280239 0.0639148
vn 5.6691456 -1.4583892 -1.9497027
v 3.5945318 1.7440060 -0.0091028
vn 1.5661634 0.0367148 5.2846661
v 3.4948525 1.8168933 0.1760191
vn 3.5645800 -1.3233387 4.5528336
v 3.5650649 1.7653252 0.1316571
vn 3.7225449 0.5167224 4.7634931
v 3.5838144 1.7762203 0.1136382
vn 3.8910146 -2.5309253 2.5071402
v 3.6133621 1.7482073 0.0853615
vn 4.0262060 -3.3002219 0.8411676
v 3.6094232 1.7258800 0.0475144
vn 5.9094567 -1.0323027 -1.5443938
v 3.6105180 1.7419437 0.0283884
vn 4.3677044 1.7438976 4.1053324
v 3.5057061 1.8329055 0.1574687
vn 4.1945071 1.9367809 4.2552052
v 3.5311477 1.8180268 0.1406946
vn 4.0957932 1.6007510 4.4174004
v 3.5517788 1.8154550 0.1206459
vn 3.6911509 2.6120374 4.2667713
v 3.5687902 1.7893955 0.1171065
vn 4.3484087 -0.3391682 2.8639305
v 3.6200118 1.7750056 0.0891214
vn 6.0815978 -1.1261040 -0.1351494
v 3.6203668 1.7670546 0.0660182
vn 5.9434714 -1.2776990 -1.3828712
v 3.6145592 1.7748367 0.0357354
vn 5.9079504 -1.3328258 -1.5099971
v 3.6076813 1.7622967 0.0144996
vn 6.0190144 -1.6066449 -0.7954181
v 3.6128941 1.7818670 0.0142509
vn 5.6391792 -1.8780158 -1.6150740
v 3.6088862 1.7781149 -0.0151907
vn 3.4942634 1.2514359 4.8217278
v 3.5381124 1.8367672 0.1243252
vn 3.0474496 1.8347712 4.8250122
v 3.5793908 1.8123225 0.0954168
vn 3.0009496 2.2675676 4.9696774
v 3.5966117 1.7931823 0.0991379
vn 4.3783250 0.8592581 4.2900071
v 3.5061898 1.8627036 0.1462338
vn 3.4073191 0.8192168 4.7861543
v 3.5529366 1.8418573 0.1182466
vn 4.3935714 0.7648344 4.4104023
v 3.5630512 1.8436911 0.1054529
vn 2.7330773 1.9391304 5.2993193
v 3.6046591 1.8111855 0.0864120
vn 4.5352430 0.1410878 2.5193071
v 3.6277659 1.8147975 0.0723704
vn 6.0017452 -1.3177716 -0.9176915
v 3.6230428 1.7938839 0.0435090
vn 6.0056491 -1.6465559 -0.7545761
v 3.6200197 1.8105659 0.0112394
vn 6.0228410 -1.5310377 -0.8541087
v 3.6157200 1.7986237 -0.0031968
vn 4.1722498 1.3023167 4.4982357
v 3.5272865 1.8473891 0.1321878
vn 6.0867195 -1.3684074 -0.5598841
v 3.6263747 1.8199575 0.0447589
vn 4.0445580 0.6496354 4.7304511
v 3.5269113 1.8737789 0.1274270
vn 3.7234659 1.4048530 4.7780390
v 3.5502760 1.8684092 0.1126840
vn 3.6753423 0.6059169 5.0309925
v 3.5756724 1.8634747 0.0909872
vn 3.3200448 0.9167705 5.1476173
v 3.5849302 1.8407934 0.0863528
vn 4.2494192 -0.3860393 2.7301533
v 3.6340566 1.8421094 0.0636465
vn 5.9187822 -1.9191722 -0.7613925
v 3.6306829 1.8382462 0.0219647
vn 5.9819388 -1.2584450 -1.2684941
v 3.6236694 1.8296186 -0.0059445
vn 4.7319255 0.2890202 4.0947609
v 3.5219669 1.9082888 0.1311459
vn 3.8133926 0.7578680 4.7318177
v 3.5383973 1.8887928 0.1131594
vn 3.6297131 0.7244624 4.9450679
v 3.5588527 1.8801765 0.1001288
vn 2.7478111 0.7580545 5.5438166
v 3.6063046 1.8562951 0.0723115
vn 3.8957920 -0.1887042 4.5363016
v 3.5326593 1.9145358 0.1153518
vn 3.4125500 -0.0612893 5.2531681
v 3.5815852 1.8891270 0.0856025
vn 2.8035405 0.0875824 5.5798173
v 3.6099927 1.8823853 0.0685442
vn 6.0037398 -1.5520946 0.1734872
v 3.6434407 1.8710439 0.0432855
vn 4.8497124 -0.2733997 2.6557879
v 3.6492703 1.9028726 0.0461342
vn 5.8424835 -1.8224027 -1.2427919
v 3.6378706 1.8666476 0.0068090
vn 5.6717591 -1.6619003 -2.0530596
v 3.6221526 1.8461668 -0.0212671
vn 2.0367949 2.5662756 3.9004271
v 3.5157468 1.9378334 0.1371280
vn 3.0181894 -0.3838859 5.4883265
v 3.5596087 1.9090272 0.1018545
vn 3.2188461 -0.1268761 5.3592753
v 3.6161387 1.9104147 0.0676891
vn 3.3451252 -0.9281695 5.0098886
v 3.5895789 1.9103565 0.0804182
vn 2.9315763 0.4532140 5.5250545
v 3.6319692 1.8834984 0.0589897
vn 6.0911541 -1.2623109 -0.4079408
v 3.6485314 1.8948971 0.0276313
vn 5.6443286 -1.4647436 -2.1007435
v 3.6282113 1.8683990 -0.0286790
vn 3.0505724 0.7449418 4.9406691
v 3.5402699 1.9456518 0.1195351
vn 3.2082155 -0.0934818 5.3809309
v 3.5685596 1.9445652 0.0989869
vn 3.0313056 -0.2010008 5.3924055
v 3.5789449 1.9327353 0.0945095
vn 3.4415042 -0.6927423 4.9909039
v 3.6029642 1.9237463 0.0787215
vn 5.7727098 -1.5827309 -1.8163931
v 3.6377406 1.8831186 -0.0114852
vn 5.9484134 -1.2240924 -1.1712170
v 3.6482048 1.9066783 0.0026577
vn 5.5182738 -1.2805163 -2.4363363
v 3.6212711 1.8871000 -0.0475256
vn -2.2787998 4.1172624 2.5165331
v 3.5156267 1.9444320 0.1228533
vn 3.7800367 0.6398416 4.8547626
v 3.5991921 1.9447944 0.0810939
vn 3.2759292 2.8032310 2.1745462
v 3.6401818 1.9388067 0.0498744
vn 4.2207613 1.8361359 0.8653449
v 3.6535301 1.9290835 0.0365997
vn 5.3366265 -1.8637385 -2.5793014
v 3.6315229 1.9020095 -0.0420666
vn -1.5198122 -2.5731227 5.5205541
v 3.5112238 1.7187965 0.1398072
vn 3.1294961 -4.8786297 2.3753934
v 3.5478773 1.6935004 0.0445821
vn 5.4015665 -1.0068831 -2.9761188
v 3.5831811 1.7253311 -0.0306620
vn 5.3594918 -1.9247403 -2.5197608
v 3.5884533 1.7447979 -0.0330444
vn 3.8527334 2.2137578 -1.0040960
v 3.6501210 1.9306805 -0.0064997
vn 2.4186771 5.7344956 -0.7114946
v 3.6295564 1.9406151 0.0152563
vn -0.5706714 4.8387594 3.8349442
v 3.5025611 1.9591483 0.1075755
vn 4.1426506 0.2332517 4.6989493
v 3.4984488 1.8908415 0.1529032
vn 4.4703507 1.1734337 4.2312684
v 3.4899554 1.8699517 0.1649256
vn -1.2981797 -2.2591686 5.6973085
v 3.4758089 1.8168033 0.1724716
vn -5.1619234 0.6728570 0.0824100
v 3.1967554 1.3459272 0.0181456
vn -5.0991144 0.4766741 -0.3935808
v 3.1887460 1.2691468 -0.0226962
vn -4.3571029 -0.7175596 4.2008829
v 3.2296674 1.3376256 0.0718580
vn -4.7832961 0.1282214 -0.5461541
v 3.1796739 1.1666471 -0.0438492
vn -4.6837101 0.8257643 -4.0997262
v 3.2279413 1.2244691 -0.0828763
vn 3.0904684 -3.8385627 -3.4678578
v 3.5779963 0.9707847 -0.0741773
vn 0.0665574 -3.0271749 -4.3452301
v 3.4483562 0.9616151 -0.1252984
vn 1.9272115 -2.2913024 -4.9813581
v 3.5674193 1.0260532 -0.1262265
vn 4.7097707 3.8964756 0.7983469
v 3.4907825 1.3918000 -0.0500402
vn 2.3988194 2.3992090 -3.1773820
v 3.5338523 1.3333129 -0.1324581
vn 4.5118217 4.3132329 -0.1177066
v 3.4864066 1.3968743 -0.0625013
vn -3.1727488 4.3595967 -3.1050172
v 3.2456250 1.4173224 0.0200739
vn -2.8596179 4.2910085 -3.5582304
v 3.2781475 1.4196618 0.0002361
vn -3.9239264 3.7298083 -3.0246634
v 3.2359650 1.3815396 -0.0140772
vn 4.6434555 1.1261865 2.8936584
v 3.6533229 1.0914681 -0.0074149
vn 5.5228457 0.3506362 1.7094318
v 3.6707065 1.0836573 -0.0516525
vn 2.8266203 1.7912433 -2.1456342
v 3.6512425 1.1828029 -0.1434232
vn 2.7812886 3.4130480 4.1833515
v 3.4529471 1.3996247 -0.0133456
vn 1.4951583 4.8683782 3.1061211
v 3.2960544 1.4267285 0.0289558
vn 2.3455231 2.6387393 5.0789542
v 3.3559058 1.2914003 0.1011634
vn -2.6952469 4.3967156 -3.5817177
v 3.3043895 1.4160142 -0.0273136
vn -2.4911511 4.0378618 -4.0910850
v 3.3535013 1.3851448 -0.0978581
vn -3.8687994 2.4504795 -3.7817082
v 3.2632444 1.3151263 -0.1089367
vn 2.1781452 -3.6129422 2.5798051
v 3.5450149 0.9379880 0.0301022
vn 3.3886511 0.8626376 5.0326571
v 3.5410585 1.0929712 0.0670018
vn 1.7476914 -3.9982698 3.2701800
v 3.4274151 1.0045270 0.1634901
vn -4.4424057 -1.7719510 -2.4757462
v 3.1959624 1.0902982 -0.0500337
vn -4.0474601 -2.5491180 2.3254051
v 3.2398028 1.0190700 0.0441584
vn -5.3067822 -1.1531737 0.7901976
v 3.1908724 1.0963591 -0.0292165
vn 4.2067046 2.5772769 3.3010819
v 3.5960529 1.2047011 -0.0154074
vn -0.9854431 5.1146173 -1.0201484
v 3.2859564 1.4335253 0.0093471
vn -0.4404925 4.8095059 -1.2592317
v 3.4125266 1.4398555 -0.0791153
vn -0.8550196 -0.6643974 -6.1651912
v 3.4556246 1.1785039 -0.1532764
vn -1.9096311 -1.0510863 -5.6913433
v 3.3301976 1.0762661 -0.1263990
vn -2.2593143 -0.9556620 -5.7267404
v 3.2755804 1.1829872 -0.1175587
vn 2.0079169 3.1861734 -2.9766295
v 3.4665849 1.4129972 -0.1098297
vn -0.0550444 1.6950114 -6.0201483
v 3.4124558 1.3593448 -0.1270910
vn -3.6543658 3.2512519 -3.2775826
v 3.2410800 1.3631583 -0.0487696
vn -2.1283133 1.5886199 4.1208467
v 3.2888238 1.2394415 0.1473198
vn 2.0492804 2.5820539 5.3000250
v 3.3156371 1.2357081 0.1424392
vn -3.3443472 4.1421099 -3.2261801
v 3.2522855 1.4271495 0.0263798
vn -2.5397954 4.8438606 -1.7613612
v 3.2535884 1.4294629 0.0279002
vn -5.6175327 -0.7065009 2.3732526
v 3.1911590 1.1403614 -0.0272501
vn -5.4465694 -0.2592393 3.0540426
v 3.2576551 1.2287632 0.0816566
vn -2.1346703 0.4808994 5.6715808
v 3.2586653 1.3550224 0.0914741
vn 2.0250978 1.9077929 5.5515485
v 3.4062219 1.0388563 0.1770242
vn 2.9057002 -0.0353328 4.1382108
v 3.4330199 1.0250628 0.1729985
vn 0.1527992 0.6624673 -6.2321515
v 3.4742393 1.1912463 -0.1539080
vn -1.1203444 2.7513392 5.0002084
v 3.2443762 1.3891293 0.0813831
vn -2.6869271 1.5270983 5.2022338
v 3.2418027 1.3867967 0.0811463
vn -0.1114299 -0.5620160 -6.2075486
v 3.4675119 1.1649749 -0.1540169
vn 4.0717263 -3.3283739 -3.3323836
v 3.6249547 1.0273882 -0.0734022
vn 1.3611621 5.9362631 1.4796628
v 3.4350016 1.4215561 -0.0293323
vn 0.2143191 0.9389743 -6.2056069
v 3.4648266 1.1908196 -0.1538721
vn -1.7663161 -3.0613427 -1.0970161
v 3.2961235 0.9244431 -0.0618540
vn 3.7848523 3.2693653 2.8996050
v 3.4879274 1.3884234 -0.0312717
vn -0.9953503 0.3347065 -5.8382077
v 3.3121631 1.2834479 -0.1465652
vn -0.1980487 -0.3558295 -6.0557194
v 3.4576559 1.1856387 -0.1552210
vn 4.9381151 -3.0853903 -0.5229885
v 3.6477520 1.0313128 -0.0401527
vn 4.4358163 -2.8574619 -3.1372786
v 3.6669312 1.0715811 -0.0668160
vn 5.0104456 -2.2391081 -0.3309281
v 3.6700461 1.0705732 -0.0599906
vn -3.1188612 -1.3302369 -5.2876201
v 3.2145300 1.1107471 -0.0668506
vn -5.1218915 2.4641800 -1.1614785
v 3.2063308 1.3816479 0.0287204
vn -4.5057249 3.2596874 -2.5261948
v 3.2188821 1.3930432 0.0184137
vn 1.5735419 1.6928568 5.3546276
v 3.3074763 1.2084757 0.1594359
vn -0.1756090 0.3157906 5.3766551
v 3.3146265 1.1798676 0.1647076
vn -1.5506072 -5.2994552 2.7531242
v 3.4004014 1.0054798 0.1595344
vn -3.1179681 -3.3075283 3.9196184
v 3.3908796 1.0143203 0.1654894
vn -0.3073686 -4.7221551 3.7025995
v 3.4128020 1.0085974 0.1699319
vn -0.8658659 5.7245021 0.9213545
v 3.2580061 1.4311597 0.0338158
vn -3.9385998 4.5491757 -1.5977063
v 3.2337933 1.4187236 0.0418630
vn -3.0361087 4.1959243 1.2727429
v 3.2335825 1.4197950 0.0468457
vn -4.5013785 3.9239161 -0.6511703
v 3.2240043 1.4075257 0.0368828
vn -3.4428914 4.1881433 -2.8636181
v 3.2323442 1.4053155 0.0155700
vn -4.5737753 3.1842611 1.2157063
v 3.2154262 1.3972631 0.0457648
vn -5.3707719 0.8236491 2.0359430
v 3.2052598 1.3743857 0.0428099
vn -5.0447516 0.1798570 3.4309700
v 3.2158604 1.3717120 0.0601096
vn -4.0924182 0.4412100 4.4700332
v 3.2263625 1.3745339 0.0724493
vn -3.5000896 0.7362446 4.9965248
v 3.2341917 1.3792309 0.0777455
vn -4.6574583 2.3363738 2.9388344
v 3.2219567 1.3957397 0.0601486
vn -1.5338104 4.1430821 4.1834550
v 3.2336078 1.4055030 0.0646650
vn -3.5912914 3.0142214 3.3513525
v 3.2288778 1.4030803 0.0641894
vn 0.6841298 4.1750546 4.4706764
v 3.2534127 1.3989943 0.0727984
vn 0.6488289 2.0621693 5.0953951
v 3.2732472 1.3682399 0.0928216
vn 0.8785887 4.4912925 4.1435089
v 3.2612901 1.4191955 0.0507420
vn 0.2459767 5.3017936 2.7926905
v 3.2600038 1.4298151 0.0376952
vn -0.8766642 4.9556327 3.5547471
v 3.2394621 1.4196708 0.0496327
vn -4.4341264 -0.8507701 3.8702586
v 3.2882037 1.1811619 0.1501115
vn -5.6598148 0.2225619 2.6856260
v 3.2826793 1.2163683 0.1388429
vn -4.6533756 0.1446434 3.9193239
v 3.2900841 1.2031903 0.1539292
vn -3.6048682 1.0062102 4.3693233
v 3.2902658 1.2202600 0.1525810
vn -2.2079690 -0.2702626 5.2268105
v 3.2994413 1.1924995 0.1618330
vn 0.3595939 2.4668496 5.4977713
v 3.2999189 1.2259245 0.1531746
vn 0.0253110 -0.3884122 5.7769661
v 3.4059391 1.0276417 0.1797499
vn 1.3005232 -0.2050643 5.8986187
v 3.4161484 1.0243881 0.1778395
vn -2.2972999 -2.2976263 5.0529790
v 3.4014454 1.0204551 0.1763714
vn -1.1795588 -0.2336788 5.3208432
v 3.3981628 1.0361713 0.1795207
vn -1.8483332 -4.1353583 3.9358463
v 3.4021010 1.0114658 0.1705176
vn 1.6313388 -2.7819602 4.9130979
v 3.4223559 1.0143331 0.1738755
vn 1.0321376 -5.2084413 -0.1928878
v 3.5182528 0.9176801 -0.0251286
vn 1.8917803 -5.0741749 -2.6437433
v 3.5317013 0.9361116 -0.0575616
vn -1.8601059 1.1789621 5.5196719
v 3.2972639 1.2099330 0.1585504
vn -0.1794864 -2.7556875 5.3293142
v 3.4104085 1.0167801 0.1764957
vn 2.8856139 4.8177786 2.0346825
v 3.4547303 1.4172181 -0.0371086
vn 1.7985212 4.9564371 2.7297835
v 3.4366410 1.4202741 -0.0254857
vn -4.5000048 -1.0308589 -3.3760290
v 3.1956902 1.1216002 -0.0583549
vn -3.2011232 -0.6546088 -5.2807269
v 3.2581108 1.1959817 -0.1114639
vn -2.1164076 1.1724011 -5.2040381
v 3.2942598 1.2953415 -0.1407917
vn -4.1577806 0.1736955 -4.6658292
v 3.2407219 1.2112161 -0.0985290
vn -3.2037320 2.0047042 -4.3145795
v 3.2763989 1.3069837 -0.1267995
vn 3.6023200 4.7379274 1.2224987
v 3.4735460 1.4081839 -0.0492494
vn 0.3734885 4.3405404 -1.8866810
v 3.4310935 1.4364507 -0.0916258
vn -0.7625160 2.5651419 -5.6215496
v 3.3901644 1.3676442 -0.1231131
vn -1.7396078 3.4666512 -4.8791580
v 3.3685730 1.3770745 -0.1124742
vn 1.2620928 3.7374034 -2.4814219
v 3.4508803 1.4266200 -0.1028681
vn 2.5357730 -1.5383028 -4.6833205
v 3.6521835 1.1568290 -0.1436356
vn 0.3886343 -0.7892073 -6.2199936
v 3.4779720 1.1639662 -0.1531111
vn 4.3434777 -2.5408769 -3.6749763
v 3.6659081 1.0760592 -0.0710837
vn -4.3999405 -1.2516884 -1.2461246
v 3.1829128 1.1420408 -0.0500289
vn 3.8298879 -4.1499805 1.5701932
v 3.5785558 0.9545679 -0.0056460
vn 3.0401733 -4.5068312 -0.8070319
v 3.5811052 0.9509772 -0.0412527
vn 4.7707429 -1.7560353 1.7429295
v 3.6499624 1.0406410 -0.0044675
vn 3.5680051 -2.1291645 4.5987792
v 3.5710313 0.9805951 0.0231019
vn 3.3204610 -0.5824406 4.3229208
v 3.6309938 1.0528733 0.0240915
vn -0.7332603 -0.2836710 -6.2015209
v 3.4581232 1.1703568 -0.1536190
vn 0.1583338 -0.3032490 -6.2621779
v 3.4740984 1.1728225 -0.1542318
vn 5.5441489 -1.2856928 -2.1648538
v 3.6702814 1.0789713 -0.0663918
vn 0.1345422 0.0837237 -6.2609563
v 3.4727321 1.1828077 -0.1545236
vn 2.9551613 1.0583330 -2.3470199
v 3.6549160 1.1747577 -0.1441872
vn 3.1482553 -0.2825164 -3.5507524
v 3.6552608 1.1652505 -0.1442650
vn 5.9396448 -0.0130181 0.1354705
v 3.6720376 1.0817523 -0.0592794
# 1255 vertices, 0 vertices normals


usemtl material_0
vt 0.5128360 0.4989041
vt 0.5071677 0.4828843
vt 0.5072764 0.4998106
f 2/1/2 3/2/3 46/3/46
vt 0.4998334 0.4933527
f 46/3/46 3/2/3 1/4/1
vt 0.4821503 0.4701325
vt 0.4856037 0.4679082
vt 0.4890657 0.4685609
f 59/5/59 3/6/3 2/7/2
vt 0.5263825 0.4645718
vt 0.5224329 0.4579223
vt 0.5191184 0.4713944
f 4/8/4 28/9/28 6/10/6
vt 0.4659833 0.4706844
vt 0.4516745 0.4708351
vt 0.4633666 0.4669471
f 6/11/6 28/12/28 9/13/9
vt 0.5067730 0.4684110
vt 0.4998545 0.4744125
f 3/2/3 8/14/8 10/15/10
vt 0.5148000 0.4673025
vt 0.5126815 0.4740898
f 9/16/9 8/14/8 5/17/5
vt 0.5125959 0.4588987
vt 0.5188736 0.4502338
f 12/18/12 9/16/9 29/19/29
vt 0.4927343 0.4676120
vt 0.4893900 0.4761126
f 10/15/10 13/20/13 11/21/11
vt 0.4987686 0.4610825
f 10/15/10 8/14/8 14/22/14
vt 0.4989892 0.4625912
f 12/18/12 14/23/14 8/14/8
vt 0.4209490 0.4991270
vt 0.4252972 0.4929771
vt 0.4225924 0.5008563
f 48/24/48 17/25/17 16/26/16
vt 0.4351670 0.5003665
vt 0.4310973 0.5022590
vt 0.4294532 0.4960403
f 15/27/15 16/28/16 17/29/17
vt 0.5135377 0.4965676
vt 0.5016844 0.4860520
vt 0.5168253 0.4866079
f 48/30/48 43/31/43 20/32/20
vt 0.5344550 0.5020471
vt 0.5311567 0.4944590
vt 0.5383847 0.4987009
f 15/33/15 19/34/19 18/35/18
vt 0.4229286 0.4858294
vt 0.4288791 0.4758428
vt 0.4350114 0.4842569
f 20/36/20 25/37/25 21/38/21
vt 0.4391680 0.4752097
f 21/38/21 25/37/25 24/39/24
vt 0.4450479 0.4822400
f 21/38/21 24/39/24 22/40/22
vt 0.5104718 0.4369038
vt 0.5181218 0.4301531
vt 0.5106762 0.4296970
f 44/41/44 25/42/25 23/43/23
vt 0.4419797 0.4670497
vt 0.4450801 0.4665727
f 24/39/24 26/44/26 29/45/29
vt 0.4521432 0.4716799
vt 0.4530874 0.4766560
f 22/40/22 28/46/28 27/47/27
vt 0.5180818 0.4407839
f 26/48/26 44/41/44 29/19/29
vt 0.5082988 0.4512701
f 44/41/44 45/49/45 29/19/29
vt 0.4606799 0.4734749
f 27/47/27 28/46/28 4/50/4
vt 0.4754143 0.4466774
vt 0.4828564 0.4466341
vt 0.4851220 0.4327457
f 50/51/50 32/52/32 37/53/37
vt 0.4799723 0.4592157
vt 0.4871968 0.4572122
f 254/54/254 33/55/33 32/52/32
vt 0.4941619 0.4567332
f 13/20/13 34/56/34 33/55/33
vt 0.4904502 0.4480163
f 32/52/32 33/55/33 35/57/35
vt 0.4319923 0.4680635
vt 0.4273064 0.4713810
vt 0.4321069 0.4712708
f 31/58/31 36/59/36 30/60/30
f 32/52/32 35/57/35 37/53/37
vt 0.4871988 0.4695537
vt 0.4906118 0.4727308
vt 0.4830210 0.4770625
f 37/61/37 39/62/39 36/63/36
vt 0.4998298 0.4493082
f 34/56/34 38/64/38 35/57/35
vt 0.4954464 0.4365442
vt 0.5039768 0.4401208
vt 0.4971129 0.4289541
f 40/65/40 42/66/42 39/67/39
vt 0.4979900 0.4932671
vt 0.4907568 0.4917158
f 36/63/36 347/68/347 348/69/348
f 36/63/36 43/31/43 347/68/347
vt 0.5035666 0.4238856
f 39/67/39 44/41/44 41/70/41
f 42/66/42 44/41/44 39/67/39
f 45/49/45 12/18/12 29/19/29
f 44/41/44 23/43/23 41/70/41
vt 0.4846363 0.4710673
f 47/71/47 13/20/13 33/55/33
f 14/23/14 12/18/12 38/64/38
vt 0.5073652 0.4689024
vt 0.4985420 0.4731124
vt 0.5040477 0.4763743
f 46/72/46 185/73/185 139/74/139
vt 0.5260117 0.4731182
vt 0.5299682 0.4818350
f 65/75/65 6/10/6 63/76/63
vt 0.4965338 0.4844699
f 11/21/11 7/77/7 10/15/10
f 347/68/347 43/31/43 48/30/48
vt 0.5401841 0.4941665
vt 0.5415757 0.4916545
vt 0.5418085 0.4975082
f 18/78/18 81/79/81 79/80/79
vt 0.4701796 0.4384184
vt 0.4780318 0.4345692
vt 0.4748295 0.4303813
f 247/81/247 31/82/31 30/83/30
f 254/54/254 32/52/32 50/51/50
vt 0.4848098 0.4864681
vt 0.4782892 0.4868711
f 36/63/36 345/84/345 340/85/340
vt 0.5110849 0.5076275
vt 0.5188046 0.5040655
f 51/86/51 52/87/52 2/1/2
vt 0.5297980 0.5112079
vt 0.5177426 0.5137434
f 53/88/53 52/87/52 51/89/51
vt 0.5370740 0.5028282
vt 0.5300295 0.5068182
vt 0.5408353 0.5158854
f 58/90/58 54/91/54 55/92/55
vt 0.5483407 0.5063144
vt 0.5398617 0.4999511
f 55/92/55 56/93/56 61/94/61
vt 0.5501940 0.5138161
f 55/92/55 77/95/77 56/93/56
vt 0.5172380 0.4853774
f 52/87/52 59/96/59 2/1/2
vt 0.5244392 0.4988064
f 52/87/52 57/97/57 59/96/59
vt 0.5338153 0.4911667
f 60/98/60 59/96/59 57/97/57
f 60/98/60 63/76/63 59/96/59
vt 0.5431410 0.4892997
f 61/94/61 62/99/62 60/98/60
vt 0.5526226 0.4932960
vt 0.5481854 0.4852889
f 78/100/78 64/101/64 62/99/62
f 60/98/60 62/99/62 63/76/63
vt 0.5351924 0.4768202
f 66/102/66 65/75/65 63/76/63
vt 0.5361261 0.4663685
f 66/102/66 67/103/67 65/75/65
vt 0.5045342 0.4946264
vt 0.5002286 0.4893411
vt 0.5111328 0.4906298
f 408/104/408 70/105/70 69/106/69
vt 0.5678601 0.5103842
vt 0.5662276 0.5016986
vt 0.5570831 0.5042153
f 69/107/69 70/108/70 75/109/75
vt 0.4950444 0.4824494
vt 0.4981427 0.4820916
vt 0.4988034 0.4834287
f 74/110/74 75/111/75 70/112/70
vt 0.5584163 0.4909954
f 74/113/74 78/100/78 75/109/75
vt 0.5611130 0.5165010
f 73/114/73 75/109/75 77/95/77
vt 0.5566138 0.5200789
f 73/114/73 77/95/77 76/115/76
f 75/109/75 56/93/56 77/95/77
f 75/109/75 78/100/78 56/93/56
vt 0.5306431 0.4575875
f 4/8/4 67/103/67 27/116/27
vt 0.4544140 0.4920307
vt 0.4580421 0.4996244
vt 0.4470813 0.4998016
f 80/117/80 83/118/83 79/119/79
vt 0.5369684 0.4794045
vt 0.5413713 0.4818395
vt 0.5390877 0.4820604
f 67/120/67 85/121/85 49/122/49
vt 0.5497148 0.4580947
vt 0.5388431 0.4579414
vt 0.5500646 0.4679970
f 80/123/80 49/124/49 84/125/84
vt 0.5429598 0.4720038
f 49/124/49 85/126/85 84/125/84
vt 0.5565048 0.4638994
f 80/123/80 84/125/84 89/127/89
vt 0.4712241 0.4934965
vt 0.4677109 0.5008241
f 83/118/83 89/128/89 86/129/86
vt 0.4740752 0.4886460
vt 0.4786511 0.4866453
f 87/130/87 90/131/90 89/128/89
vt 0.5549381 0.4726045
vt 0.5572689 0.4815349
vt 0.5599263 0.4787393
f 87/132/87 91/133/91 90/134/90
vt 0.4840404 0.4940544
vt 0.4765012 0.5041737
f 89/128/89 72/135/72 88/136/88
f 89/128/89 90/131/90 72/135/72
vt 0.5525003 0.4809727
f 92/137/92 64/101/64 78/100/78
f 92/137/92 74/113/74 91/133/91
f 78/100/78 74/113/74 92/137/92
f 66/102/66 85/126/85 67/103/67
f 66/102/66 62/99/62 85/126/85
f 64/101/64 85/126/85 62/99/62
vt 0.5093070 0.4733577
f 51/138/51 46/72/46 139/74/139
f 51/86/51 2/1/2 46/3/46
vt 0.5464050 0.5250622
f 77/95/77 108/139/108 76/115/76
vt 0.4481044 0.4893965
f 79/119/79 81/140/81 80/117/80
vt 0.5039924 0.5115507
vt 0.5132755 0.5245852
f 139/141/139 93/142/93 51/89/51
vt 0.5122966 0.4872211
vt 0.5171627 0.4875483
vt 0.5131208 0.4851390
f 95/143/95 94/144/94 93/145/93
vt 0.5204877 0.4906498
vt 0.5165699 0.4903435
f 96/146/96 94/144/94 95/147/95
vt 0.5215050 0.5209834
f 100/148/100 51/89/51 93/142/93
vt 0.5236387 0.4862090
vt 0.5238506 0.4848273
vt 0.5195991 0.4854552
f 99/149/99 101/150/101 94/151/94
vt 0.5250041 0.5467248
vt 0.5331053 0.5450483
vt 0.5233632 0.5367713
f 98/152/98 102/153/102 96/154/96
vt 0.5304534 0.5287837
vt 0.5364306 0.5242176
vt 0.5273107 0.5184744
f 101/155/101 104/156/104 103/157/103
vt 0.5269366 0.5340029
f 96/154/96 102/153/102 99/158/99
vt 0.5358096 0.5362494
f 102/153/102 105/159/105 99/158/99
vt 0.5408865 0.5391275
f 102/153/102 106/160/106 105/159/105
f 103/157/103 104/156/104 53/88/53
vt 0.5297820 0.4842855
vt 0.5360701 0.4875099
vt 0.5405770 0.4833591
f 101/161/101 105/162/105 107/163/107
vt 0.5349772 0.4811131
vt 0.5390433 0.4796046
f 101/164/101 107/163/107 104/165/104
vt 0.5244473 0.4761343
vt 0.5253865 0.4747112
vt 0.5217875 0.4743145
f 104/166/104 108/167/108 55/168/55
vt 0.5548354 0.5072358
vt 0.5601533 0.5077645
vt 0.5595538 0.5143464
f 112/169/112 113/170/113 111/171/111
vt 0.5499957 0.5164772
vt 0.5515806 0.5057124
f 413/172/413 115/173/115 112/169/112
vt 0.5583531 0.5081483
vt 0.5571647 0.4962799
vt 0.5542213 0.5045031
f 114/174/114 117/175/117 115/176/115
vt 0.5623924 0.5067247
vt 0.5619663 0.4984762
f 114/177/114 134/178/134 117/175/117
vt 0.5455549 0.4987307
f 115/176/115 118/179/118 112/169/112
vt 0.5354226 0.5122019
vt 0.5422573 0.5059773
vt 0.5291019 0.5066959
f 110/180/110 113/181/113 116/182/116
vt 0.5433267 0.5604332
vt 0.5360285 0.5593611
vt 0.5429859 0.5613207
f 118/183/118 119/184/119 113/185/113
f 115/176/115 117/175/117 118/179/118
vt 0.5366653 0.5522535
vt 0.5254921 0.5548776
f 122/186/122 123/187/123 119/184/119
f 122/186/122 98/152/98 123/187/123
vt 0.5510578 0.4865478
vt 0.5437376 0.4894741
vt 0.5486866 0.4941958
f 137/188/137 124/189/124 120/190/120
vt 0.5642979 0.5292707
f 76/115/76 125/191/125 73/114/73
vt 0.5542845 0.5317266
f 76/115/76 108/139/108 126/192/126
vt 0.5242736 0.4878183
vt 0.5174160 0.4813309
vt 0.5280703 0.4856559
f 68/193/68 73/194/73 125/195/125
vt 0.5689459 0.5348135
vt 0.5686522 0.5300490
f 125/191/125 128/196/128 131/197/131
vt 0.5348427 0.4812440
vt 0.5352895 0.4841040
f 127/198/127 129/199/129 125/195/125
vt 0.5609933 0.5342804
f 126/192/126 127/200/127 125/191/125
vt 0.5351893 0.4875009
f 129/199/129 128/201/128 125/195/125
vt 0.5495296 0.5325131
vt 0.5511516 0.5387409
f 108/202/108 130/203/130 126/192/126
vt 0.5513771 0.5380060
vt 0.5581863 0.5449721
f 126/192/126 130/204/130 133/205/133
vt 0.5724977 0.4970327
vt 0.5707104 0.4964752
vt 0.5725207 0.5026752
f 415/206/415 132/207/132 136/208/136
vt 0.5353133 0.4839875
vt 0.5434512 0.4871693
vt 0.5409495 0.4907394
f 129/209/129 133/210/133 132/211/132
vt 0.5524743 0.5439764
f 130/204/130 137/212/137 133/205/133
vt 0.5466446 0.5352596
f 130/203/130 109/213/109 137/212/137
vt 0.5687882 0.5005468
vt 0.5670444 0.4913893
vt 0.5673026 0.4975417
f 136/214/136 132/215/132 134/216/134
vt 0.5448203 0.4989665
vt 0.5374715 0.5089947
vt 0.5376537 0.5019735
f 134/217/134 418/218/418 136/219/136
vt 0.5619490 0.4919563
vt 0.5642542 0.4988041
f 135/220/135 117/175/117 134/221/134
vt 0.5419613 0.5465852
vt 0.5468519 0.5449162
f 124/222/124 137/223/137 106/160/106
vt 0.5358758 0.5210216
vt 0.5284659 0.5197770
f 419/224/419 110/180/110 138/225/138
vt 0.5223363 0.5154920
f 110/180/110 116/182/116 168/226/168
vt 0.5175921 0.4934691
f 68/193/68 125/195/125 411/227/411
vt 0.5274341 0.4941275
f 125/195/125 131/228/131 411/227/411
vt 0.4960004 0.5309581
vt 0.5050186 0.5306203
vt 0.4905863 0.5153430
f 140/229/140 144/230/144 191/231/191
f 144/230/144 139/141/139 191/231/191
vt 0.4874125 0.5418822
vt 0.4855656 0.5278481
f 141/232/141 140/229/140 194/233/194
vt 0.4873770 0.5553125
vt 0.4946558 0.5436664
f 141/232/141 147/234/147 143/235/143
vt 0.4993703 0.5416628
f 145/236/145 144/230/144 140/229/140
vt 0.5298341 0.4844690
vt 0.5326691 0.4857004
vt 0.5321455 0.4872689
f 93/237/93 144/238/144 95/239/95
vt 0.5454425 0.4759381
vt 0.5491597 0.4818288
vt 0.5431134 0.4812094
f 143/240/143 146/241/146 145/242/145
vt 0.5112838 0.5421747
vt 0.5138515 0.5331574
f 149/243/149 95/244/95 144/230/144
vt 0.5057232 0.5498351
f 145/236/145 148/245/148 149/243/149
vt 0.5184960 0.5397042
f 95/244/95 149/243/149 97/246/97
vt 0.4986333 0.5500963
f 145/236/145 146/247/146 148/245/148
vt 0.5101320 0.5549625
f 148/245/148 150/248/150 149/243/149
vt 0.5588855 0.4846940
vt 0.5506913 0.4867264
f 146/241/146 151/249/151 148/250/148
vt 0.5028817 0.5626746
f 151/251/151 150/248/150 148/245/148
vt 0.4853730 0.5096703
vt 0.4817221 0.4994871
vt 0.4750077 0.5016424
f 460/252/460 154/253/154 182/254/182
vt 0.4679105 0.4935696
vt 0.4614237 0.4839201
vt 0.4605348 0.4913454
f 181/255/181 153/256/153 180/257/180
vt 0.4793028 0.4894718
f 182/254/182 158/258/158 181/255/181
vt 0.4714967 0.4806764
f 153/256/153 181/255/181 157/259/157
vt 0.4947573 0.4994376
f 460/252/460 159/260/159 154/253/154
vt 0.4868844 0.4941664
f 154/253/154 159/260/159 155/261/155
vt 0.4641389 0.4788353
f 153/256/153 157/259/157 156/262/156
vt 0.4920719 0.4859392
f 158/258/158 155/261/155 163/263/163
vt 0.4916910 0.5724441
vt 0.4879397 0.5705029
vt 0.4831047 0.5741370
f 163/264/163 162/265/162 158/266/158
vt 0.4786199 0.4805511
vt 0.4812061 0.4753978
vt 0.4741173 0.4737232
f 160/267/160 166/268/166 165/269/165
vt 0.4869827 0.4784461
f 160/267/160 162/270/162 166/268/166
vt 0.5009797 0.4910926
vt 0.5012227 0.4847273
f 163/263/163 164/271/164 167/272/167
vt 0.4873344 0.4725880
vt 0.4833177 0.4693923
vt 0.4804518 0.4697267
f 166/273/166 147/274/147 165/275/165
vt 0.5015180 0.5689543
vt 0.4970270 0.5640459
f 167/276/167 152/277/152 163/264/163
vt 0.5245886 0.5030133
f 116/182/116 169/278/169 168/226/168
vt 0.5265231 0.5009010
vt 0.5199785 0.4985112
f 121/279/121 171/280/171 169/278/169
vt 0.5224415 0.5648301
vt 0.5155252 0.5681169
vt 0.5199193 0.5679712
f 169/281/169 171/282/171 172/283/172
vt 0.5186957 0.5040249
vt 0.5120006 0.5134611
f 168/226/168 172/284/172 173/285/173
vt 0.5164311 0.4980404
vt 0.5123028 0.5019842
f 172/284/172 171/286/171 174/287/174
vt 0.5140990 0.4960764
vt 0.5104817 0.4961447
f 174/287/174 171/288/171 176/289/176
vt 0.5052296 0.4972761
vt 0.5057184 0.5071117
f 174/287/174 178/290/178 175/291/175
vt 0.5690668 0.4928446
vt 0.5732005 0.4922916
vt 0.5746466 0.4960837
f 176/292/176 164/293/164 178/294/178
vt 0.5675017 0.4850367
vt 0.5720216 0.4896658
f 167/295/167 164/296/164 176/292/176
vt 0.5627147 0.4840716
f 176/292/176 151/297/151 167/295/167
vt 0.4971181 0.5069431
f 179/298/179 159/260/159 460/252/460
vt 0.4775750 0.5474192
vt 0.4754385 0.5558095
f 147/234/147 142/299/142 165/300/165
vt 0.4835124 0.5627026
f 152/277/152 147/234/147 166/301/166
vt 0.5565045 0.4899165
f 150/302/150 151/297/151 176/292/176
vt 0.5050145 0.5625593
f 152/277/152 167/276/167 151/303/151
vt 0.4690558 0.5043925
f 474/304/474 182/254/182 181/255/181
vt 0.4655558 0.5640381
vt 0.4672723 0.5628424
vt 0.4589475 0.5631260
f 156/305/156 161/306/161 183/307/183
vt 0.4687263 0.5587924
vt 0.4636414 0.5561065
f 161/308/161 165/300/165 184/309/184
vt 0.5103350 0.5224024
f 436/310/436 168/226/168 173/285/173
vt 0.5009286 0.5180072
f 175/291/175 177/311/177 173/285/173
vt 0.4924505 0.5176413
f 177/311/177 179/298/179 453/312/453
vt 0.4888520 0.5132064
f 179/298/179 460/252/460 453/313/453
vt 0.4718176 0.5004366
vt 0.4646439 0.4938089
vt 0.4579858 0.5037572
f 242/314/242 245/315/245 188/316/188
vt 0.4831227 0.5085341
vt 0.4973236 0.5085987
f 186/317/186 191/231/191 185/318/185
vt 0.4746749 0.5100179
f 186/317/186 242/314/242 187/319/187
vt 0.4488558 0.4965927
vt 0.4460145 0.5021825
f 189/320/189 214/321/214 188/316/188
vt 0.4623830 0.5137276
f 193/322/193 187/319/187 242/314/242
f 188/316/188 193/322/193 242/314/242
vt 0.4684603 0.5274779
f 193/322/193 196/323/196 187/319/187
vt 0.4529902 0.5145128
f 195/324/195 193/322/193 188/316/188
vt 0.4618641 0.5228584
f 199/325/199 196/323/196 193/322/193
vt 0.4785681 0.5208588
f 192/326/192 196/323/196 194/233/194
vt 0.4772026 0.5408739
f 196/323/196 197/327/197 194/233/194
vt 0.4521551 0.5274528
f 193/322/193 228/328/228 199/325/199
vt 0.4701448 0.5365261
f 196/323/196 198/329/198 197/327/197
vt 0.4580508 0.5355985
f 196/323/196 223/330/223 198/329/198
f 228/328/228 223/330/223 199/325/199
vt 0.5206533 0.5044612
vt 0.5280393 0.4930045
vt 0.5190315 0.4938626
f 203/331/203 204/332/204 205/333/205
vt 0.5051259 0.5031561
vt 0.5117402 0.4925479
vt 0.5071585 0.4891816
f 202/334/202 207/335/207 206/336/206
f 203/331/203 207/335/207 202/334/202
f 207/335/207 205/333/205 206/336/206
vt 0.4832991 0.4934058
vt 0.4952300 0.4927335
vt 0.4903966 0.4867024
f 208/337/208 209/338/209 210/339/210
vt 0.5184219 0.4802125
f 205/333/205 212/340/212 206/336/206
vt 0.5127769 0.4804880
vt 0.5039448 0.4830131
f 206/336/206 212/341/212 211/342/211
vt 0.5319124 0.4799467
f 233/343/233 212/340/212 205/333/205
vt 0.5258243 0.4757925
f 233/343/233 229/344/229 212/340/212
f 209/338/209 211/342/211 210/339/210
vt 0.4362365 0.5035559
vt 0.4341111 0.5161567
vt 0.4423511 0.5166862
f 211/345/211 212/346/212 215/347/215
vt 0.4447578 0.5097400
f 211/345/211 213/348/213 214/321/214
f 211/345/211 215/347/215 213/348/213
f 215/347/215 195/324/195 213/348/213
vt 0.4650555 0.5449633
f 165/300/165 142/299/142 217/349/217
vt 0.4545944 0.5656403
vt 0.4545248 0.5584835
vt 0.4490815 0.5632594
f 216/350/216 218/351/218 220/352/220
f 142/299/142 198/329/198 217/349/217
vt 0.4463080 0.5553243
f 218/351/218 222/353/222 220/352/220
vt 0.5562902 0.4753408
vt 0.5532939 0.4731764
vt 0.5522478 0.4773703
f 218/354/218 219/355/219 222/356/222
vt 0.5659198 0.4912199
vt 0.5622034 0.4845097
vt 0.5554841 0.4910792
f 235/357/235 220/358/220 224/359/224
vt 0.4456471 0.5503253
vt 0.4552297 0.5527876
vt 0.4439773 0.5425255
f 222/360/222 219/361/219 226/362/226
vt 0.4546310 0.5460816
f 219/361/219 221/363/221 226/362/226
vt 0.4487357 0.5379827
f 221/363/221 225/364/225 226/362/226
vt 0.5429185 0.4748831
vt 0.5460736 0.4827587
f 222/356/222 226/365/226 227/366/227
vt 0.5343406 0.4848476
f 227/366/227 226/365/226 231/367/231
vt 0.5379803 0.4705858
vt 0.5323247 0.4734900
vt 0.5412017 0.4727667
f 225/368/225 229/369/229 226/370/226
vt 0.4457870 0.5260586
f 225/364/225 228/328/228 232/371/232
vt 0.5417216 0.4992020
f 227/366/227 231/367/231 230/372/230
f 226/365/226 233/343/233 231/367/231
vt 0.5354284 0.5061119
f 204/332/204 236/373/236 230/372/230
f 198/329/198 223/330/223 217/349/217
vt 0.4936940 0.5116989
vt 0.5082046 0.5136001
f 491/374/491 489/375/489 202/334/202
vt 0.4651189 0.5565567
f 183/307/183 184/376/184 218/351/218
vt 0.4536172 0.4848521
vt 0.4489426 0.4849320
vt 0.4483072 0.4917595
f 216/377/216 220/378/220 235/379/235
vt 0.5587545 0.4989191
f 235/357/235 224/359/224 492/380/492
vt 0.4850002 0.4901861
vt 0.4898574 0.4994046
f 1/4/1 239/381/239 234/382/234
vt 0.4848432 0.4720175
vt 0.4836584 0.4729682
vt 0.4872600 0.4725823
f 239/383/239 240/384/240 234/385/234
vt 0.4770356 0.4921448
f 234/382/234 240/386/240 186/317/186
vt 0.4755873 0.4700387
vt 0.4733508 0.4786533
vt 0.4828822 0.4800659
f 238/387/238 241/388/241 237/389/237
vt 0.4648917 0.4645208
f 238/387/238 257/390/257 241/388/241
vt 0.4614849 0.4734066
vt 0.4653636 0.4808644
f 241/388/241 244/391/244 243/392/243
f 257/390/257 244/391/244 241/388/241
f 240/386/240 245/315/245 242/314/242
f 240/386/240 243/392/243 245/315/245
vt 0.4574163 0.4827618
f 245/315/245 243/392/243 246/393/246
vt 0.4690514 0.4311171
vt 0.4625166 0.4381289
f 342/394/342 248/395/248 247/81/247
vt 0.4375620 0.4874384
vt 0.4450429 0.4816474
vt 0.4387091 0.4780163
f 326/396/326 249/397/249 248/398/248
vt 0.4660679 0.4484271
f 248/395/248 252/399/252 247/81/247
vt 0.4556750 0.4828507
vt 0.4449213 0.4811802
vt 0.4468701 0.4886823
f 269/400/269 249/401/249 250/402/250
vt 0.4599170 0.4727600
vt 0.4573985 0.4777416
vt 0.4582951 0.4729765
f 252/403/252 251/404/251 253/405/253
f 252/399/252 50/51/50 247/81/247
vt 0.4517609 0.4775476
vt 0.4514248 0.4732649
vt 0.4552817 0.4750617
f 249/406/249 253/407/253 251/408/251
vt 0.4697832 0.4568455
f 252/399/252 255/409/255 50/51/50
f 252/399/252 257/390/257 255/409/255
f 50/51/50 255/409/255 254/54/254
vt 0.4487976 0.4598338
vt 0.4528029 0.4716734
vt 0.4567664 0.4655352
f 270/410/270 271/411/271 256/412/256
vt 0.4761856 0.5022369
vt 0.4698049 0.4938488
vt 0.4705585 0.5020972
f 258/413/258 263/414/263 280/415/280
vt 0.4807208 0.4894286
f 259/416/259 263/414/263 258/413/258
vt 0.4384934 0.4808812
vt 0.4444883 0.4868276
vt 0.4446424 0.4748927
f 259/417/259 260/418/260 261/419/261
vt 0.4404304 0.4751529
f 259/417/259 261/419/261 264/420/264
vt 0.4536540 0.4891737
f 260/418/260 190/421/190 261/419/261
vt 0.4586401 0.4923216
f 280/415/280 263/414/263 265/422/265
vt 0.4485783 0.4758443
f 246/393/246 271/411/271 261/423/261
vt 0.4678847 0.4800521
vt 0.4657791 0.4868348
vt 0.4763736 0.4793735
f 267/424/267 268/425/268 261/426/261
f 268/425/268 267/424/267 269/400/269
vt 0.4647790 0.4783238
vt 0.4589617 0.4774446
f 267/427/267 270/428/270 269/400/269
f 255/409/255 257/390/257 238/387/238
f 271/411/271 244/391/244 256/412/256
f 7/77/7 237/389/237 1/4/1
f 1/4/1 237/389/237 239/381/239
f 11/21/11 237/389/237 7/77/7
f 30/83/30 342/394/342 247/81/247
vt 0.4479852 0.4965959
f 265/422/265 250/402/250 310/429/310
vt 0.4659440 0.4839504
vt 0.4692007 0.4719818
vt 0.4758651 0.4741807
f 274/430/274 273/431/273 349/432/349
vt 0.4719285 0.5308920
vt 0.4721823 0.5321602
vt 0.4839361 0.5364802
f 275/433/275 273/434/273 274/435/274
vt 0.4802413 0.5318932
f 275/433/275 274/435/274 467/436/467
vt 0.4741896 0.5518968
vt 0.4731599 0.5485600
vt 0.4724857 0.5517445
f 281/437/281 438/438/438 282/439/282
vt 0.4490571 0.5187786
vt 0.4464186 0.5105043
vt 0.4531736 0.5153631
f 277/440/277 279/441/279 283/442/283
vt 0.4645870 0.5224984
vt 0.4701772 0.5301316
f 275/433/275 285/443/285 273/444/273
vt 0.4684143 0.5411654
vt 0.4610791 0.5424179
vt 0.4711909 0.5454664
f 284/445/284 288/446/288 438/447/438
vt 0.4759721 0.5344586
vt 0.4795019 0.5353019
vt 0.4761534 0.5380375
f 273/448/273 289/449/289 349/450/349
vt 0.4570189 0.4677565
vt 0.4634351 0.4662313
vt 0.4571938 0.4736337
f 283/451/283 285/452/285 276/453/276
vt 0.5002692 0.4733806
vt 0.5112396 0.4676924
vt 0.5112829 0.4759318
f 281/454/281 286/455/286 352/456/352
vt 0.4963493 0.4698909
vt 0.4931985 0.4608764
vt 0.5008049 0.4593992
f 282/457/282 288/458/288 287/459/287
f 282/457/282 287/459/287 281/454/281
vt 0.4679985 0.5471798
f 438/447/438 288/446/288 282/460/282
vt 0.4738741 0.5315481
vt 0.4723534 0.5287659
vt 0.4750240 0.5307877
f 273/461/273 290/462/290 289/463/289
vt 0.4689509 0.4658607
vt 0.4739164 0.4604659
vt 0.4740385 0.4677243
f 285/464/285 290/465/290 273/466/273
vt 0.4469681 0.4687577
vt 0.4516410 0.4625136
vt 0.4520301 0.4678720
f 279/467/279 291/468/291 283/469/283
vt 0.4528802 0.5094701
vt 0.4581054 0.5116595
f 283/442/283 291/470/291 293/471/293
vt 0.4445014 0.5038293
vt 0.4497449 0.5065459
f 262/472/262 291/473/291 279/441/279
f 281/454/281 287/459/287 286/455/286
vt 0.4477386 0.4627487
vt 0.4450244 0.4647480
f 266/474/266 291/468/291 262/475/262
vt 0.4641968 0.5468178
vt 0.4596701 0.5466273
vt 0.4619162 0.5435605
f 286/476/286 287/477/287 294/478/294
vt 0.4926769 0.4525981
f 288/458/288 297/479/297 287/459/287
vt 0.4609689 0.5275209
vt 0.4599897 0.5223265
vt 0.4550068 0.5306336
f 290/480/290 292/481/292 295/482/295
vt 0.5030358 0.4500559
f 287/459/287 297/479/297 298/483/298
vt 0.4592252 0.4599077
vt 0.4586230 0.4546208
vt 0.4651131 0.4567514
f 293/484/293 302/485/302 296/486/296
vt 0.4540786 0.5106513
vt 0.4491476 0.5199471
f 296/487/296 301/488/301 292/481/292
vt 0.4518678 0.4544473
f 291/468/291 299/489/299 302/485/302
vt 0.4560971 0.4618793
f 293/490/293 291/468/291 302/485/302
vt 0.4838622 0.5328009
vt 0.4790040 0.5209434
vt 0.4853464 0.5265297
f 295/491/295 301/492/301 304/493/304
vt 0.4692913 0.4536961
vt 0.4658658 0.4472123
vt 0.4695048 0.4493075
f 296/494/296 305/495/305 306/496/306
vt 0.4945189 0.5385105
vt 0.4956095 0.5316560
vt 0.5026172 0.5367496
f 300/497/300 308/498/308 298/499/298
vt 0.4561673 0.4512563
vt 0.4608513 0.4471604
f 302/485/302 299/500/299 307/501/307
vt 0.5114895 0.4528784
vt 0.5215988 0.4576925
vt 0.5213165 0.4643677
f 303/502/303 318/503/318 311/504/311
vt 0.4749594 0.5142933
vt 0.4787375 0.5157457
f 301/492/301 306/505/306 309/506/309
vt 0.4542454 0.4463589
f 299/500/299 310/507/310 307/501/307
vt 0.4505750 0.5392662
vt 0.4421347 0.5323680
vt 0.4468168 0.5302706
f 298/508/298 313/509/313 315/510/315
vt 0.4886037 0.5253648
vt 0.4962942 0.5232368
f 308/498/308 304/511/304 314/512/314
vt 0.4734921 0.4456068
vt 0.4756398 0.4360969
f 306/513/306 305/495/305 321/514/321
vt 0.5113913 0.5281067
vt 0.5176393 0.5262443
vt 0.5119820 0.5347791
f 315/515/315 319/516/319 303/517/303
vt 0.4532465 0.4429730
vt 0.4568126 0.4430739
f 317/518/317 307/519/307 310/507/310
vt 0.4758940 0.4365696
vt 0.4868021 0.4325026
vt 0.4796407 0.4436548
f 321/520/321 322/521/322 309/522/309
vt 0.4653429 0.4359008
f 305/495/305 316/523/316 321/514/321
vt 0.4398809 0.5287064
vt 0.4365734 0.5251644
vt 0.4395984 0.5251604
f 313/524/313 320/525/320 315/526/315
vt 0.4441412 0.4998482
vt 0.4391826 0.4930165
vt 0.4354107 0.4974220
f 307/527/307 317/528/317 316/529/316
vt 0.5053966 0.5225411
vt 0.5023878 0.5285816
f 314/512/314 320/530/320 313/531/313
vt 0.4985817 0.4344127
vt 0.4908522 0.4373054
f 322/521/322 314/532/314 312/533/312
vt 0.4724171 0.5018821
vt 0.4781956 0.5072625
vt 0.4733591 0.5079342
f 325/534/325 324/535/324 321/536/321
vt 0.5179265 0.4478024
vt 0.5296754 0.4563765
f 318/503/318 319/537/319 323/538/323
vt 0.4316004 0.4927160
f 317/528/317 328/539/328 316/529/316
vt 0.5115357 0.4427911
vt 0.5263532 0.4456641
f 315/540/315 335/541/335 319/537/319
vt 0.4710408 0.4320520
vt 0.4649224 0.4317567
vt 0.4695188 0.4299403
f 325/542/325 328/543/328 327/544/327
vt 0.4279376 0.5055252
vt 0.4241750 0.5031186
vt 0.4246523 0.5090087
f 324/545/324 330/546/330 333/547/333
vt 0.4629452 0.4931800
vt 0.4648448 0.4889094
vt 0.4727210 0.4960345
f 328/548/328 334/549/334 327/550/327
vt 0.4590371 0.4879881
f 326/551/326 334/549/334 328/548/328
vt 0.5202274 0.4346248
f 331/552/331 335/541/335 315/540/315
vt 0.5059102 0.4333549
f 320/553/320 331/552/331 315/540/315
vt 0.4866321 0.4247666
vt 0.4961057 0.4265431
f 333/554/333 329/555/329 322/521/322
vt 0.5096446 0.5202737
vt 0.5083023 0.5117987
vt 0.5188792 0.5170462
f 320/556/320 332/557/332 331/558/331
vt 0.5020987 0.4239886
vt 0.5076062 0.4269705
f 329/555/329 336/559/336 332/560/332
vt 0.4874420 0.4227689
vt 0.4925702 0.4190158
f 333/561/333 338/562/338 329/555/329
vt 0.5320346 0.4409896
f 331/552/331 339/563/339 335/541/335
vt 0.4224500 0.5063474
vt 0.4197242 0.5040351
f 333/564/333 330/546/330 338/565/338
f 334/549/334 340/85/340 327/550/327
vt 0.5338193 0.4488239
f 335/541/335 339/563/339 357/566/357
vt 0.4826839 0.5027893
vt 0.4805145 0.4963247
vt 0.4905550 0.5024606
f 330/567/330 337/568/337 338/569/338
vt 0.4683654 0.4789952
vt 0.4728888 0.4828842
f 334/549/334 342/570/342 341/571/341
vt 0.5173767 0.4306406
vt 0.5117167 0.4236481
vt 0.5245230 0.4310200
f 331/572/331 343/573/343 344/574/344
vt 0.4216413 0.4973461
vt 0.4216095 0.4904252
vt 0.4195750 0.4914550
f 337/575/337 340/576/340 345/577/345
vt 0.5010581 0.5072183
f 338/569/338 347/68/347 336/578/336
f 338/569/338 348/69/348 347/68/347
vt 0.5099107 0.4192128
vt 0.5217725 0.4257274
vt 0.5142545 0.4225649
f 346/579/346 16/580/16 343/581/343
f 336/578/336 347/68/347 48/30/48
vt 0.5029023 0.4827036
vt 0.4909235 0.4756627
f 351/582/351 438/583/438 281/454/281
vt 0.4831887 0.4738849
vt 0.4814350 0.4833148
f 349/432/349 272/584/272 442/585/442
vt 0.4649069 0.4725772
vt 0.4626855 0.4805022
f 276/453/276 275/586/275 467/587/467
vt 0.4494282 0.4772347
vt 0.4552176 0.4792296
f 277/588/277 276/453/276 472/589/472
vt 0.4763126 0.5133298
f 258/413/258 280/415/280 278/590/278
vt 0.4426029 0.4930067
f 310/429/310 250/402/250 317/591/317
vt 0.4293990 0.4883827
f 248/398/248 334/592/334 326/396/326
f 341/571/341 36/63/36 340/85/340
vt 0.5092816 0.5037525
vt 0.5255442 0.5032750
f 346/593/346 48/30/48 16/594/16
vt 0.5315395 0.5074782
vt 0.5325376 0.5131309
f 344/595/344 15/33/15 339/596/339
vt 0.4709092 0.5459398
vt 0.4792548 0.5421758
vt 0.4749249 0.5490197
f 286/597/286 358/598/358 352/599/352
vt 0.5225910 0.4725518
vt 0.5208492 0.4792554
f 286/455/286 353/600/353 358/601/358
vt 0.5320497 0.4640233
vt 0.5279406 0.4685608
f 354/602/354 355/603/355 318/503/318
vt 0.5398479 0.4570653
f 323/538/323 357/566/357 356/604/356
vt 0.5414214 0.5049998
vt 0.5483434 0.5050693
vt 0.5399249 0.5116471
f 79/605/79 82/606/82 357/607/357
vt 0.5391339 0.4491930
vt 0.5501970 0.4579992
f 357/608/357 359/609/359 356/604/356
vt 0.4493790 0.5080533
vt 0.4533153 0.5109667
vt 0.4477292 0.5158078
f 82/610/82 359/611/359 357/612/357
vt 0.4804202 0.5479827
vt 0.4848551 0.5499726
f 352/613/352 358/598/358 360/614/360
vt 0.5151763 0.4913034
vt 0.5090173 0.4961312
f 351/582/351 363/615/363 420/616/420
vt 0.5157450 0.4851661
f 351/582/351 360/617/360 363/615/363
vt 0.4698903 0.5254982
vt 0.4773960 0.5229603
vt 0.4802904 0.5277662
f 355/618/355 364/619/364 361/620/361
vt 0.5234203 0.4860008
vt 0.5278596 0.4894922
vt 0.5221951 0.4880239
f 358/621/358 365/622/365 360/623/360
vt 0.5284491 0.4805896
vt 0.5280295 0.4849926
f 358/601/358 353/624/353 366/625/366
vt 0.5501218 0.4652513
vt 0.5450686 0.4745212
vt 0.5404910 0.4675081
f 368/626/368 369/627/369 362/628/362
vt 0.5222077 0.4972625
f 360/623/360 365/622/365 367/629/367
vt 0.5452100 0.4858595
vt 0.5362794 0.4778807
f 369/627/369 376/630/376 364/631/364
vt 0.5538924 0.4809658
f 369/627/369 368/626/368 370/632/370
vt 0.5295134 0.4976257
f 367/629/367 365/622/365 371/633/371
vt 0.4869335 0.5329664
vt 0.5015779 0.5343359
vt 0.4908560 0.5397596
f 366/634/366 372/635/372 365/636/365
vt 0.5352125 0.4829606
vt 0.5401988 0.4896968
f 361/637/361 376/630/376 373/638/373
vt 0.5041381 0.5476408
vt 0.5076346 0.5507826
vt 0.4989548 0.5507452
f 374/639/374 380/640/380 367/641/367
vt 0.5364146 0.5018572
vt 0.5337204 0.4875794
f 372/642/372 366/643/366 373/638/373
f 370/632/370 376/630/376 369/627/369
vt 0.4978007 0.5386427
vt 0.5043915 0.5397643
vt 0.5051741 0.5418224
f 371/644/371 372/645/372 375/646/375
vt 0.5401634 0.4997879
f 373/638/373 384/647/384 372/642/372
vt 0.5467863 0.4959698
f 373/638/373 378/648/378 384/647/384
vt 0.5540096 0.4870222
f 370/632/370 377/649/377 376/630/376
vt 0.5562830 0.4983218
f 377/649/377 386/650/386 376/630/376
vt 0.5616816 0.4925019
f 385/651/385 386/650/386 377/649/377
vt 0.4858305 0.5173250
vt 0.4890002 0.5093764
vt 0.4921789 0.5140094
f 377/652/377 379/653/379 385/654/385
vt 0.5308157 0.5065076
vt 0.5397498 0.5108701
vt 0.5328749 0.5184184
f 375/655/375 383/656/383 382/657/382
vt 0.5179666 0.5156224
vt 0.5225321 0.5085252
vt 0.5298966 0.5272170
f 380/658/380 374/659/374 387/660/387
vt 0.5541639 0.4973064
vt 0.5592530 0.5103641
f 386/661/386 391/662/391 378/648/378
vt 0.4837266 0.5031099
vt 0.4893925 0.5018689
f 381/663/381 389/664/389 379/653/379
vt 0.5440055 0.5199311
vt 0.5394700 0.5285508
f 390/665/390 394/666/394 383/656/383
vt 0.5135433 0.5275991
vt 0.5200738 0.5372156
vt 0.5107267 0.5368401
f 388/667/388 390/668/390 383/669/383
vt 0.5688148 0.5013622
vt 0.5630543 0.5011544
f 385/651/385 396/670/396 392/671/392
vt 0.5044516 0.5168696
vt 0.5075591 0.5196202
vt 0.4989123 0.5211092
f 392/672/392 391/673/391 386/674/386
vt 0.5591008 0.5210363
vt 0.5498945 0.5095198
f 391/662/391 395/675/395 388/676/388
vt 0.4954150 0.5012891
vt 0.4997458 0.5099133
f 379/653/379 389/677/389 396/678/396
vt 0.5697414 0.5102714
vt 0.5728953 0.5048957
vt 0.5717715 0.5096517
f 396/679/396 389/680/389 401/681/401
vt 0.5210877 0.5266960
vt 0.5282633 0.5251875
f 390/668/390 395/682/395 405/683/405
vt 0.5096495 0.5158512
vt 0.5081333 0.5133714
vt 0.5122200 0.5125169
f 391/684/391 392/685/392 400/686/400
vt 0.5709969 0.5128822
f 396/670/396 400/687/400 392/671/392
vt 0.5108641 0.5015509
f 408/104/408 406/688/406 389/677/389
vt 0.5557459 0.5280091
vt 0.5487103 0.5369567
vt 0.5474225 0.5294644
f 405/689/405 402/690/402 399/691/399
vt 0.5731959 0.5051769
f 396/670/396 401/692/401 400/687/400
vt 0.5394205 0.5497217
vt 0.5379987 0.5425687
f 402/690/402 412/693/412 398/694/398
vt 0.5674961 0.5222252
vt 0.5637847 0.5320780
f 395/675/395 403/695/403 409/696/409
vt 0.5198168 0.5111473
f 400/686/400 406/688/406 407/697/407
vt 0.5585499 0.5438613
f 402/690/402 405/689/405 414/698/414
f 405/689/405 409/696/409 414/698/414
vt 0.5273413 0.5110805
vt 0.5356364 0.5152379
vt 0.5221133 0.5169737
f 410/699/410 409/700/409 403/701/403
vt 0.5214747 0.5009239
f 406/688/406 416/702/416 407/697/407
f 408/104/408 69/106/69 411/227/411
vt 0.5460314 0.5480221
f 412/693/412 402/690/402 417/703/417
vt 0.5306692 0.5013204
f 407/697/407 416/702/416 415/704/415
f 411/227/411 416/702/416 406/688/406
vt 0.5438476 0.5564219
f 412/693/412 417/703/417 111/705/111
f 409/700/409 410/699/410 418/218/418
f 411/227/411 131/228/131 416/702/416
vt 0.5462005 0.5081220
f 418/218/418 114/706/114 409/700/409
vt 0.4655429 0.5419421
vt 0.4576489 0.5366379
vt 0.4665161 0.5395394
f 286/707/286 303/708/303 353/709/353
f 323/538/323 354/602/354 318/503/318
f 335/541/335 357/566/357 323/538/323
vt 0.4588594 0.5076888
vt 0.4663586 0.5106859
f 359/710/359 86/129/86 368/711/368
f 86/129/86 88/136/88 368/711/368
vt 0.5487397 0.5235202
f 417/712/417 413/172/413 112/169/112
vt 0.5252706 0.5326094
vt 0.5308724 0.5310923
f 426/713/426 404/714/404 138/225/138
vt 0.5266913 0.5470551
vt 0.5302391 0.5474537
vt 0.5257768 0.5487813
f 387/715/387 393/716/393 424/717/424
vt 0.5113496 0.5232419
f 380/658/380 387/660/387 424/718/424
vt 0.4993591 0.4923706
f 351/582/351 420/616/420 421/719/421
vt 0.4891513 0.4854907
f 351/582/351 421/719/421 427/720/427
vt 0.5043367 0.5121611
vt 0.4941642 0.5111845
vt 0.5085722 0.5060662
f 423/721/423 431/722/431 422/723/422
vt 0.5129486 0.5370398
vt 0.5122961 0.5409140
vt 0.5053907 0.5442452
f 425/724/425 429/725/429 432/726/432
vt 0.5207150 0.5379305
vt 0.5144317 0.5469045
f 393/727/393 429/728/429 425/724/425
vt 0.5240064 0.5542117
vt 0.5112280 0.5539647
f 429/728/429 426/729/426 433/730/433
vt 0.4908760 0.4990119
f 422/723/422 431/722/431 434/731/434
vt 0.5049108 0.5336501
vt 0.4975031 0.5194821
f 424/718/424 428/732/428 435/733/435
vt 0.5053405 0.5516870
f 429/728/429 441/734/441 432/726/432
vt 0.4797208 0.5114808
vt 0.4822681 0.5013237
f 440/735/440 439/736/439 434/731/434
vt 0.4966881 0.5343931
vt 0.4870883 0.5203999
f 437/737/437 443/738/443 435/733/435
f 427/720/427 434/731/434 442/585/442
f 434/731/434 431/722/431 440/735/440
vt 0.4856139 0.5414064
vt 0.4871966 0.5270540
f 437/737/437 445/739/445 444/740/444
vt 0.4953418 0.5506245
f 432/726/432 446/741/446 437/737/437
vt 0.4749923 0.4948721
f 439/736/439 447/742/447 434/731/434
f 443/738/443 440/735/440 431/722/431
vt 0.4990165 0.5271133
f 436/310/436 177/311/177 448/743/448
vt 0.4733100 0.4870352
f 442/585/442 447/742/447 449/744/449
vt 0.4845253 0.5491589
f 446/741/446 450/745/450 445/739/445
vt 0.4984545 0.5601199
vt 0.4867163 0.5588284
f 446/741/446 448/746/448 455/747/455
vt 0.4736151 0.5254249
f 443/738/443 454/748/454 440/735/440
vt 0.4789438 0.5309955
f 443/738/443 452/749/452 454/748/454
f 446/741/446 455/747/455 450/745/450
vt 0.5135166 0.5469186
vt 0.5141339 0.5432592
vt 0.5101855 0.5436129
f 440/750/440 456/751/456 451/752/451
vt 0.4667726 0.5170305
f 440/735/440 454/748/454 456/753/456
vt 0.4906874 0.5434334
vt 0.4944865 0.5471120
vt 0.5013700 0.5406500
f 449/754/449 447/755/447 458/756/458
vt 0.4810816 0.5619742
vt 0.4916122 0.5701876
vt 0.4819520 0.5729893
f 459/757/459 453/758/453 460/759/460
f 449/754/449 458/756/458 274/435/274
vt 0.4754618 0.5419887
vt 0.4659748 0.5366898
f 452/749/452 457/760/457 462/761/462
vt 0.4795729 0.5301504
vt 0.4773550 0.5282737
vt 0.4750484 0.5303102
f 455/762/455 459/763/459 463/764/463
vt 0.4724799 0.5504104
f 457/760/457 463/765/463 462/761/462
vt 0.4698729 0.5040535
vt 0.4641893 0.5023663
f 451/766/451 456/753/456 458/767/458
vt 0.5132926 0.5393281
vt 0.5094769 0.5359173
f 458/756/458 456/768/456 465/769/465
vt 0.4568907 0.5405767
vt 0.4619556 0.5276240
f 462/761/462 469/770/469 461/771/461
vt 0.5443633 0.5324326
vt 0.5467244 0.5302810
vt 0.5409929 0.5319972
f 463/772/463 470/773/470 469/774/469
vt 0.4652882 0.5531659
f 459/757/459 470/775/470 463/765/463
vt 0.4538993 0.4915602
vt 0.4555431 0.4845316
f 274/430/274 471/776/471 472/777/472
vt 0.4541289 0.5217705
f 456/753/456 461/771/461 468/778/468
vt 0.4745951 0.5156593
f 460/252/460 182/254/182 466/779/466
f 466/779/466 182/254/182 474/304/474
vt 0.4628713 0.5620477
vt 0.4579259 0.5522390
f 470/775/470 478/780/478 476/781/476
vt 0.5623844 0.5190183
vt 0.5607491 0.5174146
vt 0.5604789 0.5198076
f 466/782/466 478/783/478 470/784/470
vt 0.4473858 0.4851267
f 471/776/471 480/785/480 472/777/472
vt 0.4538296 0.5020211
vt 0.4489383 0.5051485
f 464/786/464 473/787/473 471/776/471
vt 0.4485856 0.5391298
vt 0.4488848 0.5306220
f 469/770/469 477/788/477 475/789/475
vt 0.4610019 0.5025630
vt 0.4644118 0.5121039
f 474/304/474 479/790/479 478/791/478
vt 0.4601843 0.5194577
vt 0.4619553 0.5161671
vt 0.4558925 0.5155459
f 476/792/476 478/793/478 483/794/483
vt 0.4632673 0.5697382
vt 0.4578514 0.5641331
f 479/795/479 488/796/488 478/780/478
vt 0.4406260 0.5005449
vt 0.4442499 0.4955685
f 473/787/473 484/797/484 481/798/481
vt 0.4531320 0.5565940
f 488/796/488 483/799/483 478/780/478
vt 0.4610594 0.5032588
f 181/255/181 479/800/479 474/304/474
vt 0.4427267 0.5129185
f 485/801/485 484/797/484 473/787/473
vt 0.4408475 0.5336961
f 477/788/477 487/802/487 475/789/475
vt 0.5299986 0.5248478
vt 0.5366927 0.5123130
vt 0.5240264 0.5218694
f 475/803/475 487/804/487 482/805/482
vt 0.5440441 0.5184595
vt 0.5394165 0.5227170
f 486/806/486 487/804/487 477/807/477
vt 0.4475025 0.5606065
vt 0.4451146 0.5557156
vt 0.4484931 0.5496576
f 488/808/488 490/809/490 486/810/486
vt 0.4318557 0.4943726
f 484/797/484 491/811/491 481/798/481
vt 0.5629128 0.5027356
vt 0.5499302 0.5055968
f 488/812/488 492/380/492 490/813/490
vt 0.4405738 0.4843884
f 350/814/350 481/798/481 491/811/491
vt 0.4356107 0.5092352
f 484/797/484 489/815/489 491/811/491
vt 0.4518166 0.5048468
f 180/257/180 235/379/235 488/816/488
vt 0.4345433 0.4852482
f 491/811/491 201/817/201 350/814/350
vt 0.4366194 0.5363860
vt 0.4394235 0.5456128
vt 0.4333582 0.5378648
f 487/818/487 490/819/490 236/820/236
f 422/723/422 424/718/424 423/721/423
vt 0.5165265 0.5511336
vt 0.5133454 0.5538846
vt 0.5122290 0.5524210
f 380/821/380 424/822/424 422/823/422
vt 0.5289083 0.5369484
f 397/824/397 426/729/426 393/727/393
f 153/256/153 216/377/216 180/257/180
f 180/257/180 216/377/216 235/379/235
vt 0.5181181 0.5137130
f 236/373/236 203/331/203 493/825/493
vt 0.4347059 0.5109630
vt 0.4370552 0.5086025
vt 0.4381982 0.5111502
f 201/826/201 258/827/258 278/828/278
f 480/785/480 350/814/350 277/588/277
vt 0.4773284 0.5413612
vt 0.4873873 0.5438081
f 349/829/349 449/830/449 274/435/274
f 427/720/427 438/583/438 351/582/351
vt 0.4771979 0.4686014
f 3/6/3 59/5/59 5/831/5
f 65/75/65 4/8/4 6/10/6
f 6/10/6 5/17/5 59/96/59
f 1/4/1 3/2/3 7/77/7
f 6/10/6 9/16/9 5/17/5
f 5/17/5 8/14/8 3/2/3
f 7/77/7 3/2/3 10/15/10
f 9/16/9 12/18/12 8/14/8
vt 0.4549796 0.4665467
f 9/13/9 28/12/28 29/832/29
f 13/20/13 10/15/10 14/22/14
f 11/21/11 13/20/13 47/71/47
vt 0.5215727 0.4947674
f 15/33/15 17/833/17 19/34/19
f 48/30/48 20/32/20 17/833/17
vt 0.4340263 0.4914405
f 20/36/20 19/834/19 17/25/17
f 19/834/19 20/36/20 21/38/21
vt 0.5360820 0.4879347
vt 0.5389875 0.4896482
vt 0.5340042 0.4906843
f 22/835/22 81/836/81 19/837/19
vt 0.5107322 0.4760248
vt 0.5172033 0.4767104
f 20/32/20 23/838/23 25/839/25
f 43/31/43 23/838/23 20/32/20
vt 0.5383589 0.4936223
f 81/836/81 18/840/18 19/837/19
vt 0.5266191 0.4902663
vt 0.5279624 0.4853886
vt 0.5337826 0.4858150
f 19/841/19 21/842/21 22/843/22
vt 0.5220985 0.4366002
f 24/844/24 25/42/25 26/48/26
f 26/48/26 25/42/25 44/41/44
f 22/40/22 24/39/24 28/46/28
vt 0.4459768 0.4694923
vt 0.4484459 0.4659038
f 28/46/28 24/845/24 29/846/29
f 31/82/31 50/51/50 37/53/37
f 35/57/35 33/55/33 34/56/34
vt 0.4811916 0.4695701
f 31/847/31 37/61/37 36/63/36
f 37/53/37 35/57/35 40/65/40
f 35/57/35 38/64/38 40/65/40
f 37/53/37 40/65/40 39/67/39
f 34/56/34 14/23/14 38/64/38
f 40/65/40 38/64/38 42/66/42
vt 0.4890463 0.4200685
vt 0.4969376 0.4286559
vt 0.4974516 0.4218457
f 36/848/36 39/849/39 41/850/41
vt 0.5014325 0.4759715
f 43/31/43 36/63/36 41/851/41
f 38/64/38 45/49/45 42/66/42
f 42/66/42 45/49/45 44/41/44
vt 0.4992183 0.4747404
f 43/31/43 41/852/41 23/838/23
f 13/20/13 14/22/14 34/56/34
f 38/64/38 12/18/12 45/49/45
f 46/3/46 1/4/1 185/318/185
f 63/76/63 6/10/6 59/96/59
vt 0.4344064 0.5102105
f 344/853/344 16/28/16 15/27/15
vt 0.4395967 0.5058429
vt 0.4399721 0.4975894
vt 0.4473795 0.4999360
f 15/854/15 18/855/18 79/856/79
vt 0.5420825 0.4518128
vt 0.5332528 0.4462062
f 81/857/81 22/858/22 49/124/49
f 49/124/49 22/858/22 27/116/27
vt 0.4366980 0.4696940
vt 0.4428009 0.4668318
vt 0.4378188 0.4666822
f 247/859/247 50/860/50 31/861/31
f 254/54/254 47/71/47 33/55/33
vt 0.4766204 0.4745566
f 341/571/341 30/862/30 36/63/36
f 345/84/345 36/63/36 348/69/348
f 53/88/53 54/91/54 52/87/52
f 53/88/53 55/92/55 54/91/54
f 58/90/58 55/92/55 61/94/61
f 54/91/54 57/97/57 52/87/52
f 54/91/54 58/90/58 57/97/57
f 57/97/57 58/90/58 60/98/60
f 58/90/58 61/94/61 60/98/60
f 61/94/61 56/93/56 62/99/62
f 62/99/62 56/93/56 78/100/78
f 63/76/63 62/99/62 66/102/66
vt 0.4914990 0.4904463
f 70/105/70 389/677/389 71/863/71
vt 0.5671274 0.5222552
f 69/107/69 73/114/73 68/864/68
f 69/107/69 75/109/75 73/114/73
vt 0.5639780 0.4905227
f 71/865/71 74/113/74 70/108/70
f 71/863/71 72/135/72 90/131/90
vt 0.4836082 0.4836090
f 90/131/90 91/866/91 71/863/71
f 71/865/71 91/133/91 74/113/74
f 49/124/49 27/116/27 67/103/67
f 49/124/49 80/123/80 81/857/81
vt 0.4531207 0.5051744
f 79/119/79 83/118/83 82/867/82
f 82/867/82 83/118/83 359/710/359
vt 0.5528599 0.4573748
f 83/868/83 80/123/80 89/127/89
vt 0.5527792 0.4644569
f 84/869/84 87/132/87 89/127/89
f 84/125/84 85/126/85 87/132/87
f 85/126/85 92/137/92 87/132/87
f 92/137/92 85/126/85 64/101/64
f 88/136/88 86/129/86 89/128/89
f 87/132/87 92/137/92 91/133/91
f 65/75/65 67/103/67 4/8/4
f 389/677/389 70/105/70 408/104/408
f 389/677/389 72/135/72 71/863/71
f 359/710/359 83/118/83 86/129/86
f 88/136/88 72/135/72 381/663/381
f 96/154/96 95/244/95 97/246/97
f 103/157/103 51/89/51 100/148/100
vt 0.5189292 0.5282602
f 94/870/94 100/148/100 93/142/93
f 98/152/98 96/154/96 97/246/97
vt 0.5209264 0.5212239
f 100/871/100 94/870/94 101/155/101
f 94/870/94 96/154/96 99/158/99
f 103/157/103 100/871/100 101/155/101
vt 0.5464984 0.4802924
f 107/163/107 109/872/109 104/165/104
vt 0.5295757 0.4861761
f 101/161/101 99/873/99 105/162/105
f 102/153/102 124/222/124 106/160/106
vt 0.5409551 0.5323455
f 105/159/105 106/160/106 107/874/107
vt 0.5424273 0.4763937
vt 0.5455573 0.4740338
f 104/875/104 109/872/109 108/876/108
f 107/874/107 106/160/106 109/213/109
vt 0.5432239 0.5168285
f 110/180/110 419/224/419 111/877/111
vt 0.5497363 0.5116662
vt 0.5502779 0.5097578
f 413/878/413 114/879/114 115/173/115
f 110/180/110 111/877/111 113/181/113
vt 0.5480549 0.5073847
f 113/181/113 112/880/112 118/179/118
vt 0.5367578 0.5004775
f 116/182/116 113/181/113 119/881/119
f 118/179/118 117/175/117 120/190/120
f 116/182/116 119/881/119 121/279/121
vt 0.5438820 0.5549247
f 119/184/119 118/882/118 122/186/122
vt 0.5273635 0.5595257
f 121/883/121 119/184/119 123/187/123
vt 0.5475471 0.5508648
f 122/186/122 120/884/120 124/222/124
f 118/882/118 120/884/120 122/186/122
f 117/175/117 137/188/137 120/190/120
f 122/186/122 102/153/102 98/152/98
f 76/115/76 126/192/126 125/191/125
vt 0.5506432 0.4790005
f 108/876/108 109/872/109 130/885/130
vt 0.5584825 0.5347791
f 127/886/127 126/192/126 133/205/133
vt 0.5359910 0.4906026
f 131/228/131 128/887/128 415/704/415
vt 0.5398040 0.4943345
f 128/887/128 132/888/132 415/704/415
vt 0.5639944 0.4848833
vt 0.5672799 0.4935510
vt 0.5681790 0.4899982
f 129/889/129 132/890/132 128/891/128
vt 0.5418593 0.4831235
f 129/209/129 127/198/127 133/892/133
vt 0.5468546 0.4924851
f 135/893/135 132/211/132 133/210/133
f 134/217/134 132/211/132 135/893/135
vt 0.5585755 0.4870855
f 135/220/135 133/894/133 137/188/137
f 109/213/109 106/160/106 137/223/137
vt 0.5661508 0.5090332
vt 0.5649406 0.5016778
f 418/895/418 134/896/134 114/177/114
f 135/220/135 137/188/137 117/175/117
f 124/222/124 102/153/102 122/186/122
vt 0.5177617 0.5536909
f 97/246/97 170/897/170 98/152/98
f 51/89/51 103/157/103 53/88/53
f 53/88/53 104/156/104 55/92/55
f 55/92/55 108/139/108 77/95/77
vt 0.5588879 0.5143378
f 413/172/413 414/898/414 114/174/114
vt 0.4929617 0.5396001
f 141/232/141 143/899/143 140/229/140
f 141/232/141 142/299/142 147/234/147
vt 0.5315217 0.4768760
vt 0.5388265 0.4778980
f 140/900/140 143/240/143 145/901/145
f 145/236/145 149/243/149 144/230/144
vt 0.5577111 0.4757363
f 146/241/146 143/240/143 147/902/147
vt 0.4963074 0.5548235
f 146/903/146 147/234/147 152/277/152
f 149/243/149 150/248/150 170/897/170
f 146/903/146 152/277/152 151/303/151
f 157/259/157 181/255/181 158/258/158
f 182/254/182 154/253/154 158/258/158
f 158/258/158 154/253/154 155/261/155
vt 0.4716586 0.5695192
f 157/904/157 161/306/161 156/305/156
vt 0.4752072 0.5716641
vt 0.4793877 0.5722423
vt 0.4809843 0.5693546
f 157/905/157 158/906/158 160/907/160
vt 0.4772697 0.5677165
f 157/904/157 160/908/160 161/306/161
vt 0.4807500 0.5711829
f 160/907/160 158/909/158 162/265/162
f 155/261/155 159/260/159 164/271/164
f 155/261/155 164/271/164 163/263/163
f 160/908/160 165/300/165 161/306/161
vt 0.4898546 0.4805207
vt 0.4934255 0.4800654
f 162/910/162 163/263/163 152/911/152
vt 0.4900576 0.5671783
f 152/277/152 166/301/166 162/912/162
f 121/883/121 170/897/170 171/282/171
f 168/226/168 169/278/169 172/284/172
f 170/897/170 150/248/150 171/282/171
f 164/271/164 159/260/159 178/290/178
f 172/284/172 174/287/174 173/285/173
vt 0.5107841 0.5683917
f 171/282/171 150/248/150 176/913/176
f 173/285/173 174/287/174 175/291/175
f 174/287/174 176/289/176 178/290/178
f 177/311/177 175/291/175 179/298/179
f 179/298/179 175/291/175 178/290/178
f 179/298/179 178/290/178 159/260/159
f 93/142/93 139/141/139 144/230/144
f 191/231/191 194/233/194 140/229/140
f 141/232/141 197/327/197 142/299/142
vt 0.5425643 0.4906156
vt 0.5471157 0.4925615
vt 0.5414018 0.4917133
f 149/914/149 170/915/170 97/916/97
vt 0.4578261 0.4785377
f 153/256/153 156/262/156 183/917/183
vt 0.4612525 0.4753913
vt 0.4690326 0.4741001
vt 0.4638960 0.4719506
f 183/918/183 161/919/161 184/920/184
f 138/225/138 110/180/110 168/226/168
vt 0.5618887 0.5023097
vt 0.5635742 0.5021971
vt 0.5636437 0.5037652
f 121/921/121 169/922/169 116/923/116
f 123/187/123 170/897/170 121/883/121
f 123/187/123 98/152/98 170/897/170
f 188/316/188 190/421/190 189/320/189
f 191/231/191 186/317/186 192/326/192
f 186/317/186 187/319/187 192/326/192
f 192/326/192 194/233/194 191/231/191
f 187/319/187 196/323/196 192/326/192
f 195/324/195 188/316/188 214/321/214
f 214/321/214 213/348/213 195/324/195
f 196/323/196 199/325/199 223/330/223
f 193/322/193 195/324/195 228/328/228
f 228/328/228 195/324/195 232/371/232
f 195/324/195 215/347/215 232/371/232
vt 0.4845858 0.5107430
vt 0.4834169 0.5030872
f 201/924/201 491/374/491 200/925/200
f 202/334/202 200/925/200 491/374/491
f 236/373/236 204/332/204 203/331/203
f 202/334/202 209/338/209 200/925/200
f 202/334/202 206/336/206 209/338/209
f 203/331/203 205/333/205 207/335/207
f 208/337/208 200/925/200 209/338/209
vt 0.4354767 0.4978464
vt 0.4324405 0.5021310
f 209/926/209 206/927/206 211/345/211
f 205/333/205 204/332/204 233/343/233
f 183/307/183 218/351/218 216/350/216
vt 0.4402619 0.4906120
f 211/345/211 214/321/214 210/928/210
vt 0.4391185 0.5293454
f 212/346/212 229/929/229 215/347/215
f 260/418/260 210/928/210 189/320/189
f 210/928/210 214/321/214 189/320/189
f 229/929/229 232/371/232 215/347/215
f 142/299/142 197/327/197 198/329/198
vt 0.4547772 0.4726254
vt 0.4588021 0.4739569
f 184/920/184 219/930/219 218/931/218
f 184/309/184 217/349/217 219/361/219
f 219/361/219 217/349/217 221/363/221
f 221/363/221 217/349/217 223/330/223
vt 0.4546425 0.4673766
vt 0.4554448 0.4662665
vt 0.4532787 0.4666783
f 221/932/221 223/933/223 225/934/225
vt 0.4423456 0.4873891
vt 0.4414573 0.4826125
vt 0.4393685 0.4880323
f 220/935/220 222/936/222 224/937/224
vt 0.5521997 0.4921676
vt 0.5528681 0.4824511
f 224/938/224 222/939/222 227/366/227
f 225/364/225 223/330/223 228/328/228
f 224/938/224 227/366/227 230/372/230
f 191/231/191 139/141/139 185/318/185
f 225/364/225 232/371/232 229/929/229
vt 0.4334749 0.5332207
f 226/362/226 229/929/229 233/940/233
f 230/372/230 231/367/231 204/332/204
f 231/367/231 233/343/233 204/332/204
f 185/318/185 234/382/234 186/317/186
f 245/315/245 190/421/190 188/316/188
f 141/232/141 194/233/194 197/327/197
f 489/375/489 203/331/203 202/334/202
f 153/256/153 183/917/183 216/377/216
f 184/309/184 165/300/165 217/349/217
f 47/71/47 237/389/237 11/21/11
f 238/387/238 47/71/47 254/54/254
f 237/389/237 241/388/241 239/381/239
vt 0.4807519 0.4687005
vt 0.4814689 0.4667516
vt 0.4772570 0.4664983
f 237/941/237 47/942/47 238/943/238
f 239/381/239 241/388/241 240/386/240
f 186/317/186 240/386/240 242/314/242
f 241/388/241 243/392/243 240/386/240
vt 0.4604999 0.4674709
f 244/391/244 257/390/257 256/944/256
f 246/393/246 243/392/243 244/391/244
f 245/315/245 246/393/246 190/421/190
f 246/393/246 244/391/244 271/411/271
vt 0.4546592 0.4414298
vt 0.4560613 0.4453328
f 248/395/248 249/945/249 251/946/251
f 326/396/326 250/402/250 249/397/249
vt 0.4457482 0.4771499
vt 0.4465853 0.4729256
f 248/398/248 251/947/251 252/948/252
vt 0.4489285 0.4775640
f 269/400/269 270/949/270 249/406/249
vt 0.4604613 0.4734923
f 253/407/253 249/406/249 270/950/270
vt 0.4570543 0.4550908
f 257/390/257 252/399/252 253/951/253
f 253/951/253 270/410/270 256/412/256
f 257/390/257 253/951/253 256/944/256
f 258/413/258 208/337/208 259/416/259
vt 0.4746564 0.4858183
f 263/414/263 259/416/259 264/952/264
f 190/421/190 246/393/246 261/419/261
vt 0.4406560 0.4932917
vt 0.4409914 0.4901375
vt 0.4449230 0.4942504
f 263/953/263 268/954/268 265/955/265
f 263/414/263 264/952/264 268/425/268
vt 0.4417515 0.4677647
f 268/956/268 264/420/264 261/419/261
vt 0.4448899 0.4677776
f 267/957/267 261/423/261 271/411/271
f 265/422/265 268/425/268 269/400/269
f 265/422/265 269/400/269 250/402/250
f 255/409/255 238/387/238 254/54/254
f 270/410/270 267/957/267 271/411/271
f 1/4/1 234/382/234 185/318/185
f 200/925/200 208/337/208 258/413/258
vt 0.4343379 0.4822022
vt 0.4369715 0.4833108
f 208/958/208 210/928/210 259/959/259
f 259/959/259 210/928/210 260/418/260
f 189/320/189 190/421/190 260/418/260
vt 0.4417725 0.4662208
vt 0.4454182 0.4619514
f 262/475/262 280/960/280 266/961/266
vt 0.4388540 0.5025166
vt 0.4467651 0.4982820
f 280/962/280 265/955/265 266/963/266
vt 0.4433538 0.5148421
f 277/440/277 278/964/278 279/441/279
vt 0.4427765 0.4728906
vt 0.4397701 0.4749179
vt 0.4396526 0.4729072
f 279/965/279 278/966/278 280/967/280
f 276/453/276 277/588/277 283/451/283
vt 0.4844797 0.5430517
vt 0.4881801 0.5414581
vt 0.4893548 0.5447247
f 272/968/272 284/969/284 438/970/438
vt 0.4862941 0.4686344
f 272/584/272 349/432/349 284/971/284
vt 0.4688780 0.5224921
vt 0.4734347 0.5277621
vt 0.4726924 0.5240285
f 285/972/285 275/973/275 276/974/276
vt 0.4807205 0.4641718
f 349/432/349 289/975/289 284/971/284
vt 0.4881603 0.4584856
f 284/971/284 289/975/289 295/976/295
vt 0.4699243 0.5213634
vt 0.4709344 0.5262917
f 285/443/285 292/977/292 290/978/290
f 283/442/283 293/471/293 285/443/285
f 284/971/284 295/976/295 288/458/288
vt 0.4572086 0.5125069
f 285/443/285 293/471/293 296/979/296
f 288/458/288 295/976/295 297/479/297
vt 0.4832792 0.4546291
f 289/975/289 290/465/290 295/980/295
f 292/481/292 285/443/285 296/979/296
vt 0.5089643 0.4619719
f 294/981/294 287/459/287 298/483/298
vt 0.4597179 0.5039234
vt 0.4600299 0.4985579
vt 0.4552354 0.5004186
f 291/982/291 266/983/266 299/984/299
f 301/488/301 295/482/295 292/481/292
vt 0.5157468 0.4623468
f 298/483/298 303/985/303 294/981/294
vt 0.4993932 0.5436647
vt 0.4964921 0.5422017
f 298/986/298 297/987/297 300/497/300
vt 0.4898147 0.5378927
f 297/988/297 304/493/304 300/497/300
vt 0.4879154 0.4456877
f 297/479/297 295/980/295 304/989/304
f 296/486/296 302/485/302 305/495/305
f 300/497/300 304/493/304 308/498/308
f 302/485/302 307/501/307 305/495/305
f 304/493/304 301/492/301 309/506/309
vt 0.4460975 0.5113984
f 301/488/301 296/487/296 306/990/306
vt 0.4840736 0.4449778
vt 0.4828259 0.4453635
vt 0.4859926 0.4405183
f 304/991/304 309/992/309 312/993/312
f 303/502/303 319/537/319 318/503/318
vt 0.5091297 0.5271553
vt 0.5078051 0.5347593
f 315/994/315 303/517/303 298/995/298
f 298/499/298 308/498/308 313/531/313
vt 0.4900806 0.5209076
f 314/512/314 304/511/304 312/996/312
f 313/531/313 308/498/308 314/512/314
f 309/522/309 306/513/306 321/520/321
vt 0.4603854 0.4426943
f 305/495/305 307/997/307 316/523/316
f 309/522/309 322/521/322 312/993/312
vt 0.4684406 0.5043522
f 316/998/316 325/534/325 321/536/321
vt 0.4941437 0.5174707
vt 0.4912999 0.5128564
vt 0.4968811 0.5136535
f 314/999/314 322/1000/322 329/1001/329
vt 0.4787636 0.4297984
f 321/520/321 324/1002/324 322/521/322
vt 0.4691164 0.4999744
vt 0.4640707 0.4989199
f 325/1003/325 316/1004/316 328/548/328
f 323/538/323 319/537/319 335/541/335
f 329/555/329 320/553/320 314/532/314
vt 0.4308575 0.5063809
vt 0.4327718 0.5013660
f 330/546/330 324/1005/324 325/1006/325
f 328/539/328 317/528/317 326/396/326
vt 0.5054832 0.5142146
vt 0.5040362 0.5195143
f 332/1007/332 320/1008/320 329/1001/329
f 322/521/322 324/1002/324 333/554/333
vt 0.4742550 0.5021602
vt 0.4744316 0.4993444
vt 0.4773455 0.5024245
f 325/1009/325 327/1010/327 330/1011/330
vt 0.4990961 0.4222773
f 336/1012/336 329/555/329 338/562/338
vt 0.4267953 0.4962989
f 330/546/330 327/1013/327 337/575/337
vt 0.5048441 0.4206975
f 332/560/332 336/1014/336 343/573/343
vt 0.4221525 0.4923418
f 337/575/337 327/1013/327 340/1015/340
f 334/549/334 341/571/341 340/85/340
f 331/552/331 344/574/344 339/563/339
f 331/572/331 332/560/332 343/573/343
vt 0.5123119 0.5096610
f 343/1016/343 336/578/336 346/593/346
f 337/568/337 348/69/348 338/569/338
vt 0.5262987 0.5091872
f 343/1016/343 16/594/16 344/1017/344
f 348/69/348 337/568/337 345/84/345
f 346/593/346 336/578/336 48/30/48
vt 0.4724133 0.4257545
f 342/394/342 30/83/30 341/1018/341
vt 0.4884995 0.4769241
f 438/1019/438 442/585/442 272/584/272
vt 0.4565828 0.4797828
f 472/1020/472 276/453/276 467/587/467
vt 0.4427714 0.4762375
f 350/814/350 278/1021/278 277/588/277
vt 0.4393200 0.4717043
vt 0.4418449 0.4690358
f 280/1022/280 262/1023/262 279/965/279
f 299/984/299 266/983/266 265/422/265
f 310/429/310 299/984/299 265/422/265
f 317/591/317 250/402/250 326/396/326
vt 0.4312413 0.4775871
f 248/398/248 342/1024/342 334/592/334
vt 0.4418652 0.5126610
f 79/119/79 339/1025/339 15/854/15
f 286/455/286 294/981/294 303/985/303
f 351/582/351 281/454/281 352/456/352
vt 0.4642026 0.5319654
vt 0.4729562 0.5369734
f 303/708/303 311/1026/311 353/1027/353
vt 0.4620733 0.5297626
vt 0.4682269 0.5277464
f 318/1028/318 355/1029/355 311/1026/311
vt 0.4558953 0.5201336
vt 0.4577183 0.5158679
vt 0.4611978 0.5204756
f 323/1030/323 356/1031/356 354/1032/354
f 351/582/351 352/456/352 360/617/360
f 353/1027/353 311/1026/311 361/620/361
f 311/1026/311 355/1029/355 361/620/361
f 355/603/355 354/602/354 364/631/364
f 356/604/356 362/628/362 354/602/354
f 354/602/354 362/628/362 364/631/364
f 356/604/356 368/626/368 362/628/362
vt 0.4875594 0.5391775
f 358/598/358 366/634/366 365/1033/365
f 361/620/361 366/634/366 353/1027/353
f 356/604/356 359/609/359 368/626/368
vt 0.5172207 0.4985438
f 363/615/363 367/1034/367 420/616/420
f 364/631/364 362/628/362 369/627/369
f 363/615/363 360/623/360 367/629/367
vt 0.5340965 0.5223255
vt 0.5395411 0.5220859
vt 0.5368154 0.5261744
f 364/1035/364 376/1036/376 361/1037/361
f 371/633/371 374/659/374 367/629/367
f 371/644/371 365/636/365 372/635/372
vt 0.4941619 0.5288928
f 366/634/366 361/620/361 373/1038/373
vt 0.4685292 0.5119605
vt 0.4788172 0.5112937
f 368/1039/368 88/136/88 370/1040/370
f 371/633/371 375/655/375 374/659/374
f 373/638/373 376/630/376 378/648/378
vt 0.5586357 0.4774455
vt 0.5603024 0.4850267
f 88/1041/88 379/1042/379 370/632/370
f 88/136/88 381/663/381 379/653/379
f 374/659/374 375/655/375 382/657/382
f 370/1040/370 379/653/379 377/652/377
f 375/655/375 372/642/372 383/656/383
f 378/648/378 376/630/376 386/661/386
f 384/647/384 378/648/378 388/676/388
f 374/659/374 382/657/382 387/660/387
vt 0.5029060 0.5310332
f 372/635/372 384/1043/384 383/669/383
f 383/669/383 384/1043/384 388/667/388
f 388/676/388 378/648/378 391/662/391
f 386/650/386 385/651/385 392/671/392
f 381/663/381 72/135/72 389/664/389
vt 0.5321356 0.5423215
vt 0.5321121 0.5443679
vt 0.5282659 0.5444414
f 397/1044/397 393/1045/393 387/1046/387
f 394/666/394 382/657/382 383/656/383
f 382/657/382 394/666/394 387/660/387
f 385/654/385 379/653/379 396/678/396
vt 0.5485322 0.5094831
vt 0.5486957 0.5193822
f 388/1047/388 395/675/395 390/1048/390
vt 0.5280018 0.5321851
vt 0.5271056 0.5382608
f 390/668/390 399/1049/399 394/1050/394
vt 0.5354947 0.5383008
f 387/660/387 398/1051/398 397/824/397
f 403/695/403 395/675/395 391/662/391
f 399/691/399 390/1048/390 405/689/405
f 394/666/394 398/1051/398 387/660/387
vt 0.5438406 0.5357015
f 394/666/394 399/691/399 402/1052/402
f 403/695/403 391/662/391 400/687/400
vt 0.5069953 0.5072826
f 401/1053/401 389/677/389 406/688/406
vt 0.5329521 0.5454918
f 397/824/397 398/1051/398 404/1054/404
f 398/1051/398 394/666/394 402/1052/402
f 400/686/400 401/1053/401 406/688/406
f 405/689/405 395/675/395 409/696/409
f 400/686/400 407/697/407 403/701/403
f 403/701/403 407/697/407 410/699/410
f 406/688/406 408/104/408 411/227/411
f 407/697/407 415/704/415 410/699/410
vt 0.5325588 0.5536225
f 412/693/412 404/1055/404 398/694/398
vt 0.5516431 0.5470197
f 413/1056/413 402/690/402 414/698/414
vt 0.5373288 0.5266506
vt 0.5365610 0.5241978
f 412/1057/412 419/1058/419 404/714/404
vt 0.5471535 0.5524626
f 417/1059/417 402/690/402 413/1056/413
vt 0.5641687 0.5140035
f 409/1060/409 114/177/114 414/898/414
f 410/699/410 136/219/136 418/218/418
f 415/704/415 136/219/136 410/699/410
vt 0.5363867 0.5593061
f 412/693/412 111/705/111 419/1061/419
f 416/702/416 131/228/131 415/704/415
vt 0.5468320 0.5559406
f 111/705/111 417/1059/417 112/1062/112
vt 0.4464513 0.5071330
f 339/1025/339 79/1063/79 357/612/357
vt 0.5713731 0.5155740
f 411/1064/411 69/107/69 68/864/68
f 138/225/138 404/714/404 419/224/419
f 426/729/426 397/824/397 404/1054/404
f 422/723/422 367/1034/367 380/658/380
f 420/616/420 367/1034/367 422/723/422
vt 0.5165663 0.5296038
f 426/713/426 138/225/138 430/1065/430
f 420/616/420 422/723/422 421/719/421
f 424/718/424 435/733/435 423/721/423
f 424/718/424 425/724/425 428/732/428
f 393/727/393 426/729/426 429/728/429
vt 0.5124948 0.5238274
f 430/1065/430 138/225/138 436/1066/436
f 421/719/421 422/723/422 434/731/434
vt 0.5151138 0.5564572
f 426/729/426 430/1067/430 433/730/433
f 421/719/421 434/731/434 427/720/427
f 423/721/423 435/733/435 431/722/431
f 428/732/428 425/724/425 432/726/432
f 433/730/433 441/734/441 429/728/429
f 431/722/431 435/733/435 443/738/443
f 435/733/435 428/732/428 437/737/437
f 428/732/428 432/726/432 437/737/437
vt 0.5090764 0.5343395
f 430/1065/430 436/310/436 433/1068/433
f 438/1019/438 427/720/427 442/585/442
vt 0.5038223 0.5367932
f 441/1069/441 433/1068/433 436/310/436
f 437/737/437 444/740/444 443/738/443
vt 0.5024366 0.5519038
f 441/1070/441 446/741/446 432/726/432
f 442/585/442 434/731/434 447/742/447
f 437/737/437 446/741/446 445/739/445
f 452/749/452 443/738/443 444/740/444
f 446/741/446 441/1070/441 448/746/448
vt 0.5035215 0.5305613
f 436/310/436 448/743/448 441/1071/441
f 439/736/439 451/766/451 447/742/447
f 444/740/444 445/739/445 452/749/452
f 451/766/451 439/736/439 440/735/440
vt 0.4933549 0.5238319
vt 0.4883933 0.5281810
f 453/1072/453 455/1073/455 448/743/448
vt 0.4995930 0.5239319
vt 0.4947183 0.5226180
f 448/743/448 177/1074/177 453/1075/453
vt 0.5019792 0.5430188
f 447/755/447 451/1076/451 458/756/458
vt 0.4823469 0.5445964
f 452/1077/452 445/739/445 457/760/457
f 445/739/445 450/745/450 457/760/457
f 455/747/455 453/758/453 459/757/459
f 456/753/456 454/748/454 461/771/461
f 454/748/454 452/749/452 461/771/461
f 452/749/452 462/761/462 461/771/461
f 457/760/457 450/745/450 463/765/463
vt 0.4832401 0.5345497
vt 0.4806775 0.5302577
f 450/1078/450 455/1079/455 463/764/463
vt 0.4970315 0.5350459
f 458/756/458 464/1080/464 274/435/274
vt 0.4726579 0.5660164
f 466/1081/466 470/775/470 459/757/459
f 459/757/459 460/759/460 466/1081/466
vt 0.4868185 0.5307670
f 274/435/274 472/1082/472 467/436/467
vt 0.4588930 0.4999670
f 274/430/274 464/1083/464 471/776/471
f 464/1080/464 458/756/458 465/769/465
vt 0.5190321 0.5375030
vt 0.5186766 0.5363756
f 456/1084/456 468/1085/468 465/769/465
f 462/761/462 463/765/463 469/770/469
vt 0.5090318 0.5251362
vt 0.5203626 0.5312741
f 473/1086/473 465/769/465 468/1087/468
vt 0.5284874 0.5348904
vt 0.5345380 0.5332354
vt 0.5311806 0.5328915
f 461/1088/461 469/1089/469 468/1090/468
vt 0.5004010 0.5307176
f 465/769/465 473/1086/473 464/1091/464
f 468/778/468 469/770/469 475/789/475
vt 0.4603209 0.5245566
vt 0.4576117 0.5239417
vt 0.4545522 0.5256960
f 470/1092/470 476/1093/476 469/1094/469
vt 0.5207872 0.5254719
f 468/1087/468 482/1095/482 473/1086/473
f 478/791/478 466/779/466 474/304/474
f 472/777/472 480/785/480 277/588/277
f 471/776/471 473/787/473 481/798/481
vt 0.4494764 0.5217600
vt 0.4447342 0.5212150
f 468/1096/468 475/789/475 482/1097/482
vt 0.4553665 0.5220347
vt 0.4521139 0.5223599
f 469/1094/469 476/1098/476 477/1099/477
f 471/776/471 481/798/481 480/785/480
f 477/788/477 476/781/476 486/810/486
f 482/1097/482 485/801/485 473/787/473
vt 0.4541049 0.5177926
vt 0.4531459 0.5146846
vt 0.4520701 0.5169523
f 476/1100/476 483/1101/483 486/1102/486
f 350/814/350 480/785/480 481/798/481
vt 0.5135365 0.5195642
vt 0.5228786 0.5192186
f 485/1103/485 482/1104/482 493/825/493
f 483/799/483 488/808/488 486/810/486
f 181/255/181 180/257/180 479/800/479
f 485/801/485 489/815/489 484/797/484
vt 0.4391204 0.5121223
f 485/801/485 493/1105/493 489/815/489
f 479/800/479 180/257/180 488/816/488
vt 0.4833382 0.5177617
vt 0.4838891 0.5140362
f 278/590/278 350/1106/350 201/1107/201
f 482/1104/482 487/804/487 493/825/493
vt 0.5485360 0.5136295
vt 0.5425925 0.5072406
f 486/1108/486 490/1109/490 487/804/487
vt 0.4329968 0.5289078
vt 0.4371470 0.5239171
f 487/818/487 236/1110/236 493/1111/493
vt 0.4455118 0.5000541
f 488/816/488 235/379/235 492/1112/492
f 393/727/393 425/724/425 424/718/424
f 138/225/138 168/226/168 436/1066/436
f 436/310/436 173/285/173 177/311/177
f 203/331/203 489/375/489 493/825/493
f 490/813/490 492/380/492 224/938/224
vt 0.4346551 0.5016022
vt 0.4373117 0.5027827
vt 0.4377699 0.4987676
f 230/1113/230 490/1114/490 224/1115/224
vt 0.4346430 0.5448060
f 490/819/490 230/1116/230 236/820/236
vt 0.4330865 0.5057657
vt 0.4348533 0.5044133
f 201/826/201 200/1117/200 258/1118/258
vt 0.4754270 0.4790906
f 349/1119/349 442/585/442 449/744/449
vt 0.5273188 0.4679467
vt 0.5226504 0.4705986
vt 0.5306050 0.4741200
f 494/1120/494 495/1121/495 563/1122/563
vt 0.4696683 0.5047912
vt 0.4617248 0.5054675
vt 0.4692285 0.5130707
f 498/1123/498 502/1124/502 497/1125/497
vt 0.5224987 0.4787111
vt 0.5296483 0.4828771
f 563/1122/563 500/1126/500 568/1127/568
vt 0.4660094 0.5175029
f 497/1125/497 502/1124/502 496/1128/496
vt 0.4589641 0.5179322
f 496/1128/496 502/1124/502 501/1129/501
vt 0.4562731 0.4643083
vt 0.4490846 0.4695972
vt 0.4529629 0.4761799
f 501/1130/501 504/1131/504 509/1132/509
vt 0.4512229 0.5078427
f 502/1124/502 505/1133/505 501/1129/501
vt 0.4522927 0.4622942
f 501/1130/501 505/1134/505 504/1131/504
vt 0.4520739 0.5016347
f 502/1124/502 506/1135/506 505/1133/505
vt 0.4524300 0.4948022
f 502/1124/502 507/1136/507 506/1135/506
vt 0.5242885 0.4826717
vt 0.5168402 0.4763273
vt 0.5182356 0.4882049
f 500/1137/500 509/1138/509 508/1139/508
vt 0.5119065 0.4842491
f 510/1140/510 508/1139/508 509/1138/509
vt 0.4505770 0.4687116
vt 0.4456546 0.4785524
f 509/1132/509 504/1141/504 511/1142/511
vt 0.5108060 0.4720622
vt 0.5045086 0.4761441
vt 0.5094034 0.4774504
f 504/1143/504 512/1144/512 511/1145/511
vt 0.4401537 0.4977623
f 505/1133/505 506/1135/506 514/1146/514
vt 0.4458547 0.4639817
vt 0.4434807 0.4679565
f 504/1131/504 505/1147/505 513/1148/513
vt 0.4423471 0.4933485
f 514/1146/514 507/1136/507 515/1149/515
vt 0.4715082 0.4569501
vt 0.4629072 0.4602915
vt 0.4705966 0.4650047
f 572/1150/572 517/1151/517 571/1152/571
vt 0.4656828 0.4700938
vt 0.4599108 0.4634571
vt 0.4608129 0.4644726
f 573/1153/573 518/1154/518 517/1155/517
vt 0.4502949 0.4726713
vt 0.4636642 0.4706749
f 574/1156/574 519/1157/519 518/1154/518
vt 0.4600596 0.4774124
f 520/1158/520 519/1157/519 574/1156/574
vt 0.4689686 0.4604977
vt 0.4698722 0.4584637
vt 0.4787696 0.4620259
f 571/1159/571 521/1160/521 577/1161/577
vt 0.4567742 0.4636671
vt 0.4622469 0.4605314
f 517/1151/517 518/1162/518 522/1163/522
vt 0.4516350 0.4712858
f 518/1162/518 523/1164/523 522/1163/522
vt 0.4670724 0.4853799
vt 0.4702578 0.4799587
f 520/1158/520 559/1165/559 524/1166/524
f 520/1158/520 524/1166/524 519/1157/519
vt 0.4622585 0.4628033
vt 0.4600678 0.4755039
vt 0.4714381 0.4708632
f 522/1167/522 526/1168/526 521/1169/521
f 522/1163/522 523/1164/523 526/1168/526
vt 0.4760383 0.4646904
vt 0.4708033 0.4628973
f 527/1170/527 523/1171/523 519/1157/519
vt 0.4741246 0.4730449
f 519/1157/519 524/1166/524 528/1172/528
vt 0.4773214 0.4779440
f 524/1166/524 529/1173/529 528/1172/528
vt 0.4661266 0.4849537
f 526/1168/526 530/1174/530 521/1169/521
vt 0.4496839 0.4844761
f 526/1168/526 523/1164/523 531/1175/531
vt 0.4460736 0.4785289
f 523/1164/523 527/1176/527 531/1175/531
vt 0.4573428 0.4883869
f 526/1168/526 531/1175/531 532/1177/532
f 526/1168/526 532/1177/532 530/1174/530
vt 0.4413458 0.4848062
f 531/1175/531 527/1176/527 533/1178/533
vt 0.4828712 0.4655961
f 528/1172/528 529/1173/529 533/1179/533
vt 0.4875360 0.4725624
vt 0.4923004 0.4674679
f 533/1179/533 535/1180/535 536/1181/536
vt 0.4883159 0.5134550
vt 0.4788374 0.5078838
vt 0.4821984 0.5163233
f 539/1182/539 546/1183/546 538/1184/538
vt 0.4930120 0.5037557
vt 0.4847219 0.5045997
f 539/1182/539 540/1185/540 541/1186/541
vt 0.5022367 0.5122706
vt 0.4997742 0.5024833
vt 0.4958531 0.5115597
f 582/1187/582 542/1188/542 581/1189/581
vt 0.5052149 0.5066300
f 582/1187/582 583/1190/583 542/1188/542
vt 0.5120112 0.5021607
f 583/1190/583 543/1191/543 542/1188/542
vt 0.4415111 0.5004802
vt 0.4447414 0.4937504
vt 0.4415463 0.4942429
f 543/1192/543 516/1193/516 544/1194/544
vt 0.5066323 0.4949167
vt 0.5004369 0.4954475
f 542/1188/542 544/1195/544 547/1196/547
f 543/1191/543 544/1195/544 542/1188/542
vt 0.4748212 0.5079502
vt 0.4706943 0.5037175
f 537/1197/537 546/1183/546 545/1198/545
vt 0.4805071 0.4985259
f 546/1183/546 541/1186/541 548/1199/548
vt 0.5002469 0.4887276
vt 0.4954799 0.4893904
f 547/1196/547 550/1200/550 551/1201/551
vt 0.4694928 0.4956743
f 548/1199/548 553/1202/553 545/1198/545
vt 0.4763772 0.4923971
f 548/1199/548 556/1203/556 553/1202/553
vt 0.4297025 0.4940295
vt 0.4301448 0.4895492
vt 0.4318249 0.4900709
f 549/1204/549 555/1205/555 554/1206/554
vt 0.4837562 0.4891894
vt 0.4794012 0.4839421
f 556/1203/556 554/1207/554 560/1208/560
vt 0.4918912 0.4780050
vt 0.4896843 0.4872761
f 551/1201/551 557/1209/557 555/1210/555
f 553/1202/553 556/1203/556 559/1165/559
vt 0.4852015 0.4794105
f 554/1207/554 555/1210/555 535/1211/535
f 554/1207/554 535/1211/535 560/1208/560
f 531/1175/531 515/1149/515 507/1136/507
vt 0.4357631 0.4924368
f 533/1178/533 536/1212/536 515/1149/515
vt 0.4599329 0.4894356
f 559/1165/559 576/1213/576 553/1202/553
f 560/1208/560 559/1165/559 556/1203/556
f 559/1165/559 560/1208/560 524/1166/524
f 535/1211/535 533/1179/533 560/1208/560
vt 0.4465301 0.4854481
f 510/1214/510 544/1194/544 516/1193/516
vt 0.5038130 0.4853645
f 550/1215/550 544/1195/544 510/1140/510
vt 0.4984917 0.4655781
vt 0.4983984 0.4776643
f 514/1216/514 536/1181/536 558/1217/558
f 558/1217/558 536/1181/536 557/1209/557
vt 0.4346340 0.4716611
vt 0.4352371 0.4695675
vt 0.4376941 0.4775673
f 557/1218/557 536/1219/536 535/1220/535
vt 0.4760344 0.5288698
vt 0.4765614 0.5189751
vt 0.4658218 0.5263543
f 561/1221/561 564/1222/564 494/1223/494
vt 0.4719824 0.5356898
f 561/1221/561 494/1223/494 562/1224/562
vt 0.5256504 0.4974630
vt 0.5300041 0.4909310
f 508/1139/508 569/1225/569 503/1226/503
vt 0.5106636 0.4950621
vt 0.5186892 0.5056234
f 516/1227/516 543/1191/543 818/1228/818
vt 0.4769126 0.4583212
vt 0.4814967 0.4648369
f 932/1229/932 571/1152/571 619/1230/619
vt 0.4788768 0.4677211
f 619/1230/619 571/1152/571 577/1231/577
vt 0.4655242 0.4510143
vt 0.4581429 0.4503700
vt 0.4578548 0.4564461
f 573/1232/573 574/1233/574 518/1234/518
vt 0.4531337 0.4823181
f 575/1235/575 576/1213/576 520/1158/520
vt 0.4745345 0.4774182
vt 0.4817556 0.4761216
f 521/1169/521 525/1236/525 621/1237/621
vt 0.5181276 0.5111573
vt 0.5084349 0.5017639
f 584/1238/584 818/1228/818 543/1239/543
vt 0.4411972 0.5176300
vt 0.4364972 0.5162560
vt 0.4423524 0.5120152
f 580/1240/580 538/1241/538 537/1242/537
vt 0.4451018 0.5091039
vt 0.4386631 0.5037916
vt 0.4451917 0.4997682
f 1011/1243/1011 545/1244/545 552/1245/552
vt 0.4440138 0.4693992
vt 0.4437592 0.4638988
vt 0.4508530 0.4631617
f 1011/1246/1011 552/1247/552 924/1248/924
vt 0.4629203 0.4988552
vt 0.4565656 0.4949320
vt 0.4626746 0.5019953
f 552/1249/552 585/1250/585 924/1251/924
f 552/1249/552 576/1213/576 585/1250/585
vt 0.4898622 0.5201703
vt 0.4912779 0.5124117
vt 0.4835506 0.5154099
f 587/1252/587 589/1253/589 588/1254/588
vt 0.5052927 0.4985590
vt 0.5004575 0.5017268
vt 0.5033208 0.5070284
f 594/1255/594 593/1256/593 592/1257/592
vt 0.5108451 0.4985259
f 641/1258/641 594/1255/594 592/1257/592
vt 0.4942144 0.5065992
vt 0.4952659 0.5131402
f 591/1259/591 589/1253/589 590/1260/590
vt 0.4875157 0.5069555
f 589/1253/589 595/1261/595 588/1254/588
vt 0.5087468 0.4924669
f 638/1262/638 594/1255/594 641/1258/641
vt 0.5156917 0.4927713
vt 0.5126875 0.4961830
f 655/1263/655 638/1262/638 715/1264/715
vt 0.4812717 0.5055834
f 595/1261/595 596/1265/596 588/1254/588
f 591/1259/591 595/1261/595 589/1253/589
vt 0.4954752 0.4946807
vt 0.4897168 0.4994707
f 593/1256/593 600/1266/600 598/1267/598
vt 0.5005710 0.4948712
f 594/1255/594 597/1268/597 593/1256/593
f 598/1267/598 595/1261/595 591/1259/591
f 597/1268/597 600/1266/600 593/1256/593
vt 0.4595178 0.4742856
vt 0.4576836 0.4685840
vt 0.4665461 0.4749914
f 644/1269/644 603/1270/603 643/1271/643
vt 0.4637345 0.4643009
f 603/1270/603 602/1272/602 643/1271/643
vt 0.5252878 0.4632633
vt 0.5308851 0.4668809
vt 0.5324259 0.4626361
f 604/1273/604 607/1274/607 602/1275/602
vt 0.5032195 0.4576711
vt 0.5068029 0.4659786
vt 0.5104677 0.4546921
f 636/1276/636 637/1277/637 650/1278/650
vt 0.5175437 0.4599075
f 650/1278/650 637/1277/637 605/1279/605
vt 0.4674171 0.4620981
vt 0.4701861 0.4700854
f 602/1272/602 607/1280/607 601/1281/601
vt 0.5241541 0.4703942
f 612/1282/612 607/1274/607 604/1273/604
vt 0.5280195 0.4737306
f 607/1274/607 612/1282/612 606/1283/606
vt 0.5144379 0.4702955
vt 0.5191509 0.4733135
f 604/1273/604 608/1284/608 609/1285/609
vt 0.4775754 0.4641480
vt 0.4795891 0.4577291
vt 0.4811555 0.4613220
f 610/1286/610 611/1287/611 651/1288/651
vt 0.5256410 0.4788594
f 612/1282/612 611/1289/611 606/1283/606
vt 0.4822858 0.4558743
vt 0.4837160 0.4591378
f 611/1287/611 613/1290/613 653/1291/653
vt 0.5241031 0.4823850
f 612/1282/612 613/1292/613 611/1289/611
f 612/1282/612 609/1285/609 613/1292/613
vt 0.5147370 0.4780749
f 609/1285/609 608/1284/608 614/1293/614
vt 0.5070919 0.4747898
f 608/1284/608 639/1294/639 614/1293/614
vt 0.5250545 0.4562227
vt 0.5242436 0.4571086
vt 0.5254189 0.4582780
f 613/1295/613 723/1296/723 653/1297/653
vt 0.5074886 0.4829782
vt 0.5155740 0.4823711
f 614/1293/614 618/1298/618 616/1299/616
vt 0.5138494 0.4867640
vt 0.5175175 0.4906362
f 617/1300/617 655/1263/655 654/1301/654
vt 0.5154682 0.4562091
vt 0.5098497 0.4558078
vt 0.5121130 0.4576066
f 616/1302/616 618/1303/618 617/1304/617
vt 0.4847351 0.4594307
vt 0.4845577 0.4623636
f 577/1161/577 622/1305/622 619/1306/619
vt 0.4796007 0.4567316
f 577/1161/577 621/1307/621 622/1305/622
vt 0.4783154 0.4933292
vt 0.4819806 0.4962921
vt 0.4836208 0.4883326
f 579/1308/579 599/1309/599 624/1310/624
vt 0.4831155 0.4623769
vt 0.4891427 0.4693114
vt 0.4893562 0.4625183
f 620/1311/620 625/1312/625 628/1313/628
vt 0.4855840 0.4735935
f 619/1230/619 622/1314/622 625/1312/625
vt 0.4904297 0.4775269
f 621/1237/621 629/1315/629 622/1314/622
vt 0.4811787 0.4817939
vt 0.4906718 0.4819439
f 623/1316/623 624/1310/624 626/1317/626
f 623/1316/623 626/1317/626 621/1237/621
vt 0.4902326 0.4927768
f 624/1310/624 627/1318/627 626/1317/626
f 599/1309/599 627/1318/627 624/1310/624
vt 0.4986485 0.4642019
vt 0.4922025 0.4558487
f 628/1313/628 632/1319/632 656/1320/656
vt 0.4976446 0.4686531
f 628/1313/628 630/1321/630 632/1319/632
vt 0.4952332 0.4571795
vt 0.4974248 0.4568510
vt 0.4947974 0.4544293
f 626/1322/626 635/1323/635 631/1324/631
vt 0.4932015 0.4736103
vt 0.4982470 0.4771186
vt 0.5013845 0.4719982
f 629/1325/629 634/1326/634 633/1327/633
vt 0.5015457 0.4872788
f 626/1317/626 627/1318/627 635/1328/635
f 632/1319/632 636/1276/636 656/1320/656
f 633/1327/633 637/1277/637 630/1321/630
vt 0.4992896 0.4540576
vt 0.4998559 0.4560406
vt 0.5026341 0.4546510
f 631/1329/631 635/1330/635 618/1331/618
vt 0.4969994 0.4822466
vt 0.5011759 0.4774919
f 631/1332/631 618/1298/618 634/1333/634
vt 0.5137668 0.4594693
vt 0.5111076 0.4598863
vt 0.5133175 0.4601280
f 617/1334/617 638/1335/638 655/1336/655
f 618/1298/618 635/1328/635 638/1262/638
f 627/1318/627 599/1309/599 598/1267/598
vt 0.5016366 0.5124195
f 667/1337/667 592/1257/592 590/1260/590
vt 0.4830212 0.5221539
f 586/1338/586 588/1254/588 564/1222/564
vt 0.4764997 0.5104523
vt 0.4752904 0.5021754
f 565/1339/565 596/1265/596 566/1340/566
f 599/1309/599 579/1308/579 566/1340/566
vt 0.4574440 0.4824903
vt 0.4506263 0.4801235
f 642/1341/642 645/1342/645 644/1269/644
f 642/1341/642 644/1269/644 643/1271/643
vt 0.4514151 0.4716947
f 645/1342/645 646/1343/646 644/1269/644
f 646/1343/646 603/1270/603 644/1269/644
vt 0.5181272 0.4482157
vt 0.5243596 0.4525207
f 649/1344/649 605/1279/605 648/1345/648
vt 0.5217768 0.4431868
f 649/1344/649 648/1345/648 1016/1346/1016
f 607/1280/607 610/1286/610 601/1281/601
vt 0.4731212 0.4850916
f 525/1236/525 578/1347/578 623/1316/623
f 578/1347/578 624/1310/624 623/1316/623
vt 0.4820212 0.4569417
f 933/1348/933 628/1313/628 656/1320/656
vt 0.4954310 0.4507764
f 656/1320/656 636/1276/636 657/1349/657
vt 0.5098428 0.5295471
vt 0.5052276 0.5189751
vt 0.5010548 0.5306045
f 661/1350/661 662/1351/662 660/1352/660
vt 0.5176056 0.5353315
vt 0.5169256 0.5251809
f 714/1353/714 663/1354/663 661/1350/661
vt 0.5121217 0.5174202
f 661/1350/661 665/1355/665 662/1351/662
f 663/1354/663 665/1355/665 661/1350/661
vt 0.5011244 0.5215264
vt 0.4968948 0.5185711
f 659/1356/659 667/1337/667 664/1357/664
vt 0.4950968 0.5250235
f 658/1358/658 659/1356/659 664/1357/664
vt 0.5106330 0.5115862
f 665/1355/665 669/1359/669 662/1351/662
vt 0.5090073 0.5071717
f 669/1359/669 670/1360/670 667/1337/667
vt 0.5218849 0.5145611
vt 0.5163051 0.5081109
f 668/1361/668 671/1362/671 665/1355/665
f 669/1359/669 671/1362/671 670/1360/670
vt 0.5279464 0.5110216
vt 0.5265469 0.5055555
f 692/1363/692 673/1364/673 668/1361/668
vt 0.5150951 0.4848188
vt 0.5139471 0.4764750
vt 0.5211666 0.4774181
f 718/1365/718 676/1366/676 674/1367/674
vt 0.5062760 0.4834061
vt 0.5035510 0.4793909
f 677/1368/677 678/1369/678 676/1366/676
vt 0.5496950 0.4999509
vt 0.5459550 0.5032994
vt 0.5485756 0.5044010
f 679/1370/679 678/1371/678 677/1372/677
vt 0.5242083 0.4723306
vt 0.5224892 0.4675070
vt 0.5296607 0.4650413
f 675/1373/675 681/1374/681 684/1375/684
vt 0.5133730 0.4687912
f 675/1373/675 682/1376/682 681/1374/681
vt 0.5073369 0.4726139
f 676/1366/676 683/1377/683 682/1376/682
vt 0.5422921 0.4953495
vt 0.5403316 0.4916308
vt 0.5362848 0.4970349
f 710/1378/710 708/1379/708 707/1380/707
vt 0.5419206 0.5132042
vt 0.5384916 0.5130813
vt 0.5450903 0.5227024
f 682/1381/682 685/1382/685 681/1383/681
vt 0.5424262 0.5065165
vt 0.5367195 0.5040262
f 683/1384/683 686/1385/686 682/1381/682
f 682/1381/682 686/1385/686 685/1382/685
vt 0.5339524 0.5262271
vt 0.5310912 0.5215334
vt 0.5246805 0.5317538
f 688/1386/688 689/1387/689 691/1388/691
f 692/1363/692 668/1361/668 689/1387/689
vt 0.5324916 0.5139353
f 690/1389/690 692/1363/692 689/1387/689
vt 0.5086457 0.4602876
vt 0.5067402 0.4560454
vt 0.5086287 0.4572585
f 690/1390/690 673/1391/673 692/1392/692
vt 0.4787580 0.4742464
f 610/1286/610 695/1393/695 601/1281/601
vt 0.4758936 0.4793310
f 601/1281/601 695/1393/695 694/1394/694
vt 0.4820487 0.4676792
f 610/1286/610 651/1288/651 698/1395/698
vt 0.4853925 0.4604209
f 651/1288/651 696/1396/696 698/1395/698
f 610/1286/610 698/1395/698 695/1393/695
vt 0.4855238 0.4573759
vt 0.4866316 0.4570593
f 723/1397/723 697/1398/697 696/1396/696
vt 0.5224582 0.4876667
vt 0.5189753 0.4912731
vt 0.5236034 0.4934182
f 697/1399/697 700/1400/700 699/1401/699
vt 0.5179185 0.5032443
f 715/1264/715 672/1402/672 700/1400/700
vt 0.4832928 0.4765936
vt 0.4797150 0.4835482
f 702/1403/702 701/1404/701 694/1394/694
f 694/1394/694 695/1393/695 702/1403/702
vt 0.4937664 0.4568549
f 697/1398/697 699/1405/699 696/1396/696
vt 0.5241546 0.5015985
f 700/1400/700 704/1406/704 699/1401/699
vt 0.4852210 0.4792752
f 701/1404/701 702/1403/702 705/1407/705
vt 0.4913288 0.4783675
f 702/1403/702 708/1408/708 705/1407/705
vt 0.5227661 0.5220434
f 666/1409/666 663/1354/663 691/1388/691
vt 0.5450937 0.4907903
vt 0.5415696 0.4849438
f 710/1378/710 680/1410/680 705/1411/705
f 670/1360/670 672/1402/672 641/1258/641
f 641/1258/641 672/1402/672 715/1264/715
f 673/1364/673 704/1406/704 672/1402/672
vt 0.4883412 0.5341686
f 711/1412/711 658/1358/658 587/1252/587
vt 0.4988240 0.5384804
f 712/1413/712 658/1358/658 711/1412/711
f 660/1352/660 658/1358/658 712/1413/712
vt 0.5077715 0.5399329
f 712/1413/712 713/1414/713 660/1352/660
f 713/1414/713 661/1350/661 660/1352/660
vt 0.5073518 0.5450715
f 748/1415/748 714/1353/714 713/1414/713
f 664/1357/664 590/1260/590 587/1252/587
f 664/1357/664 667/1337/667 590/1260/590
vt 0.5207393 0.4870942
f 1109/1416/1109 718/1365/718 674/1367/674
vt 0.5060953 0.4888709
f 719/1417/719 677/1368/677 718/1365/718
vt 0.4999564 0.4853127
f 719/1417/719 679/1418/679 677/1368/677
vt 0.4983105 0.4923772
f 719/1417/719 720/1419/720 679/1418/679
vt 0.5486654 0.4855205
vt 0.5478260 0.4839862
vt 0.5489270 0.4842246
f 720/1420/720 680/1421/680 679/1422/679
vt 0.5533709 0.4756694
vt 0.5466755 0.4647608
vt 0.5398465 0.4656292
f 717/1423/717 684/1424/684 721/1425/721
vt 0.5406014 0.4582992
f 687/1426/687 721/1425/721 684/1424/684
vt 0.5335473 0.4521089
f 687/1426/687 688/1427/688 721/1425/721
vt 0.5240167 0.4608618
vt 0.5311007 0.4675130
f 721/1425/721 722/1428/722 777/1429/777
f 721/1425/721 688/1427/688 722/1428/722
vt 0.5254856 0.4543585
vt 0.5189140 0.4550083
f 691/1430/691 714/1431/714 722/1428/722
vt 0.4702815 0.4796211
f 643/1271/643 601/1281/601 693/1432/693
vt 0.4832536 0.4605159
f 723/1397/723 652/1433/652 653/1291/653
vt 0.5196972 0.4587479
vt 0.5197325 0.4578108
vt 0.5220006 0.4571563
f 615/1434/615 724/1435/724 697/1436/697
vt 0.4940961 0.4603713
vt 0.4919373 0.4592326
vt 0.4924684 0.4600258
f 715/1437/715 700/1438/700 655/1439/655
vt 0.4696593 0.4871906
f 642/1341/642 693/1432/693 725/1440/725
f 693/1432/693 694/1394/694 725/1440/725
vt 0.4707237 0.4924737
vt 0.4775192 0.4920099
f 1117/1441/1117 701/1404/701 1118/1442/1118
f 725/1440/725 701/1404/701 1117/1441/1117
vt 0.4867171 0.4901278
f 1118/1442/1118 701/1404/701 726/1443/726
vt 0.4865041 0.5073021
vt 0.4880612 0.4952620
vt 0.4814032 0.4998903
f 734/1444/734 733/1445/733 731/1446/731
vt 0.4857007 0.4901918
f 731/1446/731 733/1445/733 732/1447/732
vt 0.4929560 0.5181533
vt 0.4957239 0.5132791
vt 0.4857972 0.5142527
f 801/1448/801 737/1449/737 735/1450/735
vt 0.4941999 0.5075169
f 734/1444/734 735/1450/735 736/1451/736
f 735/1450/735 737/1449/737 736/1451/736
vt 0.4799076 0.4769674
vt 0.4907153 0.4810370
vt 0.4878001 0.4721471
f 729/1452/729 730/1453/730 728/1454/728
vt 0.5539589 0.4867357
vt 0.5591619 0.4905317
vt 0.5596549 0.4844873
f 798/1455/798 732/1456/732 730/1457/730
vt 0.4982897 0.5037611
vt 0.4964911 0.4904678
vt 0.4921031 0.4971551
f 741/1458/741 740/1459/740 733/1460/733
f 734/1444/734 736/1451/736 733/1460/733
vt 0.4843785 0.5479920
vt 0.4979329 0.5550138
vt 0.4951304 0.5459532
f 727/1461/727 742/1462/742 738/1463/738
vt 0.4964265 0.4713516
f 730/1453/730 739/1464/739 728/1454/728
vt 0.5056062 0.4993259
f 740/1459/740 741/1458/741 744/1465/744
f 738/1463/738 742/1462/742 748/1415/748
vt 0.5037879 0.4716593
vt 0.4984945 0.4636695
f 739/1464/739 745/1466/745 742/1467/742
vt 0.5042732 0.4922769
f 744/1465/744 746/1468/746 740/1459/740
vt 0.5091327 0.5080075
vt 0.5147982 0.5045266
f 773/1469/773 774/1470/774 744/1465/744
vt 0.5506366 0.4644137
vt 0.5486571 0.4616672
vt 0.5521710 0.4626100
f 747/1471/747 748/1472/748 742/1473/742
vt 0.5011952 0.5539878
vt 0.5037134 0.5538188
vt 0.5041000 0.5522540
f 742/1474/742 745/1475/745 749/1476/749
vt 0.5085081 0.4858527
vt 0.5126914 0.4974101
f 750/1477/750 746/1468/746 751/1478/751
vt 0.5119469 0.4783756
vt 0.5177243 0.4772262
vt 0.5099496 0.4649872
f 752/1479/752 782/1480/782 747/1481/747
vt 0.5202965 0.5017533
vt 0.5171948 0.4947738
f 751/1478/751 770/1482/770 753/1483/753
vt 0.5185966 0.5348693
vt 0.5259396 0.5319431
vt 0.5164441 0.5305022
f 1121/1484/1121 802/1485/802 754/1486/754
vt 0.5250310 0.5478577
vt 0.5209525 0.5506339
vt 0.5159261 0.5464408
f 802/1487/802 758/1488/758 754/1489/754
vt 0.5334669 0.5298662
vt 0.5281668 0.5243878
f 802/1485/802 803/1490/803 760/1491/760
vt 0.5398402 0.5255774
vt 0.5340539 0.5178246
f 755/1492/755 756/1493/756 803/1490/803
vt 0.5443436 0.5174391
f 757/1494/757 756/1493/756 755/1492/755
vt 0.5145613 0.5267792
vt 0.5240739 0.5286746
f 760/1491/760 758/1495/758 802/1496/802
vt 0.5251120 0.5180488
f 760/1491/760 756/1493/756 764/1497/764
vt 0.5384117 0.5089493
f 757/1494/757 761/1498/761 756/1493/756
vt 0.5441840 0.5102202
f 792/1499/792 761/1498/761 757/1494/757
vt 0.5336211 0.5055322
f 761/1498/761 762/1500/762 756/1493/756
vt 0.5213153 0.5216772
f 764/1497/764 759/1501/759 760/1491/760
vt 0.5265052 0.5092900
f 762/1500/762 765/1502/765 756/1493/756
vt 0.5112649 0.5505265
vt 0.5107033 0.5542259
vt 0.5052738 0.5506161
f 758/1503/758 763/1504/763 809/1505/809
vt 0.5177785 0.5585359
vt 0.5117939 0.5580104
vt 0.5157389 0.5555640
f 766/1506/766 767/1507/767 763/1508/763
vt 0.5185032 0.5176658
f 764/1497/764 765/1502/765 766/1509/766
vt 0.5032301 0.5564745
vt 0.4990763 0.5533972
f 809/1505/809 768/1510/768 769/1511/769
f 765/1502/765 770/1482/770 766/1509/766
f 766/1509/766 770/1482/770 774/1470/774
vt 0.5256641 0.4966509
f 765/1502/765 793/1512/793 770/1482/770
vt 0.5030852 0.5212349
vt 0.5123713 0.5189929
vt 0.5003611 0.5190778
f 768/1513/768 767/1514/767 771/1515/771
vt 0.5048189 0.5651046
vt 0.5015757 0.5606728
f 772/1516/772 771/1517/771 767/1507/767
vt 0.5463444 0.4769076
vt 0.5546372 0.4873811
f 717/1423/717 810/1518/810 775/1519/775
vt 0.5238853 0.4765301
vt 0.5378588 0.4737330
f 777/1429/777 778/1520/778 776/1521/776
vt 0.5195575 0.4661918
f 777/1429/777 779/1522/779 778/1520/778
vt 0.5447503 0.4862305
f 810/1518/810 776/1521/776 780/1523/780
vt 0.5366614 0.4840567
f 776/1521/776 784/1524/784 780/1523/780
vt 0.5504671 0.4913162
f 780/1523/780 783/1525/783 775/1519/775
vt 0.5375731 0.4969018
vt 0.5427385 0.4937233
f 784/1524/784 788/1526/788 787/1527/787
vt 0.5174904 0.4860050
vt 0.5296925 0.4858897
f 778/1520/778 790/1528/790 785/1529/785
f 782/1480/782 790/1528/790 778/1520/778
vt 0.5215575 0.4906123
f 790/1528/790 791/1530/791 785/1529/785
vt 0.5504752 0.5011692
f 761/1498/761 792/1499/792 786/1531/786
f 786/1531/786 788/1526/788 761/1498/761
f 788/1526/788 793/1512/793 762/1500/762
vt 0.4958516 0.5685846
vt 0.4912672 0.5636389
f 771/1517/771 737/1532/737 801/1533/801
f 771/1517/771 772/1516/772 737/1532/737
vt 0.5042089 0.5124958
f 773/1469/773 736/1451/736 772/1534/772
f 782/1480/782 779/1522/779 747/1481/747
f 790/1528/790 782/1480/782 752/1479/752
vt 0.4840758 0.4668815
vt 0.4727750 0.4695349
f 729/1452/729 727/1535/727 794/1536/794
vt 0.4709706 0.4882801
vt 0.4791949 0.4870930
f 797/1537/797 798/1538/798 729/1452/729
vt 0.4739108 0.5155283
vt 0.4783388 0.5080400
f 846/1539/846 735/1450/735 800/1540/800
vt 0.5639876 0.5066745
vt 0.5684273 0.5128135
vt 0.5666313 0.5066151
f 800/1541/800 735/1542/735 734/1543/734
vt 0.4813882 0.5295950
vt 0.4807932 0.5393410
f 640/1544/640 795/1545/795 711/1412/711
f 727/1461/727 738/1463/738 711/1412/711
f 712/1413/712 748/1415/748 713/1414/713
vt 0.5087782 0.4596172
f 748/1546/748 779/1522/779 722/1428/722
vt 0.5394960 0.5386050
vt 0.5468949 0.5454503
vt 0.5421221 0.5481801
f 1104/1547/1104 806/1548/806 805/1549/805
vt 0.5457295 0.5271433
f 757/1494/757 755/1492/755 806/1550/806
vt 0.5530315 0.5221767
f 807/1551/807 757/1494/757 806/1550/806
vt 0.5100163 0.5319521
f 1121/1484/1121 754/1486/754 808/1552/808
vt 0.4873899 0.5263724
vt 0.4932039 0.5215080
vt 0.4833008 0.5237597
f 861/1553/861 801/1554/801 860/1555/860
f 721/1425/721 810/1518/810 717/1423/717
f 721/1425/721 776/1521/776 810/1518/810
vt 0.5606198 0.4896783
f 775/1519/775 811/1556/811 717/1423/717
f 775/1519/775 783/1525/783 786/1531/786
vt 0.5632922 0.4991171
f 775/1519/775 786/1531/786 1119/1557/1119
vt 0.5582497 0.5066533
f 1119/1557/1119 786/1531/786 1120/1558/1120
vt 0.5521367 0.5122267
f 786/1531/786 812/1559/812 1120/1558/1120
f 812/1559/812 792/1499/792 807/1551/807
vt 0.5441370 0.4896010
vt 0.5442065 0.4791848
vt 0.5362454 0.4807712
f 813/1560/813 796/1561/796 567/1562/567
vt 0.5354456 0.4922742
f 814/1563/814 813/1560/813 567/1562/567
vt 0.4656795 0.4882652
vt 0.4691002 0.4787403
f 813/1564/813 797/1537/797 796/1565/796
vt 0.4562981 0.4982365
vt 0.4570065 0.5040384
vt 0.4611998 0.4917998
f 815/1566/815 816/1567/816 814/1568/814
vt 0.4515330 0.5048742
vt 0.4499418 0.5074238
vt 0.4521124 0.5083442
f 569/1569/569 818/1570/818 817/1571/817
vt 0.4481898 0.5105033
f 584/1572/584 817/1571/817 818/1570/818
vt 0.5101222 0.5155726
vt 0.5164289 0.5189250
f 912/1573/912 819/1574/819 584/1238/584
vt 0.5248183 0.5173913
f 819/1574/819 825/1575/825 584/1238/584
vt 0.5009159 0.5206436
vt 0.5047351 0.5251216
f 820/1576/820 827/1577/827 912/1573/912
vt 0.4642777 0.5048961
vt 0.4662857 0.5083686
vt 0.4667802 0.4986935
f 823/1578/823 839/1579/839 831/1580/831
vt 0.5442752 0.4994264
vt 0.5482881 0.5141137
vt 0.5522775 0.5096651
f 823/1581/823 840/1582/840 839/1583/839
vt 0.5336790 0.5047729
vt 0.5349950 0.5125220
vt 0.5443335 0.5097535
f 816/1584/816 824/1585/824 832/1586/832
vt 0.4528813 0.5173503
vt 0.4549373 0.5177491
vt 0.4548493 0.5149881
f 825/1587/825 834/1588/834 824/1589/824
vt 0.5236808 0.5187154
vt 0.5301126 0.5258054
vt 0.5326169 0.5188730
f 825/1590/825 835/1591/835 834/1592/834
vt 0.4479970 0.5181713
vt 0.4546559 0.5228118
vt 0.4497814 0.5182808
f 819/1593/819 836/1594/836 825/1595/825
vt 0.4499124 0.4800148
vt 0.4506488 0.4813324
vt 0.4463362 0.4858186
f 913/1596/913 845/1597/845 830/1598/830
vt 0.5557356 0.5048943
vt 0.5515361 0.5007532
f 839/1583/839 838/1599/838 831/1600/831
vt 0.5400465 0.5199946
vt 0.5460004 0.5196774
f 833/1601/833 841/1602/841 832/1586/832
f 841/1602/841 840/1582/840 832/1586/832
f 824/1585/824 834/1592/834 833/1601/833
vt 0.4539069 0.5181049
vt 0.4563260 0.5163061
f 826/1603/826 842/1604/842 836/1594/836
vt 0.4906615 0.5337417
vt 0.5011367 0.5364518
vt 0.4983569 0.5299236
f 837/1605/837 843/1606/843 829/1607/829
vt 0.4858892 0.5329061
vt 0.4875926 0.5378782
f 830/1608/830 844/1609/844 837/1605/837
vt 0.4661148 0.5223255
vt 0.4711948 0.5198494
f 839/1579/839 847/1610/847 846/1611/846
vt 0.5552327 0.5222950
f 841/1602/841 847/1612/847 840/1582/840
vt 0.5439239 0.5278875
f 833/1601/833 848/1613/848 841/1602/841
vt 0.5237175 0.5252797
vt 0.5164903 0.5315833
vt 0.5266025 0.5333610
f 836/1614/836 842/1615/842 855/1616/855
vt 0.5101854 0.5375071
vt 0.5178173 0.5384920
f 842/1615/842 850/1617/850 856/1618/856
vt 0.5513142 0.5307989
f 841/1602/841 852/1619/852 847/1612/847
vt 0.5605682 0.5278636
f 852/1619/852 851/1620/851 847/1612/847
f 841/1602/841 848/1613/848 852/1619/852
vt 0.5335378 0.5301702
vt 0.5287594 0.5399410
vt 0.5391245 0.5350473
f 849/1621/849 854/1622/854 853/1623/853
f 842/1615/842 856/1618/856 855/1616/855
vt 0.5002934 0.5428506
vt 0.5074248 0.5420426
f 858/1624/858 857/1625/857 843/1606/843
vt 0.4954492 0.5420191
vt 0.4993721 0.5409678
f 843/1606/843 867/1626/867 858/1627/858
vt 0.4512091 0.4909532
vt 0.4535303 0.4867727
vt 0.4575611 0.4946659
f 837/1628/837 844/1629/844 867/1630/867
vt 0.4627690 0.4803462
vt 0.4666475 0.4876751
f 914/1631/914 868/1632/868 844/1629/844
vt 0.4728370 0.5618464
vt 0.4828484 0.5558499
vt 0.4834715 0.5614674
f 851/1633/851 861/1634/861 860/1635/860
vt 0.4689351 0.5507948
vt 0.4709717 0.5437567
vt 0.4753554 0.5496836
f 852/1636/852 863/1637/863 862/1638/862
vt 0.5153556 0.5445824
vt 0.5214175 0.5442100
f 856/1618/856 865/1639/865 864/1640/864
f 856/1618/856 864/1640/864 854/1622/854
f 856/1618/856 857/1625/857 865/1639/865
f 868/1632/868 867/1630/867 844/1629/844
vt 0.4741404 0.5357244
vt 0.4803094 0.5381978
vt 0.4782188 0.5329824
f 862/1641/862 877/1642/877 859/1643/859
vt 0.4816126 0.5530214
vt 0.4815028 0.5505577
vt 0.4943869 0.5486637
f 859/1644/859 877/1645/877 869/1646/869
vt 0.4718556 0.5376293
vt 0.4752458 0.5372354
vt 0.4753057 0.5430249
f 853/1647/853 871/1648/871 863/1649/863
vt 0.5324082 0.5445064
f 854/1622/854 872/1650/872 853/1623/853
vt 0.4725815 0.5453224
vt 0.4742963 0.5444687
vt 0.4729204 0.5413150
f 872/1651/872 871/1652/871 853/1653/853
vt 0.4626548 0.5078470
vt 0.4672315 0.5066868
vt 0.4660748 0.5134230
f 857/1654/857 873/1655/873 865/1656/865
vt 0.5061401 0.5437875
vt 0.5002325 0.5444850
vt 0.5068441 0.5478528
f 857/1657/857 858/1658/858 873/1659/873
vt 0.4675375 0.4988676
vt 0.4616405 0.4995352
f 868/1632/868 866/1660/866 858/1661/858
vt 0.4754378 0.4880105
vt 0.4742103 0.4949172
f 874/1662/874 882/1663/882 868/1632/868
vt 0.4895888 0.5320135
vt 0.4907642 0.5382976
f 869/1664/869 877/1642/877 876/1665/876
vt 0.4793329 0.5428507
vt 0.4816291 0.5475714
f 862/1638/862 870/1666/870 877/1667/877
f 863/1649/863 871/1648/871 870/1666/870
vt 0.4726721 0.5323519
vt 0.4748234 0.5272867
f 872/1668/872 879/1669/879 871/1648/871
vt 0.5151765 0.5534526
f 873/1659/873 880/1670/880 865/1639/865
vt 0.4767582 0.5043708
vt 0.4727853 0.5142566
f 873/1655/873 881/1671/881 880/1672/880
f 882/1663/882 881/1671/881 866/1660/866
vt 0.4753561 0.4803538
f 875/1673/875 874/1662/874 868/1632/868
vt 0.5367032 0.5470170
vt 0.5373010 0.5510411
vt 0.5406698 0.5481043
f 871/1674/871 884/1675/884 870/1676/870
vt 0.4797179 0.5451240
vt 0.4866361 0.5548847
vt 0.4868001 0.5445545
f 870/1677/870 887/1678/887 878/1679/878
vt 0.4830402 0.5364405
f 871/1648/871 879/1669/879 884/1680/884
vt 0.4790364 0.5212811
f 879/1669/879 889/1681/889 884/1680/884
vt 0.4745103 0.5220033
f 880/1672/880 889/1681/889 879/1682/879
vt 0.4841402 0.5132654
f 881/1671/881 885/1683/885 880/1672/880
vt 0.4840659 0.4829006
vt 0.4824870 0.4926126
f 874/1662/874 915/1684/915 883/1685/883
vt 0.4957216 0.5470672
vt 0.4976226 0.5374894
f 876/1665/876 894/1686/894 886/1687/886
f 887/1678/887 894/1686/894 878/1679/878
vt 0.4883738 0.5286901
vt 0.4856038 0.5371347
f 884/1680/884 888/1688/888 887/1689/887
f 889/1681/889 885/1683/885 888/1688/888
vt 0.4849448 0.5003008
f 881/1671/881 891/1690/891 885/1683/885
vt 0.4911675 0.5064316
f 885/1683/885 891/1690/891 890/1691/890
vt 0.4905773 0.4919981
f 883/1685/883 915/1684/915 892/1692/892
vt 0.5040357 0.5353327
vt 0.4963458 0.5322013
f 886/1687/886 893/1693/893 869/1694/869
vt 0.5056676 0.5401627
f 894/1686/894 900/1695/900 893/1693/893
vt 0.4978545 0.5265958
vt 0.4935413 0.5337803
f 888/1688/888 896/1696/896 895/1697/895
vt 0.4957582 0.5100460
f 885/1683/885 898/1698/898 888/1688/888
vt 0.4958794 0.5156205
f 898/1698/898 897/1699/897 888/1688/888
f 885/1683/885 890/1691/890 898/1698/898
vt 0.4930598 0.4994117
f 891/1690/891 883/1685/883 899/1700/899
vt 0.4917185 0.4818446
f 915/1684/915 916/1701/916 892/1692/892
vt 0.4932357 0.5568739
vt 0.5019700 0.5538955
f 895/1702/895 902/1703/902 894/1686/894
vt 0.5014284 0.5321903
f 896/1696/896 902/1704/902 895/1697/895
vt 0.5016025 0.5180926
f 888/1688/888 897/1699/897 903/1705/903
vt 0.4982973 0.5013566
f 890/1691/890 899/1700/899 909/1706/909
vt 0.5152608 0.5399730
f 808/1552/808 904/1707/904 1121/1484/1121
vt 0.5060643 0.5225117
vt 0.5116541 0.5266581
f 907/1708/907 906/1709/906 902/1704/902
vt 0.5051572 0.5077714
f 897/1699/897 898/1698/898 908/1710/908
vt 0.4733892 0.5428737
f 562/1224/562 794/1711/794 795/1545/795
vt 0.4573529 0.4911587
f 503/1712/503 815/1566/815 814/1568/814
vt 0.5303910 0.4985803
f 569/1225/569 815/1713/815 503/1226/503
f 583/1190/583 912/1573/912 584/1238/584
f 582/1187/582 912/1573/912 583/1190/583
f 820/1576/820 912/1573/912 582/1187/582
vt 0.4940448 0.5237352
f 581/1189/581 821/1714/821 820/1576/820
vt 0.4844871 0.5242823
f 539/1182/539 538/1184/538 822/1715/822
vt 0.4757623 0.5170581
vt 0.4783894 0.5211480
vt 0.4789555 0.5179976
f 1010/1716/1010 913/1717/913 580/1718/580
vt 0.4810109 0.5237303
vt 0.4813644 0.5224683
f 913/1719/913 822/1715/822 580/1720/580
vt 0.4630084 0.5362362
vt 0.4565107 0.5384462
vt 0.4540035 0.5328547
f 914/1721/914 844/1722/844 845/1723/845
f 914/1631/914 875/1673/875 868/1632/868
f 875/1673/875 915/1684/915 874/1662/874
vt 0.5007851 0.4875777
vt 0.5057107 0.4958176
vt 0.4994319 0.4947871
f 911/1724/911 918/1725/918 910/1726/910
vt 0.5115780 0.5075979
f 908/1710/908 919/1727/919 903/1705/903
vt 0.5187860 0.5285574
vt 0.5125279 0.5330165
f 906/1709/906 920/1728/920 905/1729/905
vt 0.5037111 0.5444787
vt 0.5110991 0.5442757
f 809/1505/809 893/1730/893 808/1731/808
vt 0.4969518 0.5267817
vt 0.5048664 0.5272532
f 769/1732/769 869/1694/869 809/1733/809
vt 0.4734714 0.5046817
f 846/1539/846 800/1540/800 838/1734/838
vt 0.4773347 0.4951919
f 831/1580/831 838/1734/838 799/1735/799
f 797/1537/797 799/1735/799 798/1538/798
vt 0.4588305 0.4554882
vt 0.4620699 0.4616946
f 924/1248/924 925/1736/925 923/1737/923
vt 0.4505015 0.4552966
vt 0.4564433 0.4523248
f 585/1738/585 926/1739/926 925/1736/925
vt 0.4522565 0.4910169
vt 0.4591137 0.4930680
vt 0.4568896 0.4975813
f 1012/1740/1012 927/1741/927 926/1742/926
vt 0.4433126 0.4836865
vt 0.4415149 0.4876751
vt 0.4435173 0.4889180
f 1013/1743/1013 928/1744/928 927/1745/927
vt 0.4630565 0.4762137
vt 0.4673330 0.4819847
vt 0.4572970 0.4842931
f 930/1746/930 929/1747/929 1013/1748/1013
vt 0.4775699 0.4502470
f 572/1150/572 932/1229/932 931/1749/931
f 572/1150/572 931/1749/931 573/1232/573
vt 0.4532264 0.5123097
vt 0.4566255 0.5234610
vt 0.4467101 0.5175128
f 922/1750/922 934/1751/934 1010/1752/1010
vt 0.4621464 0.5007999
f 926/1742/926 927/1741/927 936/1753/936
vt 0.4655648 0.4878396
vt 0.4653935 0.4917358
f 927/1741/927 928/1754/928 937/1755/937
vt 0.4581132 0.5158912
vt 0.4601873 0.5104421
vt 0.4613755 0.5184068
f 921/1756/921 923/1757/923 939/1758/939
vt 0.4656680 0.5174469
f 923/1757/923 940/1759/940 939/1758/939
vt 0.4699497 0.4986277
vt 0.4665659 0.4952229
vt 0.4758448 0.4938372
f 941/1760/941 937/1761/937 942/1762/942
vt 0.4757868 0.4431722
vt 0.4883419 0.4438318
f 938/1763/938 931/1749/931 944/1764/944
vt 0.4747015 0.4817744
vt 0.4834198 0.4788730
vt 0.4795929 0.4850674
f 938/1765/938 944/1766/944 943/1767/943
vt 0.4629470 0.5249989
vt 0.4610815 0.5290381
f 946/1768/946 951/1769/951 934/1751/934
vt 0.4576991 0.5100706
vt 0.4582518 0.5140784
f 935/1770/935 948/1771/948 923/1757/923
vt 0.4662648 0.5082172
vt 0.4748751 0.5152321
vt 0.4697638 0.5140277
f 935/1772/935 947/1773/947 948/1774/948
vt 0.4752706 0.5008571
f 941/1760/941 942/1762/942 953/1775/953
f 928/1754/928 943/1767/943 942/1762/942
vt 0.4877489 0.4498826
f 931/1749/931 945/1776/945 944/1764/944
vt 0.4725549 0.5242346
f 948/1774/948 952/1777/952 940/1759/940
vt 0.4824734 0.4924718
vt 0.4796707 0.5015223
f 942/1762/942 954/1778/954 953/1779/953
vt 0.4908943 0.4877657
f 954/1778/954 943/1767/943 955/1780/955
vt 0.4696702 0.5352187
f 946/1768/946 957/1781/957 951/1769/951
vt 0.4721750 0.5301843
f 946/1768/946 956/1782/956 957/1781/957
vt 0.4670459 0.5209296
f 940/1759/940 952/1777/952 939/1783/939
vt 0.4756651 0.4534192
vt 0.4731456 0.4597529
vt 0.4732334 0.4576373
f 947/1784/947 952/1785/952 948/1786/948
vt 0.4765091 0.4434043
vt 0.4805192 0.4456031
f 950/1787/950 959/1788/959 947/1784/947
vt 0.4442912 0.5076844
vt 0.4422546 0.5110444
vt 0.4475173 0.5122622
f 950/1789/950 960/1790/960 959/1791/959
vt 0.4823702 0.4378975
vt 0.4802462 0.4433428
vt 0.4795420 0.4408698
f 953/1792/953 960/1793/960 950/1794/950
vt 0.4934766 0.5033205
vt 0.4874893 0.5100645
f 954/1778/954 973/1795/973 963/1796/963
vt 0.4483876 0.5159243
vt 0.4498055 0.5202273
vt 0.4550789 0.5171605
f 959/1797/959 962/1798/962 947/1799/947
vt 0.4549971 0.5195982
f 962/1798/962 958/1800/958 947/1799/947
vt 0.4834774 0.5106439
f 953/1779/953 963/1796/963 960/1801/960
vt 0.4788891 0.5337155
f 956/1782/956 968/1802/968 957/1781/957
vt 0.4819208 0.5304613
vt 0.4786414 0.5281902
f 969/1803/969 968/1802/968 970/1804/970
vt 0.4813486 0.5216123
f 952/1777/952 958/1805/958 970/1804/970
vt 0.4583628 0.5270772
vt 0.4532206 0.5211371
f 962/1798/962 970/1806/970 958/1807/958
vt 0.4844692 0.5196235
vt 0.4868450 0.5292533
vt 0.4849788 0.5271299
f 962/1808/962 977/1809/977 970/1810/970
vt 0.4949336 0.5130752
vt 0.4926567 0.5199530
f 963/1796/963 972/1811/972 971/1812/971
f 973/1795/973 972/1811/972 963/1796/963
vt 0.5026658 0.4834022
vt 0.5109246 0.4790531
vt 0.5092067 0.4862568
f 966/1813/966 1015/1814/1015 975/1815/975
vt 0.4415745 0.5187556
vt 0.4513002 0.5288009
vt 0.4495018 0.5220907
f 971/1816/971 977/1817/977 962/1818/962
vt 0.4470355 0.5280811
f 971/1816/971 978/1819/978 977/1817/977
vt 0.5024477 0.5093868
vt 0.5025572 0.5167470
f 974/1820/974 979/1821/979 972/1811/972
vt 0.5010921 0.4983215
vt 0.5089921 0.5027773
f 964/1822/964 980/1823/980 974/1820/974
vt 0.4803875 0.4708488
vt 0.4894830 0.4698895
vt 0.4846820 0.4740864
f 967/1824/967 982/1825/982 981/1826/981
vt 0.4832361 0.4612181
vt 0.4885830 0.4533699
vt 0.4898416 0.4640395
f 969/1827/969 977/1828/977 983/1829/983
vt 0.4950957 0.4524951
f 984/1830/984 983/1829/983 977/1828/977
vt 0.4969470 0.4446231
f 977/1828/977 978/1831/978 984/1830/984
vt 0.5053341 0.5229528
vt 0.4970501 0.5278760
f 971/1812/971 985/1832/985 978/1833/978
vt 0.5115378 0.5119690
f 974/1820/974 990/1834/990 979/1821/979
f 974/1820/974 980/1823/980 990/1834/990
vt 0.5180999 0.4782543
vt 0.5255078 0.4922155
vt 0.5151248 0.4945375
f 1016/1835/1016 987/1836/987 986/1837/986
f 975/1815/975 1016/1835/1016 986/1837/986
vt 0.5016262 0.4566566
f 978/1831/978 994/1838/994 984/1830/984
vt 0.5182279 0.5058652
f 980/1823/980 991/1839/991 990/1834/990
f 982/1825/982 916/1701/916 981/1826/981
vt 0.4985070 0.4667065
vt 0.4951936 0.4732827
f 982/1825/982 993/1840/993 992/1841/992
vt 0.4956206 0.4617772
f 988/1842/988 994/1838/994 993/1840/993
vt 0.5174044 0.5182772
f 990/1834/990 991/1839/991 996/1843/996
f 986/1837/986 987/1836/987 991/1839/991
vt 0.4975913 0.4802145
f 992/1841/992 917/1844/917 916/1701/916
vt 0.5038125 0.4770285
f 993/1840/993 1004/1845/1004 992/1841/992
vt 0.4484012 0.5183184
vt 0.4499491 0.5125411
vt 0.4523726 0.5200837
f 996/1846/996 997/1847/997 1001/1848/1001
vt 0.4500940 0.5037643
vt 0.4516951 0.5030456
vt 0.4502540 0.5087877
f 1002/1849/1002 1008/1850/1008 997/1851/997
vt 0.5302819 0.4979219
f 987/1836/987 1002/1852/1002 991/1839/991
vt 0.5069100 0.4677749
f 993/1840/993 998/1853/998 1004/1845/1004
vt 0.5108636 0.4578812
f 994/1838/994 999/1854/999 998/1853/998
vt 0.4550681 0.5216584
vt 0.4588004 0.5303782
f 1001/1848/1001 1006/1855/1006 1005/1856/1005
vt 0.4569485 0.5174724
f 1001/1848/1001 997/1851/997 1006/1857/1006
vt 0.4547114 0.5101037
f 997/1851/997 1007/1858/1007 1006/1857/1006
vt 0.5389258 0.4943369
vt 0.5324934 0.5030840
f 1002/1852/1002 1009/1859/1009 1008/1860/1008
vt 0.4454617 0.4716199
vt 0.4470331 0.4751513
vt 0.4386137 0.4759539
f 1011/1861/1011 1010/1862/1010 537/1863/537
f 575/1235/575 1013/1743/1013 1012/1740/1012
f 1012/1740/1012 1013/1748/1013 927/1741/927
f 575/1235/575 574/1156/574 1013/1743/1013
vt 0.4634810 0.4465844
f 574/1233/574 573/1232/573 930/1864/930
f 930/1746/930 573/1153/573 929/1747/929
f 932/1229/932 619/1230/619 620/1311/620
vt 0.4835135 0.4694988
vt 0.4906394 0.4704018
vt 0.4858857 0.4733675
f 933/1865/933 656/1866/656 945/1867/945
vt 0.5106748 0.4402975
vt 0.5048027 0.4473379
vt 0.5143972 0.4414818
f 1015/1868/1015 1014/1869/1014 1016/1870/1016
f 1015/1814/1015 1016/1835/1016 975/1815/975
vt 0.5314030 0.4801074
f 647/1871/647 987/1836/987 1016/1835/1016
vt 0.5360378 0.4887316
f 647/1871/647 1003/1872/1003 987/1836/987
vt 0.5390480 0.4803447
f 645/1873/645 1003/1872/1003 647/1871/647
f 1003/1872/1003 1002/1852/1002 987/1836/987
vt 0.4486632 0.4893922
vt 0.4523713 0.4926376
f 1003/1874/1003 645/1342/645 1009/1875/1009
vt 0.4572194 0.4913317
f 642/1341/642 1017/1876/1017 645/1342/645
vt 0.4541811 0.4982316
vt 0.4587388 0.4973099
vt 0.4532907 0.5010386
f 1009/1877/1009 1033/1878/1033 1008/1879/1008
vt 0.5180285 0.5303547
vt 0.5231786 0.5309804
vt 0.5231173 0.5407685
f 1000/1880/1000 1005/1881/1005 1019/1882/1019
vt 0.5162892 0.4632462
vt 0.5096951 0.4720736
f 1020/1883/1020 1021/1884/1021 998/1853/998
vt 0.5203367 0.4689398
f 1020/1883/1020 1115/1885/1115 1021/1884/1021
f 1004/1845/1004 911/1724/911 917/1844/917
f 916/1701/916 915/1684/915 981/1826/981
vt 0.4652534 0.5329501
f 951/1886/951 957/1781/957 914/1721/914
vt 0.4487331 0.5244701
f 913/1887/913 951/1769/951 845/1723/845
vt 0.5097224 0.4798526
vt 0.5064603 0.4864533
f 1004/1845/1004 1024/1888/1024 1023/1889/1023
vt 0.5220845 0.5401316
vt 0.5299907 0.5420113
vt 0.5289601 0.5459880
f 1019/1890/1019 1026/1891/1026 1025/1892/1025
vt 0.5284488 0.5322102
vt 0.5350700 0.5324404
f 1027/1893/1027 1028/1894/1028 1026/1891/1026
vt 0.5391316 0.5067378
vt 0.5420046 0.5150964
vt 0.5330115 0.5156816
f 1032/1895/1032 1031/1896/1031 1116/1897/1116
vt 0.4694980 0.4994701
f 1017/1876/1017 1117/1441/1117 1034/1898/1034
vt 0.4660503 0.5067443
f 1034/1898/1034 1035/1899/1035 1017/1876/1017
vt 0.5150202 0.4920647
f 1024/1888/1024 1036/1900/1036 1023/1889/1023
vt 0.5286010 0.4703686
vt 0.5285910 0.4790667
vt 0.5204833 0.4837162
f 1025/1901/1025 1038/1902/1038 1037/1903/1037
vt 0.4764648 0.5412334
vt 0.4793166 0.5495769
vt 0.4700212 0.5469067
f 1044/1904/1044 1038/1905/1038 1025/1906/1025
vt 0.5362139 0.5409859
f 1026/1891/1026 1028/1894/1028 1039/1907/1039
vt 0.4718409 0.5355391
f 1025/1906/1025 1039/1908/1039 1044/1904/1044
vt 0.4693877 0.5341361
vt 0.4687249 0.5280749
f 1028/1909/1028 1029/1910/1029 1039/1908/1039
vt 0.5476462 0.5064381
f 1035/1911/1035 1031/1896/1031 1032/1895/1032
vt 0.5260998 0.4855141
vt 0.5211954 0.4924318
f 1041/1912/1041 1040/1913/1040 1037/1903/1037
f 1038/1902/1038 1041/1912/1041 1037/1903/1037
vt 0.5360413 0.4770690
vt 0.5404656 0.4738696
vt 0.5419912 0.4811018
f 1044/1914/1044 1039/1915/1039 1045/1916/1045
vt 0.4759321 0.5343173
vt 0.4819359 0.5384718
f 1039/1908/1039 1046/1917/1046 1045/1918/1045
vt 0.5406901 0.5363259
vt 0.5411640 0.5262953
vt 0.5453343 0.5321759
f 1039/1919/1039 1029/1920/1029 1046/1921/1046
vt 0.5515719 0.5166335
vt 0.5477090 0.5220671
f 1031/1896/1031 1053/1922/1053 1047/1923/1047
f 1035/1911/1035 1053/1922/1053 1031/1896/1031
vt 0.4856960 0.5532248
vt 0.4930720 0.5486704
vt 0.4930003 0.5556821
f 1041/1924/1041 1043/1925/1043 1040/1926/1040
vt 0.4861824 0.5376913
f 1046/1917/1046 1051/1927/1051 1045/1918/1045
vt 0.5528735 0.5280840
f 1047/1923/1047 1052/1928/1052 1046/1921/1046
vt 0.4757215 0.5110949
f 1034/1898/1034 1054/1929/1054 1035/1899/1035
vt 0.4765013 0.4989940
f 1034/1898/1034 1048/1930/1048 1054/1929/1054
vt 0.5242447 0.5515696
vt 0.5231581 0.5515908
vt 0.5224130 0.5529386
f 1043/1931/1043 1055/1932/1055 1040/1933/1040
vt 0.5000506 0.5455791
vt 0.5043607 0.5513672
f 1043/1925/1043 1056/1934/1056 1055/1935/1055
vt 0.4957307 0.5416038
f 1043/1925/1043 1057/1936/1057 1056/1934/1056
vt 0.5327542 0.4873943
vt 0.5393324 0.4909759
vt 0.5337483 0.4992372
f 1042/1937/1042 1058/1938/1058 1057/1939/1057
vt 0.5375389 0.4836426
vt 0.5420594 0.4871863
f 1050/1940/1050 1045/1916/1045 1051/1941/1051
vt 0.5509210 0.4771733
vt 0.5551190 0.4866707
vt 0.5450518 0.4763468
f 1052/1942/1052 1059/1943/1059 1046/1944/1046
vt 0.4845016 0.5225777
vt 0.4865963 0.5291473
vt 0.4777061 0.5280951
f 1060/1945/1060 1059/1946/1059 1052/1947/1052
vt 0.4713098 0.5165672
f 1054/1929/1054 1060/1945/1060 1053/1948/1053
vt 0.4815944 0.5066273
vt 0.4864294 0.5135284
f 1062/1949/1062 1061/1950/1061 1054/1929/1054
vt 0.5059153 0.5437980
vt 0.5041195 0.5458847
f 1056/1934/1056 1076/1951/1076 1055/1952/1055
vt 0.5478361 0.4923678
vt 0.5426777 0.4983738
f 1058/1938/1058 1067/1953/1067 1066/1954/1066
vt 0.4886708 0.5065454
f 1063/1955/1063 1061/1950/1061 1062/1949/1062
vt 0.4916782 0.5159575
f 1060/1945/1060 1061/1950/1061 1073/1956/1073
vt 0.4871709 0.4975071
f 1062/1949/1062 1064/1957/1064 1063/1955/1063
vt 0.5261899 0.5092145
vt 0.5194393 0.5137753
vt 0.5203440 0.5047324
f 1076/1958/1076 1068/1959/1068 1055/1960/1055
vt 0.5374739 0.5077491
f 1057/1939/1057 1066/1954/1066 1070/1961/1070
vt 0.5505357 0.4977495
f 1067/1953/1067 1071/1962/1071 1066/1954/1066
vt 0.5561826 0.4984528
f 1059/1943/1059 1072/1963/1072 1071/1962/1071
vt 0.4968162 0.5245479
f 1059/1946/1059 1073/1956/1073 1072/1964/1072
vt 0.5270871 0.5082030
vt 0.5264705 0.5180278
f 1076/1965/1076 1078/1966/1078 1068/1959/1068
vt 0.5446730 0.5065755
f 1066/1954/1066 1081/1967/1081 1070/1961/1070
f 1066/1954/1066 1071/1962/1071 1081/1967/1081
vt 0.4974202 0.5053406
vt 0.4999760 0.5159649
f 1073/1956/1073 1074/1968/1074 1077/1969/1077
vt 0.5336464 0.5149872
vt 0.5343057 0.5071493
f 1070/1961/1070 1079/1970/1079 1069/1971/1069
vt 0.5203348 0.5477152
vt 0.5191464 0.5400846
vt 0.5268082 0.5463628
f 1122/1972/1122 1078/1973/1078 920/1974/920
vt 0.5305296 0.5219539
f 1078/1966/1078 1079/1970/1079 1086/1975/1086
vt 0.5139765 0.5328004
vt 0.5187215 0.5326941
vt 0.5159489 0.5348003
f 1080/1976/1080 1087/1977/1087 1079/1978/1079
vt 0.5589466 0.5070766
vt 0.5512053 0.5114127
f 1072/1963/1072 1082/1979/1082 1088/1980/1088
vt 0.5062991 0.5089448
vt 0.5063760 0.5217459
f 1077/1969/1077 1083/1981/1083 1082/1982/1082
vt 0.5084371 0.4955021
vt 0.5033720 0.5002277
f 720/1419/720 1095/1983/1095 1084/1984/1084
vt 0.5236741 0.5307402
vt 0.5224880 0.5368754
f 920/1728/920 1085/1985/1085 1096/1986/1096
vt 0.5248779 0.5250933
vt 0.5287005 0.5306571
f 1085/1987/1085 1086/1975/1086 1089/1988/1089
vt 0.5370268 0.5193806
f 1087/1989/1087 1086/1975/1086 1079/1970/1079
vt 0.5363034 0.5281330
f 1086/1975/1086 1087/1989/1087 1097/1990/1097
vt 0.5519387 0.5202075
vt 0.5414576 0.5135403
f 1081/1967/1081 1091/1991/1091 1080/1992/1080
vt 0.5431961 0.5214278
f 1091/1991/1091 1090/1993/1090 1080/1992/1080
vt 0.5157840 0.5148302
f 1083/1981/1083 1092/1994/1092 1082/1982/1082
vt 0.5260019 0.5161165
f 1082/1982/1082 1092/1994/1092 1093/1995/1093
vt 0.5149316 0.5048900
f 1095/1983/1095 1094/1996/1094 1083/1981/1083
vt 0.5275027 0.5425328
vt 0.5331128 0.5411997
vt 0.5370720 0.5439147
f 1085/1997/1085 1089/1998/1089 1096/1999/1096
f 1086/1975/1086 1097/1990/1097 1089/1988/1089
vt 0.5234574 0.5323023
vt 0.5269981 0.5312691
vt 0.5291401 0.5326407
f 1087/2000/1087 1090/2001/1090 1097/2002/1097
vt 0.5542894 0.5278252
vt 0.5461492 0.5282989
f 1091/1991/1091 1098/2003/1098 1099/2004/1099
vt 0.5642713 0.5238533
vt 0.5590488 0.5200188
f 1093/2005/1093 1100/2006/1100 1082/1979/1082
vt 0.5233893 0.5107278
f 1101/2007/1101 1093/1995/1093 1092/1994/1092
f 1094/1996/1094 1101/2007/1101 1092/1994/1092
vt 0.5425123 0.5356035
f 1090/1993/1090 1099/2004/1099 1105/2008/1105
f 1105/2008/1105 1104/1547/1104 1097/1990/1097
vt 0.5501235 0.5319216
f 1098/2003/1098 1106/2009/1106 1099/2004/1099
vt 0.5275626 0.5200387
vt 0.5341301 0.5188913
vt 0.5278781 0.5212231
f 1100/2010/1100 1112/2011/1112 1098/2012/1098
vt 0.5226165 0.5439116
vt 0.5268223 0.5419384
f 1096/2013/1096 803/1490/803 802/2014/802
vt 0.5301964 0.5386132
f 1089/1988/1089 1104/1547/1104 1103/2015/1103
f 1106/2009/1106 1105/2008/1105 1099/2004/1099
vt 0.5487776 0.5390517
f 1106/2009/1106 1111/2016/1111 1105/2008/1105
vt 0.5537945 0.5371925
f 807/2017/807 1111/2016/1111 1106/2009/1106
f 1098/2003/1098 807/2017/807 1106/2009/1106
vt 0.5342041 0.5130463
f 1101/2007/1101 1113/2018/1113 1093/1995/1093
vt 0.5206224 0.4986302
vt 0.5336295 0.4997481
vt 0.5271260 0.5030570
f 1107/2019/1107 1119/2020/1119 1108/2021/1108
vt 0.5262973 0.4891756
f 1107/2019/1107 1114/2022/1114 1119/2020/1119
f 911/1724/911 1004/1845/1004 1023/1889/1023
f 1021/1884/1021 1024/1888/1024 1004/1845/1004
f 1027/1893/1027 1019/1882/1019 1005/1881/1005
vt 0.5287972 0.5235418
vt 0.5382342 0.5207543
f 1028/1894/1028 1018/2023/1018 1030/2024/1030
f 1116/1897/1116 1030/2024/1030 1018/2023/1018
vt 0.5299199 0.5101084
f 1007/2025/1007 1032/1895/1032 1116/1897/1116
f 642/1341/642 725/1440/725 1017/1876/1017
f 1034/1898/1034 1117/1441/1117 1048/1930/1048
f 1048/1930/1048 1118/1442/1118 1064/1957/1064
f 1118/1442/1118 726/1443/726 1064/1957/1064
f 726/1443/726 720/1419/720 1064/1957/1064
vt 0.4940280 0.5004593
f 1064/1957/1064 720/1419/720 1075/2026/1075
vt 0.5149206 0.4931989
f 718/1365/718 1109/1416/1109 1102/2027/1102
vt 0.5568925 0.5274007
vt 0.5595047 0.5308356
vt 0.5581633 0.5272834
f 716/2028/716 811/2029/811 1114/2030/1114
f 811/1556/811 775/1519/775 1119/1557/1119
f 1105/2008/1105 1111/2016/1111 1104/1547/1104
vt 0.5402522 0.5484216
vt 0.5353179 0.5445876
f 1104/1547/1104 805/2031/805 804/2032/804
vt 0.5323214 0.5365638
f 1103/2015/1103 804/2033/804 803/1490/803
vt 0.5227095 0.5400748
vt 0.5262356 0.5439845
vt 0.5239208 0.5428220
f 1110/2034/1110 802/2035/802 1121/2036/1121
f 1096/2013/1096 1110/2034/1110 904/1707/904
f 920/1728/920 1096/1986/1096 905/1729/905
vt 0.5148786 0.5524042
vt 0.5214498 0.5508788
vt 0.5257573 0.5540873
f 1123/2037/1123 1122/2038/1122 906/2039/906
vt 0.5066022 0.5573893
f 1055/1935/1055 1123/2037/1123 919/2040/919
vt 0.5102143 0.4993213
f 918/1725/918 1124/2041/1124 908/1710/908
f 1036/1900/1036 1124/2041/1124 918/1725/918
f 496/1128/496 494/1223/494 564/1222/564
f 497/1125/497 496/1128/496 564/1222/564
vt 0.4675958 0.4982804
f 502/1124/502 498/1123/498 499/2042/499
f 498/1123/498 566/1340/566 499/2042/499
f 563/1122/563 495/1121/495 500/1126/500
f 494/1223/494 496/1128/496 501/1129/501
vt 0.5179759 0.4648877
f 494/1120/494 501/2043/501 495/1121/495
vt 0.4632881 0.4938558
f 502/1124/502 499/2042/499 534/2044/534
vt 0.5208026 0.4744616
f 495/2045/495 509/1138/509 500/1126/500
vt 0.4593143 0.4721423
vt 0.4563237 0.4668099
f 495/2046/495 501/2047/501 509/1132/509
vt 0.4553936 0.4849802
vt 0.4492056 0.4867635
f 503/1712/503 500/2048/500 508/2049/508
vt 0.5195974 0.4973736
f 570/2050/570 569/1225/569 508/1139/508
vt 0.4494790 0.4807889
f 509/1132/509 511/1142/511 510/2051/510
vt 0.5057632 0.4682956
f 504/1143/504 513/2052/513 512/1144/512
vt 0.5005137 0.4695910
vt 0.5070700 0.4625718
f 513/2053/513 505/2054/505 514/1216/514
f 514/1146/514 506/1135/506 507/1136/507
f 508/1139/508 510/1140/510 516/1227/516
f 570/2050/570 508/1139/508 516/1227/516
f 520/1158/520 576/1213/576 559/1165/559
f 571/1159/571 522/1163/522 521/1160/521
f 571/1159/571 517/1151/517 522/1163/522
f 518/1154/518 519/1157/519 523/1171/523
f 527/1170/527 519/1157/519 528/1172/528
f 525/1236/525 521/1169/521 530/1174/530
f 528/1172/528 533/1179/533 527/1170/527
f 529/1173/529 560/1208/560 533/1179/533
f 530/1174/530 532/1177/532 534/2044/534
f 546/1183/546 539/1182/539 541/1186/541
f 539/1182/539 581/1189/581 540/1185/540
vt 0.4325221 0.5050293
vt 0.4354548 0.5061315
vt 0.4362367 0.5023050
f 540/2055/540 581/2056/581 542/2057/542
vt 0.4369795 0.4792006
vt 0.4324591 0.4778329
f 538/2058/538 546/2059/546 537/1863/537
f 540/1185/540 542/1188/542 547/1196/547
f 545/1198/545 546/1183/546 548/1199/548
vt 0.4852294 0.5021969
vt 0.4884690 0.4953239
f 541/2060/541 540/1185/540 549/2061/549
f 541/1186/541 549/2061/549 548/1199/548
f 540/1185/540 547/1196/547 549/2061/549
f 548/1199/548 554/1207/554 556/1203/556
f 549/2061/549 551/1201/551 555/1210/555
f 548/1199/548 549/2061/549 554/1207/554
f 549/2061/549 547/1196/547 551/1201/551
f 545/1198/545 553/1202/553 552/1249/552
f 551/1201/551 550/1200/550 558/1217/558
f 551/1201/551 558/1217/558 557/1209/557
f 552/1249/552 553/1202/553 576/1213/576
f 555/1210/555 557/1209/557 535/1211/535
f 530/1174/530 499/2042/499 578/1347/578
f 530/1174/530 534/2044/534 499/2042/499
f 534/2044/534 532/1177/532 507/1136/507
f 507/1136/507 502/1124/502 534/2044/534
f 532/1177/532 531/1175/531 507/1136/507
f 531/1175/531 533/1178/533 515/1149/515
vt 0.4431867 0.4842548
vt 0.4440712 0.4803171
vt 0.4443482 0.4846077
f 560/2062/560 529/2063/529 524/2064/524
f 550/1215/550 547/1196/547 544/1195/544
vt 0.5090892 0.4814310
f 510/1140/510 511/2065/511 550/1215/550
f 511/1145/511 558/1217/558 550/1215/550
f 512/1144/512 558/1217/558 511/1145/511
f 512/1144/512 513/2053/513 558/1217/558
vt 0.4387540 0.4707577
vt 0.4373589 0.4687313
vt 0.4366392 0.4712539
f 513/2066/513 514/2067/514 558/2068/558
f 515/1149/515 536/1212/536 514/1146/514
vt 0.5424292 0.4697967
vt 0.5363889 0.4694918
vt 0.5335898 0.4722276
f 794/2069/794 562/2070/562 563/2071/563
f 564/1222/564 565/1339/565 497/1125/497
f 565/1339/565 566/1340/566 497/1125/497
f 497/1125/497 566/1340/566 498/1123/498
f 566/1340/566 579/1308/579 499/2042/499
f 567/1562/567 563/1122/563 568/1127/568
vt 0.4678314 0.5346912
f 562/1224/562 494/1223/494 563/2072/563
f 796/1561/796 563/2071/563 567/1562/567
vt 0.4601517 0.4867240
vt 0.4590458 0.4794449
f 503/1712/503 568/2073/568 500/2074/500
f 572/1150/572 571/1152/571 932/1229/932
f 570/2050/570 516/1227/516 818/1228/818
vt 0.4655532 0.4542606
f 572/1150/572 573/2075/573 517/1151/517
f 574/1156/574 575/1235/575 520/1158/520
f 530/1174/530 578/1347/578 525/1236/525
f 578/1347/578 499/2042/499 579/1308/579
f 583/1190/583 584/1238/584 543/1239/543
vt 0.4419915 0.4724793
vt 0.4372385 0.4712737
f 1011/1246/1011 537/2076/537 545/2077/545
f 587/1252/587 588/1254/588 586/1338/586
f 589/1253/589 587/1252/587 590/1260/590
f 592/1257/592 593/1256/593 591/1259/591
f 641/1258/641 715/1264/715 638/1262/638
f 591/1259/591 593/1256/593 598/1267/598
f 594/1255/594 638/1262/638 597/1268/597
f 588/1254/588 596/1265/596 565/1339/565
f 595/1261/595 598/1267/598 596/1265/596
f 596/1265/596 598/1267/598 599/1309/599
f 638/1262/638 635/1328/635 597/1268/597
f 643/1271/643 602/1272/602 601/1281/601
vt 0.5343517 0.4559950
f 603/2078/603 604/1273/604 602/1275/602
f 605/1279/605 604/1273/604 648/1345/648
f 648/1345/648 604/1273/604 603/2078/603
vt 0.4749251 0.4593008
f 607/1280/607 606/2079/606 610/1286/610
f 604/1273/604 605/1279/605 608/1284/608
f 604/1273/604 609/1285/609 612/1282/612
f 606/2079/606 611/1287/611 610/1286/610
f 608/1284/608 605/1279/605 637/1277/637
f 608/1284/608 637/1277/637 639/1294/639
vt 0.5259830 0.4836196
vt 0.5268513 0.4808979
vt 0.5252341 0.4835401
f 652/2080/652 611/2081/611 653/2082/653
f 609/1285/609 614/1293/614 613/1292/613
vt 0.5239485 0.4855559
vt 0.5224103 0.4858573
f 723/2083/723 613/1292/613 697/2084/697
vt 0.5195870 0.4878169
f 613/1292/613 615/2085/615 697/2084/697
f 614/1293/614 616/1299/616 613/1292/613
f 613/1292/613 616/1299/616 615/2085/615
f 614/1293/614 639/1294/639 618/1298/618
f 654/1301/654 615/2085/615 617/1300/617
f 615/2085/615 616/1299/616 617/1300/617
f 619/1230/619 625/1312/625 620/1311/620
f 626/1317/626 629/1315/629 621/1237/621
f 625/1312/625 622/1314/622 629/1325/629
f 628/1313/628 625/1312/625 630/1321/630
f 625/1312/625 629/1325/629 633/1327/633
f 629/1315/629 626/1317/626 631/1332/631
f 629/1315/629 631/1332/631 634/1326/634
f 630/1321/630 625/1312/625 633/1327/633
vt 0.4925394 0.4598544
vt 0.4985519 0.4602358
vt 0.4962872 0.4577715
f 627/2086/627 600/2087/600 635/2088/635
f 632/1319/632 630/1321/630 637/1277/637
f 634/1326/634 639/1294/639 633/1327/633
f 638/1262/638 617/1300/617 618/1298/618
f 636/1276/636 632/1319/632 637/1277/637
f 633/1327/633 639/1294/639 637/1277/637
f 634/1333/634 618/1298/618 639/1294/639
f 598/1267/598 600/1266/600 627/1318/627
f 597/1268/597 635/1328/635 600/1266/600
f 640/1544/640 586/1338/586 561/1221/561
f 587/1252/587 586/1338/586 640/1544/640
f 592/1257/592 591/1259/591 590/1260/590
f 586/1338/586 564/1222/564 561/1221/561
f 564/1222/564 588/1254/588 565/1339/565
f 596/1265/596 599/1309/599 566/1340/566
vt 0.5348144 0.4701974
f 645/1873/645 647/1871/647 646/2089/646
vt 0.5286730 0.4491186
f 646/2090/646 648/1345/648 603/2078/603
vt 0.5280736 0.4458173
f 1016/1346/1016 648/1345/648 646/2091/646
f 1014/1869/1014 605/1279/605 649/1344/649
f 1014/1869/1014 650/1278/650 605/1279/605
f 651/1288/651 611/1287/611 652/1433/652
f 521/1169/521 621/1237/621 577/1231/577
f 525/1236/525 623/1316/623 621/1237/621
f 578/1347/578 579/1308/579 624/1310/624
f 933/1348/933 620/1311/620 628/1313/628
f 636/1276/636 1014/1869/1014 657/1349/657
f 1014/1869/1014 636/1276/636 650/1278/650
f 659/1356/659 658/1358/658 660/1352/660
f 660/1352/660 662/1351/662 659/1356/659
f 659/1356/659 662/1351/662 667/1337/667
f 665/1355/665 663/1354/663 666/1409/666
f 662/1351/662 669/1359/669 667/1337/667
f 665/1355/665 671/1362/671 669/1359/669
f 666/1409/666 668/1361/668 665/1355/665
f 667/1337/667 670/1360/670 592/1257/592
f 668/1361/668 672/1402/672 671/1362/671
f 668/1361/668 673/1364/673 672/1402/672
vt 0.5513719 0.5205686
vt 0.5489618 0.5158708
vt 0.5480092 0.5179260
f 674/2092/674 676/2093/676 675/2094/675
vt 0.5536364 0.5128141
vt 0.5500298 0.5089644
vt 0.5490183 0.5106216
f 718/2095/718 677/2096/677 676/2097/676
vt 0.4938827 0.4832301
f 679/1418/679 680/2098/680 678/1369/678
vt 0.5467957 0.4983692
vt 0.5447380 0.4985620
f 678/1371/678 680/2099/680 710/2100/710
f 675/1373/675 676/1366/676 682/1376/682
f 676/1366/676 678/1369/678 683/1377/683
vt 0.4973083 0.4775229
f 683/1377/683 678/1369/678 710/2101/710
vt 0.5030645 0.4694117
f 683/1377/683 710/2101/710 686/2102/686
vt 0.5415600 0.4988261
f 686/1385/686 710/2103/710 707/1380/707
vt 0.5440289 0.5252893
vt 0.5430602 0.5285180
f 684/2104/684 681/1383/681 687/2105/687
vt 0.5415335 0.5252479
f 687/2105/687 681/1383/681 685/2106/685
vt 0.5284058 0.4593750
vt 0.5237045 0.4547338
vt 0.5261526 0.4517750
f 687/2107/687 689/2108/689 688/2109/688
vt 0.5396452 0.5272620
vt 0.5375199 0.5196210
f 687/2110/687 685/2111/685 689/1387/689
vt 0.5165004 0.4624875
vt 0.5037305 0.4662016
f 685/2112/685 686/2113/686 690/1390/690
f 685/2111/685 690/1389/690 689/1387/689
vt 0.5322258 0.5019544
vt 0.5308871 0.4994835
vt 0.5320934 0.5040916
f 686/2114/686 709/2115/709 690/2116/690
vt 0.4986174 0.4612386
f 709/2117/709 673/1391/673 690/1390/690
f 693/1432/693 601/1281/601 694/1394/694
vt 0.5256742 0.4844861
f 652/2080/652 723/2083/723 696/2118/696
vt 0.5206587 0.4574360
f 697/1436/697 724/1435/724 700/2119/700
vt 0.4873028 0.4682229
f 695/1393/695 698/1395/698 703/2120/703
f 698/1395/698 696/1396/696 703/2120/703
vt 0.4927175 0.4627529
f 696/1396/696 699/1405/699 706/2121/706
vt 0.5352448 0.4793673
vt 0.5341400 0.4870173
vt 0.5359596 0.4838426
f 695/2122/695 703/2123/703 702/2124/702
f 703/2120/703 696/1396/696 706/2121/706
vt 0.4890292 0.4680500
vt 0.4949924 0.4706644
f 702/1403/702 703/2125/703 707/2126/707
vt 0.4860976 0.4819719
f 680/2098/680 726/1443/726 705/2127/705
f 703/2120/703 706/2121/706 707/2126/707
f 706/2121/706 699/1405/699 709/2117/709
vt 0.5278484 0.5000314
f 699/1401/699 704/1406/704 709/2128/709
f 702/1403/702 707/2126/707 708/1408/708
f 706/2121/706 709/2117/709 707/2126/707
f 689/1387/689 666/1409/666 691/1388/691
f 689/1387/689 668/1361/668 666/1409/666
f 708/1379/708 710/1378/710 705/1411/705
f 686/2113/686 707/2126/707 709/2117/709
f 592/1257/592 670/1360/670 641/1258/641
f 670/1360/670 671/1362/671 672/1402/672
f 672/1402/672 704/1406/704 700/1400/700
f 709/2128/709 704/1406/704 673/1364/673
f 587/1252/587 640/1544/640 711/1412/711
f 714/1353/714 661/1350/661 713/1414/713
f 714/1353/714 691/1388/691 663/1354/663
f 658/1358/658 664/1357/664 587/1252/587
vt 0.5312256 0.4754015
vt 0.5258501 0.4831272
f 717/2129/717 716/2130/716 675/1373/675
f 716/2130/716 674/1367/674 675/1373/675
f 717/2129/717 675/1373/675 684/1375/684
f 688/1427/688 691/1430/691 722/1428/722
f 643/1271/643 693/1432/693 642/1341/642
vt 0.4842237 0.4595625
f 651/1288/651 652/2131/652 696/1396/696
vt 0.5192160 0.4886422
f 654/1301/654 724/2132/724 615/2085/615
f 700/1400/700 724/2132/724 654/1301/654
f 654/1301/654 655/1263/655 700/1400/700
f 725/1440/725 694/1394/694 701/1404/701
f 726/1443/726 701/1404/701 705/2127/705
f 720/1419/720 726/1443/726 680/2098/680
vt 0.4849638 0.4720342
f 727/1535/727 729/1452/729 728/2133/728
vt 0.4838949 0.4855637
f 729/1452/729 798/2134/798 730/1453/730
vt 0.5557207 0.4928842
f 798/1455/798 799/2135/799 732/1456/732
vt 0.5603389 0.4992192
f 732/1456/732 799/2135/799 731/2136/731
vt 0.4821605 0.5617254
vt 0.4795938 0.5607792
vt 0.4846317 0.5646262
f 731/2137/731 800/2138/800 734/2139/734
vt 0.4936509 0.4647899
f 727/1535/727 728/2133/728 742/2140/742
vt 0.4937120 0.4679664
f 742/2140/742 728/2133/728 739/2141/739
f 732/1447/732 733/1445/733 730/1453/730
f 730/1453/730 733/1445/733 740/1459/740
f 733/1460/733 736/1451/736 741/1458/741
f 736/1451/736 737/1449/737 772/1534/772
vt 0.4977200 0.4761564
f 739/1464/739 730/1453/730 743/2142/743
vt 0.5610867 0.4807589
vt 0.5660459 0.4839352
vt 0.5623114 0.4787145
f 730/2143/730 740/2144/740 743/2145/743
vt 0.5661423 0.4861075
vt 0.5631491 0.4930261
f 743/2145/743 740/2146/740 746/2147/746
f 744/1465/744 741/1458/741 773/1469/773
f 741/1458/741 736/1451/736 773/1469/773
f 739/1464/739 743/2142/743 745/1466/745
vt 0.5075815 0.4718397
f 742/1467/742 749/2148/749 747/1481/747
vt 0.5515496 0.4719998
vt 0.5552477 0.4721272
vt 0.5546182 0.4789296
f 749/2149/749 745/2150/745 750/2151/750
vt 0.5566261 0.4817236
f 745/2150/745 743/2145/743 750/2152/750
vt 0.5015755 0.4837872
f 743/2153/743 746/1468/746 750/1477/750
f 746/1468/746 744/1465/744 751/1478/751
f 744/1465/744 774/1470/774 751/1478/751
f 749/2148/749 752/1479/752 747/1481/747
f 750/1477/750 752/1479/752 749/2148/749
vt 0.5093625 0.4857181
f 752/1479/752 750/2154/750 790/1528/790
f 750/2154/750 751/1478/751 753/1483/753
vt 0.5266458 0.5540695
vt 0.5212044 0.5540117
f 760/2155/760 759/2156/759 758/1488/758
f 760/1491/760 803/1490/803 756/1493/756
vt 0.5154432 0.5487095
vt 0.5177670 0.5535094
f 758/2157/758 759/2156/759 763/2158/763
f 764/1497/764 756/1493/756 765/1502/765
vt 0.5143495 0.5222638
f 766/1509/766 763/2159/763 759/1501/759
f 759/1501/759 764/1497/764 766/1509/766
f 763/2159/763 767/1514/767 768/1513/768
vt 0.5044410 0.5562826
f 809/1505/809 763/1504/763 768/2160/768
f 769/1511/769 768/2160/768 771/1517/771
vt 0.5157321 0.5162727
vt 0.5095905 0.5140680
f 766/2161/766 772/2162/772 767/1514/767
f 766/2161/766 773/1469/773 772/2162/772
f 773/1469/773 766/1509/766 774/1470/774
f 775/1519/775 810/1518/810 780/1523/780
f 777/1429/777 722/1428/722 779/1522/779
vt 0.5299642 0.4772604
f 784/1524/784 776/1521/776 781/2163/781
f 776/1521/776 778/1520/778 781/2163/781
f 779/1522/779 782/1480/782 778/1520/778
f 784/1524/784 781/2163/781 785/1529/785
f 778/1520/778 785/1529/785 781/2163/781
f 783/1525/783 780/1523/780 787/1527/787
f 780/1523/780 784/1524/784 787/1527/787
vt 0.5438834 0.4890562
vt 0.5487141 0.4904510
vt 0.5441427 0.4925435
f 785/2164/785 789/2165/789 788/2166/788
f 784/1524/784 785/1529/785 788/1526/788
f 783/1525/783 787/1527/787 786/1531/786
f 786/1531/786 787/1527/787 788/1526/788
vt 0.5284920 0.4911038
f 785/1529/785 791/1530/791 789/2167/789
f 812/1559/812 786/1531/786 792/1499/792
f 788/1526/788 789/2167/789 793/1512/793
f 789/2167/789 791/1530/791 793/1512/793
f 751/1478/751 774/1470/774 770/1482/770
f 761/1498/761 788/1526/788 762/1500/762
f 762/1500/762 793/1512/793 765/1502/765
f 747/1481/747 779/1522/779 748/1546/748
f 753/1483/753 791/1530/791 790/1528/790
f 750/2154/750 753/1483/753 790/1528/790
f 793/1512/793 791/1530/791 753/1483/753
f 753/1483/753 770/1482/770 793/1512/793
f 561/1221/561 562/1224/562 795/1545/795
f 795/1545/795 794/1711/794 727/1461/727
f 640/1544/640 561/1221/561 795/1545/795
f 796/1565/796 797/1537/797 729/1452/729
f 794/1536/794 796/1565/796 729/1452/729
f 799/1735/799 838/1734/838 731/1446/731
f 838/1734/838 800/1540/800 731/1446/731
vt 0.4812257 0.5666835
f 860/1635/860 801/1533/801 735/2168/735
f 711/1412/711 795/1545/795 727/1461/727
f 711/1412/711 738/1463/738 712/1413/712
f 712/1413/712 738/1463/738 748/1415/748
vt 0.5163615 0.5405407
f 748/1415/748 722/2169/722 714/1353/714
vt 0.5327023 0.5473175
f 804/2032/804 805/2031/805 803/2170/803
vt 0.5472255 0.5272781
vt 0.5487542 0.5267397
vt 0.5483092 0.5321807
f 806/2171/806 755/2172/755 805/2173/805
vt 0.5405176 0.5322215
f 803/1490/803 805/2174/805 755/1492/755
f 806/1548/806 1104/1547/1104 1111/2016/1111
f 807/1551/807 792/1499/792 757/1494/757
f 808/1731/808 754/1489/754 758/1503/758
f 809/1505/809 808/1731/808 758/1503/758
vt 0.5002533 0.5226410
f 801/1554/801 769/2175/769 771/1515/771
vt 0.4901102 0.5538972
f 769/1511/769 801/1533/801 861/2176/861
f 721/1425/721 777/1429/777 776/1521/776
vt 0.5327851 0.4892396
f 716/2130/716 717/2129/717 811/2177/811
f 813/1560/813 814/1563/814 823/1581/823
vt 0.5266351 0.5097652
f 815/1713/815 569/1225/569 817/2178/817
f 815/1713/815 817/2178/817 816/1584/816
vt 0.4854784 0.5294257
f 821/1714/821 822/1715/822 830/2179/830
vt 0.4648007 0.4932584
f 797/1537/797 823/2180/823 831/1580/831
f 813/1564/813 823/2180/823 797/1537/797
f 814/1563/814 816/1584/816 823/1581/823
vt 0.4554851 0.5074054
vt 0.4566931 0.5079024
f 816/1567/816 817/2181/817 824/2182/824
vt 0.4533350 0.5136678
vt 0.4542993 0.5147897
f 817/2183/817 825/1587/825 824/2184/824
f 584/1238/584 825/1575/825 817/2178/817
f 827/1577/827 821/1714/821 829/1607/829
vt 0.5129447 0.5258037
f 912/1573/912 827/1577/827 826/2185/826
f 819/1574/819 912/1573/912 826/2185/826
f 820/1576/820 821/1714/821 827/1577/827
f 829/1607/829 821/1714/821 830/2179/830
vt 0.4632450 0.5055565
vt 0.4607774 0.5108313
vt 0.4628901 0.5108257
f 823/2186/823 832/2187/832 840/2188/840
f 823/1581/823 816/1584/816 832/1586/832
f 825/1590/825 836/1614/836 835/1591/835
f 836/1614/836 819/1574/819 826/2185/826
vt 0.4494307 0.5106251
vt 0.4470168 0.5066702
vt 0.4501093 0.5066275
f 826/2189/826 827/2190/827 828/2191/828
vt 0.4473587 0.5034648
vt 0.4504875 0.4996836
f 828/2191/828 827/2192/827 829/2193/829
vt 0.4986026 0.5321537
f 830/2179/830 837/1605/837 829/2194/829
vt 0.4498661 0.5349234
vt 0.4460448 0.5303815
f 845/1723/845 844/2195/844 830/2196/830
f 824/1585/824 833/1601/833 832/1586/832
f 834/1592/834 835/1591/835 833/1601/833
vt 0.5058915 0.5299211
f 826/2185/826 828/2197/828 842/1615/842
vt 0.4548355 0.5024468
vt 0.4519993 0.5036361
f 843/2198/843 828/2199/828 829/2193/829
vt 0.4555956 0.5100949
f 842/2200/842 828/2199/828 843/2198/843
f 839/1579/839 846/1539/846 838/1734/838
f 839/1583/839 840/1582/840 847/1612/847
f 848/1613/848 833/1601/833 849/1621/849
f 833/1601/833 835/1591/835 849/1621/849
f 835/1591/835 836/1614/836 855/1616/855
f 842/1615/842 843/1606/843 850/1617/850
vt 0.4911333 0.5369562
f 867/1626/867 843/1606/843 837/2201/837
vt 0.4712653 0.5269530
f 847/1610/847 851/2202/851 846/1611/846
f 848/1613/848 849/1621/849 853/1623/853
vt 0.4640414 0.5335478
vt 0.4611957 0.5290797
vt 0.4628121 0.5317276
f 849/2203/849 835/2204/835 855/2205/855
f 855/1616/855 854/1622/854 849/1621/849
f 850/1617/850 843/1606/843 857/1625/857
vt 0.4759877 0.5316909
vt 0.4867617 0.5300232
f 851/2202/851 859/2206/859 861/2207/861
vt 0.4720016 0.5318754
f 851/2202/851 862/2208/862 859/2206/859
vt 0.5566892 0.5318636
f 851/1620/851 852/1619/852 862/2209/862
f 848/1613/848 853/1623/853 852/1619/852
vt 0.5427187 0.5389385
f 852/1619/852 853/1623/853 863/2210/863
f 856/1618/856 854/1622/854 855/1616/855
f 856/1618/856 850/1617/850 857/1625/857
f 858/1661/858 867/1630/867 868/1632/868
f 861/1634/861 859/1644/859 869/1646/869
vt 0.5516944 0.5347084
vt 0.5458175 0.5419148
f 862/2211/862 863/2210/863 870/2212/870
vt 0.5207727 0.5466101
f 854/1622/854 864/2213/864 872/1650/872
f 858/1661/858 866/1660/866 873/1655/873
f 866/1660/866 868/1632/868 882/1663/882
f 876/1665/876 877/1642/877 878/1679/878
f 877/1642/877 870/1666/870 878/1679/878
vt 0.5251303 0.5536528
f 872/1650/872 864/2213/864 879/2214/879
f 864/2213/864 865/1639/865 880/1670/880
f 864/2213/864 880/1670/880 879/2214/879
f 873/1655/873 866/1660/866 881/1671/881
f 884/1680/884 887/1689/887 870/1666/870
f 885/1683/885 889/1681/889 880/1672/880
f 882/1663/882 883/1685/883 881/1671/881
f 874/1662/874 883/1685/883 882/1663/882
f 869/1694/869 876/1665/876 886/1687/886
f 876/1665/876 878/1679/878 894/1686/894
f 884/1680/884 889/1681/889 888/1688/888
f 887/1689/887 888/1688/888 895/1697/895
f 891/1690/891 881/1671/881 883/1685/883
f 895/1702/895 894/1686/894 887/1678/887
f 893/1693/893 886/1687/886 894/1686/894
f 891/1690/891 899/1700/899 890/1691/890
f 899/1700/899 883/1685/883 892/1692/892
f 808/1552/808 893/1693/893 904/1707/904
f 900/1695/900 904/1707/904 893/1693/893
vt 0.5107316 0.5467107
f 900/1695/900 902/1703/902 901/2215/901
f 894/1686/894 902/1703/902 900/1695/900
f 896/1696/896 907/1708/907 902/1704/902
f 888/1688/888 903/1705/903 896/1696/896
f 890/1691/890 909/1706/909 898/1698/898
f 900/1695/900 901/2215/901 904/1707/904
vt 0.5132219 0.5513558
f 905/2216/905 901/2215/901 902/1703/902
f 902/1704/902 906/1709/906 905/1729/905
f 896/1696/896 903/1705/903 907/1708/907
f 903/1705/903 897/1699/897 908/1710/908
f 898/1698/898 909/1706/909 918/1725/918
f 909/1706/909 899/1700/899 910/1726/910
f 899/1700/899 892/1692/892 910/1726/910
f 910/1726/910 892/1692/892 911/1724/911
f 892/1692/892 916/1701/916 911/1724/911
f 563/2071/563 796/1561/796 794/2069/794
f 568/1127/568 814/1563/814 567/1562/567
f 503/1226/503 814/1563/814 568/1127/568
f 570/2050/570 818/1228/818 569/1225/569
f 582/1187/582 581/1189/581 820/1576/820
f 581/1189/581 539/1182/539 821/1714/821
f 821/1714/821 539/1182/539 822/1715/822
vt 0.4409056 0.5243372
f 822/2217/822 913/1887/913 830/2196/830
f 538/1241/538 580/1240/580 822/2217/822
f 911/1724/911 916/1701/916 917/1844/917
f 898/1698/898 918/1725/918 908/1710/908
f 909/1706/909 910/1726/910 918/1725/918
f 903/1705/903 919/1727/919 907/1708/907
vt 0.5186620 0.5577625
vt 0.5155982 0.5593118
vt 0.5159278 0.5563082
f 907/2218/907 919/2219/919 1123/2220/1123
vt 0.5150066 0.5153966
f 906/1709/906 907/1708/907 1123/2221/1123
f 901/2215/901 1096/2013/1096 904/1707/904
f 901/2215/901 905/2216/905 1096/2013/1096
f 809/1733/809 869/1694/869 893/1693/893
f 769/1732/769 861/2207/861 869/1694/869
f 735/1450/735 851/2202/851 860/1555/860
f 735/1450/735 846/1539/846 851/2202/851
f 797/1537/797 831/1580/831 799/1735/799
vt 0.4516181 0.4655061
f 924/1248/924 923/1737/923 922/2222/922
f 1013/1748/1013 929/1747/929 928/1754/928
vt 0.4672227 0.4424737
f 573/1232/573 931/1749/931 929/2223/929
f 932/1229/932 933/1348/933 931/1749/931
f 934/1751/934 922/1750/922 921/1756/921
f 923/1757/923 921/1756/921 922/1750/922
vt 0.4657443 0.4582980
f 923/1737/923 925/1736/925 935/2224/935
vt 0.4612094 0.5013288
f 936/1753/936 925/2225/925 926/1742/926
vt 0.4647129 0.4500609
f 935/2224/935 925/1736/925 936/2226/936
vt 0.4600586 0.4453998
vt 0.4658356 0.4435886
f 936/2226/936 927/2227/927 937/2228/937
vt 0.4681878 0.4462265
f 936/2226/936 937/2228/937 941/2229/941
vt 0.4748692 0.4734109
vt 0.4725911 0.4771335
f 929/1747/929 931/2230/931 938/2231/938
vt 0.4686305 0.4518286
f 935/2224/935 936/2226/936 949/2232/949
vt 0.4718282 0.4462884
f 936/2226/936 941/2229/941 949/2233/949
f 942/1762/942 937/1761/937 928/1754/928
f 943/1767/943 928/1754/928 929/1747/929
vt 0.4795359 0.4392464
vt 0.4700348 0.4375468
vt 0.4730415 0.4397714
f 943/2234/943 929/2235/929 938/2236/938
f 945/1776/945 931/1749/931 933/1348/933
f 921/1756/921 946/1768/946 934/1751/934
vt 0.4592666 0.4704725
vt 0.4645118 0.4664232
vt 0.4646657 0.4700479
f 921/2237/921 939/2238/939 946/2239/946
f 923/1757/923 948/1774/948 940/1759/940
f 935/2224/935 949/2232/949 947/1784/947
f 942/1762/942 943/1767/943 954/1778/954
vt 0.4653633 0.4713141
vt 0.4707355 0.4656533
f 946/2240/946 939/2238/939 952/2241/952
vt 0.4464761 0.5052243
vt 0.4447104 0.4994102
vt 0.4428951 0.5053544
f 949/2242/949 941/2243/941 950/2244/950
vt 0.4513202 0.5123181
f 949/2242/949 950/1789/950 947/2245/947
vt 0.4367337 0.5013315
f 950/2244/950 941/2243/941 953/2246/953
vt 0.4890186 0.4430794
vt 0.4933999 0.4357882
f 943/2234/943 944/2247/944 955/2248/955
f 945/1776/945 657/1349/657 944/1764/944
f 958/1805/958 952/1777/952 947/1773/947
f 953/1779/953 954/1778/954 963/1796/963
f 954/1778/954 955/1780/955 973/1795/973
vt 0.4971799 0.4926515
f 955/1780/955 965/2249/965 973/1795/973
vt 0.4921678 0.4792203
vt 0.4979665 0.4815969
f 955/1780/955 944/2250/944 961/2251/961
vt 0.4987105 0.4413548
f 944/1764/944 657/1349/657 961/2252/961
vt 0.4733023 0.4677779
f 946/2240/946 952/2241/952 956/2253/956
f 952/1777/952 970/1804/970 956/1782/956
f 959/1797/959 960/1790/960 962/1818/962
f 973/1795/973 965/2249/965 964/1822/964
vt 0.5013671 0.4366303
f 966/2254/966 955/2248/955 961/2252/961
f 966/1813/966 965/2249/965 955/1780/955
f 970/1804/970 968/1802/968 956/1782/956
vt 0.4724131 0.4731364
f 957/2255/957 967/1824/967 875/1673/875
vt 0.4792069 0.4653167
f 957/2255/957 968/2256/968 967/1824/967
f 960/1790/960 971/1816/971 962/1818/962
vt 0.4404687 0.5161761
f 960/1790/960 963/2257/963 971/1816/971
f 973/1795/973 974/1820/974 972/1811/972
f 973/1795/973 964/1822/964 974/1820/974
f 965/2249/965 966/1813/966 975/1815/975
vt 0.5015725 0.4419369
vt 0.5036672 0.4419417
vt 0.5042370 0.4430928
f 964/2258/964 965/2259/965 976/2260/976
vt 0.5082308 0.4967766
f 965/2249/965 975/1815/975 976/2261/976
vt 0.5034162 0.4379228
f 966/2262/966 961/2252/961 1015/1868/1015
vt 0.4565654 0.5314331
vt 0.4595625 0.5313726
f 970/1806/970 977/2263/977 969/2264/969
f 972/1811/972 979/1821/979 971/1812/971
f 980/1823/980 964/1822/964 976/2261/976
f 976/2261/976 975/1815/975 986/1837/986
vt 0.4889898 0.5373592
vt 0.4842062 0.5357904
vt 0.4881386 0.5359905
f 982/2265/982 967/2266/967 983/2267/983
f 968/2256/968 969/1827/969 983/1829/983
f 967/1824/967 968/2256/968 983/1829/983
f 985/1832/985 971/1812/971 979/1821/979
f 986/1837/986 980/1823/980 976/2261/976
f 988/1842/988 984/1830/984 994/1838/994
f 983/1829/983 984/1830/984 988/1842/988
vt 0.5063638 0.4470210
f 978/1831/978 989/2268/989 994/1838/994
vt 0.5074909 0.5306570
f 985/1832/985 989/2269/989 978/1833/978
f 985/1832/985 979/1821/979 990/1834/990
f 986/1837/986 991/1839/991 980/1823/980
f 982/1825/982 992/1841/992 916/1701/916
vt 0.4920113 0.5368298
vt 0.4958602 0.5373696
f 983/2270/983 993/2271/993 982/2265/982
f 983/1829/983 988/1842/988 993/1840/993
f 990/1834/990 996/1843/996 985/1832/985
f 989/2269/989 985/1832/985 996/1843/996
f 998/1853/998 993/1840/993 994/1838/994
f 989/2268/989 999/1854/999 994/1838/994
vt 0.4475523 0.5324154
vt 0.4531258 0.5302363
vt 0.4489347 0.5329851
f 989/2272/989 1000/2273/1000 995/2274/995
vt 0.5147348 0.4545586
f 999/1854/999 989/2268/989 995/2275/995
f 996/1843/996 1000/1880/1000 989/2269/989
f 996/1846/996 1001/1848/1001 1000/2273/1000
vt 0.5232707 0.5097906
f 991/1839/991 997/2276/997 996/1843/996
f 1007/1858/1007 997/1851/997 1008/1850/1008
f 991/1839/991 1002/1852/1002 997/2276/997
f 917/1844/917 992/1841/992 1004/1845/1004
f 998/1853/998 999/1854/999 1020/1883/1020
vt 0.5209051 0.5210623
vt 0.5212189 0.5292818
f 1000/1880/1000 1001/2277/1001 1005/2278/1005
f 1002/1852/1002 1003/1872/1003 1009/1859/1009
f 537/1242/537 1010/1752/1010 580/1240/580
f 1010/1752/1010 1011/1243/1011 922/1750/922
vt 0.4493780 0.5052829
f 1011/1243/1011 924/2279/924 922/1750/922
vt 0.4501602 0.5034809
vt 0.4491916 0.4960408
vt 0.4556585 0.5020124
f 924/2280/924 585/2281/585 925/2282/925
vt 0.4562372 0.4965707
vt 0.4512903 0.4939760
f 585/2283/585 1012/2284/1012 926/1742/926
f 576/1213/576 575/1235/575 1012/1740/1012
f 576/1213/576 1012/1740/1012 585/1250/585
vt 0.4580750 0.4750570
f 574/2285/574 930/1746/930 1013/1748/1013
f 932/1229/932 620/1311/620 933/1348/933
vt 0.4887378 0.4733516
vt 0.4943233 0.4729383
f 945/2286/945 656/1866/656 657/2287/657
f 961/2252/961 657/1349/657 1014/1869/1014
f 961/2252/961 1014/1869/1014 1015/1868/1015
f 1016/1870/1016 1014/1869/1014 649/1344/649
f 646/2089/646 647/1871/647 1016/1835/1016
f 645/1342/645 1017/1876/1017 1009/1875/1009
f 1008/1860/1008 1032/1895/1032 1007/2025/1007
vt 0.5269585 0.5162541
f 1006/2288/1006 1007/2025/1007 1116/1897/1116
vt 0.4573459 0.5228914
vt 0.4608002 0.5230751
f 1005/1856/1005 1006/2289/1006 1018/2290/1018
vt 0.4616575 0.5277263
f 1005/1856/1005 1018/2290/1018 1027/2291/1027
vt 0.5172114 0.5386854
f 995/2292/995 1000/1880/1000 1019/1882/1019
vt 0.5224443 0.4626789
f 995/2275/995 1019/2293/1019 1020/1883/1020
f 999/1854/999 995/2275/995 1020/1883/1020
f 1004/1845/1004 998/1853/998 1021/1884/1021
f 875/1673/875 967/1824/967 981/1826/981
f 915/1684/915 875/1673/875 981/1826/981
f 957/2255/957 875/1673/875 914/1631/914
f 914/1721/914 845/1723/845 951/1886/951
vt 0.4530287 0.4782174
vt 0.4574646 0.4747785
vt 0.4627547 0.4754747
f 913/2294/913 934/2295/934 951/2296/951
f 1010/1752/1010 934/1751/934 913/1887/913
vt 0.5154039 0.4770416
f 1022/2297/1022 1037/1903/1037 1024/1888/1024
f 1022/2297/1022 1115/1885/1115 1037/1903/1037
f 1028/1894/1028 1030/2024/1030 1029/1920/1029
f 1030/2024/1030 1116/1897/1116 1031/1896/1031
vt 0.5411130 0.5012589
vt 0.5437029 0.4948611
f 1035/1911/1035 1033/2298/1033 1017/2299/1017
f 918/1725/918 1023/1889/1023 1036/1900/1036
f 1024/1888/1024 1037/1903/1037 1036/1900/1036
f 1039/1907/1039 1025/1892/1025 1026/1891/1026
f 1115/1885/1115 1025/1901/1025 1037/1903/1037
f 1030/2024/1030 1031/1896/1031 1047/1923/1047
f 1033/2298/1033 1035/1911/1035 1032/1895/1032
f 1037/1903/1037 1040/1913/1040 1036/1900/1036
vt 0.4837452 0.5503568
f 1038/1905/1038 1042/2300/1042 1041/1924/1041
vt 0.5291486 0.4921442
f 1041/1912/1041 1042/1937/1042 1043/2301/1043
vt 0.4827071 0.5448187
vt 0.4873914 0.5459954
f 1044/2302/1044 1042/2303/1042 1038/1905/1038
f 1050/1940/1050 1044/1914/1044 1045/1916/1045
f 1029/1920/1029 1047/1923/1047 1046/1921/1046
f 1029/1920/1029 1030/2024/1030 1047/1923/1047
vt 0.5161351 0.4992542
f 1036/1900/1036 1049/2304/1049 1124/2041/1124
f 1040/1913/1040 1049/2304/1049 1036/1900/1036
f 1044/1914/1044 1050/1940/1050 1042/1937/1042
vt 0.5376841 0.4867066
f 1042/1937/1042 1050/1940/1050 1051/2305/1051
f 1047/1923/1047 1053/1922/1053 1052/1928/1052
f 1053/1948/1053 1060/1945/1060 1052/1947/1052
f 1035/1899/1035 1054/1929/1054 1053/1948/1053
vt 0.5015107 0.5531161
f 1049/2306/1049 1055/1935/1055 919/2040/919
f 1040/1926/1040 1055/1935/1055 1049/2306/1049
f 1043/2301/1043 1042/1937/1042 1057/1939/1057
vt 0.4907889 0.5402470
f 1042/2303/1042 1051/1927/1051 1058/2307/1058
vt 0.5461444 0.4869857
f 1046/1944/1046 1059/1943/1059 1051/2308/1051
f 1060/1945/1060 1054/1929/1054 1061/1950/1061
f 1048/1930/1048 1062/1949/1062 1054/1929/1054
f 1062/1949/1062 1048/1930/1048 1064/1957/1064
vt 0.5273951 0.4994016
vt 0.5300256 0.5056152
f 1056/2309/1056 1057/1939/1057 1065/2310/1065
f 1057/1939/1057 1058/1938/1058 1066/1954/1066
f 1058/1938/1058 1051/2308/1051 1067/1953/1067
f 1051/2308/1051 1059/1943/1059 1067/1953/1067
f 1067/1953/1067 1059/1943/1059 1071/1962/1071
vt 0.5132423 0.5497165
f 1055/1935/1055 1068/2311/1068 1123/2037/1123
vt 0.5279526 0.5023940
f 1056/2312/1056 1065/2310/1065 1076/1958/1076
vt 0.5012694 0.5389531
vt 0.5070576 0.5347418
vt 0.5064817 0.5382209
f 1057/2313/1057 1070/2314/1070 1069/2315/1069
f 1065/2310/1065 1057/1939/1057 1069/1971/1069
f 1060/1945/1060 1073/1956/1073 1059/1946/1059
f 1064/1957/1064 1075/2026/1075 1063/1955/1063
f 1076/1965/1076 1065/2310/1065 1078/1966/1078
f 1069/1971/1069 1079/1970/1079 1065/2310/1065
f 1081/1967/1081 1071/1962/1071 1072/1963/1072
f 1072/1964/1072 1073/1956/1073 1077/1969/1077
f 1063/1955/1063 1075/2026/1075 1074/1968/1074
f 1063/1955/1063 1074/1968/1074 1061/1950/1061
f 1061/1950/1061 1074/1968/1074 1073/1956/1073
vt 0.5171290 0.5221135
f 1122/2316/1122 1068/1959/1068 1078/1966/1078
f 1065/2310/1065 1079/1970/1079 1078/1966/1078
vt 0.5053100 0.5304283
vt 0.5102308 0.5310558
f 1070/2314/1070 1081/2317/1081 1080/2318/1080
f 1072/1963/1072 1088/1980/1088 1081/1967/1081
f 1072/1964/1072 1077/1969/1077 1082/1982/1082
f 1084/1984/1084 1083/1981/1083 1074/1968/1074
f 1077/1969/1077 1074/1968/1074 1083/1981/1083
f 1075/2026/1075 1084/1984/1084 1074/1968/1074
f 1075/2026/1075 720/1419/720 1084/1984/1084
f 920/1974/920 1078/1973/1078 1085/1997/1085
f 1079/1978/1079 1070/2314/1070 1080/1976/1080
f 1084/1984/1084 1095/1983/1095 1083/1981/1083
vt 0.5203287 0.5370960
f 1078/1973/1078 1086/2319/1086 1085/1997/1085
f 1087/1989/1087 1080/1992/1080 1090/1993/1090
vt 0.5118088 0.5265792
vt 0.5148103 0.5243263
vt 0.5170808 0.5253075
f 1081/2320/1081 1088/2321/1088 1091/2322/1091
f 1082/1979/1082 1100/2006/1100 1088/1980/1088
f 1083/1981/1083 1094/1996/1094 1092/1994/1092
f 1088/1980/1088 1100/2006/1100 1091/1991/1091
f 1095/1983/1095 1102/2027/1102 1107/2019/1107
f 1095/1983/1095 1107/2019/1107 1094/1996/1094
f 1089/1988/1089 1103/2015/1103 1096/2013/1096
f 1089/1988/1089 1097/1990/1097 1104/1547/1104
f 1097/1990/1097 1090/1993/1090 1105/2008/1105
f 1091/1991/1091 1099/2004/1099 1090/1993/1090
f 1091/1991/1091 1100/2006/1100 1098/2003/1098
vt 0.5602337 0.5367560
f 1100/2006/1100 1093/2005/1093 1112/2323/1112
f 1108/2021/1108 1101/2007/1101 1107/2019/1107
f 1094/1996/1094 1107/2019/1107 1101/2007/1101
f 1102/2027/1102 1109/1416/1109 1107/2019/1107
f 1107/2019/1107 1109/1416/1109 1114/2022/1114
f 1110/2034/1110 1096/2013/1096 802/1485/802
f 1096/2013/1096 1103/2015/1103 803/1490/803
f 1098/2003/1098 1112/2323/1112 807/2017/807
f 1093/1995/1093 1113/2018/1113 1112/2011/1112
f 1021/1884/1021 1022/2297/1022 1024/1888/1024
f 1021/1884/1021 1115/1885/1115 1022/2297/1022
f 1020/1883/1020 1019/2293/1019 1115/1885/1115
f 1115/1885/1115 1019/2293/1019 1025/1901/1025
f 1026/1891/1026 1019/1882/1019 1027/1893/1027
f 1027/1893/1027 1018/2023/1018 1028/1894/1028
vt 0.5277841 0.5207000
f 1006/2288/1006 1116/1897/1116 1018/2324/1018
vt 0.4582254 0.5009993
vt 0.4578419 0.5037925
f 1008/1879/1008 1033/2325/1033 1032/2326/1032
vt 0.4561139 0.4966034
f 1009/2327/1009 1017/1876/1017 1033/1878/1033
vt 0.5417957 0.4637150
vt 0.5403932 0.4631710
vt 0.5396536 0.4645812
f 1117/2328/1117 1017/2329/1017 725/2330/725
f 1117/1441/1117 1118/1442/1118 1048/1930/1048
f 720/1419/720 719/1417/719 1095/1983/1095
f 1095/1983/1095 719/1417/719 718/1365/718
f 1095/1983/1095 718/1365/718 1102/2027/1102
f 1109/1416/1109 716/2130/716 1114/2022/1114
f 674/1367/674 716/2130/716 1109/1416/1109
f 1114/2022/1114 811/2177/811 1119/2020/1119
vt 0.5607666 0.5165507
vt 0.5660248 0.5123432
f 1120/1558/1120 1112/2331/1112 1113/2332/1113
f 1101/2007/1101 1119/2020/1119 1113/2018/1113
f 1101/2007/1101 1108/2021/1108 1119/2020/1119
f 1113/2332/1113 1119/1557/1119 1120/1558/1120
f 1112/2331/1112 1120/1558/1120 812/1559/812
f 1112/2331/1112 812/1559/812 807/1551/807
vt 0.5520153 0.5427426
f 1111/2016/1111 807/2333/807 806/1548/806
f 1103/2015/1103 1104/1547/1104 804/2032/804
vt 0.5205729 0.5439012
f 1121/2334/1121 904/1707/904 1110/2034/1110
f 1122/2316/1122 920/1728/920 906/1709/906
vt 0.5205112 0.5494933
f 1123/2037/1123 1068/2311/1068 1122/2335/1122
f 1124/2041/1124 1049/2304/1049 919/1727/919
f 1124/2041/1124 919/1727/919 908/1710/908
f 911/1724/911 1023/1889/1023 918/1725/918
vt 0.0000000 0.0000000
f 1125/2336/1125 1126/2336/1126 1127/2336/1127
f 1128/2336/1128 1126/2336/1126 1129/2336/1129
f 1130/2336/1130 1131/2336/1131 1132/2336/1132
f 1133/2336/1133 1134/2336/1134 1135/2336/1135
f 1136/2336/1136 1137/2336/1137 1138/2336/1138
f 1139/2336/1139 1140/2336/1140 1141/2336/1141
f 1142/2336/1142 1143/2336/1143 1144/2336/1144
f 1145/2336/1145 1146/2336/1146 1147/2336/1147
f 1148/2336/1148 1149/2336/1149 1150/2336/1150
f 1151/2336/1151 1152/2336/1152 1153/2336/1153
f 1154/2336/1154 1141/2336/1141 1133/2336/1133
f 1155/2336/1155 1156/2336/1156 1145/2336/1145
f 1157/2336/1157 1158/2336/1158 1159/2336/1159
f 1156/2336/1156 1146/2336/1146 1145/2336/1145
f 1160/2336/1160 1134/2336/1134 1161/2336/1161
f 1145/2336/1145 1147/2336/1147 1162/2336/1162
f 1163/2336/1163 1164/2336/1164 1144/2336/1144
f 1165/2336/1165 1166/2336/1166 1155/2336/1155
f 1167/2336/1167 1152/2336/1152 1168/2336/1168
f 1127/2336/1127 1168/2336/1168 1169/2336/1169
f 1149/2336/1149 1170/2336/1170 1171/2336/1171
f 1141/2336/1141 1172/2336/1172 1134/2336/1134
f 1173/2336/1173 1174/2336/1174 1169/2336/1169
f 1158/2336/1158 1175/2336/1175 1131/2336/1131
f 1149/2336/1149 1139/2336/1139 1154/2336/1154
f 1176/2336/1176 1130/2336/1130 1132/2336/1132
f 1135/2336/1135 1134/2336/1134 1160/2336/1160
f 1168/2336/1168 1128/2336/1128 1167/2336/1167
f 1154/2336/1154 1144/2336/1144 1149/2336/1149
f 1177/2336/1177 1156/2336/1156 1155/2336/1155
f 1178/2336/1178 1134/2336/1134 1172/2336/1172
f 1158/2336/1158 1131/2336/1131 1179/2336/1179
f 1139/2336/1139 1141/2336/1141 1154/2336/1154
f 1144/2336/1144 1180/2336/1180 1142/2336/1142
f 1157/2336/1157 1181/2336/1181 1182/2336/1182
f 1183/2336/1183 1184/2336/1184 1185/2336/1185
f 1178/2336/1178 1181/2336/1181 1161/2336/1161
f 1186/2336/1186 1159/2336/1159 1158/2336/1158
f 1187/2336/1187 1188/2336/1188 1138/2336/1138
f 1154/2336/1154 1133/2336/1133 1180/2336/1180
f 1164/2336/1164 1189/2336/1189 1190/2336/1190
f 1191/2336/1191 1192/2336/1192 1152/2336/1152
f 1150/2336/1150 1193/2336/1193 1191/2336/1191
f 1166/2336/1166 1194/2336/1194 1155/2336/1155
f 1166/2336/1166 1195/2336/1195 1196/2336/1196
f 1136/2336/1136 1165/2336/1165 1137/2336/1137
f 1136/2336/1136 1197/2336/1197 1195/2336/1195
f 1188/2336/1188 1198/2336/1198 1138/2336/1138
f 1188/2336/1188 1199/2336/1199 1197/2336/1197
f 1200/2336/1200 1187/2336/1187 1125/2336/1125
f 1201/2336/1201 1199/2336/1199 1200/2336/1200
f 1202/2336/1202 1201/2336/1201 1127/2336/1127
f 1203/2336/1203 1204/2336/1204 1202/2336/1202
f 1174/2336/1174 1203/2336/1203 1169/2336/1169
f 1174/2336/1174 1205/2336/1205 1206/2336/1206
f 1207/2336/1207 1173/2336/1173 1208/2336/1208
f 1209/2336/1209 1205/2336/1205 1207/2336/1207
f 1210/2336/1210 1209/2336/1209 1143/2336/1143
f 1194/2336/1194 1211/2336/1211 1210/2336/1210
f 1196/2336/1196 1197/2336/1197 1206/2336/1206
f 1209/2336/1209 1207/2336/1207 1208/2336/1208
f 1126/2336/1126 1168/2336/1168 1127/2336/1127
f 1127/2336/1127 1201/2336/1201 1200/2336/1200
f 1200/2336/1200 1125/2336/1125 1127/2336/1127
f 1145/2336/1145 1162/2336/1162 1137/2336/1137
f 1162/2336/1162 1138/2336/1138 1137/2336/1137
f 1138/2336/1138 1198/2336/1198 1136/2336/1136
f 1158/2336/1158 1151/2336/1151 1186/2336/1186
f 1145/2336/1145 1137/2336/1137 1155/2336/1155
f 1137/2336/1137 1165/2336/1165 1155/2336/1155
f 1212/2336/1212 1213/2336/1213 1168/2336/1168
f 1169/2336/1169 1203/2336/1203 1202/2336/1202
f 1202/2336/1202 1127/2336/1127 1169/2336/1169
f 1192/2336/1192 1190/2336/1190 1212/2336/1212
f 1144/2336/1144 1208/2336/1208 1169/2336/1169
f 1208/2336/1208 1173/2336/1173 1169/2336/1169
f 1138/2336/1138 1162/2336/1162 1125/2336/1125
f 1162/2336/1162 1126/2336/1126 1125/2336/1125
f 1125/2336/1125 1187/2336/1187 1138/2336/1138
f 1147/2336/1147 1126/2336/1126 1162/2336/1162
f 1155/2336/1155 1194/2336/1194 1210/2336/1210
f 1210/2336/1210 1143/2336/1143 1155/2336/1155
f 1166/2336/1166 1196/2336/1196 1194/2336/1194
f 1166/2336/1166 1165/2336/1165 1195/2336/1195
f 1136/2336/1136 1195/2336/1195 1165/2336/1165
f 1136/2336/1136 1198/2336/1198 1197/2336/1197
f 1188/2336/1188 1197/2336/1197 1198/2336/1198
f 1188/2336/1188 1187/2336/1187 1199/2336/1199
f 1200/2336/1200 1199/2336/1199 1187/2336/1187
f 1201/2336/1201 1204/2336/1204 1199/2336/1199
f 1202/2336/1202 1204/2336/1204 1201/2336/1201
f 1203/2336/1203 1206/2336/1206 1204/2336/1204
f 1174/2336/1174 1206/2336/1206 1203/2336/1203
f 1174/2336/1174 1173/2336/1173 1205/2336/1205
f 1207/2336/1207 1205/2336/1205 1173/2336/1173
f 1209/2336/1209 1211/2336/1211 1205/2336/1205
f 1210/2336/1210 1211/2336/1211 1209/2336/1209
f 1194/2336/1194 1196/2336/1196 1211/2336/1211
f 1196/2336/1196 1195/2336/1195 1197/2336/1197
f 1197/2336/1197 1199/2336/1199 1204/2336/1204
f 1204/2336/1204 1206/2336/1206 1197/2336/1197
f 1206/2336/1206 1205/2336/1205 1196/2336/1196
f 1205/2336/1205 1211/2336/1211 1196/2336/1196
f 1208/2336/1208 1144/2336/1144 1143/2336/1143
f 1143/2336/1143 1177/2336/1177 1155/2336/1155
f 1143/2336/1143 1209/2336/1209 1208/2336/1208
f 1214/2336/1214 1215/2336/1215 1213/2336/1213
f 1216/2336/1216 1214/2336/1214 1212/2336/1212
f 1189/2336/1189 1216/2336/1216 1190/2336/1190
f 1217/2336/1217 1189/2336/1189 1164/2336/1164
f 1215/2336/1215 1217/2336/1217 1163/2336/1163
f 1213/2336/1213 1215/2336/1215 1163/2336/1163
f 1218/2336/1218 1219/2336/1219 1170/2336/1170
f 1220/2336/1220 1218/2336/1218 1221/2336/1221
f 1222/2336/1222 1220/2336/1220 1192/2336/1192
f 1193/2336/1193 1222/2336/1222 1191/2336/1191
f 1223/2336/1223 1193/2336/1193 1150/2336/1150
f 1219/2336/1219 1223/2336/1223 1171/2336/1171
f 1171/2336/1171 1223/2336/1223 1150/2336/1150
f 1144/2336/1144 1169/2336/1169 1163/2336/1163
f 1163/2336/1163 1217/2336/1217 1164/2336/1164
f 1144/2336/1144 1170/2336/1170 1149/2336/1149
f 1170/2336/1170 1219/2336/1219 1171/2336/1171
f 1190/2336/1190 1221/2336/1221 1170/2336/1170
f 1221/2336/1221 1218/2336/1218 1170/2336/1170
f 1170/2336/1170 1144/2336/1144 1190/2336/1190
f 1144/2336/1144 1164/2336/1164 1190/2336/1190
f 1152/2336/1152 1179/2336/1179 1191/2336/1191
f 1191/2336/1191 1222/2336/1222 1192/2336/1192
f 1191/2336/1191 1179/2336/1179 1150/2336/1150
f 1224/2336/1224 1131/2336/1131 1225/2336/1225
f 1168/2336/1168 1152/2336/1152 1212/2336/1212
f 1212/2336/1212 1214/2336/1214 1213/2336/1213
f 1212/2336/1212 1152/2336/1152 1192/2336/1192
f 1192/2336/1192 1220/2336/1220 1221/2336/1221
f 1221/2336/1221 1190/2336/1190 1192/2336/1192
f 1190/2336/1190 1216/2336/1216 1212/2336/1212
f 1214/2336/1214 1226/2336/1226 1215/2336/1215
f 1216/2336/1216 1226/2336/1226 1214/2336/1214
f 1189/2336/1189 1226/2336/1226 1216/2336/1216
f 1217/2336/1217 1226/2336/1226 1189/2336/1189
f 1215/2336/1215 1226/2336/1226 1217/2336/1217
f 1169/2336/1169 1168/2336/1168 1163/2336/1163
f 1168/2336/1168 1213/2336/1213 1163/2336/1163
f 1218/2336/1218 1227/2336/1227 1219/2336/1219
f 1220/2336/1220 1227/2336/1227 1218/2336/1218
f 1222/2336/1222 1227/2336/1227 1220/2336/1220
f 1193/2336/1193 1227/2336/1227 1222/2336/1222
f 1223/2336/1223 1227/2336/1227 1193/2336/1193
f 1219/2336/1219 1227/2336/1227 1223/2336/1223
f 1224/2336/1224 1150/2336/1150 1179/2336/1179
f 1149/2336/1149 1171/2336/1171 1150/2336/1150
f 1228/2336/1228 1229/2336/1229 1142/2336/1142
f 1153/2336/1153 1167/2336/1167 1230/2336/1230
f 1181/2336/1181 1231/2336/1231 1232/2336/1232
f 1232/2336/1232 1233/2336/1233 1234/2336/1234
f 1234/2336/1234 1129/2336/1129 1147/2336/1147
f 1160/2336/1160 1235/2336/1235 1135/2336/1135
f 1235/2336/1235 1236/2336/1236 1228/2336/1228
f 1228/2336/1228 1156/2336/1156 1177/2336/1177
f 1181/2336/1181 1237/2336/1237 1161/2336/1161
f 1232/2336/1232 1238/2336/1238 1237/2336/1237
f 1234/2336/1234 1146/2336/1146 1238/2336/1238
f 1186/2336/1186 1231/2336/1231 1159/2336/1159
f 1230/2336/1230 1233/2336/1233 1231/2336/1231
f 1233/2336/1233 1128/2336/1128 1129/2336/1129
f 1156/2336/1156 1238/2336/1238 1146/2336/1146
f 1236/2336/1236 1237/2336/1237 1238/2336/1238
f 1239/2336/1239 1161/2336/1161 1237/2336/1237
f 1147/2336/1147 1129/2336/1129 1126/2336/1126
f 1240/2336/1240 1132/2336/1132 1241/2336/1241
f 1142/2336/1142 1229/2336/1229 1143/2336/1143
f 1151/2336/1151 1179/2336/1179 1152/2336/1152
f 1167/2336/1167 1153/2336/1153 1152/2336/1152
f 1168/2336/1168 1126/2336/1126 1128/2336/1128
f 1144/2336/1144 1154/2336/1154 1180/2336/1180
f 1242/2336/1242 1132/2336/1132 1240/2336/1240
f 1158/2336/1158 1179/2336/1179 1151/2336/1151
f 1143/2336/1143 1229/2336/1229 1177/2336/1177
f 1133/2336/1133 1135/2336/1135 1235/2336/1235
f 1228/2336/1228 1177/2336/1177 1229/2336/1229
f 1133/2336/1133 1235/2336/1235 1180/2336/1180
f 1235/2336/1235 1228/2336/1228 1142/2336/1142
f 1180/2336/1180 1235/2336/1235 1142/2336/1142
f 1167/2336/1167 1128/2336/1128 1243/2336/1243
f 1230/2336/1230 1186/2336/1186 1151/2336/1151
f 1167/2336/1167 1243/2336/1243 1230/2336/1230
f 1151/2336/1151 1153/2336/1153 1230/2336/1230
f 1181/2336/1181 1159/2336/1159 1231/2336/1231
f 1232/2336/1232 1231/2336/1231 1233/2336/1233
f 1234/2336/1234 1233/2336/1233 1129/2336/1129
f 1160/2336/1160 1239/2336/1239 1235/2336/1235
f 1235/2336/1235 1239/2336/1239 1236/2336/1236
f 1228/2336/1228 1236/2336/1236 1156/2336/1156
f 1181/2336/1181 1232/2336/1232 1237/2336/1237
f 1232/2336/1232 1234/2336/1234 1238/2336/1238
f 1234/2336/1234 1147/2336/1147 1146/2336/1146
f 1186/2336/1186 1230/2336/1230 1231/2336/1231
f 1230/2336/1230 1243/2336/1243 1233/2336/1233
f 1233/2336/1233 1243/2336/1243 1128/2336/1128
f 1156/2336/1156 1236/2336/1236 1238/2336/1238
f 1236/2336/1236 1239/2336/1239 1237/2336/1237
f 1239/2336/1239 1160/2336/1160 1161/2336/1161
f 1224/2336/1224 1225/2336/1225 1244/2336/1244
f 1176/2336/1176 1245/2336/1245 1130/2336/1130
f 1183/2336/1183 1244/2336/1244 1245/2336/1245
f 1246/2336/1246 1247/2336/1247 1244/2336/1244
f 1149/2336/1149 1247/2336/1247 1248/2336/1248
f 1130/2336/1130 1225/2336/1225 1131/2336/1131
f 1183/2336/1183 1140/2336/1140 1139/2336/1139
f 1148/2336/1148 1247/2336/1247 1149/2336/1149
f 1131/2336/1131 1241/2336/1241 1132/2336/1132
f 1149/2336/1149 1248/2336/1248 1139/2336/1139
f 1224/2336/1224 1179/2336/1179 1131/2336/1131
f 1224/2336/1224 1148/2336/1148 1150/2336/1150
f 1139/2336/1139 1248/2336/1248 1246/2336/1246
f 1242/2336/1242 1176/2336/1176 1132/2336/1132
f 1139/2336/1139 1246/2336/1246 1183/2336/1183
f 1225/2336/1225 1130/2336/1130 1245/2336/1245
f 1244/2336/1244 1247/2336/1247 1148/2336/1148
f 1225/2336/1225 1245/2336/1245 1244/2336/1244
f 1148/2336/1148 1224/2336/1224 1244/2336/1244
f 1176/2336/1176 1183/2336/1183 1245/2336/1245
f 1183/2336/1183 1246/2336/1246 1244/2336/1244
f 1246/2336/1246 1248/2336/1248 1247/2336/1247
f 1175/2336/1175 1249/2336/1249 1250/2336/1250
f 1185/2336/1185 1184/2336/1184 1251/2336/1251
f 1141/2336/1141 1252/2336/1252 1172/2336/1172
f 1253/2336/1253 1250/2336/1250 1252/2336/1252
f 1254/2336/1254 1241/2336/1241 1250/2336/1250
f 1240/2336/1240 1251/2336/1251 1242/2336/1242
f 1254/2336/1254 1255/2336/1255 1251/2336/1251
f 1253/2336/1253 1140/2336/1140 1255/2336/1255
f 1133/2336/1133 1141/2336/1141 1134/2336/1134
f 1157/2336/1157 1249/2336/1249 1158/2336/1158
f 1158/2336/1158 1249/2336/1249 1175/2336/1175
f 1178/2336/1178 1161/2336/1161 1134/2336/1134
f 1157/2336/1157 1159/2336/1159 1181/2336/1181
f 1183/2336/1183 1176/2336/1176 1184/2336/1184
f 1178/2336/1178 1182/2336/1182 1181/2336/1181
f 1183/2336/1183 1185/2336/1185 1140/2336/1140
f 1131/2336/1131 1175/2336/1175 1241/2336/1241
f 1242/2336/1242 1184/2336/1184 1176/2336/1176
f 1178/2336/1178 1172/2336/1172 1252/2336/1252
f 1250/2336/1250 1241/2336/1241 1175/2336/1175
f 1178/2336/1178 1252/2336/1252 1182/2336/1182
f 1252/2336/1252 1250/2336/1250 1249/2336/1249
f 1157/2336/1157 1252/2336/1252 1249/2336/1249
f 1157/2336/1157 1182/2336/1182 1252/2336/1252
f 1184/2336/1184 1242/2336/1242 1251/2336/1251
f 1251/2336/1251 1255/2336/1255 1185/2336/1185
f 1255/2336/1255 1140/2336/1140 1185/2336/1185
f 1141/2336/1141 1253/2336/1253 1252/2336/1252
f 1253/2336/1253 1254/2336/1254 1250/2336/1250
f 1254/2336/1254 1240/2336/1240 1241/2336/1241
f 1240/2336/1240 1254/2336/1254 1251/2336/1251
f 1254/2336/1254 1253/2336/1253 1255/2336/1255
f 1253/2336/1253 1141/2336/1141 1140/2336/1140
# 2498 faces, 2336 coords texture

# End of File
