####
#
# OBJ File Generated by Meshlab
#
####
# Object rock-7.obj
#
# Vertices: 631
# Faces: 1258
#
####
mtllib ./rock-7.obj.mtl

vn -1.7981274 2.5843534 -4.4653583
v -0.0875850 0.0222023 0.0061129
vn -4.7155800 3.7724555 -1.5447212
v -0.1082955 0.0076100 0.0262953
vn 0.8563871 1.7740872 -5.8480816
v -0.0884098 -0.0040230 -0.0040169
vn 1.4498657 1.6999745 -5.8449078
v -0.0771135 -0.0186487 -0.0037367
vn 0.3690769 0.8711655 -5.8744636
v -0.0756924 -0.0457153 -0.0150846
vn -0.0220797 -0.3040590 -6.0978007
v -0.0814594 -0.0665612 -0.0106579
vn -4.5697470 3.6404200 -2.1431217
v -0.1114860 0.0148554 0.0495891
vn -2.2700198 2.9544826 -3.4395828
v -0.1127027 -0.0033317 -0.0035120
vn -0.0937064 0.4118232 -6.0410600
v -0.0995900 -0.0465108 -0.0157882
vn -4.2449746 3.8959799 -1.8230808
v -0.1164041 0.0366296 0.0831711
vn -4.4035292 4.2157540 -1.4867824
v -0.1397852 -0.0283549 0.0130621
vn -2.4504437 2.0751264 -4.1458745
v -0.1365818 -0.0354326 -0.0096324
vn -1.0603344 -0.3244920 -6.1773400
v -0.1325058 -0.0551176 -0.0100858
vn -0.8681452 0.2003217 -6.1755843
v -0.1304502 -0.0782791 -0.0083051
vn -5.1034398 2.7601891 -1.4652938
v -0.1435707 -0.0037064 0.0740932
vn -4.4036965 4.1068578 -1.5623287
v -0.1263459 -0.0097538 0.0359803
vn -4.9309969 3.5513189 -1.0539466
v -0.1473290 -0.0235998 0.0627141
vn -4.4423141 4.1500449 -1.0357951
v -0.1544648 -0.0317913 0.0436750
vn -4.5523739 3.9146633 -1.6036597
v -0.1635414 -0.0479700 0.0364259
vn -4.4758096 4.1418076 -1.2887700
v -0.1632811 -0.0514047 0.0136607
vn -3.1816700 1.6944920 -3.4803042
v -0.1712882 -0.0668612 -0.0023003
vn -1.9026594 0.0231490 -5.6909547
v -0.1637522 -0.0819313 -0.0057717
vn -4.7857265 3.5819175 -0.5270905
v -0.1529401 -0.0278153 0.0954915
vn 0.6564754 -4.0710034 -4.7073069
v -0.0965443 -0.1906290 -0.0036412
vn -2.7455761 -2.8539944 -3.5108404
v -0.1172635 -0.1897877 -0.0047151
vn -5.5381861 -2.5878551 -1.3439670
v -0.1285041 -0.1798061 0.0196718
vn -5.6409807 -2.2134075 -1.2255800
v -0.1279282 -0.1878763 0.0391316
vn 0.2973573 -1.5308281 -5.4458084
v -0.0711556 -0.1575433 -0.0224667
vn -0.5410538 -1.8466460 -4.9202943
v -0.1005623 -0.1741015 -0.0198905
vn -3.1771510 -1.8562893 -4.4449444
v -0.1328579 -0.1547101 -0.0074487
vn -5.3233938 -3.0720317 -1.2887338
v -0.1490394 -0.1552839 0.0468169
vn -1.2785007 1.0046099 -5.8897123
v -0.0600923 -0.1333001 -0.0190282
vn -1.1686375 0.1908506 -6.1559520
v -0.1061835 -0.1393228 -0.0151222
vn -3.4647002 -1.9462111 -3.4038601
v -0.1484107 -0.1391225 -0.0048573
vn -5.3463821 -3.1224039 -1.0006299
v -0.1501368 -0.1433519 0.0255314
vn -5.1328878 -3.2678041 -1.3616191
v -0.1577916 -0.1356648 0.0412661
vn -0.2882838 0.5694988 -6.2463255
v -0.0863153 -0.1088014 -0.0156144
vn -1.5879864 -0.2106828 -6.0095925
v -0.1405168 -0.1112088 -0.0101784
vn -0.6436601 0.6737938 -6.0988808
v -0.1145795 -0.0984089 -0.0149247
vn -3.8777742 -2.0896575 -3.3558269
v -0.1634738 -0.1160926 0.0001015
vn -0.1004654 0.4172532 -6.2375083
v -0.0952293 -0.0824275 -0.0120935
vn -4.7178407 -3.7267630 -1.4719088
v -0.1781787 -0.1049237 0.0402881
vn -4.2351093 -0.3850473 -2.2202239
v -0.1858148 -0.0878447 0.0090926
vn -3.0157425 -4.0704670 3.6887958
v -0.1691149 -0.1424499 0.1458693
vn -4.2314630 -1.7862870 3.2334774
v -0.1847030 -0.1170726 0.1638729
vn -5.4284520 1.0541645 2.8847034
v -0.1869178 -0.0988896 0.1568484
vn -5.1868591 2.7855456 1.3777119
v -0.1972604 -0.0833146 0.1245424
vn -4.8253441 -0.8309761 0.2047090
v -0.2078420 -0.1095411 0.1204979
vn -5.0751352 3.5611975 0.7625375
v -0.1807061 -0.0626370 0.1198723
vn -5.1407461 3.4348152 -0.4238684
v -0.1627219 -0.0303609 0.1209533
vn -4.6803460 4.0698781 -0.3953114
v -0.1679279 -0.0401410 0.0942386
vn -3.6118338 -3.5187714 0.6901457
v -0.1781952 -0.1569139 0.1258848
vn -4.2405314 -2.2548800 1.3355939
v -0.1992008 -0.1288973 0.1374356
vn -4.9725695 3.7391653 0.3165807
v -0.1823720 -0.0592556 0.1000702
vn -4.7971964 -3.5433691 -1.8707269
v -0.1905245 -0.1230864 0.1083659
vn -5.1211014 -0.0465400 -0.5449950
v -0.2068489 -0.0975906 0.0982905
vn -4.9039001 3.8785594 -0.5905570
v -0.1776803 -0.0565983 0.0711874
vn -5.2346005 3.3920820 -0.4344764
v -0.1935253 -0.0765282 0.0770543
vn -4.0053339 -3.5883422 0.5208816
v -0.1560975 -0.1801839 0.1096945
vn -4.9841585 -2.9823353 -2.0253758
v -0.1599889 -0.1590523 0.0980124
vn -4.6331320 -3.8346033 -1.7504324
v -0.1890614 -0.1142110 0.0780448
vn -4.8606968 -0.6255521 -1.1096303
v -0.2033911 -0.0955063 0.0723493
vn -4.8341279 -3.6554565 -1.5913410
v -0.1758882 -0.1354615 0.0877995
vn -4.7394757 -0.2486819 -1.3889259
v -0.1957904 -0.0881392 0.0423057
vn -4.9965014 3.6312456 -1.0088795
v -0.1810024 -0.0657739 0.0421717
vn -5.3174295 -2.8833728 -1.5558699
v -0.1457207 -0.1675184 0.0662139
vn -4.8297124 -3.4842913 -1.8656578
v -0.1701340 -0.1264520 0.0615783
vn -0.2047236 0.4304747 -6.2155619
v -0.0556489 0.0300183 0.0102215
vn -2.1432097 0.3158364 -5.8047528
v -0.0687072 0.0567467 0.0157865
vn -4.9796152 2.6571989 -2.5422726
v -0.0886163 0.0419936 0.0262720
vn 0.4590801 1.4647211 -5.9630156
v -0.0528411 -0.0000511 0.0074528
vn 0.6334943 2.0924492 -5.7656960
v -0.0539455 -0.0273812 -0.0010368
vn 0.3558207 1.0151086 -5.9261546
v -0.0602652 -0.0536397 -0.0149794
vn -5.7267308 2.0661683 -1.5485075
v -0.0919853 0.0513376 0.0523054
vn -4.7074847 3.2671874 -1.8799036
v -0.1008116 0.0312675 0.0576148
vn -5.2987823 3.3386927 -0.2343235
v -0.1284230 0.0208069 0.1045860
vn -5.3032064 2.9721742 0.1149843
v -0.1428982 0.0027615 0.1051556
vn 1.5888190 -3.6823506 -4.8328209
v -0.0726158 -0.1741587 -0.0097850
vn 1.1283268 -3.5857213 -5.0218806
v -0.0703900 -0.2004408 0.0093733
vn 0.5259777 -4.0427065 -4.7673039
v -0.0879437 -0.2141846 0.0173682
vn -2.9297025 -2.9303839 -2.9043691
v -0.1162560 -0.2216487 0.0227840
vn -5.8264852 -1.8302950 -1.4621838
v -0.1260213 -0.2136986 0.0573815
vn -5.5791316 -2.3545229 -1.6439718
v -0.1408557 -0.1898350 0.0798104
vn 0.9996970 -3.9182808 -4.6882710
v -0.0465014 -0.1640318 -0.0080679
vn -0.8504938 0.6408929 -6.1753807
v -0.0642631 -0.1100797 -0.0169928
vn -0.3462774 0.7960782 -6.1969495
v -0.0457556 -0.0792351 -0.0165708
vn -3.2649496 -4.2698169 3.1477120
v -0.1629105 -0.1272189 0.1690466
vn -5.4932356 2.1399560 2.0012233
v -0.1819187 -0.0732758 0.1501905
vn -5.4125056 2.3853285 1.2959125
v -0.1751567 -0.0544622 0.1522495
vn -5.4322767 3.0900249 0.3048171
v -0.1695691 -0.0458474 0.1329296
vn -5.1679258 3.3024096 -0.5896045
v -0.1475496 -0.0013197 0.1473408
vn -4.5675492 -3.4665904 1.1685961
v -0.1401203 -0.1987835 0.0968149
vn 0.5964086 0.8461647 -6.1264448
v -0.0337875 0.0112031 0.0097125
vn 0.4660059 0.6752124 -5.8067355
v -0.0112730 0.0037366 0.0137934
vn 0.6801559 1.8913209 -5.7661433
v -0.0296255 -0.0120667 0.0010260
vn 0.9344768 1.6249267 -5.9159460
v -0.0055290 -0.0211192 0.0062173
vn 0.4368136 1.0481077 -6.0822573
v 0.0065409 -0.0195749 0.0060111
vn 1.3831902 1.1633900 -5.9758568
v 0.0028767 -0.0394828 0.0037772
vn -0.9468910 0.7521733 -5.7819710
v 0.0324227 -0.0388871 0.0086388
vn -0.1290738 1.7512214 -5.7181640
v 0.0239601 -0.0567790 0.0048608
vn -1.1867701 2.3851030 -5.6650333
v 0.0373947 -0.0667559 -0.0035100
vn 1.3654596 1.3411028 -5.9226413
v -0.0172455 -0.0389908 -0.0032042
vn 0.7357043 1.7396840 -5.9712386
v -0.0371924 -0.0423436 -0.0059912
vn -0.4907566 3.0595422 -5.2504072
v 0.0243022 -0.0787487 -0.0046606
vn 1.4476595 1.4983301 -5.9241853
v -0.0114323 -0.0623289 -0.0063429
vn 0.9948470 1.5390037 -5.9906573
v -0.0353968 -0.0741682 -0.0150091
vn 0.7589047 2.8379266 -5.3395758
v 0.0078776 -0.0796162 -0.0059951
vn 5.6720433 1.1515303 -2.4154055
v 0.1311872 -0.1558918 0.0156742
vn 3.1959672 -0.9859945 -4.0376058
v 0.1265200 -0.1773853 -0.0044487
vn 2.7094948 -1.2621552 -3.6440120
v 0.1321922 -0.1986947 0.0027013
vn -0.5531511 -2.3545911 -5.7731791
v 0.1031953 -0.1817463 -0.0031593
vn -1.0204555 -2.7627432 -5.5459991
v 0.0779719 -0.1894727 0.0047366
vn 1.8042132 -0.1266736 -3.7919135
v 0.1139173 -0.1443628 -0.0191621
vn 2.3308165 -0.4932438 -3.4888208
v 0.1232583 -0.1631565 -0.0131756
vn -0.3606418 -2.4493432 -5.7679114
v 0.0698886 -0.1569769 -0.0092583
vn -0.2397817 -2.3441741 -5.8122358
v 0.0839749 -0.1478758 -0.0130955
vn 5.4482498 1.7496042 -2.5069690
v 0.1162887 -0.1340248 -0.0019591
vn 3.4513724 -0.0600480 -3.6086361
v 0.1069543 -0.1269950 -0.0226837
vn -0.4615589 -2.0042436 -5.8020487
v 0.0985550 -0.1555865 -0.0099349
vn 1.9526920 0.3644858 -3.6638253
v 0.1009212 -0.1174135 -0.0291509
vn 0.0425708 -3.1906254 -5.2705932
v 0.0697682 -0.1298882 -0.0199365
vn -2.4635291 -0.5567968 -4.4020672
v 0.0847405 -0.0994883 -0.0211360
vn 0.0402225 -0.8317552 -5.0928936
v 0.0736919 -0.1196935 -0.0291942
vn -0.0136734 2.5944700 -5.5485959
v 0.0670800 -0.1041274 -0.0199457
vn 0.6616578 -0.2745449 -5.3620381
v 0.0475570 -0.1177782 -0.0308541
vn 0.2406707 -3.4324021 -5.0507503
v -0.0370826 -0.1743643 0.0016936
vn -1.0882421 -2.4540460 -5.5011597
v -0.0325080 -0.1830211 0.0061231
vn -0.6619583 -1.1429178 -5.2679267
v -0.0352215 -0.1383067 -0.0306470
vn 0.3677776 -3.9006019 -4.8655701
v -0.0253481 -0.1494541 -0.0214213
vn -1.7781891 1.2845179 -5.8791995
v -0.0382821 -0.1203637 -0.0251469
vn -0.3410747 1.9186162 -5.8780255
v -0.0303517 -0.0985383 -0.0216426
vn 0.1067545 -3.3672893 -5.2470908
v -0.0132557 -0.1588202 -0.0124659
vn -0.4605624 0.6320945 -5.5785260
v -0.0079890 -0.1198636 -0.0339708
vn 0.8249086 2.5516078 -5.5293579
v -0.0078987 -0.0845927 -0.0110865
vn -0.2590410 -2.7628806 -5.2429638
v -0.0088883 -0.1828939 -0.0035416
vn 0.6844634 -3.1032319 -5.3898253
v -0.0052256 -0.1377246 -0.0263689
vn 0.6113465 -3.0000038 -5.4097967
v 0.0141521 -0.1626116 -0.0072695
vn 0.1065184 0.2139250 -4.5585299
v 0.0130865 -0.1184473 -0.0369869
vn 0.9483294 -2.8572414 -5.4930100
v 0.0179383 -0.1748364 -0.0017419
vn 0.6806514 -3.0522876 -5.4051909
v 0.0268225 -0.1542323 -0.0124930
vn 0.9407731 -3.1468055 -5.2106452
v 0.0222478 -0.1341299 -0.0214587
vn 0.1291855 3.4734569 -5.1946740
v 0.0280733 -0.1032185 -0.0253842
vn 0.2276996 -3.1439400 -5.3806496
v 0.0339421 -0.1976636 0.0157991
vn 0.0171578 -3.0484319 -5.4604864
v 0.0444263 -0.1706215 -0.0003577
vn -0.2025573 2.7633252 -5.5989761
v 0.0510461 -0.0843235 -0.0138057
vn 0.3888831 -2.9039004 -5.5365729
v 0.0443163 -0.1427007 -0.0152403
vn -0.3970594 -0.6581268 -6.2242160
v -0.0383186 0.0324145 0.0082627
vn -1.6342195 1.6478840 -5.6027794
v 0.0575196 -0.0663847 -0.0053156
vn 5.9670634 0.6081551 -1.8164951
v 0.1480483 -0.1986851 0.0573133
vn 5.8182497 1.0383837 -1.6222943
v 0.1413573 -0.1677955 0.0331853
vn 6.0160680 0.0899921 -1.7958337
v 0.1395730 -0.1906105 0.0281957
vn 3.9864039 -2.5556738 -0.8848418
v 0.1488206 -0.2217809 0.0492030
vn 2.7366679 -2.5760772 -2.3514555
v 0.1379620 -0.2221261 0.0200955
vn 1.9525628 -5.9427481 0.0141533
v 0.1225828 -0.2312619 0.0542588
vn -0.5495963 -3.2995760 -5.1376266
v 0.1001253 -0.2137860 0.0114408
vn -0.6201224 -3.5881531 -5.0997276
v 0.0789190 -0.2282596 0.0260022
vn -1.8815197 -1.4933811 -5.2742300
v 0.0558054 -0.2070869 0.0197960
vn 5.5355592 1.9355347 -1.8907882
v 0.1070152 -0.1212319 -0.0122620
vn 5.6209016 2.2531593 -0.6187484
v 0.1049030 -0.1150463 -0.0151895
vn 5.4810143 2.3394461 -1.9900352
v 0.1022842 -0.1129686 -0.0198358
vn -2.7170572 1.0776707 -5.3614478
v 0.0793756 -0.0924963 -0.0184855
vn -2.1643076 0.3620520 -5.0643725
v 0.0741060 -0.0853521 -0.0138437
vn 0.2843166 -3.9393651 -4.7562804
v -0.0035123 -0.2030071 0.0118871
vn -0.0611912 -3.6839035 -5.0520816
v 0.0064130 -0.2195889 0.0283747
vn -0.8540641 -0.8477876 -6.0311599
v 0.0050607 0.0190478 0.0110971
vn -1.0619797 -0.6255757 -6.0627093
v 0.0259567 0.0066538 0.0049943
vn -1.9244889 -1.3217881 -5.6488633
v 0.0255324 0.0371629 0.0035927
vn -2.9721105 -1.4059821 -5.3461294
v 0.0539742 0.0323917 -0.0125136
vn -1.9382855 -1.0566480 -5.7577906
v 0.0378851 -0.0004931 0.0050229
vn -2.7265913 -1.3115005 -5.4805651
v 0.0768323 0.0207994 -0.0198736
vn -0.8680031 0.0868534 -6.1292148
v 0.0127508 -0.0015913 0.0099573
vn -3.2018681 -1.0956489 -5.2773824
v 0.0609171 -0.0061921 -0.0064616
vn -2.7495182 -0.5889950 -5.6090813
v 0.0977814 0.0080596 -0.0295556
vn -0.3462644 0.2557956 -5.8560348
v 0.0270877 -0.0220035 0.0108015
vn -3.0637965 -0.3431172 -5.4417033
v 0.0923753 -0.0149199 -0.0260809
vn -2.9487088 -0.1532729 -5.2276535
v 0.0578819 -0.0222674 -0.0000735
vn -2.5961814 0.5967180 -5.6810684
v 0.0506753 -0.0377841 -0.0000566
vn -3.2823310 -0.3540758 -5.3339930
v 0.0761888 -0.0362679 -0.0132291
vn -2.9614081 0.1365815 -5.4860864
v 0.0805447 -0.0500619 -0.0146033
vn 0.7181976 -1.5287125 -4.8246236
v 0.1085583 -0.0444041 -0.0303898
vn 5.1428437 -1.2026892 -3.0402074
v 0.1908084 0.0055472 0.0408283
vn 5.1186571 -1.9338611 -3.0653777
v 0.1807309 0.0158408 0.0231173
vn 4.8443975 -2.2470963 -3.3066196
v 0.1755881 -0.0183046 0.0360356
vn 5.0151057 -1.5547756 -3.3304307
v 0.1809253 -0.0413155 0.0599890
vn 4.8647442 -1.4522643 -3.4121735
v 0.1658656 -0.0511484 0.0464118
vn 4.8894134 -1.1055356 -3.1979961
v 0.1843066 -0.0628457 0.0657895
vn 4.8196397 -1.6906021 -3.5782626
v 0.1737983 -0.0794223 0.0612983
vn 4.5437770 -2.3323019 -3.5737286
v 0.1659278 0.0087589 0.0030177
vn 4.4806538 -2.1860077 -3.7451756
v 0.1599262 -0.0180796 0.0119314
vn 4.8247099 -2.1358781 -3.3783765
v 0.1590991 -0.0422254 0.0271189
vn 3.5062444 1.4745210 -2.6543653
v 0.1753460 0.0346105 -0.0006095
vn 4.2060847 -2.2439511 -4.0370779
v 0.1449429 -0.0057371 -0.0076496
vn 4.5466895 -1.9763201 -3.8453250
v 0.1383332 -0.0492467 0.0070194
vn 2.4417512 1.4979726 -3.1767535
v 0.1567505 0.0328284 -0.0219544
vn 1.6573303 0.8947951 -4.2446322
v 0.1305203 0.0245554 -0.0413807
vn 1.0200405 -1.2189773 -5.0131173
v 0.1232106 0.0080161 -0.0400141
vn 4.5782723 -1.9940022 -3.7952416
v 0.1266944 -0.0345074 -0.0165706
vn -0.0460165 1.7608424 -4.6212630
v 0.1018861 0.0417804 -0.0368631
vn 0.6661847 -1.1620430 -4.5135818
v 0.1131508 -0.0265561 -0.0363696
vn 5.9324875 0.1560772 -1.8024175
v 0.1414704 -0.1567391 0.0475412
vn 5.4782734 -1.2319149 -2.6867757
v 0.1437527 -0.1377400 0.0479212
vn 5.1632428 -0.2682125 -3.3579516
v 0.1349743 -0.1321890 0.0307120
vn 5.0867639 0.8638142 -2.8871448
v 0.1019986 -0.1084811 -0.0140048
vn 0.4367129 0.7177651 -5.3308239
v 0.0933090 -0.1049947 -0.0251759
vn 5.0078783 0.2383475 -3.5452466
v 0.1184207 -0.1195865 0.0084162
vn 1.3701705 -0.5842604 -4.9282718
v 0.0978620 -0.0828655 -0.0259231
vn -2.9677031 0.2707121 -5.4617333
v 0.0821190 -0.0872048 -0.0202796
vn 5.1463218 -1.7458558 -3.1460426
v 0.1542962 -0.1258617 0.0588791
vn 4.9316316 -1.1935555 -3.4421339
v 0.1449705 -0.1167472 0.0357965
vn 4.5661106 -1.0451713 -4.1794534
v 0.1247441 -0.0990170 0.0110084
vn -0.1998896 -0.5821552 -5.3022304
v 0.1005456 -0.0568914 -0.0273305
vn 5.1159434 -1.2136691 -3.3805299
v 0.1535578 -0.1099889 0.0503501
vn 4.6574416 -1.4813257 -3.8578620
v 0.1118413 -0.0832840 -0.0071505
vn 4.6947966 -1.5284094 -3.8656144
v 0.1393752 -0.0770690 0.0203261
vn 3.1952131 -1.2529322 -4.2275681
v 0.1508175 -0.0892949 0.0445451
vn 4.3549385 -1.9071914 -4.0803037
v 0.1152734 -0.0658874 -0.0128447
vn 4.6972246 -1.5968696 -3.7910089
v 0.1589544 -0.0699039 0.0404285
vn -0.6846353 -1.0502505 -6.1317410
v -0.0144505 0.0492833 0.0040796
vn -1.3242394 -1.6431795 -5.8753614
v 0.0163754 0.0639799 -0.0027735
vn -2.8751085 -0.6560956 -5.5149360
v 0.0466771 0.0667436 -0.0163471
vn -0.4783360 1.3304739 -4.4624276
v 0.0758273 0.0562959 -0.0319012
vn -1.6163914 1.5681304 -5.6990142
v 0.0637061 -0.0732150 -0.0094675
vn 5.4276266 -1.7309574 -2.5860980
v 0.2005096 0.0223167 0.0583216
vn 3.8839514 1.5199039 -2.3708394
v 0.1962973 0.0389600 0.0348164
vn 5.3333788 -1.6104612 -2.5733225
v 0.1967156 -0.0125046 0.0624058
vn 5.3658371 -1.2334402 -2.6615918
v 0.1898936 -0.0417388 0.0794581
vn 5.6221290 -1.2529999 -2.2654028
v 0.1933021 -0.0663872 0.0880196
vn 2.2669086 5.2085280 -2.6393869
v 0.1504578 0.0460243 0.0013349
vn 2.1871562 4.7747626 -3.4342551
v 0.0995769 0.0605626 -0.0137288
vn 3.5661302 3.8946538 -1.7861378
v 0.0988240 -0.1073188 -0.0225342
vn -2.8627942 -1.1321421 -3.8395407
v 0.0840860 -0.0977317 -0.0225649
vn 5.2602487 -0.6950710 -2.9450228
v 0.1509690 -0.1583762 0.0731339
vn 5.1850662 -1.8514390 -3.0125697
v 0.1765732 -0.1036200 0.0807653
vn -2.4238360 2.3306661 -4.4074965
v -0.0298837 0.0921682 0.0049692
vn -3.2016170 4.6949673 -2.4263651
v -0.0172867 0.1136456 0.0220710
vn -3.2937400 5.0134869 -1.8235086
v -0.0446308 0.0987017 0.0389313
vn -3.3975658 4.8266768 -2.0988142
v -0.0084620 0.1304964 0.0523425
vn -3.8244982 4.4256544 -2.0506210
v -0.0346371 0.1295348 0.1121354
vn -3.9961867 4.4958634 -1.7359363
v -0.0257963 0.1299742 0.0836662
vn -3.5086310 4.8609309 -1.7052017
v -0.0096016 0.1514961 0.1048163
vn -3.4589946 4.7741814 -1.9832439
v -0.0212250 0.1570536 0.1358941
vn -1.0222009 4.5036964 1.2620931
v -0.0223894 0.1640641 0.1594930
vn 0.1104417 4.7724271 0.0462577
v 0.0044331 0.1716584 0.1370320
vn 1.4435879 4.5646849 4.0373640
v 0.0081118 0.1569413 0.1556851
vn -1.5262711 -0.2159407 -5.9371171
v 0.0055586 0.0868686 -0.0072093
vn -0.3161631 5.1135759 -2.5504644
v 0.0125360 0.1243622 0.0123508
vn 0.1403867 4.3316412 -1.5238053
v 0.0106706 0.1590354 0.0793706
vn 1.5554473 5.4108553 -1.3824816
v 0.0130202 0.1666537 0.1267079
vn 0.0748120 3.0056052 -3.4468749
v 0.0157334 0.1153434 -0.0057440
vn 0.5652188 4.8178158 -2.1337769
v 0.0155596 0.1407131 0.0443516
vn 3.7557805 4.7668195 -1.5983567
v 0.0397650 0.1415096 0.1093204
vn 3.8192658 3.9391139 -2.3787494
v 0.0359475 0.1181699 0.0223992
vn 3.9803650 4.5321465 -1.6594729
v 0.0337583 0.1386941 0.0882440
vn 2.7089429 4.9931550 -2.6105649
v 0.0538874 0.0911287 0.0023720
vn 0.2023506 2.2231219 -4.7896776
v 0.0457702 0.0827360 -0.0158739
vn 3.5119131 4.5276442 -2.0966253
v 0.0462226 0.1021871 0.0219726
vn 3.4616451 4.9337859 -1.6989671
v 0.0522677 0.1177530 0.0678407
vn 3.1669433 5.2322783 -1.3634129
v 0.0619700 0.1243002 0.1052358
vn 2.4557188 5.4471402 -1.9241464
v 0.0600714 0.1044514 0.0435323
vn 2.4997573 5.4379311 -1.8639004
v 0.0767605 0.1133196 0.0956253
vn -0.9173996 4.8566403 3.8396535
v 0.0754197 0.0872765 0.2106426
vn 2.0782154 5.8717933 -0.1204125
v 0.1489258 0.0975780 0.1945065
vn 2.5286202 5.6376872 -0.8045875
v 0.1328922 0.1027772 0.1691859
vn 2.8502607 5.4647698 -1.0413725
v 0.1600162 0.0899689 0.1691363
vn -0.3247388 4.3633657 4.4556804
v 0.0689580 0.0990923 0.1968058
vn 0.4007571 4.9846277 2.7463858
v 0.0927456 0.1202852 0.1822532
vn 1.0382409 5.0291829 2.2878561
v 0.1131268 0.1118641 0.1926662
vn 2.4387517 5.5588126 -1.5639364
v 0.1436081 0.0903504 0.1392440
vn 2.7582412 5.4655461 -1.1887380
v 0.1291502 0.0927878 0.1290287
vn 0.1123046 4.1729918 4.5495043
v 0.0665747 0.1127377 0.1830105
vn 2.4439104 5.5969963 -0.4568246
v 0.1030207 0.1180936 0.1725051
vn 2.8795695 5.4095407 -1.0073836
v 0.1073255 0.1058502 0.1421893
vn 1.9077336 5.1701674 1.3944495
v 0.0793280 0.1276459 0.1673749
vn 0.9846048 3.9826872 4.6494827
v 0.0607462 0.1267559 0.1744792
vn 0.4193379 4.3477278 4.4756265
v 0.0364122 0.1195666 0.1831204
vn 1.2562324 4.1731334 4.4840822
v 0.0188451 0.1106511 0.1933113
vn 2.5059147 5.6486468 -0.8851630
v 0.0875955 0.1158823 0.1184901
vn 0.9512080 4.0967965 4.4791288
v 0.0273085 0.1292949 0.1722977
vn 1.8606195 4.6907759 2.3632288
v 0.0448290 0.1487834 0.1560329
vn 3.6054006 4.8340564 -1.1038586
v 0.0522990 0.1442418 0.1383641
vn 2.9381053 5.1917462 -1.1713778
v 0.0692594 0.1231165 0.1280057
vn 2.2265720 5.6007242 -1.5659750
v 0.1981158 0.0535081 0.0730423
vn 2.5777752 5.4073038 -1.8711110
v 0.1422939 0.0611084 0.0272656
vn 2.4340141 5.1863117 -2.3772204
v 0.1225815 0.0648596 0.0091079
vn 2.6428723 5.4263210 -1.6621581
v 0.0969503 0.0836856 0.0367198
vn 2.3047764 5.1537809 -2.6692379
v 0.0844414 0.0780272 0.0024620
vn 2.1759386 5.6739731 -1.5751411
v 0.1663580 0.0627803 0.0693057
vn 2.1522274 5.3838863 -1.8273178
v 0.1188578 0.0781727 0.0405238
vn 2.7246408 5.3303251 -1.6304653
v 0.0801337 0.0953393 0.0392268
vn 2.0389316 5.8105283 -1.1039369
v 0.1837714 0.0593812 0.0843468
vn 2.4233239 5.6359172 -1.2963334
v 0.1398108 0.0705889 0.0603147
vn 2.6862316 5.2822013 -1.7975636
v 0.1159543 0.0826561 0.0666277
vn 2.2363174 5.7464557 -1.1173052
v 0.1832340 0.0653004 0.1149924
vn 2.0280960 5.7478104 -0.9646530
v 0.1604451 0.0727244 0.0921666
vn 2.5672581 5.4927101 -1.2669884
v 0.1439201 0.0780563 0.1021768
vn 2.7234356 4.6897211 -2.2881808
v 0.1140926 0.0969759 0.0841475
vn 2.7453957 5.3172150 -1.8446721
v 0.0807695 0.1014333 0.0690444
vn 2.0418439 5.4279246 -2.3937774
v 0.0894901 0.1037561 0.0829098
vn 2.7856772 5.4807353 -1.2546680
v 0.1639675 0.0810997 0.1457122
vn 2.6538734 5.4379234 -1.0649275
v 0.1047429 0.1064875 0.1036632
vn -2.7567835 1.9346249 -3.6021435
v -0.0681395 0.0750318 0.0135419
vn -1.1280063 -0.0630458 -6.1376405
v -0.0387665 0.0666324 0.0058511
vn -4.1370387 3.7739828 -1.7710119
v -0.0779897 0.0820760 0.0440671
vn -3.1224535 5.2426715 -1.4546850
v -0.0718964 0.0929582 0.0751652
vn -3.6358263 4.8230033 -1.6023030
v -0.0404450 0.1109363 0.0721328
vn -3.3553996 4.9210715 -1.7880219
v -0.0490902 0.1128423 0.0979169
vn -3.6191926 4.5040011 -2.4373200
v -0.0476450 0.1356234 0.1375038
vn 1.4047900 4.1205802 4.4249554
v -0.0048920 0.1434959 0.1756872
vn -0.9432743 4.7679191 3.9435720
v 0.1031332 0.0899950 0.2132010
vn 0.4044022 5.1972470 2.5820286
v 0.1341383 0.1000244 0.2096200
vn 1.0814904 2.2911627 5.0121202
v 0.1351008 0.0819478 0.2262810
vn 1.7886112 2.4775689 2.4738390
v 0.1547816 0.0960341 0.2171107
vn 3.3000388 3.2061155 2.1536410
v 0.1729328 0.0863714 0.1995883
vn 3.4204278 3.1882327 1.9437551
v 0.1933188 0.0742513 0.1848146
vn 0.2559621 4.7056198 3.7540338
v 0.0537124 0.0799331 0.2143688
vn 0.8945678 4.2443066 4.5353060
v 0.0389076 0.1005511 0.1989649
vn 2.3511446 5.4675241 -1.9620458
v 0.1704383 0.0532054 0.0392171
vn 4.0601230 1.7159306 -1.9642627
v 0.2181698 0.0448710 0.0770620
vn 2.5134945 5.6722531 -0.9186694
v 0.1920716 0.0704608 0.1526415
vn -4.2436028 3.6394496 -1.0410129
v -0.0896621 0.0842214 0.0805583
vn -5.1994185 2.8529115 -1.4608225
v -0.1005955 0.0527641 0.0892042
vn -4.7619519 3.7640729 -0.2743150
v -0.1199737 0.0380259 0.1081531
vn -5.3524647 2.9057734 -0.3789376
v -0.1107993 0.0458875 0.1271338
vn -5.1305246 3.5347230 -0.5848836
v -0.1277224 0.0228830 0.1441666
vn -5.0470662 3.4783373 -0.8035290
v -0.1420695 -0.0016731 0.1312023
vn -5.0382366 2.0892236 2.2247884
v -0.1502264 -0.0097824 0.1715241
vn -5.3518043 1.9013196 2.6842582
v -0.1634109 -0.0587046 0.1784287
vn -5.0850701 1.2194842 3.2967072
v -0.1652368 -0.0811212 0.1901825
vn -4.3080215 -2.1389651 3.0440700
v -0.1673494 -0.1119441 0.1898520
vn -5.3443990 2.7317593 -1.2556305
v -0.0981252 0.0811025 0.1115816
vn -5.6940498 2.2948937 -0.3261082
v -0.1112366 0.0493842 0.1535051
vn -4.7329082 3.0484250 1.4214686
v -0.1360704 0.0180995 0.1698858
vn -4.6591487 2.1933696 3.5888956
v -0.1364830 -0.0195816 0.1927249
vn -4.6844144 2.0746684 3.4360278
v -0.1512067 -0.0468839 0.1939560
vn -4.3779368 1.9159180 4.0726418
v -0.1316806 -0.0426457 0.2112457
vn -4.3233538 1.4562296 4.2917380
v -0.1400173 -0.0664599 0.2136053
vn -3.8044958 -1.5183325 3.4537206
v -0.1546564 -0.1080026 0.2109148
vn -3.9970994 4.1641426 -1.5990050
v -0.0854327 0.0985774 0.1093311
vn -5.1308541 2.7639947 -0.5541255
v -0.1057477 0.0804764 0.1441175
vn -5.4563231 1.6958802 1.7445400
v -0.1079432 0.0677152 0.1768368
vn -5.3574758 2.7462847 1.3378112
v -0.1150069 0.0435993 0.1730615
vn -4.9346819 2.3995605 3.0163834
v -0.1067681 0.0354705 0.1953991
vn -4.7739692 2.2780833 3.3328209
v -0.1178736 0.0150372 0.1935062
vn -4.1984735 1.1104228 4.5373402
v -0.1344742 -0.0889853 0.2239912
vn -3.4781806 4.7619486 -2.1166799
v -0.0637669 0.1175590 0.1288378
vn -4.6905890 3.8968372 -1.1540985
v -0.0856935 0.1036509 0.1394223
vn -5.1705074 3.0852668 -0.9544241
v -0.0931406 0.0942705 0.1587144
vn -5.4462719 2.0962639 1.2072605
v -0.1014292 0.0866177 0.1752962
vn -4.9416118 1.8445227 3.3922942
v -0.1144935 -0.0083580 0.2163909
vn -4.6494751 1.3391118 3.9846058
v -0.1185775 -0.0581943 0.2316276
vn -2.6111798 -1.6209936 4.3859687
v -0.1268085 -0.1068366 0.2354495
vn -2.5808182 -4.6040802 3.2983859
v -0.1258614 -0.1225247 0.2181474
vn -3.7202337 4.7353191 -1.5237008
v -0.0635787 0.1360980 0.1645758
vn -4.4333768 2.5823970 0.6636793
v -0.0913736 0.1188131 0.1851140
vn -5.2943888 1.0175036 3.0082581
v -0.0852925 0.0797960 0.2016860
vn -4.9908743 2.3266077 2.8682106
v -0.0927979 0.0459081 0.2087281
vn -5.0103793 1.4339609 3.4752765
v -0.1078623 -0.0291631 0.2331056
vn -1.7827839 3.6387844 2.2003603
v -0.0707100 0.1362216 0.2007369
vn -4.9012861 1.4676948 3.4640431
v -0.0789552 0.1030614 0.2108810
vn -5.1450529 1.8749892 3.0034089
v -0.0785002 0.0625385 0.2243462
vn -4.9879656 2.0148358 3.0852406
v -0.0851371 0.0328487 0.2413906
vn -5.1052413 2.3337276 2.7547991
v -0.1004702 0.0237352 0.2199769
vn -4.9057655 1.4277077 3.6089129
v -0.1010390 -0.0045636 0.2350360
vn -4.6419892 1.5681143 3.8751791
v -0.0998731 -0.0355989 0.2486845
vn -2.9493780 -0.5438897 4.5275617
v -0.1028550 -0.0639308 0.2557493
vn 1.1762023 4.4105978 4.2507362
v -0.0508390 0.1141046 0.2183065
vn 1.1464385 4.1957326 4.4281130
v -0.0298453 0.1330940 0.1874152
vn 1.5764141 4.2794309 4.3092198
v -0.0221520 0.1161172 0.2034957
vn -2.0972338 3.2000358 4.2428436
v -0.0631560 0.1067380 0.2262416
vn -4.5278859 1.4984893 3.9870744
v -0.0633548 0.0760038 0.2414701
vn -5.1109972 1.1286620 3.4449315
v -0.0763074 0.0034888 0.2621386
vn -4.7711244 1.0931610 3.7594271
v -0.0832816 -0.0117617 0.2553524
vn -1.5285665 -2.0457203 5.7111940
v -0.0803985 -0.0655557 0.2584470
vn -3.0808818 -0.7354884 4.9939752
v -0.1106449 -0.0801887 0.2455653
vn -1.3445153 -2.3659124 5.6474338
v -0.0828191 -0.0998725 0.2441651
vn 1.4278187 4.5576854 4.0111923
v 0.0053230 0.0918178 0.2160794
vn -1.7607757 3.6216667 3.8819394
v -0.0454893 0.0812083 0.2557263
vn -4.2033343 2.5440564 3.8147249
v -0.0552201 0.0591370 0.2559071
vn -4.3519654 2.5126846 3.4608147
v -0.0724429 0.0411285 0.2555054
vn -3.2559500 -0.3928578 4.8890629
v -0.0837899 -0.0404218 0.2663185
vn -1.6393907 -2.6460536 5.4573193
v -0.0554542 -0.0997823 0.2525792
vn -1.3794191 -2.2514694 5.6667662
v -0.0573863 -0.1246247 0.2400208
vn 1.5894510 4.8592987 3.4165397
v -0.0053936 0.0813331 0.2324237
vn 1.4114978 4.8498778 3.7071552
v -0.0414105 0.0946071 0.2364631
vn 1.8998879 5.2269177 2.7962241
v -0.0203391 0.0764309 0.2567284
vn -4.3698964 2.0865238 3.7752817
v -0.0606236 0.0243877 0.2798110
vn -3.4062955 -0.6004716 4.2399883
v -0.0673853 -0.0148877 0.2856994
vn -1.6690820 -2.3434424 5.5753660
v -0.0531229 -0.0469662 0.2741538
vn -1.7642442 -2.1959732 5.5643401
v -0.0609636 -0.0784136 0.2617958
vn -0.9170066 -2.2912030 5.7280817
v -0.0353492 -0.0842960 0.2656217
vn -3.7793803 2.7424796 4.1812158
v -0.0347559 0.0553728 0.2822866
vn -0.9219016 -2.2348719 5.7370706
v -0.0283407 -0.0185501 0.2951024
vn 1.3236192 4.9847918 3.4598174
v 0.0136901 0.0799137 0.2319470
vn -0.6246492 3.7379518 3.6020904
v -0.0207803 0.0580657 0.2921598
vn -0.5578943 1.1866169 4.8505721
v -0.0160168 0.0304805 0.3112010
vn -2.4749858 0.0640231 4.8265185
v -0.0475625 0.0069971 0.3009380
vn -0.6627720 -2.4849846 5.6391845
v -0.0067277 -0.0416824 0.2890088
vn -0.7530994 -2.5972598 5.6418028
v -0.0246102 -0.0604809 0.2757875
vn -0.8865926 -2.1682680 5.7955642
v -0.0083547 -0.0872911 0.2657865
vn 1.2082536 4.8322716 3.7556055
v 0.0337175 0.0772585 0.2243904
vn 1.6786677 5.3079185 2.6334863
v 0.0070966 0.0592590 0.2614976
vn 1.5915357 4.0564256 3.8729529
v -0.0003516 0.0495852 0.2954023
vn 1.8128065 2.2572985 5.5485148
v 0.0152573 0.0253228 0.2997766
vn -1.5579215 -2.0106847 5.4280844
v 0.0101775 -0.0111184 0.3041181
vn -1.1498696 -2.2570043 5.6064944
v 0.0087822 -0.0285627 0.2930915
vn -1.3690077 -2.3117001 5.2986217
v -0.0002963 -0.0645302 0.2737244
vn 0.4119600 5.1795368 3.1062768
v 0.0400593 0.0630294 0.2407333
vn 0.2136629 5.5407243 2.7739763
v 0.0577746 0.0562568 0.2631948
vn 1.2939471 3.9334202 4.0754285
v 0.0284817 0.0452976 0.2886163
vn 0.6407209 0.3900391 6.0558915
v 0.0291368 -0.0024337 0.3058512
vn -0.2110361 5.3451633 3.1675861
v 0.0708682 0.0652187 0.2398492
vn 1.9232396 2.6128461 4.6510429
v 0.0643630 0.0434530 0.2792762
vn 3.1495988 1.1778114 5.2372203
v 0.0621329 0.0236367 0.2836665
vn 2.2979114 1.7945925 5.3100572
v 0.0446117 0.0116795 0.2990742
vn -1.5109800 -2.1044185 5.6745353
v 0.0411159 -0.0366671 0.3011042
vn -1.2402084 -2.0451336 5.7677450
v 0.0186172 -0.0562655 0.2860362
vn -1.2874650 -2.3679957 5.3453059
v 0.0197356 -0.0781373 0.2806295
vn -1.4915289 -2.4889691 5.3960452
v 0.0240806 -0.1008676 0.2650039
vn -5.4095507 2.4177597 1.6041249
v -0.1605083 -0.0301069 0.1624391
vn -3.0415549 -4.5835109 3.0127659
v -0.1431791 -0.1283205 0.1920001
vn -2.0747986 -3.3103499 4.6456218
v -0.0933649 -0.1286517 0.2303310
vn -1.2279640 -2.4419129 5.6287217
v -0.0299612 -0.1163500 0.2527734
vn -1.0234919 -2.1547194 5.8034506
v -0.0036913 -0.1192089 0.2556280
vn -0.3320547 -2.1590817 5.6948133
v 0.0159347 -0.1256319 0.2579905
vn -1.4199586 -2.2528591 5.6617675
v 0.0410302 -0.0748053 0.2835483
vn 1.4392916 -0.3648952 4.6546111
v 0.0598664 -0.0378087 0.3054576
vn 3.8748066 0.2464870 4.8795586
v 0.0832011 0.0281361 0.2688802
vn -2.8958468 -4.6973305 2.8825288
v -0.1118181 -0.1625448 0.1641421
vn -2.3336229 -4.7150331 3.4019706
v -0.1268626 -0.1627252 0.1521125
vn -3.0447373 -4.1312323 3.2086422
v -0.1012518 -0.1811854 0.1437470
vn -2.5802989 -4.4061241 3.6228435
v -0.1360331 -0.1798308 0.1275836
vn -2.9504313 -3.6052051 4.1861935
v -0.1119769 -0.2000827 0.1212496
vn -3.3215284 -3.6448665 3.7102711
v -0.1178289 -0.2151772 0.1058487
vn -3.2773380 -4.3215361 3.1401093
v -0.1083625 -0.2323528 0.0900845
vn -2.0018516 -4.5746155 -0.0566274
v -0.0892956 -0.2623015 0.0741704
vn -0.1313235 -4.9531736 -3.7655425
v -0.0854429 -0.2480990 0.0515456
vn 0.4276254 -4.3365707 -3.8548949
v -0.0955967 -0.2368582 0.0342285
vn 0.2631026 -3.8089590 -4.9684176
v -0.0476151 -0.2205759 0.0272605
vn 0.8282845 -3.1450238 -5.2918811
v -0.0509128 -0.1936488 0.0107882
vn -0.4946435 -3.2767146 -5.2792974
v -0.0355952 -0.2001450 0.0131176
vn -2.4192448 -4.7674527 3.2369297
v -0.1169113 -0.1465155 0.1884272
vn -3.3084710 -3.9255457 3.3600078
v -0.0863679 -0.1977047 0.1399249
vn -2.7655790 -3.7316251 4.1295481
v -0.0919167 -0.2224101 0.1187674
vn -3.1219895 -4.0488873 3.5650327
v -0.0878837 -0.2457429 0.0971427
vn 0.0255275 -4.3383474 -4.5359340
v -0.0626971 -0.2476231 0.0522914
vn -3.4527543 -3.7132058 3.3296721
v -0.0912464 -0.1724397 0.1804667
vn -3.6933072 -4.2697144 2.6525371
v -0.0863430 -0.1840246 0.1675823
vn -3.0996046 -3.8266215 3.8209984
v -0.0736276 -0.2412221 0.1104618
vn -1.8102938 -4.8645515 0.0660635
v -0.0602626 -0.2725758 0.0875004
vn -0.5667433 -4.9136362 -3.8587954
v -0.0424932 -0.2599778 0.0648232
vn -0.0620009 -3.9015050 -4.8084898
v -0.0138425 -0.2430676 0.0426015
vn -0.0244982 -3.5726049 -5.0492339
v -0.0152433 -0.2202554 0.0302577
vn -3.0089135 -4.2425117 3.2969203
v -0.0929392 -0.1536636 0.1930240
vn -3.3906970 -3.9199324 3.3820565
v -0.0550635 -0.2086425 0.1593675
vn -2.9669325 -4.7463021 2.2368846
v -0.0756879 -0.1992493 0.1587297
vn -3.3433530 -3.4354734 3.9224088
v -0.0688404 -0.2254167 0.1280884
vn -4.0240216 -3.2679710 3.5468891
v -0.0491054 -0.2449286 0.1341622
vn -2.8646023 -4.6488733 3.0238638
v -0.0978677 -0.1419280 0.2071293
vn -3.0209599 -4.1818948 3.5462132
v -0.0686862 -0.1790596 0.1903484
vn -2.5665233 -4.6095819 2.6916485
v -0.0438667 -0.2657419 0.1199365
vn 0.1015359 -5.1017747 -0.4324907
v -0.0334549 -0.2787734 0.0885308
vn 0.5839889 -5.1521826 -1.6260422
v -0.0080252 -0.2705609 0.0709709
vn -3.3630512 -4.4497275 2.7011366
v -0.0648256 -0.1618461 0.2119596
vn -1.9020140 -2.9342883 4.1570473
v -0.0709901 -0.1489778 0.2322460
vn -3.5918047 -3.8302915 3.0564387
v -0.0417837 -0.2033850 0.1771517
vn -3.9688270 -3.2372191 3.6250479
v -0.0390198 -0.2337175 0.1562732
vn -3.6883647 -3.6912963 3.4674242
v -0.0327323 -0.2487306 0.1488765
vn -0.6633842 -3.9112525 -4.8298411
v 0.0187053 -0.2500129 0.0504851
vn -4.3035011 -3.3146396 3.0809982
v -0.0250627 -0.2213211 0.1815858
vn -0.2028154 -5.0026803 1.9733599
v -0.0190848 -0.2601904 0.1478060
vn 2.1526451 -5.3724561 2.0825176
v 0.0253558 -0.2454389 0.1072752
vn 1.7626861 -5.6738186 1.9416214
v 0.0132962 -0.2616748 0.0853818
vn 0.5370845 -4.6969228 -1.3837833
v 0.0302414 -0.2647046 0.0592247
vn -0.9313431 -2.7170317 5.5474095
v -0.0397427 -0.1563362 0.2297893
vn -2.1409614 -3.5813377 4.1525202
v -0.0455953 -0.1726691 0.2216414
vn -2.3848770 -3.2892916 4.5668216
v -0.0302706 -0.1869096 0.2162791
vn -3.8146703 -4.0399199 2.8751221
v -0.0371844 -0.1956347 0.1981449
vn -1.1032562 -4.6192617 2.0411329
v -0.0044823 -0.2477777 0.1832907
vn 2.5869696 -5.6923733 0.5761183
v 0.0061594 -0.2473267 0.1550757
vn 2.7191298 -5.5229530 1.0868093
v 0.0007760 -0.2527230 0.1252386
vn 2.2482896 -5.7828860 0.4579637
v 0.0284281 -0.2370531 0.1438933
vn 2.1421473 -5.6818914 1.5695387
v 0.0523968 -0.2532651 0.0675925
vn 1.5677015 -5.5857692 2.4007213
v 0.0492153 -0.2422585 0.1007744
vn -2.8026776 -2.8484054 4.2301507
v -0.0159234 -0.2105237 0.2120344
vn -0.4534111 -4.0826755 2.9525354
v 0.0119059 -0.2404456 0.2053107
vn 1.9891487 -5.9489155 -0.0681607
v 0.0293053 -0.2370634 0.1664279
vn 1.2236465 -5.8300800 1.4859729
v 0.0522527 -0.2327140 0.1201824
vn -1.3061404 -2.8203940 5.4094701
v -0.0263905 -0.1460406 0.2400184
vn -1.1096239 -3.0674045 5.3547001
v -0.0127706 -0.1587079 0.2356274
vn -1.2452263 -2.5425050 5.5763464
v -0.0100258 -0.1765939 0.2253898
vn -1.0421951 -2.3519485 5.7164454
v 0.0071453 -0.2141215 0.2158756
vn 1.3885244 -6.1187072 0.0506547
v 0.0389032 -0.2351569 0.1861713
vn 1.4568908 -5.8627806 1.6736041
v 0.0708149 -0.2393445 0.0946442
vn 1.2912107 -6.0556631 0.9470983
v 0.1060460 -0.2306903 0.0891309
vn -1.1961160 -2.0550611 5.7739825
v 0.0074109 -0.1864423 0.2269471
vn 0.8019215 -4.0557351 2.9565940
v 0.0478798 -0.2317360 0.2144888
vn 0.9290488 -6.0917459 0.0588716
v 0.0568078 -0.2283444 0.1495812
vn 0.8404300 -6.1524854 0.8310447
v 0.0818618 -0.2284334 0.1306540
vn -0.7056369 -2.8512166 5.4743080
v 0.0073289 -0.1465874 0.2464675
vn -1.1886116 -2.5262086 5.5703983
v 0.0171973 -0.1682208 0.2344286
vn -1.0872169 -2.4314706 5.6781769
v 0.0284357 -0.2012167 0.2237193
vn 0.7601213 -3.6880133 3.7624238
v 0.0694402 -0.2073727 0.2324325
vn 2.6181405 -4.8722577 1.0204184
v 0.0805746 -0.2286400 0.1723427
vn 3.0077205 -4.9437103 1.5424318
v 0.0970658 -0.2237884 0.1459023
vn -1.5992950 -2.1574006 5.6437154
v 0.0454788 -0.1653849 0.2456346
vn -1.7264849 -2.6333177 5.4145670
v 0.0573279 -0.1971976 0.2326338
vn 3.9395370 -4.4793677 1.9287742
v 0.0775739 -0.2099596 0.2115887
vn 4.4941044 -3.8062088 2.1000726
v 0.0882613 -0.2139547 0.1786465
vn 2.2364373 -5.2910504 1.6267407
v 0.1202590 -0.2269437 0.1050945
vn 2.9255013 -4.7178597 0.8360154
v 0.1399280 -0.2273778 0.0753809
vn -1.1185542 -2.6401215 5.4296188
v 0.0326958 -0.1327698 0.2530835
vn 3.9328384 -4.6427212 1.2396584
v 0.0963287 -0.1907018 0.2118690
vn 4.1196465 -4.1868911 2.1891861
v 0.1067804 -0.1984526 0.1724044
vn 3.5521421 -4.1564183 2.4877758
v 0.1164645 -0.2002757 0.1442491
vn 3.6617682 -4.2383838 2.8184278
v 0.1281019 -0.2108208 0.1210658
vn 4.3239217 -3.9793627 1.9646060
v 0.1466811 -0.2112194 0.0940757
vn -3.1325767 -4.3607969 3.2006671
v -0.1498734 -0.1406794 0.1678929
vn -2.6430705 -4.4176927 3.5911925
v -0.1545820 -0.1574136 0.1410521
vn -4.3098507 -3.1935136 1.1172793
v -0.1291510 -0.2232979 0.0844482
vn -3.0361693 -3.6490688 -0.7276225
v -0.1152270 -0.2478460 0.0586283
vn -0.7134809 -3.2948952 -5.2284007
v 0.0376789 -0.2326557 0.0317507
vn 0.7427103 -4.3752122 -2.2728243
v 0.0566783 -0.2558565 0.0452619
vn 1.0633574 -4.8687043 -1.8235658
v 0.0809790 -0.2482428 0.0421989
vn 5.2935867 -2.0160172 -0.4753572
v 0.1574977 -0.2006866 0.0839313
vn 3.5924740 -4.4644136 1.8710707
v 0.1122065 -0.1849088 0.1838931
vn 1.7527839 -3.8702612 3.3333218
v 0.0924620 -0.1870857 0.2456518
vn -1.2154155 -2.5928578 5.5056577
v 0.0739749 -0.1808044 0.2476042
vn -1.5481083 -2.2806218 5.5801568
v 0.0533907 -0.1510958 0.2513323
vn -1.3876504 -2.6454022 5.5060091
v 0.0699045 -0.1351076 0.2660839
vn -2.2692134 -2.3629301 5.2786489
v 0.0415454 -0.1054341 0.2727973
vn -1.7421492 -2.8153489 5.2914100
v 0.0523292 -0.1247253 0.2668275
vn 1.7076380 -2.1597128 3.3713810
v 0.1174436 -0.1579806 0.2690400
vn 3.4712334 -4.8401332 1.4977139
v 0.1191299 -0.1606331 0.2483416
vn 3.2360065 -5.1836500 1.3482075
v 0.1131585 -0.1792468 0.2173568
vn 3.2170982 -4.9141712 1.7711198
v 0.1351300 -0.1676908 0.2177623
vn 3.3161232 -5.0557952 1.6234094
v 0.1534481 -0.1587558 0.1985646
vn 2.9056706 -5.1677237 1.8088058
v 0.1444444 -0.1681276 0.1779803
vn 2.5730443 -5.1579561 2.4070363
v 0.1566713 -0.1687499 0.1622366
vn 3.0605245 -4.9710937 2.2864676
v 0.1476658 -0.1884083 0.1342818
vn 3.2538741 -4.8857050 1.9863762
v 0.1546488 -0.1902887 0.1156538
vn 5.7750893 -0.7154490 -2.3092866
v 0.1725584 -0.1583116 0.1088479
vn 4.1259451 -3.3196850 0.2672417
v 0.1784173 -0.1720498 0.1358369
vn -1.3380904 -2.1398630 5.6873088
v 0.0707832 -0.0881079 0.2887797
vn -1.0671879 -2.7361860 5.5333676
v 0.0878206 -0.1127559 0.2787608
vn 3.0550604 -0.9602291 5.0394168
v 0.1163018 -0.1308544 0.2718455
vn 3.8699217 -2.9086554 3.3184254
v 0.1515511 -0.1467955 0.2318776
vn 1.4881015 -0.0839676 4.5401993
v 0.0912783 -0.0852905 0.2941909
vn 1.4342864 -1.1699680 4.5675778
v 0.1050773 -0.1089970 0.2858225
vn 4.0098581 0.8131135 4.4151645
v 0.1312807 -0.1029886 0.2621327
vn 4.1514778 2.0975289 4.2106090
v 0.1121406 -0.0839731 0.2687961
vn 4.1579976 -0.7667704 4.3465967
v 0.1366575 -0.1359627 0.2454943
vn 4.2592545 -1.5961339 4.3182836
v 0.1558670 -0.1211378 0.2356685
vn 3.5787706 -3.2295992 3.6023583
v 0.1688776 -0.1386153 0.2180205
vn 2.4957414 -5.2347622 2.3942564
v 0.1753378 -0.1525932 0.1830586
vn 5.6691508 -1.4584084 -1.9496894
v 0.1745248 -0.1366110 0.1100410
vn 1.5661582 0.0367144 5.2846656
v 0.0748456 -0.0637237 0.2951629
vn 3.5645840 -1.3233420 4.5528469
v 0.1450578 -0.1152918 0.2508009
vn 3.7225435 0.5167326 4.7634988
v 0.1638073 -0.1043966 0.2327820
vn 3.8910265 -2.5309439 2.5071442
v 0.1933550 -0.1324097 0.2045053
vn 4.0262136 -3.3002212 0.8411660
v 0.1894161 -0.1547370 0.1666582
vn 5.9094596 -1.0322973 -1.5443957
v 0.1905109 -0.1386733 0.1475322
vn 4.3677039 1.7438960 4.1053333
v 0.0856991 -0.0477115 0.2766125
vn 4.1945109 1.9367746 4.2552047
v 0.1111406 -0.0625903 0.2598384
vn 4.0957942 1.6007462 4.4173994
v 0.1317717 -0.0651620 0.2397897
vn 3.6911485 2.6120410 4.2667694
v 0.1487831 -0.0912215 0.2362503
vn 4.3483992 -0.3391789 2.8639188
v 0.2000049 -0.1056114 0.2082652
vn 6.0815930 -1.1261277 -0.1351600
v 0.2003598 -0.1135624 0.1851620
vn 5.9434624 -1.2777109 -1.3828871
v 0.1945521 -0.1057804 0.1548792
vn 5.9079537 -1.3328232 -1.5099812
v 0.1876742 -0.1183204 0.1336434
vn 6.0190139 -1.6066492 -0.7954044
v 0.1928870 -0.0987500 0.1333947
vn 5.6391807 -1.8780111 -1.6150578
v 0.1888793 -0.1025021 0.1039531
vn 3.4942684 1.2514217 4.8217340
v 0.1181055 -0.0438498 0.2434690
vn 3.0474422 1.8347732 4.8250127
v 0.1593837 -0.0682946 0.2145606
vn 3.0009432 2.2675722 4.9696765
v 0.1766048 -0.0874347 0.2182817
vn 4.3783178 0.8592617 4.2900119
v 0.0861828 -0.0179134 0.2653776
vn 3.4073336 0.8192052 4.7861428
v 0.1329296 -0.0387597 0.2373904
vn 4.3935699 0.7648263 4.4104042
v 0.1430442 -0.0369260 0.2245967
vn 2.7330718 1.9391321 5.2993217
v 0.1846520 -0.0694315 0.2055558
vn 4.5352407 0.1410905 2.5193050
v 0.2077590 -0.0658195 0.1915142
vn 6.0017357 -1.3177813 -0.9177104
v 0.2030359 -0.0867331 0.1626528
vn 6.0056472 -1.6465600 -0.7545770
v 0.2000126 -0.0700510 0.1303832
vn 6.0228443 -1.5310311 -0.8540902
v 0.1957131 -0.0819933 0.1159470
vn 4.1722484 1.3023114 4.4982386
v 0.1072796 -0.0332279 0.2513316
vn 6.0867157 -1.3684129 -0.5598931
v 0.2063678 -0.0606595 0.1639027
vn 4.0445580 0.6496466 4.7304506
v 0.1069043 -0.0068380 0.2465708
vn 3.7234674 1.4048494 4.7780399
v 0.1302691 -0.0122078 0.2318278
vn 3.6753418 0.6059144 5.0309939
v 0.1556654 -0.0171422 0.2101310
vn 3.3200395 0.9167722 5.1476245
v 0.1649233 -0.0398237 0.2054966
vn 4.2494116 -0.3860401 2.7301514
v 0.2140497 -0.0385076 0.1827903
vn 5.9187775 -1.9191791 -0.7614052
v 0.2106760 -0.0423708 0.1411085
vn 5.9819384 -1.2584443 -1.2685044
v 0.2036623 -0.0509985 0.1131993
vn 4.7319279 0.2890289 4.0947599
v 0.1019598 0.0276718 0.2502897
vn 3.8133891 0.7578815 4.7318163
v 0.1183903 0.0081758 0.2323032
vn 3.6297102 0.7244607 4.9450765
v 0.1388458 -0.0004404 0.2192726
vn 2.7478170 0.7580597 5.5438108
v 0.1862976 -0.0243220 0.1914553
vn 3.8957894 -0.1887065 4.5363021
v 0.1126522 0.0339188 0.2344956
vn 3.4125569 -0.0612856 5.2531652
v 0.1615782 0.0085100 0.2047463
vn 2.8035452 0.0875846 5.5798140
v 0.1899857 0.0017682 0.1876880
vn 6.0037403 -1.5520875 0.1734720
v 0.2234338 -0.0095732 0.1624293
vn 4.8497033 -0.2733993 2.6557641
v 0.2292634 0.0222556 0.1652780
vn 5.8424845 -1.8224053 -1.2427932
v 0.2178635 -0.0139694 0.1259528
vn 5.6717625 -1.6619046 -2.0530491
v 0.2021455 -0.0344502 0.0978767
vn 2.0367913 2.5662768 3.9004221
v 0.0957398 0.0572165 0.2562717
vn 3.0181849 -0.3838787 5.4883304
v 0.1396016 0.0284102 0.2209983
vn 3.2188454 -0.1268827 5.3592768
v 0.1961316 0.0297977 0.1868329
vn 3.3451321 -0.9281620 5.0098848
v 0.1695718 0.0297394 0.1995620
vn 2.9315574 0.4532195 5.5250654
v 0.2119621 0.0028813 0.1781335
vn 6.0911598 -1.2623051 -0.4079647
v 0.2285243 0.0142801 0.1467751
vn 5.6443200 -1.4647543 -2.1007462
v 0.2082043 -0.0122180 0.0904648
vn 3.0505695 0.7449355 4.9406676
v 0.1202629 0.0650347 0.2386789
vn 3.2082145 -0.0934862 5.3809314
v 0.1485526 0.0639481 0.2181307
vn 3.0313017 -0.2010104 5.3924108
v 0.1589378 0.0521183 0.2136533
vn 3.4415119 -0.6927461 4.9908967
v 0.1829572 0.0431294 0.1978653
vn 5.7727075 -1.5827299 -1.8163865
v 0.2177337 0.0025016 0.1076586
vn 5.9484272 -1.2240915 -1.1711963
v 0.2281977 0.0260613 0.1218015
vn 5.5182705 -1.2805053 -2.4363363
v 0.2012641 0.0064829 0.0716182
vn -2.2787836 4.1172829 2.5165329
v 0.0956196 0.0638150 0.2419971
vn 3.7800369 0.6398414 4.8547540
v 0.1791853 0.0641774 0.2002377
vn 3.2759211 2.8032269 2.1745474
v 0.2201749 0.0581896 0.1690182
vn 4.2207646 1.8361381 0.8653328
v 0.2335231 0.0484665 0.1557435
vn 5.3366299 -1.8637514 -2.5792978
v 0.2115158 0.0213924 0.0770772
vn -1.5198143 -2.5731232 5.5205526
v 0.0912167 -0.1618205 0.2589510
vn 3.1295066 -4.8786244 2.3753922
v 0.1278702 -0.1871167 0.1637259
vn 5.4015684 -1.0068983 -2.9761095
v 0.1631741 -0.1552859 0.0884818
vn 5.3594861 -1.9247586 -2.5197570
v 0.1684464 -0.1358191 0.0860994
vn 3.8527329 2.2137580 -1.0040907
v 0.2301140 0.0500635 0.1126441
vn 2.4186754 5.7344985 -0.7114881
v 0.2095494 0.0599980 0.1344001
vn -0.5706677 4.8387637 3.8349388
v 0.0825541 0.0785312 0.2267193
vn 4.1426539 0.2332526 4.6989455
v 0.0784418 0.0102244 0.2720470
vn 4.4703517 1.1734346 4.2312684
v 0.0699484 -0.0106652 0.2840694
vn -1.2981795 -2.2591717 5.6973066
v 0.0558019 -0.0638136 0.2916154
# 631 vertices, 0 vertices normals


usemtl material_0
vt 0.5273188 0.4679467
vt 0.5226504 0.4705986
vt 0.5306050 0.4741200
f 1/1/1 2/2/2 70/3/70
vt 0.4696683 0.5047912
vt 0.4617248 0.5054675
vt 0.4692285 0.5130707
f 5/4/5 9/5/9 4/6/4
vt 0.5224987 0.4787111
vt 0.5296483 0.4828771
f 70/3/70 7/7/7 75/8/75
vt 0.4660094 0.5175029
f 4/6/4 9/5/9 3/9/3
vt 0.4589641 0.5179322
f 3/9/3 9/5/9 8/10/8
vt 0.4562731 0.4643083
vt 0.4490846 0.4695972
vt 0.4529629 0.4761799
f 8/11/8 11/12/11 16/13/16
vt 0.4512229 0.5078427
f 9/5/9 12/14/12 8/10/8
vt 0.4522927 0.4622942
f 8/11/8 12/15/12 11/12/11
vt 0.4520739 0.5016347
f 9/5/9 13/16/13 12/14/12
vt 0.4524300 0.4948022
f 9/5/9 14/17/14 13/16/13
vt 0.5242885 0.4826717
vt 0.5168402 0.4763273
vt 0.5182356 0.4882049
f 7/18/7 16/19/16 15/20/15
vt 0.5119065 0.4842491
f 17/21/17 15/20/15 16/19/16
vt 0.4505770 0.4687116
vt 0.4456546 0.4785524
f 16/13/16 11/22/11 18/23/18
vt 0.5108060 0.4720622
vt 0.5045086 0.4761441
vt 0.5094034 0.4774504
f 11/24/11 19/25/19 18/26/18
vt 0.4401537 0.4977623
f 12/14/12 13/16/13 21/27/21
vt 0.4458547 0.4639817
vt 0.4434807 0.4679565
f 11/12/11 12/28/12 20/29/20
vt 0.4423471 0.4933485
f 21/27/21 14/17/14 22/30/22
vt 0.4715082 0.4569501
vt 0.4629072 0.4602915
vt 0.4705966 0.4650047
f 79/31/79 24/32/24 78/33/78
vt 0.4656828 0.4700938
vt 0.4599108 0.4634571
vt 0.4608129 0.4644726
f 80/34/80 25/35/25 24/36/24
vt 0.4502949 0.4726713
vt 0.4636642 0.4706749
f 81/37/81 26/38/26 25/35/25
vt 0.4600596 0.4774124
f 27/39/27 26/38/26 81/37/81
vt 0.4689686 0.4604977
vt 0.4698722 0.4584637
vt 0.4787696 0.4620259
f 78/40/78 28/41/28 84/42/84
vt 0.4567742 0.4636671
vt 0.4622469 0.4605314
f 24/32/24 25/43/25 29/44/29
vt 0.4516350 0.4712858
f 25/43/25 30/45/30 29/44/29
vt 0.4670724 0.4853799
vt 0.4702578 0.4799587
f 27/39/27 66/46/66 31/47/31
f 27/39/27 31/47/31 26/38/26
vt 0.4622585 0.4628033
vt 0.4600678 0.4755039
vt 0.4714381 0.4708632
f 29/48/29 33/49/33 28/50/28
f 29/44/29 30/45/30 33/49/33
vt 0.4760383 0.4646904
vt 0.4708033 0.4628973
f 34/51/34 30/52/30 26/38/26
vt 0.4741246 0.4730449
f 26/38/26 31/47/31 35/53/35
vt 0.4773214 0.4779440
f 31/47/31 36/54/36 35/53/35
vt 0.4661266 0.4849537
f 33/49/33 37/55/37 28/50/28
vt 0.4496839 0.4844761
f 33/49/33 30/45/30 38/56/38
vt 0.4460736 0.4785289
f 30/45/30 34/57/34 38/56/38
vt 0.4573428 0.4883869
f 33/49/33 38/56/38 39/58/39
f 33/49/33 39/58/39 37/55/37
vt 0.4413458 0.4848062
f 38/56/38 34/57/34 40/59/40
vt 0.4828712 0.4655961
f 35/53/35 36/54/36 40/60/40
vt 0.4875360 0.4725624
vt 0.4923004 0.4674679
f 40/60/40 42/61/42 43/62/43
vt 0.4883159 0.5134550
vt 0.4788374 0.5078838
vt 0.4821984 0.5163233
f 46/63/46 53/64/53 45/65/45
vt 0.4930120 0.5037557
vt 0.4847219 0.5045997
f 46/63/46 47/66/47 48/67/48
vt 0.5022367 0.5122706
vt 0.4997742 0.5024833
vt 0.4958531 0.5115597
f 89/68/89 49/69/49 88/70/88
vt 0.5052149 0.5066300
f 89/68/89 90/71/90 49/69/49
vt 0.5120112 0.5021607
f 90/71/90 50/72/50 49/69/49
vt 0.4415111 0.5004802
vt 0.4447414 0.4937504
vt 0.4415463 0.4942429
f 50/73/50 23/74/23 51/75/51
vt 0.5066323 0.4949167
vt 0.5004369 0.4954475
f 49/69/49 51/76/51 54/77/54
f 50/72/50 51/76/51 49/69/49
vt 0.4748212 0.5079502
vt 0.4706943 0.5037175
f 44/78/44 53/64/53 52/79/52
vt 0.4805071 0.4985259
f 53/64/53 48/67/48 55/80/55
vt 0.5002469 0.4887276
vt 0.4954799 0.4893904
f 54/77/54 57/81/57 58/82/58
vt 0.4694928 0.4956743
f 55/80/55 60/83/60 52/79/52
vt 0.4763772 0.4923971
f 55/80/55 63/84/63 60/83/60
vt 0.4297025 0.4940295
vt 0.4301448 0.4895492
vt 0.4318249 0.4900709
f 56/85/56 62/86/62 61/87/61
vt 0.4837562 0.4891894
vt 0.4794012 0.4839421
f 63/84/63 61/88/61 67/89/67
vt 0.4918912 0.4780050
vt 0.4896843 0.4872761
f 58/82/58 64/90/64 62/91/62
f 60/83/60 63/84/63 66/46/66
vt 0.4852015 0.4794105
f 61/88/61 62/91/62 42/92/42
f 61/88/61 42/92/42 67/89/67
f 38/56/38 22/30/22 14/17/14
vt 0.4357631 0.4924368
f 40/59/40 43/93/43 22/30/22
vt 0.4599329 0.4894356
f 66/46/66 83/94/83 60/83/60
f 67/89/67 66/46/66 63/84/63
f 66/46/66 67/89/67 31/47/31
f 42/92/42 40/60/40 67/89/67
vt 0.4465301 0.4854481
f 17/95/17 51/75/51 23/74/23
vt 0.5038130 0.4853645
f 57/96/57 51/76/51 17/21/17
vt 0.4984917 0.4655781
vt 0.4983984 0.4776643
f 21/97/21 43/62/43 65/98/65
f 65/98/65 43/62/43 64/90/64
vt 0.4346340 0.4716611
vt 0.4352371 0.4695675
vt 0.4376941 0.4775673
f 64/99/64 43/100/43 42/101/42
vt 0.4760344 0.5288698
vt 0.4765614 0.5189751
vt 0.4658218 0.5263543
f 68/102/68 71/103/71 1/104/1
vt 0.4719824 0.5356898
f 68/102/68 1/104/1 69/105/69
vt 0.5256504 0.4974630
vt 0.5300041 0.4909310
f 15/20/15 76/106/76 10/107/10
vt 0.5106636 0.4950621
vt 0.5186892 0.5056234
f 23/108/23 50/72/50 325/109/325
vt 0.4769126 0.4583212
vt 0.4814967 0.4648369
f 439/110/439 78/33/78 126/111/126
vt 0.4788768 0.4677211
f 126/111/126 78/33/78 84/112/84
vt 0.4655242 0.4510143
vt 0.4581429 0.4503700
vt 0.4578548 0.4564461
f 80/113/80 81/114/81 25/115/25
vt 0.4531337 0.4823181
f 82/116/82 83/94/83 27/39/27
vt 0.4745345 0.4774182
vt 0.4817556 0.4761216
f 28/50/28 32/117/32 128/118/128
vt 0.5181276 0.5111573
vt 0.5084349 0.5017639
f 91/119/91 325/109/325 50/120/50
vt 0.4411972 0.5176300
vt 0.4364972 0.5162560
vt 0.4423524 0.5120152
f 87/121/87 45/122/45 44/123/44
vt 0.4451018 0.5091039
vt 0.4386631 0.5037916
vt 0.4451917 0.4997682
f 518/124/518 52/125/52 59/126/59
vt 0.4440138 0.4693992
vt 0.4437592 0.4638988
vt 0.4508530 0.4631617
f 518/127/518 59/128/59 431/129/431
vt 0.4629203 0.4988552
vt 0.4565656 0.4949320
vt 0.4626746 0.5019953
f 59/130/59 92/131/92 431/132/431
f 59/130/59 83/94/83 92/131/92
vt 0.4898622 0.5201703
vt 0.4912779 0.5124117
vt 0.4835506 0.5154099
f 94/133/94 96/134/96 95/135/95
vt 0.5052927 0.4985590
vt 0.5004575 0.5017268
vt 0.5033208 0.5070284
f 101/136/101 100/137/100 99/138/99
vt 0.5108451 0.4985259
f 148/139/148 101/136/101 99/138/99
vt 0.4942144 0.5065992
vt 0.4952659 0.5131402
f 98/140/98 96/134/96 97/141/97
vt 0.4875157 0.5069555
f 96/134/96 102/142/102 95/135/95
vt 0.5087468 0.4924669
f 145/143/145 101/136/101 148/139/148
vt 0.5156917 0.4927713
vt 0.5126875 0.4961830
f 162/144/162 145/143/145 222/145/222
vt 0.4812717 0.5055834
f 102/142/102 103/146/103 95/135/95
f 98/140/98 102/142/102 96/134/96
vt 0.4954752 0.4946807
vt 0.4897168 0.4994707
f 100/137/100 107/147/107 105/148/105
vt 0.5005710 0.4948712
f 101/136/101 104/149/104 100/137/100
f 105/148/105 102/142/102 98/140/98
f 104/149/104 107/147/107 100/137/100
vt 0.4595178 0.4742856
vt 0.4576836 0.4685840
vt 0.4665461 0.4749914
f 151/150/151 110/151/110 150/152/150
vt 0.4637345 0.4643009
f 110/151/110 109/153/109 150/152/150
vt 0.5252878 0.4632633
vt 0.5308851 0.4668809
vt 0.5324259 0.4626361
f 111/154/111 114/155/114 109/156/109
vt 0.5032195 0.4576711
vt 0.5068029 0.4659786
vt 0.5104677 0.4546921
f 143/157/143 144/158/144 157/159/157
vt 0.5175437 0.4599075
f 157/159/157 144/158/144 112/160/112
vt 0.4674171 0.4620981
vt 0.4701861 0.4700854
f 109/153/109 114/161/114 108/162/108
vt 0.5241541 0.4703942
f 119/163/119 114/155/114 111/154/111
vt 0.5280195 0.4737306
f 114/155/114 119/163/119 113/164/113
vt 0.5144379 0.4702955
vt 0.5191509 0.4733135
f 111/154/111 115/165/115 116/166/116
vt 0.4775754 0.4641480
vt 0.4795891 0.4577291
vt 0.4811555 0.4613220
f 117/167/117 118/168/118 158/169/158
vt 0.5256410 0.4788594
f 119/163/119 118/170/118 113/164/113
vt 0.4822858 0.4558743
vt 0.4837160 0.4591378
f 118/168/118 120/171/120 160/172/160
vt 0.5241031 0.4823850
f 119/163/119 120/173/120 118/170/118
f 119/163/119 116/166/116 120/173/120
vt 0.5147370 0.4780749
f 116/166/116 115/165/115 121/174/121
vt 0.5070919 0.4747898
f 115/165/115 146/175/146 121/174/121
vt 0.5250545 0.4562227
vt 0.5242436 0.4571086
vt 0.5254189 0.4582780
f 120/176/120 230/177/230 160/178/160
vt 0.5074886 0.4829782
vt 0.5155740 0.4823711
f 121/174/121 125/179/125 123/180/123
vt 0.5138494 0.4867640
vt 0.5175175 0.4906362
f 124/181/124 162/144/162 161/182/161
vt 0.5154682 0.4562091
vt 0.5098497 0.4558078
vt 0.5121130 0.4576066
f 123/183/123 125/184/125 124/185/124
vt 0.4847351 0.4594307
vt 0.4845577 0.4623636
f 84/42/84 129/186/129 126/187/126
vt 0.4796007 0.4567316
f 84/42/84 128/188/128 129/186/129
vt 0.4783154 0.4933292
vt 0.4819806 0.4962921
vt 0.4836208 0.4883326
f 86/189/86 106/190/106 131/191/131
vt 0.4831155 0.4623769
vt 0.4891427 0.4693114
vt 0.4893562 0.4625183
f 127/192/127 132/193/132 135/194/135
vt 0.4855840 0.4735935
f 126/111/126 129/195/129 132/193/132
vt 0.4904297 0.4775269
f 128/118/128 136/196/136 129/195/129
vt 0.4811787 0.4817939
vt 0.4906718 0.4819439
f 130/197/130 131/191/131 133/198/133
f 130/197/130 133/198/133 128/118/128
vt 0.4902326 0.4927768
f 131/191/131 134/199/134 133/198/133
f 106/190/106 134/199/134 131/191/131
vt 0.4986485 0.4642019
vt 0.4922025 0.4558487
f 135/194/135 139/200/139 163/201/163
vt 0.4976446 0.4686531
f 135/194/135 137/202/137 139/200/139
vt 0.4952332 0.4571795
vt 0.4974248 0.4568510
vt 0.4947974 0.4544293
f 133/203/133 142/204/142 138/205/138
vt 0.4932015 0.4736103
vt 0.4982470 0.4771186
vt 0.5013845 0.4719982
f 136/206/136 141/207/141 140/208/140
vt 0.5015457 0.4872788
f 133/198/133 134/199/134 142/209/142
f 139/200/139 143/157/143 163/201/163
f 140/208/140 144/158/144 137/202/137
vt 0.4992896 0.4540576
vt 0.4998559 0.4560406
vt 0.5026341 0.4546510
f 138/210/138 142/211/142 125/212/125
vt 0.4969994 0.4822466
vt 0.5011759 0.4774919
f 138/213/138 125/179/125 141/214/141
vt 0.5137668 0.4594693
vt 0.5111076 0.4598863
vt 0.5133175 0.4601280
f 124/215/124 145/216/145 162/217/162
f 125/179/125 142/209/142 145/143/145
f 134/199/134 106/190/106 105/148/105
vt 0.5016366 0.5124195
f 174/218/174 99/138/99 97/141/97
vt 0.4830212 0.5221539
f 93/219/93 95/135/95 71/103/71
vt 0.4764997 0.5104523
vt 0.4752904 0.5021754
f 72/220/72 103/146/103 73/221/73
f 106/190/106 86/189/86 73/221/73
vt 0.4574440 0.4824903
vt 0.4506263 0.4801235
f 149/222/149 152/223/152 151/150/151
f 149/222/149 151/150/151 150/152/150
vt 0.4514151 0.4716947
f 152/223/152 153/224/153 151/150/151
f 153/224/153 110/151/110 151/150/151
vt 0.5181272 0.4482157
vt 0.5243596 0.4525207
f 156/225/156 112/160/112 155/226/155
vt 0.5217768 0.4431868
f 156/225/156 155/226/155 523/227/523
f 114/161/114 117/167/117 108/162/108
vt 0.4731212 0.4850916
f 32/117/32 85/228/85 130/197/130
f 85/228/85 131/191/131 130/197/130
vt 0.4820212 0.4569417
f 440/229/440 135/194/135 163/201/163
vt 0.4954310 0.4507764
f 163/201/163 143/157/143 164/230/164
vt 0.5098428 0.5295471
vt 0.5052276 0.5189751
vt 0.5010548 0.5306045
f 168/231/168 169/232/169 167/233/167
vt 0.5176056 0.5353315
vt 0.5169256 0.5251809
f 221/234/221 170/235/170 168/231/168
vt 0.5121217 0.5174202
f 168/231/168 172/236/172 169/232/169
f 170/235/170 172/236/172 168/231/168
vt 0.5011244 0.5215264
vt 0.4968948 0.5185711
f 166/237/166 174/218/174 171/238/171
vt 0.4950968 0.5250235
f 165/239/165 166/237/166 171/238/171
vt 0.5106330 0.5115862
f 172/236/172 176/240/176 169/232/169
vt 0.5090073 0.5071717
f 176/240/176 177/241/177 174/218/174
vt 0.5218849 0.5145611
vt 0.5163051 0.5081109
f 175/242/175 178/243/178 172/236/172
f 176/240/176 178/243/178 177/241/177
vt 0.5279464 0.5110216
vt 0.5265469 0.5055555
f 199/244/199 180/245/180 175/242/175
vt 0.5150951 0.4848188
vt 0.5139471 0.4764750
vt 0.5211666 0.4774181
f 225/246/225 183/247/183 181/248/181
vt 0.5062760 0.4834061
vt 0.5035510 0.4793909
f 184/249/184 185/250/185 183/247/183
vt 0.5496950 0.4999509
vt 0.5459550 0.5032994
vt 0.5485756 0.5044010
f 186/251/186 185/252/185 184/253/184
vt 0.5242083 0.4723306
vt 0.5224892 0.4675070
vt 0.5296607 0.4650413
f 182/254/182 188/255/188 191/256/191
vt 0.5133730 0.4687912
f 182/254/182 189/257/189 188/255/188
vt 0.5073369 0.4726139
f 183/247/183 190/258/190 189/257/189
vt 0.5422921 0.4953495
vt 0.5403316 0.4916308
vt 0.5362848 0.4970349
f 217/259/217 215/260/215 214/261/214
vt 0.5419206 0.5132042
vt 0.5384916 0.5130813
vt 0.5450903 0.5227024
f 189/262/189 192/263/192 188/264/188
vt 0.5424262 0.5065165
vt 0.5367195 0.5040262
f 190/265/190 193/266/193 189/262/189
f 189/262/189 193/266/193 192/263/192
vt 0.5339524 0.5262271
vt 0.5310912 0.5215334
vt 0.5246805 0.5317538
f 195/267/195 196/268/196 198/269/198
f 199/244/199 175/242/175 196/268/196
vt 0.5324916 0.5139353
f 197/270/197 199/244/199 196/268/196
vt 0.5086457 0.4602876
vt 0.5067402 0.4560454
vt 0.5086287 0.4572585
f 197/271/197 180/272/180 199/273/199
vt 0.4787580 0.4742464
f 117/167/117 202/274/202 108/162/108
vt 0.4758936 0.4793310
f 108/162/108 202/274/202 201/275/201
vt 0.4820487 0.4676792
f 117/167/117 158/169/158 205/276/205
vt 0.4853925 0.4604209
f 158/169/158 203/277/203 205/276/205
f 117/167/117 205/276/205 202/274/202
vt 0.4855238 0.4573759
vt 0.4866316 0.4570593
f 230/278/230 204/279/204 203/277/203
vt 0.5224582 0.4876667
vt 0.5189753 0.4912731
vt 0.5236034 0.4934182
f 204/280/204 207/281/207 206/282/206
vt 0.5179185 0.5032443
f 222/145/222 179/283/179 207/281/207
vt 0.4832928 0.4765936
vt 0.4797150 0.4835482
f 209/284/209 208/285/208 201/275/201
f 201/275/201 202/274/202 209/284/209
vt 0.4937664 0.4568549
f 204/279/204 206/286/206 203/277/203
vt 0.5241546 0.5015985
f 207/281/207 211/287/211 206/282/206
vt 0.4852210 0.4792752
f 208/285/208 209/284/209 212/288/212
vt 0.4913288 0.4783675
f 209/284/209 215/289/215 212/288/212
vt 0.5227661 0.5220434
f 173/290/173 170/235/170 198/269/198
vt 0.5450937 0.4907903
vt 0.5415696 0.4849438
f 217/259/217 187/291/187 212/292/212
f 177/241/177 179/283/179 148/139/148
f 148/139/148 179/283/179 222/145/222
f 180/245/180 211/287/211 179/283/179
vt 0.4883412 0.5341686
f 218/293/218 165/239/165 94/133/94
vt 0.4988240 0.5384804
f 219/294/219 165/239/165 218/293/218
f 167/233/167 165/239/165 219/294/219
vt 0.5077715 0.5399329
f 219/294/219 220/295/220 167/233/167
f 220/295/220 168/231/168 167/233/167
vt 0.5073518 0.5450715
f 255/296/255 221/234/221 220/295/220
f 171/238/171 97/141/97 94/133/94
f 171/238/171 174/218/174 97/141/97
vt 0.5207393 0.4870942
f 616/297/616 225/246/225 181/248/181
vt 0.5060953 0.4888709
f 226/298/226 184/249/184 225/246/225
vt 0.4999564 0.4853127
f 226/298/226 186/299/186 184/249/184
vt 0.4983105 0.4923772
f 226/298/226 227/300/227 186/299/186
vt 0.5486654 0.4855205
vt 0.5478260 0.4839862
vt 0.5489270 0.4842246
f 227/301/227 187/302/187 186/303/186
vt 0.5533709 0.4756694
vt 0.5466755 0.4647608
vt 0.5398465 0.4656292
f 224/304/224 191/305/191 228/306/228
vt 0.5406014 0.4582992
f 194/307/194 228/306/228 191/305/191
vt 0.5335473 0.4521089
f 194/307/194 195/308/195 228/306/228
vt 0.5240167 0.4608618
vt 0.5311007 0.4675130
f 228/306/228 229/309/229 284/310/284
f 228/306/228 195/308/195 229/309/229
vt 0.5254856 0.4543585
vt 0.5189140 0.4550083
f 198/311/198 221/312/221 229/309/229
vt 0.4702815 0.4796211
f 150/152/150 108/162/108 200/313/200
vt 0.4832536 0.4605159
f 230/278/230 159/314/159 160/172/160
vt 0.5196972 0.4587479
vt 0.5197325 0.4578108
vt 0.5220006 0.4571563
f 122/315/122 231/316/231 204/317/204
vt 0.4940961 0.4603713
vt 0.4919373 0.4592326
vt 0.4924684 0.4600258
f 222/318/222 207/319/207 162/320/162
vt 0.4696593 0.4871906
f 149/222/149 200/313/200 232/321/232
f 200/313/200 201/275/201 232/321/232
vt 0.4707237 0.4924737
vt 0.4775192 0.4920099
f 624/322/624 208/285/208 625/323/625
f 232/321/232 208/285/208 624/322/624
vt 0.4867171 0.4901278
f 625/323/625 208/285/208 233/324/233
vt 0.4865041 0.5073021
vt 0.4880612 0.4952620
vt 0.4814032 0.4998903
f 241/325/241 240/326/240 238/327/238
vt 0.4857007 0.4901918
f 238/327/238 240/326/240 239/328/239
vt 0.4929560 0.5181533
vt 0.4957239 0.5132791
vt 0.4857972 0.5142527
f 308/329/308 244/330/244 242/331/242
vt 0.4941999 0.5075169
f 241/325/241 242/331/242 243/332/243
f 242/331/242 244/330/244 243/332/243
vt 0.4799076 0.4769674
vt 0.4907153 0.4810370
vt 0.4878001 0.4721471
f 236/333/236 237/334/237 235/335/235
vt 0.5539589 0.4867357
vt 0.5591619 0.4905317
vt 0.5596549 0.4844873
f 305/336/305 239/337/239 237/338/237
vt 0.4982897 0.5037611
vt 0.4964911 0.4904678
vt 0.4921031 0.4971551
f 248/339/248 247/340/247 240/341/240
f 241/325/241 243/332/243 240/341/240
vt 0.4843785 0.5479920
vt 0.4979329 0.5550138
vt 0.4951304 0.5459532
f 234/342/234 249/343/249 245/344/245
vt 0.4964265 0.4713516
f 237/334/237 246/345/246 235/335/235
vt 0.5056062 0.4993259
f 247/340/247 248/339/248 251/346/251
f 245/344/245 249/343/249 255/296/255
vt 0.5037879 0.4716593
vt 0.4984945 0.4636695
f 246/345/246 252/347/252 249/348/249
vt 0.5042732 0.4922769
f 251/346/251 253/349/253 247/340/247
vt 0.5091327 0.5080075
vt 0.5147982 0.5045266
f 280/350/280 281/351/281 251/346/251
vt 0.5506366 0.4644137
vt 0.5486571 0.4616672
vt 0.5521710 0.4626100
f 254/352/254 255/353/255 249/354/249
vt 0.5011952 0.5539878
vt 0.5037134 0.5538188
vt 0.5041000 0.5522540
f 249/355/249 252/356/252 256/357/256
vt 0.5085081 0.4858527
vt 0.5126914 0.4974101
f 257/358/257 253/349/253 258/359/258
vt 0.5119469 0.4783756
vt 0.5177243 0.4772262
vt 0.5099496 0.4649872
f 259/360/259 289/361/289 254/362/254
vt 0.5202965 0.5017533
vt 0.5171948 0.4947738
f 258/359/258 277/363/277 260/364/260
vt 0.5185966 0.5348693
vt 0.5259396 0.5319431
vt 0.5164441 0.5305022
f 628/365/628 309/366/309 261/367/261
vt 0.5250310 0.5478577
vt 0.5209525 0.5506339
vt 0.5159261 0.5464408
f 309/368/309 265/369/265 261/370/261
vt 0.5334669 0.5298662
vt 0.5281668 0.5243878
f 309/366/309 310/371/310 267/372/267
vt 0.5398402 0.5255774
vt 0.5340539 0.5178246
f 262/373/262 263/374/263 310/371/310
vt 0.5443436 0.5174391
f 264/375/264 263/374/263 262/373/262
vt 0.5145613 0.5267792
vt 0.5240739 0.5286746
f 267/372/267 265/376/265 309/377/309
vt 0.5251120 0.5180488
f 267/372/267 263/374/263 271/378/271
vt 0.5384117 0.5089493
f 264/375/264 268/379/268 263/374/263
vt 0.5441840 0.5102202
f 299/380/299 268/379/268 264/375/264
vt 0.5336211 0.5055322
f 268/379/268 269/381/269 263/374/263
vt 0.5213153 0.5216772
f 271/378/271 266/382/266 267/372/267
vt 0.5265052 0.5092900
f 269/381/269 272/383/272 263/374/263
vt 0.5112649 0.5505265
vt 0.5107033 0.5542259
vt 0.5052738 0.5506161
f 265/384/265 270/385/270 316/386/316
vt 0.5177785 0.5585359
vt 0.5117939 0.5580104
vt 0.5157389 0.5555640
f 273/387/273 274/388/274 270/389/270
vt 0.5185032 0.5176658
f 271/378/271 272/383/272 273/390/273
vt 0.5032301 0.5564745
vt 0.4990763 0.5533972
f 316/386/316 275/391/275 276/392/276
f 272/383/272 277/363/277 273/390/273
f 273/390/273 277/363/277 281/351/281
vt 0.5256641 0.4966509
f 272/383/272 300/393/300 277/363/277
vt 0.5030852 0.5212349
vt 0.5123713 0.5189929
vt 0.5003611 0.5190778
f 275/394/275 274/395/274 278/396/278
vt 0.5048189 0.5651046
vt 0.5015757 0.5606728
f 279/397/279 278/398/278 274/388/274
vt 0.5463444 0.4769076
vt 0.5546372 0.4873811
f 224/304/224 317/399/317 282/400/282
vt 0.5238853 0.4765301
vt 0.5378588 0.4737330
f 284/310/284 285/401/285 283/402/283
vt 0.5195575 0.4661918
f 284/310/284 286/403/286 285/401/285
vt 0.5447503 0.4862305
f 317/399/317 283/402/283 287/404/287
vt 0.5366614 0.4840567
f 283/402/283 291/405/291 287/404/287
vt 0.5504671 0.4913162
f 287/404/287 290/406/290 282/400/282
vt 0.5375731 0.4969018
vt 0.5427385 0.4937233
f 291/405/291 295/407/295 294/408/294
vt 0.5174904 0.4860050
vt 0.5296925 0.4858897
f 285/401/285 297/409/297 292/410/292
f 289/361/289 297/409/297 285/401/285
vt 0.5215575 0.4906123
f 297/409/297 298/411/298 292/410/292
vt 0.5504752 0.5011692
f 268/379/268 299/380/299 293/412/293
f 293/412/293 295/407/295 268/379/268
f 295/407/295 300/393/300 269/381/269
vt 0.4958516 0.5685846
vt 0.4912672 0.5636389
f 278/398/278 244/413/244 308/414/308
f 278/398/278 279/397/279 244/413/244
vt 0.5042089 0.5124958
f 280/350/280 243/332/243 279/415/279
f 289/361/289 286/403/286 254/362/254
f 297/409/297 289/361/289 259/360/259
vt 0.4840758 0.4668815
vt 0.4727750 0.4695349
f 236/333/236 234/416/234 301/417/301
vt 0.4709706 0.4882801
vt 0.4791949 0.4870930
f 304/418/304 305/419/305 236/333/236
vt 0.4739108 0.5155283
vt 0.4783388 0.5080400
f 353/420/353 242/331/242 307/421/307
vt 0.5639876 0.5066745
vt 0.5684273 0.5128135
vt 0.5666313 0.5066151
f 307/422/307 242/423/242 241/424/241
vt 0.4813882 0.5295950
vt 0.4807932 0.5393410
f 147/425/147 302/426/302 218/293/218
f 234/342/234 245/344/245 218/293/218
f 219/294/219 255/296/255 220/295/220
vt 0.5087782 0.4596172
f 255/427/255 286/403/286 229/309/229
vt 0.5394960 0.5386050
vt 0.5468949 0.5454503
vt 0.5421221 0.5481801
f 611/428/611 313/429/313 312/430/312
vt 0.5457295 0.5271433
f 264/375/264 262/373/262 313/431/313
vt 0.5530315 0.5221767
f 314/432/314 264/375/264 313/431/313
vt 0.5100163 0.5319521
f 628/365/628 261/367/261 315/433/315
vt 0.4873899 0.5263724
vt 0.4932039 0.5215080
vt 0.4833008 0.5237597
f 368/434/368 308/435/308 367/436/367
f 228/306/228 317/399/317 224/304/224
f 228/306/228 283/402/283 317/399/317
vt 0.5606198 0.4896783
f 282/400/282 318/437/318 224/304/224
f 282/400/282 290/406/290 293/412/293
vt 0.5632922 0.4991171
f 282/400/282 293/412/293 626/438/626
vt 0.5582497 0.5066533
f 626/438/626 293/412/293 627/439/627
vt 0.5521367 0.5122267
f 293/412/293 319/440/319 627/439/627
f 319/440/319 299/380/299 314/432/314
vt 0.5441370 0.4896010
vt 0.5442065 0.4791848
vt 0.5362454 0.4807712
f 320/441/320 303/442/303 74/443/74
vt 0.5354456 0.4922742
f 321/444/321 320/441/320 74/443/74
vt 0.4656795 0.4882652
vt 0.4691002 0.4787403
f 320/445/320 304/418/304 303/446/303
vt 0.4562981 0.4982365
vt 0.4570065 0.5040384
vt 0.4611998 0.4917998
f 322/447/322 323/448/323 321/449/321
vt 0.4515330 0.5048742
vt 0.4499418 0.5074238
vt 0.4521124 0.5083442
f 76/450/76 325/451/325 324/452/324
vt 0.4481898 0.5105033
f 91/453/91 324/452/324 325/451/325
vt 0.5101222 0.5155726
vt 0.5164289 0.5189250
f 419/454/419 326/455/326 91/119/91
vt 0.5248183 0.5173913
f 326/455/326 332/456/332 91/119/91
vt 0.5009159 0.5206436
vt 0.5047351 0.5251216
f 327/457/327 334/458/334 419/454/419
vt 0.4642777 0.5048961
vt 0.4662857 0.5083686
vt 0.4667802 0.4986935
f 330/459/330 346/460/346 338/461/338
vt 0.5442752 0.4994264
vt 0.5482881 0.5141137
vt 0.5522775 0.5096651
f 330/462/330 347/463/347 346/464/346
vt 0.5336790 0.5047729
vt 0.5349950 0.5125220
vt 0.5443335 0.5097535
f 323/465/323 331/466/331 339/467/339
vt 0.4528813 0.5173503
vt 0.4549373 0.5177491
vt 0.4548493 0.5149881
f 332/468/332 341/469/341 331/470/331
vt 0.5236808 0.5187154
vt 0.5301126 0.5258054
vt 0.5326169 0.5188730
f 332/471/332 342/472/342 341/473/341
vt 0.4479970 0.5181713
vt 0.4546559 0.5228118
vt 0.4497814 0.5182808
f 326/474/326 343/475/343 332/476/332
vt 0.4499124 0.4800148
vt 0.4506488 0.4813324
vt 0.4463362 0.4858186
f 420/477/420 352/478/352 337/479/337
vt 0.5557356 0.5048943
vt 0.5515361 0.5007532
f 346/464/346 345/480/345 338/481/338
vt 0.5400465 0.5199946
vt 0.5460004 0.5196774
f 340/482/340 348/483/348 339/467/339
f 348/483/348 347/463/347 339/467/339
f 331/466/331 341/473/341 340/482/340
vt 0.4539069 0.5181049
vt 0.4563260 0.5163061
f 333/484/333 349/485/349 343/475/343
vt 0.4906615 0.5337417
vt 0.5011367 0.5364518
vt 0.4983569 0.5299236
f 344/486/344 350/487/350 336/488/336
vt 0.4858892 0.5329061
vt 0.4875926 0.5378782
f 337/489/337 351/490/351 344/486/344
vt 0.4661148 0.5223255
vt 0.4711948 0.5198494
f 346/460/346 354/491/354 353/492/353
vt 0.5552327 0.5222950
f 348/483/348 354/493/354 347/463/347
vt 0.5439239 0.5278875
f 340/482/340 355/494/355 348/483/348
vt 0.5237175 0.5252797
vt 0.5164903 0.5315833
vt 0.5266025 0.5333610
f 343/495/343 349/496/349 362/497/362
vt 0.5101854 0.5375071
vt 0.5178173 0.5384920
f 349/496/349 357/498/357 363/499/363
vt 0.5513142 0.5307989
f 348/483/348 359/500/359 354/493/354
vt 0.5605682 0.5278636
f 359/500/359 358/501/358 354/493/354
f 348/483/348 355/494/355 359/500/359
vt 0.5335378 0.5301702
vt 0.5287594 0.5399410
vt 0.5391245 0.5350473
f 356/502/356 361/503/361 360/504/360
f 349/496/349 363/499/363 362/497/362
vt 0.5002934 0.5428506
vt 0.5074248 0.5420426
f 365/505/365 364/506/364 350/487/350
vt 0.4954492 0.5420191
vt 0.4993721 0.5409678
f 350/487/350 374/507/374 365/508/365
vt 0.4512091 0.4909532
vt 0.4535303 0.4867727
vt 0.4575611 0.4946659
f 344/509/344 351/510/351 374/511/374
vt 0.4627690 0.4803462
vt 0.4666475 0.4876751
f 421/512/421 375/513/375 351/510/351
vt 0.4728370 0.5618464
vt 0.4828484 0.5558499
vt 0.4834715 0.5614674
f 358/514/358 368/515/368 367/516/367
vt 0.4689351 0.5507948
vt 0.4709717 0.5437567
vt 0.4753554 0.5496836
f 359/517/359 370/518/370 369/519/369
vt 0.5153556 0.5445824
vt 0.5214175 0.5442100
f 363/499/363 372/520/372 371/521/371
f 363/499/363 371/521/371 361/503/361
f 363/499/363 364/506/364 372/520/372
f 375/513/375 374/511/374 351/510/351
vt 0.4741404 0.5357244
vt 0.4803094 0.5381978
vt 0.4782188 0.5329824
f 369/522/369 384/523/384 366/524/366
vt 0.4816126 0.5530214
vt 0.4815028 0.5505577
vt 0.4943869 0.5486637
f 366/525/366 384/526/384 376/527/376
vt 0.4718556 0.5376293
vt 0.4752458 0.5372354
vt 0.4753057 0.5430249
f 360/528/360 378/529/378 370/530/370
vt 0.5324082 0.5445064
f 361/503/361 379/531/379 360/504/360
vt 0.4725815 0.5453224
vt 0.4742963 0.5444687
vt 0.4729204 0.5413150
f 379/532/379 378/533/378 360/534/360
vt 0.4626548 0.5078470
vt 0.4672315 0.5066868
vt 0.4660748 0.5134230
f 364/535/364 380/536/380 372/537/372
vt 0.5061401 0.5437875
vt 0.5002325 0.5444850
vt 0.5068441 0.5478528
f 364/538/364 365/539/365 380/540/380
vt 0.4675375 0.4988676
vt 0.4616405 0.4995352
f 375/513/375 373/541/373 365/542/365
vt 0.4754378 0.4880105
vt 0.4742103 0.4949172
f 381/543/381 389/544/389 375/513/375
vt 0.4895888 0.5320135
vt 0.4907642 0.5382976
f 376/545/376 384/523/384 383/546/383
vt 0.4793329 0.5428507
vt 0.4816291 0.5475714
f 369/519/369 377/547/377 384/548/384
f 370/530/370 378/529/378 377/547/377
vt 0.4726721 0.5323519
vt 0.4748234 0.5272867
f 379/549/379 386/550/386 378/529/378
vt 0.5151765 0.5534526
f 380/540/380 387/551/387 372/520/372
vt 0.4767582 0.5043708
vt 0.4727853 0.5142566
f 380/536/380 388/552/388 387/553/387
f 389/544/389 388/552/388 373/541/373
vt 0.4753561 0.4803538
f 382/554/382 381/543/381 375/513/375
vt 0.5367032 0.5470170
vt 0.5373010 0.5510411
vt 0.5406698 0.5481043
f 378/555/378 391/556/391 377/557/377
vt 0.4797179 0.5451240
vt 0.4866361 0.5548847
vt 0.4868001 0.5445545
f 377/558/377 394/559/394 385/560/385
vt 0.4830402 0.5364405
f 378/529/378 386/550/386 391/561/391
vt 0.4790364 0.5212811
f 386/550/386 396/562/396 391/561/391
vt 0.4745103 0.5220033
f 387/553/387 396/562/396 386/563/386
vt 0.4841402 0.5132654
f 388/552/388 392/564/392 387/553/387
vt 0.4840659 0.4829006
vt 0.4824870 0.4926126
f 381/543/381 422/565/422 390/566/390
vt 0.4957216 0.5470672
vt 0.4976226 0.5374894
f 383/546/383 401/567/401 393/568/393
f 394/559/394 401/567/401 385/560/385
vt 0.4883738 0.5286901
vt 0.4856038 0.5371347
f 391/561/391 395/569/395 394/570/394
f 396/562/396 392/564/392 395/569/395
vt 0.4849448 0.5003008
f 388/552/388 398/571/398 392/564/392
vt 0.4911675 0.5064316
f 392/564/392 398/571/398 397/572/397
vt 0.4905773 0.4919981
f 390/566/390 422/565/422 399/573/399
vt 0.5040357 0.5353327
vt 0.4963458 0.5322013
f 393/568/393 400/574/400 376/575/376
vt 0.5056676 0.5401627
f 401/567/401 407/576/407 400/574/400
vt 0.4978545 0.5265958
vt 0.4935413 0.5337803
f 395/569/395 403/577/403 402/578/402
vt 0.4957582 0.5100460
f 392/564/392 405/579/405 395/569/395
vt 0.4958794 0.5156205
f 405/579/405 404/580/404 395/569/395
f 392/564/392 397/572/397 405/579/405
vt 0.4930598 0.4994117
f 398/571/398 390/566/390 406/581/406
vt 0.4917185 0.4818446
f 422/565/422 423/582/423 399/573/399
vt 0.4932357 0.5568739
vt 0.5019700 0.5538955
f 402/583/402 409/584/409 401/567/401
vt 0.5014284 0.5321903
f 403/577/403 409/585/409 402/578/402
vt 0.5016025 0.5180926
f 395/569/395 404/580/404 410/586/410
vt 0.4982973 0.5013566
f 397/572/397 406/581/406 416/587/416
vt 0.5152608 0.5399730
f 315/433/315 411/588/411 628/365/628
vt 0.5060643 0.5225117
vt 0.5116541 0.5266581
f 414/589/414 413/590/413 409/585/409
vt 0.5051572 0.5077714
f 404/580/404 405/579/405 415/591/415
vt 0.4733892 0.5428737
f 69/105/69 301/592/301 302/426/302
vt 0.4573529 0.4911587
f 10/593/10 322/447/322 321/449/321
vt 0.5303910 0.4985803
f 76/106/76 322/594/322 10/107/10
f 90/71/90 419/454/419 91/119/91
f 89/68/89 419/454/419 90/71/90
f 327/457/327 419/454/419 89/68/89
vt 0.4940448 0.5237352
f 88/70/88 328/595/328 327/457/327
vt 0.4844871 0.5242823
f 46/63/46 45/65/45 329/596/329
vt 0.4757623 0.5170581
vt 0.4783894 0.5211480
vt 0.4789555 0.5179976
f 517/597/517 420/598/420 87/599/87
vt 0.4810109 0.5237303
vt 0.4813644 0.5224683
f 420/600/420 329/596/329 87/601/87
vt 0.4630084 0.5362362
vt 0.4565107 0.5384462
vt 0.4540035 0.5328547
f 421/602/421 351/603/351 352/604/352
f 421/512/421 382/554/382 375/513/375
f 382/554/382 422/565/422 381/543/381
vt 0.5007851 0.4875777
vt 0.5057107 0.4958176
vt 0.4994319 0.4947871
f 418/605/418 425/606/425 417/607/417
vt 0.5115780 0.5075979
f 415/591/415 426/608/426 410/586/410
vt 0.5187860 0.5285574
vt 0.5125279 0.5330165
f 413/590/413 427/609/427 412/610/412
vt 0.5037111 0.5444787
vt 0.5110991 0.5442757
f 316/386/316 400/611/400 315/612/315
vt 0.4969518 0.5267817
vt 0.5048664 0.5272532
f 276/613/276 376/575/376 316/614/316
vt 0.4734714 0.5046817
f 353/420/353 307/421/307 345/615/345
vt 0.4773347 0.4951919
f 338/461/338 345/615/345 306/616/306
f 304/418/304 306/616/306 305/419/305
vt 0.4588305 0.4554882
vt 0.4620699 0.4616946
f 431/129/431 432/617/432 430/618/430
vt 0.4505015 0.4552966
vt 0.4564433 0.4523248
f 92/619/92 433/620/433 432/617/432
vt 0.4522565 0.4910169
vt 0.4591137 0.4930680
vt 0.4568896 0.4975813
f 519/621/519 434/622/434 433/623/433
vt 0.4433126 0.4836865
vt 0.4415149 0.4876751
vt 0.4435173 0.4889180
f 520/624/520 435/625/435 434/626/434
vt 0.4630565 0.4762137
vt 0.4673330 0.4819847
vt 0.4572970 0.4842931
f 437/627/437 436/628/436 520/629/520
vt 0.4775699 0.4502470
f 79/31/79 439/110/439 438/630/438
f 79/31/79 438/630/438 80/113/80
vt 0.4532264 0.5123097
vt 0.4566255 0.5234610
vt 0.4467101 0.5175128
f 429/631/429 441/632/441 517/633/517
vt 0.4621464 0.5007999
f 433/623/433 434/622/434 443/634/443
vt 0.4655648 0.4878396
vt 0.4653935 0.4917358
f 434/622/434 435/635/435 444/636/444
vt 0.4581132 0.5158912
vt 0.4601873 0.5104421
vt 0.4613755 0.5184068
f 428/637/428 430/638/430 446/639/446
vt 0.4656680 0.5174469
f 430/638/430 447/640/447 446/639/446
vt 0.4699497 0.4986277
vt 0.4665659 0.4952229
vt 0.4758448 0.4938372
f 448/641/448 444/642/444 449/643/449
vt 0.4757868 0.4431722
vt 0.4883419 0.4438318
f 445/644/445 438/630/438 451/645/451
vt 0.4747015 0.4817744
vt 0.4834198 0.4788730
vt 0.4795929 0.4850674
f 445/646/445 451/647/451 450/648/450
vt 0.4629470 0.5249989
vt 0.4610815 0.5290381
f 453/649/453 458/650/458 441/632/441
vt 0.4576991 0.5100706
vt 0.4582518 0.5140784
f 442/651/442 455/652/455 430/638/430
vt 0.4662648 0.5082172
vt 0.4748751 0.5152321
vt 0.4697638 0.5140277
f 442/653/442 454/654/454 455/655/455
vt 0.4752706 0.5008571
f 448/641/448 449/643/449 460/656/460
f 435/635/435 450/648/450 449/643/449
vt 0.4877489 0.4498826
f 438/630/438 452/657/452 451/645/451
vt 0.4725549 0.5242346
f 455/655/455 459/658/459 447/640/447
vt 0.4824734 0.4924718
vt 0.4796707 0.5015223
f 449/643/449 461/659/461 460/660/460
vt 0.4908943 0.4877657
f 461/659/461 450/648/450 462/661/462
vt 0.4696702 0.5352187
f 453/649/453 464/662/464 458/650/458
vt 0.4721750 0.5301843
f 453/649/453 463/663/463 464/662/464
vt 0.4670459 0.5209296
f 447/640/447 459/658/459 446/664/446
vt 0.4756651 0.4534192
vt 0.4731456 0.4597529
vt 0.4732334 0.4576373
f 454/665/454 459/666/459 455/667/455
vt 0.4765091 0.4434043
vt 0.4805192 0.4456031
f 457/668/457 466/669/466 454/665/454
vt 0.4442912 0.5076844
vt 0.4422546 0.5110444
vt 0.4475173 0.5122622
f 457/670/457 467/671/467 466/672/466
vt 0.4823702 0.4378975
vt 0.4802462 0.4433428
vt 0.4795420 0.4408698
f 460/673/460 467/674/467 457/675/457
vt 0.4934766 0.5033205
vt 0.4874893 0.5100645
f 461/659/461 480/676/480 470/677/470
vt 0.4483876 0.5159243
vt 0.4498055 0.5202273
vt 0.4550789 0.5171605
f 466/678/466 469/679/469 454/680/454
vt 0.4549971 0.5195982
f 469/679/469 465/681/465 454/680/454
vt 0.4834774 0.5106439
f 460/660/460 470/677/470 467/682/467
vt 0.4788891 0.5337155
f 463/663/463 475/683/475 464/662/464
vt 0.4819208 0.5304613
vt 0.4786414 0.5281902
f 476/684/476 475/683/475 477/685/477
vt 0.4813486 0.5216123
f 459/658/459 465/686/465 477/685/477
vt 0.4583628 0.5270772
vt 0.4532206 0.5211371
f 469/679/469 477/687/477 465/688/465
vt 0.4844692 0.5196235
vt 0.4868450 0.5292533
vt 0.4849788 0.5271299
f 469/689/469 484/690/484 477/691/477
vt 0.4949336 0.5130752
vt 0.4926567 0.5199530
f 470/677/470 479/692/479 478/693/478
f 480/676/480 479/692/479 470/677/470
vt 0.5026658 0.4834022
vt 0.5109246 0.4790531
vt 0.5092067 0.4862568
f 473/694/473 522/695/522 482/696/482
vt 0.4415745 0.5187556
vt 0.4513002 0.5288009
vt 0.4495018 0.5220907
f 478/697/478 484/698/484 469/699/469
vt 0.4470355 0.5280811
f 478/697/478 485/700/485 484/698/484
vt 0.5024477 0.5093868
vt 0.5025572 0.5167470
f 481/701/481 486/702/486 479/692/479
vt 0.5010921 0.4983215
vt 0.5089921 0.5027773
f 471/703/471 487/704/487 481/701/481
vt 0.4803875 0.4708488
vt 0.4894830 0.4698895
vt 0.4846820 0.4740864
f 474/705/474 489/706/489 488/707/488
vt 0.4832361 0.4612181
vt 0.4885830 0.4533699
vt 0.4898416 0.4640395
f 476/708/476 484/709/484 490/710/490
vt 0.4950957 0.4524951
f 491/711/491 490/710/490 484/709/484
vt 0.4969470 0.4446231
f 484/709/484 485/712/485 491/711/491
vt 0.5053341 0.5229528
vt 0.4970501 0.5278760
f 478/693/478 492/713/492 485/714/485
vt 0.5115378 0.5119690
f 481/701/481 497/715/497 486/702/486
f 481/701/481 487/704/487 497/715/497
vt 0.5180999 0.4782543
vt 0.5255078 0.4922155
vt 0.5151248 0.4945375
f 523/716/523 494/717/494 493/718/493
f 482/696/482 523/716/523 493/718/493
vt 0.5016262 0.4566566
f 485/712/485 501/719/501 491/711/491
vt 0.5182279 0.5058652
f 487/704/487 498/720/498 497/715/497
f 489/706/489 423/582/423 488/707/488
vt 0.4985070 0.4667065
vt 0.4951936 0.4732827
f 489/706/489 500/721/500 499/722/499
vt 0.4956206 0.4617772
f 495/723/495 501/719/501 500/721/500
vt 0.5174044 0.5182772
f 497/715/497 498/720/498 503/724/503
f 493/718/493 494/717/494 498/720/498
vt 0.4975913 0.4802145
f 499/722/499 424/725/424 423/582/423
vt 0.5038125 0.4770285
f 500/721/500 511/726/511 499/722/499
vt 0.4484012 0.5183184
vt 0.4499491 0.5125411
vt 0.4523726 0.5200837
f 503/727/503 504/728/504 508/729/508
vt 0.4500940 0.5037643
vt 0.4516951 0.5030456
vt 0.4502540 0.5087877
f 509/730/509 515/731/515 504/732/504
vt 0.5302819 0.4979219
f 494/717/494 509/733/509 498/720/498
vt 0.5069100 0.4677749
f 500/721/500 505/734/505 511/726/511
vt 0.5108636 0.4578812
f 501/719/501 506/735/506 505/734/505
vt 0.4550681 0.5216584
vt 0.4588004 0.5303782
f 508/729/508 513/736/513 512/737/512
vt 0.4569485 0.5174724
f 508/729/508 504/732/504 513/738/513
vt 0.4547114 0.5101037
f 504/732/504 514/739/514 513/738/513
vt 0.5389258 0.4943369
vt 0.5324934 0.5030840
f 509/733/509 516/740/516 515/741/515
vt 0.4454617 0.4716199
vt 0.4470331 0.4751513
vt 0.4386137 0.4759539
f 518/742/518 517/743/517 44/744/44
f 82/116/82 520/624/520 519/621/519
f 519/621/519 520/629/520 434/622/434
f 82/116/82 81/37/81 520/624/520
vt 0.4634810 0.4465844
f 81/114/81 80/113/80 437/745/437
f 437/627/437 80/34/80 436/628/436
f 439/110/439 126/111/126 127/192/127
vt 0.4835135 0.4694988
vt 0.4906394 0.4704018
vt 0.4858857 0.4733675
f 440/746/440 163/747/163 452/748/452
vt 0.5106748 0.4402975
vt 0.5048027 0.4473379
vt 0.5143972 0.4414818
f 522/749/522 521/750/521 523/751/523
f 522/695/522 523/716/523 482/696/482
vt 0.5314030 0.4801074
f 154/752/154 494/717/494 523/716/523
vt 0.5360378 0.4887316
f 154/752/154 510/753/510 494/717/494
vt 0.5390480 0.4803447
f 152/754/152 510/753/510 154/752/154
f 510/753/510 509/733/509 494/717/494
vt 0.4486632 0.4893922
vt 0.4523713 0.4926376
f 510/755/510 152/223/152 516/756/516
vt 0.4572194 0.4913317
f 149/222/149 524/757/524 152/223/152
vt 0.4541811 0.4982316
vt 0.4587388 0.4973099
vt 0.4532907 0.5010386
f 516/758/516 540/759/540 515/760/515
vt 0.5180285 0.5303547
vt 0.5231786 0.5309804
vt 0.5231173 0.5407685
f 507/761/507 512/762/512 526/763/526
vt 0.5162892 0.4632462
vt 0.5096951 0.4720736
f 527/764/527 528/765/528 505/734/505
vt 0.5203367 0.4689398
f 527/764/527 622/766/622 528/765/528
f 511/726/511 418/605/418 424/725/424
f 423/582/423 422/565/422 488/707/488
vt 0.4652534 0.5329501
f 458/767/458 464/662/464 421/602/421
vt 0.4487331 0.5244701
f 420/768/420 458/650/458 352/604/352
vt 0.5097224 0.4798526
vt 0.5064603 0.4864533
f 511/726/511 531/769/531 530/770/530
vt 0.5220845 0.5401316
vt 0.5299907 0.5420113
vt 0.5289601 0.5459880
f 526/771/526 533/772/533 532/773/532
vt 0.5284488 0.5322102
vt 0.5350700 0.5324404
f 534/774/534 535/775/535 533/772/533
vt 0.5391316 0.5067378
vt 0.5420046 0.5150964
vt 0.5330115 0.5156816
f 539/776/539 538/777/538 623/778/623
vt 0.4694980 0.4994701
f 524/757/524 624/322/624 541/779/541
vt 0.4660503 0.5067443
f 541/779/541 542/780/542 524/757/524
vt 0.5150202 0.4920647
f 531/769/531 543/781/543 530/770/530
vt 0.5286010 0.4703686
vt 0.5285910 0.4790667
vt 0.5204833 0.4837162
f 532/782/532 545/783/545 544/784/544
vt 0.4764648 0.5412334
vt 0.4793166 0.5495769
vt 0.4700212 0.5469067
f 551/785/551 545/786/545 532/787/532
vt 0.5362139 0.5409859
f 533/772/533 535/775/535 546/788/546
vt 0.4718409 0.5355391
f 532/787/532 546/789/546 551/785/551
vt 0.4693877 0.5341361
vt 0.4687249 0.5280749
f 535/790/535 536/791/536 546/789/546
vt 0.5476462 0.5064381
f 542/792/542 538/777/538 539/776/539
vt 0.5260998 0.4855141
vt 0.5211954 0.4924318
f 548/793/548 547/794/547 544/784/544
f 545/783/545 548/793/548 544/784/544
vt 0.5360413 0.4770690
vt 0.5404656 0.4738696
vt 0.5419912 0.4811018
f 551/795/551 546/796/546 552/797/552
vt 0.4759321 0.5343173
vt 0.4819359 0.5384718
f 546/789/546 553/798/553 552/799/552
vt 0.5406901 0.5363259
vt 0.5411640 0.5262953
vt 0.5453343 0.5321759
f 546/800/546 536/801/536 553/802/553
vt 0.5515719 0.5166335
vt 0.5477090 0.5220671
f 538/777/538 560/803/560 554/804/554
f 542/792/542 560/803/560 538/777/538
vt 0.4856960 0.5532248
vt 0.4930720 0.5486704
vt 0.4930003 0.5556821
f 548/805/548 550/806/550 547/807/547
vt 0.4861824 0.5376913
f 553/798/553 558/808/558 552/799/552
vt 0.5528735 0.5280840
f 554/804/554 559/809/559 553/802/553
vt 0.4757215 0.5110949
f 541/779/541 561/810/561 542/780/542
vt 0.4765013 0.4989940
f 541/779/541 555/811/555 561/810/561
vt 0.5242447 0.5515696
vt 0.5231581 0.5515908
vt 0.5224130 0.5529386
f 550/812/550 562/813/562 547/814/547
vt 0.5000506 0.5455791
vt 0.5043607 0.5513672
f 550/806/550 563/815/563 562/816/562
vt 0.4957307 0.5416038
f 550/806/550 564/817/564 563/815/563
vt 0.5327542 0.4873943
vt 0.5393324 0.4909759
vt 0.5337483 0.4992372
f 549/818/549 565/819/565 564/820/564
vt 0.5375389 0.4836426
vt 0.5420594 0.4871863
f 557/821/557 552/797/552 558/822/558
vt 0.5509210 0.4771733
vt 0.5551190 0.4866707
vt 0.5450518 0.4763468
f 559/823/559 566/824/566 553/825/553
vt 0.4845016 0.5225777
vt 0.4865963 0.5291473
vt 0.4777061 0.5280951
f 567/826/567 566/827/566 559/828/559
vt 0.4713098 0.5165672
f 561/810/561 567/826/567 560/829/560
vt 0.4815944 0.5066273
vt 0.4864294 0.5135284
f 569/830/569 568/831/568 561/810/561
vt 0.5059153 0.5437980
vt 0.5041195 0.5458847
f 563/815/563 583/832/583 562/833/562
vt 0.5478361 0.4923678
vt 0.5426777 0.4983738
f 565/819/565 574/834/574 573/835/573
vt 0.4886708 0.5065454
f 570/836/570 568/831/568 569/830/569
vt 0.4916782 0.5159575
f 567/826/567 568/831/568 580/837/580
vt 0.4871709 0.4975071
f 569/830/569 571/838/571 570/836/570
vt 0.5261899 0.5092145
vt 0.5194393 0.5137753
vt 0.5203440 0.5047324
f 583/839/583 575/840/575 562/841/562
vt 0.5374739 0.5077491
f 564/820/564 573/835/573 577/842/577
vt 0.5505357 0.4977495
f 574/834/574 578/843/578 573/835/573
vt 0.5561826 0.4984528
f 566/824/566 579/844/579 578/843/578
vt 0.4968162 0.5245479
f 566/827/566 580/837/580 579/845/579
vt 0.5270871 0.5082030
vt 0.5264705 0.5180278
f 583/846/583 585/847/585 575/840/575
vt 0.5446730 0.5065755
f 573/835/573 588/848/588 577/842/577
f 573/835/573 578/843/578 588/848/588
vt 0.4974202 0.5053406
vt 0.4999760 0.5159649
f 580/837/580 581/849/581 584/850/584
vt 0.5336464 0.5149872
vt 0.5343057 0.5071493
f 577/842/577 586/851/586 576/852/576
vt 0.5203348 0.5477152
vt 0.5191464 0.5400846
vt 0.5268082 0.5463628
f 629/853/629 585/854/585 427/855/427
vt 0.5305296 0.5219539
f 585/847/585 586/851/586 593/856/593
vt 0.5139765 0.5328004
vt 0.5187215 0.5326941
vt 0.5159489 0.5348003
f 587/857/587 594/858/594 586/859/586
vt 0.5589466 0.5070766
vt 0.5512053 0.5114127
f 579/844/579 589/860/589 595/861/595
vt 0.5062991 0.5089448
vt 0.5063760 0.5217459
f 584/850/584 590/862/590 589/863/589
vt 0.5084371 0.4955021
vt 0.5033720 0.5002277
f 227/300/227 602/864/602 591/865/591
vt 0.5236741 0.5307402
vt 0.5224880 0.5368754
f 427/609/427 592/866/592 603/867/603
vt 0.5248779 0.5250933
vt 0.5287005 0.5306571
f 592/868/592 593/856/593 596/869/596
vt 0.5370268 0.5193806
f 594/870/594 593/856/593 586/851/586
vt 0.5363034 0.5281330
f 593/856/593 594/870/594 604/871/604
vt 0.5519387 0.5202075
vt 0.5414576 0.5135403
f 588/848/588 598/872/598 587/873/587
vt 0.5431961 0.5214278
f 598/872/598 597/874/597 587/873/587
vt 0.5157840 0.5148302
f 590/862/590 599/875/599 589/863/589
vt 0.5260019 0.5161165
f 589/863/589 599/875/599 600/876/600
vt 0.5149316 0.5048900
f 602/864/602 601/877/601 590/862/590
vt 0.5275027 0.5425328
vt 0.5331128 0.5411997
vt 0.5370720 0.5439147
f 592/878/592 596/879/596 603/880/603
f 593/856/593 604/871/604 596/869/596
vt 0.5234574 0.5323023
vt 0.5269981 0.5312691
vt 0.5291401 0.5326407
f 594/881/594 597/882/597 604/883/604
vt 0.5542894 0.5278252
vt 0.5461492 0.5282989
f 598/872/598 605/884/605 606/885/606
vt 0.5642713 0.5238533
vt 0.5590488 0.5200188
f 600/886/600 607/887/607 589/860/589
vt 0.5233893 0.5107278
f 608/888/608 600/876/600 599/875/599
f 601/877/601 608/888/608 599/875/599
vt 0.5425123 0.5356035
f 597/874/597 606/885/606 612/889/612
f 612/889/612 611/428/611 604/871/604
vt 0.5501235 0.5319216
f 605/884/605 613/890/613 606/885/606
vt 0.5275626 0.5200387
vt 0.5341301 0.5188913
vt 0.5278781 0.5212231
f 607/891/607 619/892/619 605/893/605
vt 0.5226165 0.5439116
vt 0.5268223 0.5419384
f 603/894/603 310/371/310 309/895/309
vt 0.5301964 0.5386132
f 596/869/596 611/428/611 610/896/610
f 613/890/613 612/889/612 606/885/606
vt 0.5487776 0.5390517
f 613/890/613 618/897/618 612/889/612
vt 0.5537945 0.5371925
f 314/898/314 618/897/618 613/890/613
f 605/884/605 314/898/314 613/890/613
vt 0.5342041 0.5130463
f 608/888/608 620/899/620 600/876/600
vt 0.5206224 0.4986302
vt 0.5336295 0.4997481
vt 0.5271260 0.5030570
f 614/900/614 626/901/626 615/902/615
vt 0.5262973 0.4891756
f 614/900/614 621/903/621 626/901/626
f 418/605/418 511/726/511 530/770/530
f 528/765/528 531/769/531 511/726/511
f 534/774/534 526/763/526 512/762/512
vt 0.5287972 0.5235418
vt 0.5382342 0.5207543
f 535/775/535 525/904/525 537/905/537
f 623/778/623 537/905/537 525/904/525
vt 0.5299199 0.5101084
f 514/906/514 539/776/539 623/778/623
f 149/222/149 232/321/232 524/757/524
f 541/779/541 624/322/624 555/811/555
f 555/811/555 625/323/625 571/838/571
f 625/323/625 233/324/233 571/838/571
f 233/324/233 227/300/227 571/838/571
vt 0.4940280 0.5004593
f 571/838/571 227/300/227 582/907/582
vt 0.5149206 0.4931989
f 225/246/225 616/297/616 609/908/609
vt 0.5568925 0.5274007
vt 0.5595047 0.5308356
vt 0.5581633 0.5272834
f 223/909/223 318/910/318 621/911/621
f 318/437/318 282/400/282 626/438/626
f 612/889/612 618/897/618 611/428/611
vt 0.5402522 0.5484216
vt 0.5353179 0.5445876
f 611/428/611 312/912/312 311/913/311
vt 0.5323214 0.5365638
f 610/896/610 311/914/311 310/371/310
vt 0.5227095 0.5400748
vt 0.5262356 0.5439845
vt 0.5239208 0.5428220
f 617/915/617 309/916/309 628/917/628
f 603/894/603 617/915/617 411/588/411
f 427/609/427 603/867/603 412/610/412
vt 0.5148786 0.5524042
vt 0.5214498 0.5508788
vt 0.5257573 0.5540873
f 630/918/630 629/919/629 413/920/413
vt 0.5066022 0.5573893
f 562/816/562 630/918/630 426/921/426
vt 0.5102143 0.4993213
f 425/606/425 631/922/631 415/591/415
f 543/781/543 631/922/631 425/606/425
f 3/9/3 1/104/1 71/103/71
f 4/6/4 3/9/3 71/103/71
vt 0.4675958 0.4982804
f 9/5/9 5/4/5 6/923/6
f 5/4/5 73/221/73 6/923/6
f 70/3/70 2/2/2 7/7/7
f 1/104/1 3/9/3 8/10/8
vt 0.5179759 0.4648877
f 1/1/1 8/924/8 2/2/2
vt 0.4632881 0.4938558
f 9/5/9 6/923/6 41/925/41
vt 0.5208026 0.4744616
f 2/926/2 16/19/16 7/7/7
vt 0.4593143 0.4721423
vt 0.4563237 0.4668099
f 2/927/2 8/928/8 16/13/16
vt 0.4553936 0.4849802
vt 0.4492056 0.4867635
f 10/593/10 7/929/7 15/930/15
vt 0.5195974 0.4973736
f 77/931/77 76/106/76 15/20/15
vt 0.4494790 0.4807889
f 16/13/16 18/23/18 17/932/17
vt 0.5057632 0.4682956
f 11/24/11 20/933/20 19/25/19
vt 0.5005137 0.4695910
vt 0.5070700 0.4625718
f 20/934/20 12/935/12 21/97/21
f 21/27/21 13/16/13 14/17/14
f 15/20/15 17/21/17 23/108/23
f 77/931/77 15/20/15 23/108/23
f 27/39/27 83/94/83 66/46/66
f 78/40/78 29/44/29 28/41/28
f 78/40/78 24/32/24 29/44/29
f 25/35/25 26/38/26 30/52/30
f 34/51/34 26/38/26 35/53/35
f 32/117/32 28/50/28 37/55/37
f 35/53/35 40/60/40 34/51/34
f 36/54/36 67/89/67 40/60/40
f 37/55/37 39/58/39 41/925/41
f 53/64/53 46/63/46 48/67/48
f 46/63/46 88/70/88 47/66/47
vt 0.4325221 0.5050293
vt 0.4354548 0.5061315
vt 0.4362367 0.5023050
f 47/936/47 88/937/88 49/938/49
vt 0.4369795 0.4792006
vt 0.4324591 0.4778329
f 45/939/45 53/940/53 44/744/44
f 47/66/47 49/69/49 54/77/54
f 52/79/52 53/64/53 55/80/55
vt 0.4852294 0.5021969
vt 0.4884690 0.4953239
f 48/941/48 47/66/47 56/942/56
f 48/67/48 56/942/56 55/80/55
f 47/66/47 54/77/54 56/942/56
f 55/80/55 61/88/61 63/84/63
f 56/942/56 58/82/58 62/91/62
f 55/80/55 56/942/56 61/88/61
f 56/942/56 54/77/54 58/82/58
f 52/79/52 60/83/60 59/130/59
f 58/82/58 57/81/57 65/98/65
f 58/82/58 65/98/65 64/90/64
f 59/130/59 60/83/60 83/94/83
f 62/91/62 64/90/64 42/92/42
f 37/55/37 6/923/6 85/228/85
f 37/55/37 41/925/41 6/923/6
f 41/925/41 39/58/39 14/17/14
f 14/17/14 9/5/9 41/925/41
f 39/58/39 38/56/38 14/17/14
f 38/56/38 40/59/40 22/30/22
vt 0.4431867 0.4842548
vt 0.4440712 0.4803171
vt 0.4443482 0.4846077
f 67/943/67 36/944/36 31/945/31
f 57/96/57 54/77/54 51/76/51
vt 0.5090892 0.4814310
f 17/21/17 18/946/18 57/96/57
f 18/26/18 65/98/65 57/96/57
f 19/25/19 65/98/65 18/26/18
f 19/25/19 20/934/20 65/98/65
vt 0.4387540 0.4707577
vt 0.4373589 0.4687313
vt 0.4366392 0.4712539
f 20/947/20 21/948/21 65/949/65
f 22/30/22 43/93/43 21/27/21
vt 0.5424292 0.4697967
vt 0.5363889 0.4694918
vt 0.5335898 0.4722276
f 301/950/301 69/951/69 70/952/70
f 71/103/71 72/220/72 4/6/4
f 72/220/72 73/221/73 4/6/4
f 4/6/4 73/221/73 5/4/5
f 73/221/73 86/189/86 6/923/6
f 74/443/74 70/3/70 75/8/75
vt 0.4678314 0.5346912
f 69/105/69 1/104/1 70/953/70
f 303/442/303 70/952/70 74/443/74
vt 0.4601517 0.4867240
vt 0.4590458 0.4794449
f 10/593/10 75/954/75 7/955/7
f 79/31/79 78/33/78 439/110/439
f 77/931/77 23/108/23 325/109/325
vt 0.4655532 0.4542606
f 79/31/79 80/956/80 24/32/24
f 81/37/81 82/116/82 27/39/27
f 37/55/37 85/228/85 32/117/32
f 85/228/85 6/923/6 86/189/86
f 90/71/90 91/119/91 50/120/50
vt 0.4419915 0.4724793
vt 0.4372385 0.4712737
f 518/127/518 44/957/44 52/958/52
f 94/133/94 95/135/95 93/219/93
f 96/134/96 94/133/94 97/141/97
f 99/138/99 100/137/100 98/140/98
f 148/139/148 222/145/222 145/143/145
f 98/140/98 100/137/100 105/148/105
f 101/136/101 145/143/145 104/149/104
f 95/135/95 103/146/103 72/220/72
f 102/142/102 105/148/105 103/146/103
f 103/146/103 105/148/105 106/190/106
f 145/143/145 142/209/142 104/149/104
f 150/152/150 109/153/109 108/162/108
vt 0.5343517 0.4559950
f 110/959/110 111/154/111 109/156/109
f 112/160/112 111/154/111 155/226/155
f 155/226/155 111/154/111 110/959/110
vt 0.4749251 0.4593008
f 114/161/114 113/960/113 117/167/117
f 111/154/111 112/160/112 115/165/115
f 111/154/111 116/166/116 119/163/119
f 113/960/113 118/168/118 117/167/117
f 115/165/115 112/160/112 144/158/144
f 115/165/115 144/158/144 146/175/146
vt 0.5259830 0.4836196
vt 0.5268513 0.4808979
vt 0.5252341 0.4835401
f 159/961/159 118/962/118 160/963/160
f 116/166/116 121/174/121 120/173/120
vt 0.5239485 0.4855559
vt 0.5224103 0.4858573
f 230/964/230 120/173/120 204/965/204
vt 0.5195870 0.4878169
f 120/173/120 122/966/122 204/965/204
f 121/174/121 123/180/123 120/173/120
f 120/173/120 123/180/123 122/966/122
f 121/174/121 146/175/146 125/179/125
f 161/182/161 122/966/122 124/181/124
f 122/966/122 123/180/123 124/181/124
f 126/111/126 132/193/132 127/192/127
f 133/198/133 136/196/136 128/118/128
f 132/193/132 129/195/129 136/206/136
f 135/194/135 132/193/132 137/202/137
f 132/193/132 136/206/136 140/208/140
f 136/196/136 133/198/133 138/213/138
f 136/196/136 138/213/138 141/207/141
f 137/202/137 132/193/132 140/208/140
vt 0.4925394 0.4598544
vt 0.4985519 0.4602358
vt 0.4962872 0.4577715
f 134/967/134 107/968/107 142/969/142
f 139/200/139 137/202/137 144/158/144
f 141/207/141 146/175/146 140/208/140
f 145/143/145 124/181/124 125/179/125
f 143/157/143 139/200/139 144/158/144
f 140/208/140 146/175/146 144/158/144
f 141/214/141 125/179/125 146/175/146
f 105/148/105 107/147/107 134/199/134
f 104/149/104 142/209/142 107/147/107
f 147/425/147 93/219/93 68/102/68
f 94/133/94 93/219/93 147/425/147
f 99/138/99 98/140/98 97/141/97
f 93/219/93 71/103/71 68/102/68
f 71/103/71 95/135/95 72/220/72
f 103/146/103 106/190/106 73/221/73
vt 0.5348144 0.4701974
f 152/754/152 154/752/154 153/970/153
vt 0.5286730 0.4491186
f 153/971/153 155/226/155 110/959/110
vt 0.5280736 0.4458173
f 523/227/523 155/226/155 153/972/153
f 521/750/521 112/160/112 156/225/156
f 521/750/521 157/159/157 112/160/112
f 158/169/158 118/168/118 159/314/159
f 28/50/28 128/118/128 84/112/84
f 32/117/32 130/197/130 128/118/128
f 85/228/85 86/189/86 131/191/131
f 440/229/440 127/192/127 135/194/135
f 143/157/143 521/750/521 164/230/164
f 521/750/521 143/157/143 157/159/157
f 166/237/166 165/239/165 167/233/167
f 167/233/167 169/232/169 166/237/166
f 166/237/166 169/232/169 174/218/174
f 172/236/172 170/235/170 173/290/173
f 169/232/169 176/240/176 174/218/174
f 172/236/172 178/243/178 176/240/176
f 173/290/173 175/242/175 172/236/172
f 174/218/174 177/241/177 99/138/99
f 175/242/175 179/283/179 178/243/178
f 175/242/175 180/245/180 179/283/179
vt 0.5513719 0.5205686
vt 0.5489618 0.5158708
vt 0.5480092 0.5179260
f 181/973/181 183/974/183 182/975/182
vt 0.5536364 0.5128141
vt 0.5500298 0.5089644
vt 0.5490183 0.5106216
f 225/976/225 184/977/184 183/978/183
vt 0.4938827 0.4832301
f 186/299/186 187/979/187 185/250/185
vt 0.5467957 0.4983692
vt 0.5447380 0.4985620
f 185/252/185 187/980/187 217/981/217
f 182/254/182 183/247/183 189/257/189
f 183/247/183 185/250/185 190/258/190
vt 0.4973083 0.4775229
f 190/258/190 185/250/185 217/982/217
vt 0.5030645 0.4694117
f 190/258/190 217/982/217 193/983/193
vt 0.5415600 0.4988261
f 193/266/193 217/984/217 214/261/214
vt 0.5440289 0.5252893
vt 0.5430602 0.5285180
f 191/985/191 188/264/188 194/986/194
vt 0.5415335 0.5252479
f 194/986/194 188/264/188 192/987/192
vt 0.5284058 0.4593750
vt 0.5237045 0.4547338
vt 0.5261526 0.4517750
f 194/988/194 196/989/196 195/990/195
vt 0.5396452 0.5272620
vt 0.5375199 0.5196210
f 194/991/194 192/992/192 196/268/196
vt 0.5165004 0.4624875
vt 0.5037305 0.4662016
f 192/993/192 193/994/193 197/271/197
f 192/992/192 197/270/197 196/268/196
vt 0.5322258 0.5019544
vt 0.5308871 0.4994835
vt 0.5320934 0.5040916
f 193/995/193 216/996/216 197/997/197
vt 0.4986174 0.4612386
f 216/998/216 180/272/180 197/271/197
f 200/313/200 108/162/108 201/275/201
vt 0.5256742 0.4844861
f 159/961/159 230/964/230 203/999/203
vt 0.5206587 0.4574360
f 204/317/204 231/316/231 207/1000/207
vt 0.4873028 0.4682229
f 202/274/202 205/276/205 210/1001/210
f 205/276/205 203/277/203 210/1001/210
vt 0.4927175 0.4627529
f 203/277/203 206/286/206 213/1002/213
vt 0.5352448 0.4793673
vt 0.5341400 0.4870173
vt 0.5359596 0.4838426
f 202/1003/202 210/1004/210 209/1005/209
f 210/1001/210 203/277/203 213/1002/213
vt 0.4890292 0.4680500
vt 0.4949924 0.4706644
f 209/284/209 210/1006/210 214/1007/214
vt 0.4860976 0.4819719
f 187/979/187 233/324/233 212/1008/212
f 210/1001/210 213/1002/213 214/1007/214
f 213/1002/213 206/286/206 216/998/216
vt 0.5278484 0.5000314
f 206/282/206 211/287/211 216/1009/216
f 209/284/209 214/1007/214 215/289/215
f 213/1002/213 216/998/216 214/1007/214
f 196/268/196 173/290/173 198/269/198
f 196/268/196 175/242/175 173/290/173
f 215/260/215 217/259/217 212/292/212
f 193/994/193 214/1007/214 216/998/216
f 99/138/99 177/241/177 148/139/148
f 177/241/177 178/243/178 179/283/179
f 179/283/179 211/287/211 207/281/207
f 216/1009/216 211/287/211 180/245/180
f 94/133/94 147/425/147 218/293/218
f 221/234/221 168/231/168 220/295/220
f 221/234/221 198/269/198 170/235/170
f 165/239/165 171/238/171 94/133/94
vt 0.5312256 0.4754015
vt 0.5258501 0.4831272
f 224/1010/224 223/1011/223 182/254/182
f 223/1011/223 181/248/181 182/254/182
f 224/1010/224 182/254/182 191/256/191
f 195/308/195 198/311/198 229/309/229
f 150/152/150 200/313/200 149/222/149
vt 0.4842237 0.4595625
f 158/169/158 159/1012/159 203/277/203
vt 0.5192160 0.4886422
f 161/182/161 231/1013/231 122/966/122
f 207/281/207 231/1013/231 161/182/161
f 161/182/161 162/144/162 207/281/207
f 232/321/232 201/275/201 208/285/208
f 233/324/233 208/285/208 212/1008/212
f 227/300/227 233/324/233 187/979/187
vt 0.4849638 0.4720342
f 234/416/234 236/333/236 235/1014/235
vt 0.4838949 0.4855637
f 236/333/236 305/1015/305 237/334/237
vt 0.5557207 0.4928842
f 305/336/305 306/1016/306 239/337/239
vt 0.5603389 0.4992192
f 239/337/239 306/1016/306 238/1017/238
vt 0.4821605 0.5617254
vt 0.4795938 0.5607792
vt 0.4846317 0.5646262
f 238/1018/238 307/1019/307 241/1020/241
vt 0.4936509 0.4647899
f 234/416/234 235/1014/235 249/1021/249
vt 0.4937120 0.4679664
f 249/1021/249 235/1014/235 246/1022/246
f 239/328/239 240/326/240 237/334/237
f 237/334/237 240/326/240 247/340/247
f 240/341/240 243/332/243 248/339/248
f 243/332/243 244/330/244 279/415/279
vt 0.4977200 0.4761564
f 246/345/246 237/334/237 250/1023/250
vt 0.5610867 0.4807589
vt 0.5660459 0.4839352
vt 0.5623114 0.4787145
f 237/1024/237 247/1025/247 250/1026/250
vt 0.5661423 0.4861075
vt 0.5631491 0.4930261
f 250/1026/250 247/1027/247 253/1028/253
f 251/346/251 248/339/248 280/350/280
f 248/339/248 243/332/243 280/350/280
f 246/345/246 250/1023/250 252/347/252
vt 0.5075815 0.4718397
f 249/348/249 256/1029/256 254/362/254
vt 0.5515496 0.4719998
vt 0.5552477 0.4721272
vt 0.5546182 0.4789296
f 256/1030/256 252/1031/252 257/1032/257
vt 0.5566261 0.4817236
f 252/1031/252 250/1026/250 257/1033/257
vt 0.5015755 0.4837872
f 250/1034/250 253/349/253 257/358/257
f 253/349/253 251/346/251 258/359/258
f 251/346/251 281/351/281 258/359/258
f 256/1029/256 259/360/259 254/362/254
f 257/358/257 259/360/259 256/1029/256
vt 0.5093625 0.4857181
f 259/360/259 257/1035/257 297/409/297
f 257/1035/257 258/359/258 260/364/260
vt 0.5266458 0.5540695
vt 0.5212044 0.5540117
f 267/1036/267 266/1037/266 265/369/265
f 267/372/267 310/371/310 263/374/263
vt 0.5154432 0.5487095
vt 0.5177670 0.5535094
f 265/1038/265 266/1037/266 270/1039/270
f 271/378/271 263/374/263 272/383/272
vt 0.5143495 0.5222638
f 273/390/273 270/1040/270 266/382/266
f 266/382/266 271/378/271 273/390/273
f 270/1040/270 274/395/274 275/394/275
vt 0.5044410 0.5562826
f 316/386/316 270/385/270 275/1041/275
f 276/392/276 275/1041/275 278/398/278
vt 0.5157321 0.5162727
vt 0.5095905 0.5140680
f 273/1042/273 279/1043/279 274/395/274
f 273/1042/273 280/350/280 279/1043/279
f 280/350/280 273/390/273 281/351/281
f 282/400/282 317/399/317 287/404/287
f 284/310/284 229/309/229 286/403/286
vt 0.5299642 0.4772604
f 291/405/291 283/402/283 288/1044/288
f 283/402/283 285/401/285 288/1044/288
f 286/403/286 289/361/289 285/401/285
f 291/405/291 288/1044/288 292/410/292
f 285/401/285 292/410/292 288/1044/288
f 290/406/290 287/404/287 294/408/294
f 287/404/287 291/405/291 294/408/294
vt 0.5438834 0.4890562
vt 0.5487141 0.4904510
vt 0.5441427 0.4925435
f 292/1045/292 296/1046/296 295/1047/295
f 291/405/291 292/410/292 295/407/295
f 290/406/290 294/408/294 293/412/293
f 293/412/293 294/408/294 295/407/295
vt 0.5284920 0.4911038
f 292/410/292 298/411/298 296/1048/296
f 319/440/319 293/412/293 299/380/299
f 295/407/295 296/1048/296 300/393/300
f 296/1048/296 298/411/298 300/393/300
f 258/359/258 281/351/281 277/363/277
f 268/379/268 295/407/295 269/381/269
f 269/381/269 300/393/300 272/383/272
f 254/362/254 286/403/286 255/427/255
f 260/364/260 298/411/298 297/409/297
f 257/1035/257 260/364/260 297/409/297
f 300/393/300 298/411/298 260/364/260
f 260/364/260 277/363/277 300/393/300
f 68/102/68 69/105/69 302/426/302
f 302/426/302 301/592/301 234/342/234
f 147/425/147 68/102/68 302/426/302
f 303/446/303 304/418/304 236/333/236
f 301/417/301 303/446/303 236/333/236
f 306/616/306 345/615/345 238/327/238
f 345/615/345 307/421/307 238/327/238
vt 0.4812257 0.5666835
f 367/516/367 308/414/308 242/1049/242
f 218/293/218 302/426/302 234/342/234
f 218/293/218 245/344/245 219/294/219
f 219/294/219 245/344/245 255/296/255
vt 0.5163615 0.5405407
f 255/296/255 229/1050/229 221/234/221
vt 0.5327023 0.5473175
f 311/913/311 312/912/312 310/1051/310
vt 0.5472255 0.5272781
vt 0.5487542 0.5267397
vt 0.5483092 0.5321807
f 313/1052/313 262/1053/262 312/1054/312
vt 0.5405176 0.5322215
f 310/371/310 312/1055/312 262/373/262
f 313/429/313 611/428/611 618/897/618
f 314/432/314 299/380/299 264/375/264
f 315/612/315 261/370/261 265/384/265
f 316/386/316 315/612/315 265/384/265
vt 0.5002533 0.5226410
f 308/435/308 276/1056/276 278/396/278
vt 0.4901102 0.5538972
f 276/392/276 308/414/308 368/1057/368
f 228/306/228 284/310/284 283/402/283
vt 0.5327851 0.4892396
f 223/1011/223 224/1010/224 318/1058/318
f 320/441/320 321/444/321 330/462/330
vt 0.5266351 0.5097652
f 322/594/322 76/106/76 324/1059/324
f 322/594/322 324/1059/324 323/465/323
vt 0.4854784 0.5294257
f 328/595/328 329/596/329 337/1060/337
vt 0.4648007 0.4932584
f 304/418/304 330/1061/330 338/461/338
f 320/445/320 330/1061/330 304/418/304
f 321/444/321 323/465/323 330/462/330
vt 0.4554851 0.5074054
vt 0.4566931 0.5079024
f 323/448/323 324/1062/324 331/1063/331
vt 0.4533350 0.5136678
vt 0.4542993 0.5147897
f 324/1064/324 332/468/332 331/1065/331
f 91/119/91 332/456/332 324/1059/324
f 334/458/334 328/595/328 336/488/336
vt 0.5129447 0.5258037
f 419/454/419 334/458/334 333/1066/333
f 326/455/326 419/454/419 333/1066/333
f 327/457/327 328/595/328 334/458/334
f 336/488/336 328/595/328 337/1060/337
vt 0.4632450 0.5055565
vt 0.4607774 0.5108313
vt 0.4628901 0.5108257
f 330/1067/330 339/1068/339 347/1069/347
f 330/462/330 323/465/323 339/467/339
f 332/471/332 343/495/343 342/472/342
f 343/495/343 326/455/326 333/1066/333
vt 0.4494307 0.5106251
vt 0.4470168 0.5066702
vt 0.4501093 0.5066275
f 333/1070/333 334/1071/334 335/1072/335
vt 0.4473587 0.5034648
vt 0.4504875 0.4996836
f 335/1072/335 334/1073/334 336/1074/336
vt 0.4986026 0.5321537
f 337/1060/337 344/486/344 336/1075/336
vt 0.4498661 0.5349234
vt 0.4460448 0.5303815
f 352/604/352 351/1076/351 337/1077/337
f 331/466/331 340/482/340 339/467/339
f 341/473/341 342/472/342 340/482/340
vt 0.5058915 0.5299211
f 333/1066/333 335/1078/335 349/496/349
vt 0.4548355 0.5024468
vt 0.4519993 0.5036361
f 350/1079/350 335/1080/335 336/1074/336
vt 0.4555956 0.5100949
f 349/1081/349 335/1080/335 350/1079/350
f 346/460/346 353/420/353 345/615/345
f 346/464/346 347/463/347 354/493/354
f 355/494/355 340/482/340 356/502/356
f 340/482/340 342/472/342 356/502/356
f 342/472/342 343/495/343 362/497/362
f 349/496/349 350/487/350 357/498/357
vt 0.4911333 0.5369562
f 374/507/374 350/487/350 344/1082/344
vt 0.4712653 0.5269530
f 354/491/354 358/1083/358 353/492/353
f 355/494/355 356/502/356 360/504/360
vt 0.4640414 0.5335478
vt 0.4611957 0.5290797
vt 0.4628121 0.5317276
f 356/1084/356 342/1085/342 362/1086/362
f 362/497/362 361/503/361 356/502/356
f 357/498/357 350/487/350 364/506/364
vt 0.4759877 0.5316909
vt 0.4867617 0.5300232
f 358/1083/358 366/1087/366 368/1088/368
vt 0.4720016 0.5318754
f 358/1083/358 369/1089/369 366/1087/366
vt 0.5566892 0.5318636
f 358/501/358 359/500/359 369/1090/369
f 355/494/355 360/504/360 359/500/359
vt 0.5427187 0.5389385
f 359/500/359 360/504/360 370/1091/370
f 363/499/363 361/503/361 362/497/362
f 363/499/363 357/498/357 364/506/364
f 365/542/365 374/511/374 375/513/375
f 368/515/368 366/525/366 376/527/376
vt 0.5516944 0.5347084
vt 0.5458175 0.5419148
f 369/1092/369 370/1091/370 377/1093/377
vt 0.5207727 0.5466101
f 361/503/361 371/1094/371 379/531/379
f 365/542/365 373/541/373 380/536/380
f 373/541/373 375/513/375 389/544/389
f 383/546/383 384/523/384 385/560/385
f 384/523/384 377/547/377 385/560/385
vt 0.5251303 0.5536528
f 379/531/379 371/1094/371 386/1095/386
f 371/1094/371 372/520/372 387/551/387
f 371/1094/371 387/551/387 386/1095/386
f 380/536/380 373/541/373 388/552/388
f 391/561/391 394/570/394 377/547/377
f 392/564/392 396/562/396 387/553/387
f 389/544/389 390/566/390 388/552/388
f 381/543/381 390/566/390 389/544/389
f 376/575/376 383/546/383 393/568/393
f 383/546/383 385/560/385 401/567/401
f 391/561/391 396/562/396 395/569/395
f 394/570/394 395/569/395 402/578/402
f 398/571/398 388/552/388 390/566/390
f 402/583/402 401/567/401 394/559/394
f 400/574/400 393/568/393 401/567/401
f 398/571/398 406/581/406 397/572/397
f 406/581/406 390/566/390 399/573/399
f 315/433/315 400/574/400 411/588/411
f 407/576/407 411/588/411 400/574/400
vt 0.5107316 0.5467107
f 407/576/407 409/584/409 408/1096/408
f 401/567/401 409/584/409 407/576/407
f 403/577/403 414/589/414 409/585/409
f 395/569/395 410/586/410 403/577/403
f 397/572/397 416/587/416 405/579/405
f 407/576/407 408/1096/408 411/588/411
vt 0.5132219 0.5513558
f 412/1097/412 408/1096/408 409/584/409
f 409/585/409 413/590/413 412/610/412
f 403/577/403 410/586/410 414/589/414
f 410/586/410 404/580/404 415/591/415
f 405/579/405 416/587/416 425/606/425
f 416/587/416 406/581/406 417/607/417
f 406/581/406 399/573/399 417/607/417
f 417/607/417 399/573/399 418/605/418
f 399/573/399 423/582/423 418/605/418
f 70/952/70 303/442/303 301/950/301
f 75/8/75 321/444/321 74/443/74
f 10/107/10 321/444/321 75/8/75
f 77/931/77 325/109/325 76/106/76
f 89/68/89 88/70/88 327/457/327
f 88/70/88 46/63/46 328/595/328
f 328/595/328 46/63/46 329/596/329
vt 0.4409056 0.5243372
f 329/1098/329 420/768/420 337/1077/337
f 45/122/45 87/121/87 329/1098/329
f 418/605/418 423/582/423 424/725/424
f 405/579/405 425/606/425 415/591/415
f 416/587/416 417/607/417 425/606/425
f 410/586/410 426/608/426 414/589/414
vt 0.5186620 0.5577625
vt 0.5155982 0.5593118
vt 0.5159278 0.5563082
f 414/1099/414 426/1100/426 630/1101/630
vt 0.5150066 0.5153966
f 413/590/413 414/589/414 630/1102/630
f 408/1096/408 603/894/603 411/588/411
f 408/1096/408 412/1097/412 603/894/603
f 316/614/316 376/575/376 400/574/400
f 276/613/276 368/1088/368 376/575/376
f 242/331/242 358/1083/358 367/436/367
f 242/331/242 353/420/353 358/1083/358
f 304/418/304 338/461/338 306/616/306
vt 0.4516181 0.4655061
f 431/129/431 430/618/430 429/1103/429
f 520/629/520 436/628/436 435/635/435
vt 0.4672227 0.4424737
f 80/113/80 438/630/438 436/1104/436
f 439/110/439 440/229/440 438/630/438
f 441/632/441 429/631/429 428/637/428
f 430/638/430 428/637/428 429/631/429
vt 0.4657443 0.4582980
f 430/618/430 432/617/432 442/1105/442
vt 0.4612094 0.5013288
f 443/634/443 432/1106/432 433/623/433
vt 0.4647129 0.4500609
f 442/1105/442 432/617/432 443/1107/443
vt 0.4600586 0.4453998
vt 0.4658356 0.4435886
f 443/1107/443 434/1108/434 444/1109/444
vt 0.4681878 0.4462265
f 443/1107/443 444/1109/444 448/1110/448
vt 0.4748692 0.4734109
vt 0.4725911 0.4771335
f 436/628/436 438/1111/438 445/1112/445
vt 0.4686305 0.4518286
f 442/1105/442 443/1107/443 456/1113/456
vt 0.4718282 0.4462884
f 443/1107/443 448/1110/448 456/1114/456
f 449/643/449 444/642/444 435/635/435
f 450/648/450 435/635/435 436/628/436
vt 0.4795359 0.4392464
vt 0.4700348 0.4375468
vt 0.4730415 0.4397714
f 450/1115/450 436/1116/436 445/1117/445
f 452/657/452 438/630/438 440/229/440
f 428/637/428 453/649/453 441/632/441
vt 0.4592666 0.4704725
vt 0.4645118 0.4664232
vt 0.4646657 0.4700479
f 428/1118/428 446/1119/446 453/1120/453
f 430/638/430 455/655/455 447/640/447
f 442/1105/442 456/1113/456 454/665/454
f 449/643/449 450/648/450 461/659/461
vt 0.4653633 0.4713141
vt 0.4707355 0.4656533
f 453/1121/453 446/1119/446 459/1122/459
vt 0.4464761 0.5052243
vt 0.4447104 0.4994102
vt 0.4428951 0.5053544
f 456/1123/456 448/1124/448 457/1125/457
vt 0.4513202 0.5123181
f 456/1123/456 457/670/457 454/1126/454
vt 0.4367337 0.5013315
f 457/1125/457 448/1124/448 460/1127/460
vt 0.4890186 0.4430794
vt 0.4933999 0.4357882
f 450/1115/450 451/1128/451 462/1129/462
f 452/657/452 164/230/164 451/645/451
f 465/686/465 459/658/459 454/654/454
f 460/660/460 461/659/461 470/677/470
f 461/659/461 462/661/462 480/676/480
vt 0.4971799 0.4926515
f 462/661/462 472/1130/472 480/676/480
vt 0.4921678 0.4792203
vt 0.4979665 0.4815969
f 462/661/462 451/1131/451 468/1132/468
vt 0.4987105 0.4413548
f 451/645/451 164/230/164 468/1133/468
vt 0.4733023 0.4677779
f 453/1121/453 459/1122/459 463/1134/463
f 459/658/459 477/685/477 463/663/463
f 466/678/466 467/671/467 469/699/469
f 480/676/480 472/1130/472 471/703/471
vt 0.5013671 0.4366303
f 473/1135/473 462/1129/462 468/1133/468
f 473/694/473 472/1130/472 462/661/462
f 477/685/477 475/683/475 463/663/463
vt 0.4724131 0.4731364
f 464/1136/464 474/705/474 382/554/382
vt 0.4792069 0.4653167
f 464/1136/464 475/1137/475 474/705/474
f 467/671/467 478/697/478 469/699/469
vt 0.4404687 0.5161761
f 467/671/467 470/1138/470 478/697/478
f 480/676/480 481/701/481 479/692/479
f 480/676/480 471/703/471 481/701/481
f 472/1130/472 473/694/473 482/696/482
vt 0.5015725 0.4419369
vt 0.5036672 0.4419417
vt 0.5042370 0.4430928
f 471/1139/471 472/1140/472 483/1141/483
vt 0.5082308 0.4967766
f 472/1130/472 482/696/482 483/1142/483
vt 0.5034162 0.4379228
f 473/1143/473 468/1133/468 522/749/522
vt 0.4565654 0.5314331
vt 0.4595625 0.5313726
f 477/687/477 484/1144/484 476/1145/476
f 479/692/479 486/702/486 478/693/478
f 487/704/487 471/703/471 483/1142/483
f 483/1142/483 482/696/482 493/718/493
vt 0.4889898 0.5373592
vt 0.4842062 0.5357904
vt 0.4881386 0.5359905
f 489/1146/489 474/1147/474 490/1148/490
f 475/1137/475 476/708/476 490/710/490
f 474/705/474 475/1137/475 490/710/490
f 492/713/492 478/693/478 486/702/486
f 493/718/493 487/704/487 483/1142/483
f 495/723/495 491/711/491 501/719/501
f 490/710/490 491/711/491 495/723/495
vt 0.5063638 0.4470210
f 485/712/485 496/1149/496 501/719/501
vt 0.5074909 0.5306570
f 492/713/492 496/1150/496 485/714/485
f 492/713/492 486/702/486 497/715/497
f 493/718/493 498/720/498 487/704/487
f 489/706/489 499/722/499 423/582/423
vt 0.4920113 0.5368298
vt 0.4958602 0.5373696
f 490/1151/490 500/1152/500 489/1146/489
f 490/710/490 495/723/495 500/721/500
f 497/715/497 503/724/503 492/713/492
f 496/1150/496 492/713/492 503/724/503
f 505/734/505 500/721/500 501/719/501
f 496/1149/496 506/735/506 501/719/501
vt 0.4475523 0.5324154
vt 0.4531258 0.5302363
vt 0.4489347 0.5329851
f 496/1153/496 507/1154/507 502/1155/502
vt 0.5147348 0.4545586
f 506/735/506 496/1149/496 502/1156/502
f 503/724/503 507/761/507 496/1150/496
f 503/727/503 508/729/508 507/1154/507
vt 0.5232707 0.5097906
f 498/720/498 504/1157/504 503/724/503
f 514/739/514 504/732/504 515/731/515
f 498/720/498 509/733/509 504/1157/504
f 424/725/424 499/722/499 511/726/511
f 505/734/505 506/735/506 527/764/527
vt 0.5209051 0.5210623
vt 0.5212189 0.5292818
f 507/761/507 508/1158/508 512/1159/512
f 509/733/509 510/753/510 516/740/516
f 44/123/44 517/633/517 87/121/87
f 517/633/517 518/124/518 429/631/429
vt 0.4493780 0.5052829
f 518/124/518 431/1160/431 429/631/429
vt 0.4501602 0.5034809
vt 0.4491916 0.4960408
vt 0.4556585 0.5020124
f 431/1161/431 92/1162/92 432/1163/432
vt 0.4562372 0.4965707
vt 0.4512903 0.4939760
f 92/1164/92 519/1165/519 433/623/433
f 83/94/83 82/116/82 519/621/519
f 83/94/83 519/621/519 92/131/92
vt 0.4580750 0.4750570
f 81/1166/81 437/627/437 520/629/520
f 439/110/439 127/192/127 440/229/440
vt 0.4887378 0.4733516
vt 0.4943233 0.4729383
f 452/1167/452 163/747/163 164/1168/164
f 468/1133/468 164/230/164 521/750/521
f 468/1133/468 521/750/521 522/749/522
f 523/751/523 521/750/521 156/225/156
f 153/970/153 154/752/154 523/716/523
f 152/223/152 524/757/524 516/756/516
f 515/741/515 539/776/539 514/906/514
vt 0.5269585 0.5162541
f 513/1169/513 514/906/514 623/778/623
vt 0.4573459 0.5228914
vt 0.4608002 0.5230751
f 512/737/512 513/1170/513 525/1171/525
vt 0.4616575 0.5277263
f 512/737/512 525/1171/525 534/1172/534
vt 0.5172114 0.5386854
f 502/1173/502 507/761/507 526/763/526
vt 0.5224443 0.4626789
f 502/1156/502 526/1174/526 527/764/527
f 506/735/506 502/1156/502 527/764/527
f 511/726/511 505/734/505 528/765/528
f 382/554/382 474/705/474 488/707/488
f 422/565/422 382/554/382 488/707/488
f 464/1136/464 382/554/382 421/512/421
f 421/602/421 352/604/352 458/767/458
vt 0.4530287 0.4782174
vt 0.4574646 0.4747785
vt 0.4627547 0.4754747
f 420/1175/420 441/1176/441 458/1177/458
f 517/633/517 441/632/441 420/768/420
vt 0.5154039 0.4770416
f 529/1178/529 544/784/544 531/769/531
f 529/1178/529 622/766/622 544/784/544
f 535/775/535 537/905/537 536/801/536
f 537/905/537 623/778/623 538/777/538
vt 0.5411130 0.5012589
vt 0.5437029 0.4948611
f 542/792/542 540/1179/540 524/1180/524
f 425/606/425 530/770/530 543/781/543
f 531/769/531 544/784/544 543/781/543
f 546/788/546 532/773/532 533/772/533
f 622/766/622 532/782/532 544/784/544
f 537/905/537 538/777/538 554/804/554
f 540/1179/540 542/792/542 539/776/539
f 544/784/544 547/794/547 543/781/543
vt 0.4837452 0.5503568
f 545/786/545 549/1181/549 548/805/548
vt 0.5291486 0.4921442
f 548/793/548 549/818/549 550/1182/550
vt 0.4827071 0.5448187
vt 0.4873914 0.5459954
f 551/1183/551 549/1184/549 545/786/545
f 557/821/557 551/795/551 552/797/552
f 536/801/536 554/804/554 553/802/553
f 536/801/536 537/905/537 554/804/554
vt 0.5161351 0.4992542
f 543/781/543 556/1185/556 631/922/631
f 547/794/547 556/1185/556 543/781/543
f 551/795/551 557/821/557 549/818/549
vt 0.5376841 0.4867066
f 549/818/549 557/821/557 558/1186/558
f 554/804/554 560/803/560 559/809/559
f 560/829/560 567/826/567 559/828/559
f 542/780/542 561/810/561 560/829/560
vt 0.5015107 0.5531161
f 556/1187/556 562/816/562 426/921/426
f 547/807/547 562/816/562 556/1187/556
f 550/1182/550 549/818/549 564/820/564
vt 0.4907889 0.5402470
f 549/1184/549 558/808/558 565/1188/565
vt 0.5461444 0.4869857
f 553/825/553 566/824/566 558/1189/558
f 567/826/567 561/810/561 568/831/568
f 555/811/555 569/830/569 561/810/561
f 569/830/569 555/811/555 571/838/571
vt 0.5273951 0.4994016
vt 0.5300256 0.5056152
f 563/1190/563 564/820/564 572/1191/572
f 564/820/564 565/819/565 573/835/573
f 565/819/565 558/1189/558 574/834/574
f 558/1189/558 566/824/566 574/834/574
f 574/834/574 566/824/566 578/843/578
vt 0.5132423 0.5497165
f 562/816/562 575/1192/575 630/918/630
vt 0.5279526 0.5023940
f 563/1193/563 572/1191/572 583/839/583
vt 0.5012694 0.5389531
vt 0.5070576 0.5347418
vt 0.5064817 0.5382209
f 564/1194/564 577/1195/577 576/1196/576
f 572/1191/572 564/820/564 576/852/576
f 567/826/567 580/837/580 566/827/566
f 571/838/571 582/907/582 570/836/570
f 583/846/583 572/1191/572 585/847/585
f 576/852/576 586/851/586 572/1191/572
f 588/848/588 578/843/578 579/844/579
f 579/845/579 580/837/580 584/850/584
f 570/836/570 582/907/582 581/849/581
f 570/836/570 581/849/581 568/831/568
f 568/831/568 581/849/581 580/837/580
vt 0.5171290 0.5221135
f 629/1197/629 575/840/575 585/847/585
f 572/1191/572 586/851/586 585/847/585
vt 0.5053100 0.5304283
vt 0.5102308 0.5310558
f 577/1195/577 588/1198/588 587/1199/587
f 579/844/579 595/861/595 588/848/588
f 579/845/579 584/850/584 589/863/589
f 591/865/591 590/862/590 581/849/581
f 584/850/584 581/849/581 590/862/590
f 582/907/582 591/865/591 581/849/581
f 582/907/582 227/300/227 591/865/591
f 427/855/427 585/854/585 592/878/592
f 586/859/586 577/1195/577 587/857/587
f 591/865/591 602/864/602 590/862/590
vt 0.5203287 0.5370960
f 585/854/585 593/1200/593 592/878/592
f 594/870/594 587/873/587 597/874/597
vt 0.5118088 0.5265792
vt 0.5148103 0.5243263
vt 0.5170808 0.5253075
f 588/1201/588 595/1202/595 598/1203/598
f 589/860/589 607/887/607 595/861/595
f 590/862/590 601/877/601 599/875/599
f 595/861/595 607/887/607 598/872/598
f 602/864/602 609/908/609 614/900/614
f 602/864/602 614/900/614 601/877/601
f 596/869/596 610/896/610 603/894/603
f 596/869/596 604/871/604 611/428/611
f 604/871/604 597/874/597 612/889/612
f 598/872/598 606/885/606 597/874/597
f 598/872/598 607/887/607 605/884/605
vt 0.5602337 0.5367560
f 607/887/607 600/886/600 619/1204/619
f 615/902/615 608/888/608 614/900/614
f 601/877/601 614/900/614 608/888/608
f 609/908/609 616/297/616 614/900/614
f 614/900/614 616/297/616 621/903/621
f 617/915/617 603/894/603 309/366/309
f 603/894/603 610/896/610 310/371/310
f 605/884/605 619/1204/619 314/898/314
f 600/876/600 620/899/620 619/892/619
f 528/765/528 529/1178/529 531/769/531
f 528/765/528 622/766/622 529/1178/529
f 527/764/527 526/1174/526 622/766/622
f 622/766/622 526/1174/526 532/782/532
f 533/772/533 526/763/526 534/774/534
f 534/774/534 525/904/525 535/775/535
vt 0.5277841 0.5207000
f 513/1169/513 623/778/623 525/1205/525
vt 0.4582254 0.5009993
vt 0.4578419 0.5037925
f 515/760/515 540/1206/540 539/1207/539
vt 0.4561139 0.4966034
f 516/1208/516 524/757/524 540/759/540
vt 0.5417957 0.4637150
vt 0.5403932 0.4631710
vt 0.5396536 0.4645812
f 624/1209/624 524/1210/524 232/1211/232
f 624/322/624 625/323/625 555/811/555
f 227/300/227 226/298/226 602/864/602
f 602/864/602 226/298/226 225/246/225
f 602/864/602 225/246/225 609/908/609
f 616/297/616 223/1011/223 621/903/621
f 181/248/181 223/1011/223 616/297/616
f 621/903/621 318/1058/318 626/901/626
vt 0.5607666 0.5165507
vt 0.5660248 0.5123432
f 627/439/627 619/1212/619 620/1213/620
f 608/888/608 626/901/626 620/899/620
f 608/888/608 615/902/615 626/901/626
f 620/1213/620 626/438/626 627/439/627
f 619/1212/619 627/439/627 319/440/319
f 619/1212/619 319/440/319 314/432/314
vt 0.5520153 0.5427426
f 618/897/618 314/1214/314 313/429/313
f 610/896/610 611/428/611 311/913/311
vt 0.5205729 0.5439012
f 628/1215/628 411/588/411 617/915/617
f 629/1197/629 427/609/427 413/590/413
vt 0.5205112 0.5494933
f 630/918/630 575/1192/575 629/1216/629
f 631/922/631 556/1185/556 426/608/426
f 631/922/631 426/608/426 415/591/415
f 418/605/418 530/770/530 425/606/425
# 1258 faces, 1216 coords texture

# End of File
