####
#
# OBJ File Generated by Meshlab
#
####
# Object artemis-arena-collision.obj
#
# Vertices: 966
# Faces: 2200
#
####
vn 3.9269938 -2.6815131 -1.1107237
v 3.6059999 4.9759998 0.1218000
vn 3.9269881 -1.1107162 -2.6815186
v 3.6059999 5.0310001 0.0668000
vn -3.1167305 -3.1167192 -3.0918617
v 6.8559999 4.9759998 0.1218000
vn -0.6755108 -0.6755109 -6.0634127
v 6.9109998 5.0310001 0.0668000
vn -3.1167312 3.1167250 -3.0918593
v 6.8559999 -0.0040000 0.1218000
vn -0.6755114 0.6755132 -6.0634103
v 6.9109998 -0.0590000 0.0668000
vn 3.9269903 2.6815183 -1.1107219
v 3.6059999 -0.0040000 0.1218000
vn 3.9269907 1.1107208 -2.6815174
v 3.6059999 -0.0590000 0.0668000
vn 3.9269881 -1.1107177 2.6815205
v 3.6059999 5.0310001 0.2300000
vn 3.9269938 -2.6815152 1.1107248
v 3.6059999 4.9759998 0.1750000
vn -0.6755096 -0.6755121 6.0634112
v 6.9109998 5.0310001 0.2300000
vn -3.1167331 -3.1167197 3.0918646
v 6.8559999 4.9759998 0.1750000
vn -0.6755127 0.6755119 6.0634117
v 6.9109998 -0.0590000 0.2300000
vn -3.1167288 3.1167245 3.0918570
v 6.8559999 -0.0040000 0.1750000
vn 3.9269910 1.1107194 2.6815157
v 3.6059999 -0.0590000 0.2300000
vn 3.9269905 2.6815162 1.1107209
v 3.6059999 -0.0040000 0.1750000
vn -3.9269903 2.6815157 -1.1107208
v 3.2509999 -0.0040000 0.1218000
vn -3.9269910 1.1107206 -2.6815171
v 3.2509999 -0.0590000 0.0668000
vn 3.1167254 3.1167269 -3.0918610
v -0.0040000 -0.0040000 0.1218000
vn 0.6755121 0.6755108 -6.0634108
v -0.0590000 -0.0590000 0.0668000
vn 3.1167300 -3.1167207 -3.0918674
v -0.0040000 4.9759998 0.1218000
vn 0.6755091 -0.6755092 -6.0634098
v -0.0590000 5.0310001 0.0668000
vn -3.9269938 -2.6815133 -1.1107230
v 3.2460001 4.9759998 0.1218000
vn -3.9269879 -1.1107178 -2.6815205
v 3.2460001 5.0310001 0.0668000
vn -3.9269910 1.1107208 2.6815162
v 3.2509999 -0.0590000 0.2300000
vn -3.9269905 2.6815186 1.1107221
v 3.2509999 -0.0040000 0.1750000
vn 0.6755108 0.6755121 6.0634108
v -0.0590000 -0.0590000 0.2300000
vn 3.1167283 3.1167254 3.0918622
v -0.0040000 -0.0040000 0.1750000
vn 0.6755103 -0.6755100 6.0634136
v -0.0590000 5.0310001 0.2300000
vn 3.1167274 -3.1167204 3.0918648
v -0.0040000 4.9759998 0.1750000
vn 1.5707967 1.5707964 -1.5707964
v 7.4060001 -0.2040000 -0.5500000
vn 1.5707964 -1.5707963 -1.5707965
v 7.4060001 -0.3340000 -0.5500000
vn 1.5707901 1.5707959 -4.7123890
v 7.3559999 -0.2040000 -0.5500000
vn 0.0000000 -3.1415925 -3.1415925
v 5.7509999 -0.3340000 -0.5500000
vn 0.0000000 3.1415925 -3.1415923
v 5.7509999 5.3059998 -0.5500000
vn 1.5707964 1.5707963 -1.5707963
v 7.4060001 5.3059998 -0.5500000
vn 1.5707898 -1.5707959 -4.7123890
v 7.3559999 5.1760001 -0.5500000
vn 1.5707971 -1.5707964 -1.5707964
v 7.4060001 5.1760001 -0.5500000
vn 1.5707964 -1.5707961 -1.5707964
v 7.3559999 4.9759998 -0.5500000
vn 1.5707964 -1.5707964 -4.7123890
v 7.1859999 4.9759998 -0.5500000
vn 1.5707959 1.5707961 -1.5707964
v 7.3559999 2.6359999 -0.5500000
vn 1.5707964 -1.5707961 -1.5707965
v 7.3559999 2.3360000 -0.5500000
vn 1.5707965 1.5707964 -4.7123890
v 7.1859999 2.6359999 -0.5500000
vn 1.5707964 -1.5707964 -4.7123890
v 7.1859999 2.3360000 -0.5500000
vn -1.5707964 -1.5707964 -1.5707964
v -0.5540000 -0.3340000 -0.5500000
vn -1.5707967 1.5707964 -1.5707964
v -0.5540000 -0.2040000 -0.5500000
vn 0.0000000 -3.1415925 -3.1415925
v -0.3540000 -0.3340000 -0.5500000
vn -1.5707959 1.5707959 -4.7123890
v -0.5040000 -0.2040000 -0.5500000
vn -1.5707959 -1.5707963 -1.5707964
v -0.5040000 2.3360000 -0.5500000
vn -1.5707964 1.5707963 -1.5707963
v -0.5040000 2.6359999 -0.5500000
vn -1.5707964 -1.5707964 -4.7123890
v -0.3340000 2.3360000 -0.5500000
vn -1.5707965 1.5707964 -4.7123890
v -0.3340000 2.6359999 -0.5500000
vn -1.5707964 -1.5707964 -4.7123890
v -0.3340000 4.9759998 -0.5500000
vn -1.5707964 -1.5707963 -1.5707964
v -0.5040000 4.9759998 -0.5500000
vn -1.5707899 -1.5707959 -4.7123890
v -0.5040000 5.1760001 -0.5500000
vn 0.0000000 3.1415925 -3.1415920
v 4.4710002 5.3059998 -0.5500000
vn 1.5707965 1.5707964 -4.7123890
v 7.1859999 -0.0040000 -0.5500000
vn 1.5707964 1.5707961 -1.5707964
v 7.3559999 -0.0040000 -0.5500000
vn 0.0000000 -3.1415925 -3.1415925
v 4.4710002 -0.3340000 -0.5500000
vn 0.0000000 3.1415927 -3.1415925
v 3.4259999 5.3059998 -0.5500000
vn 0.0000000 -3.1415927 -3.1415925
v 3.4259999 -0.3340000 -0.5500000
vn 0.0000000 3.1415925 -3.1415930
v 2.3810000 5.3059998 -0.5500000
vn 0.0000000 -3.1415925 -3.1415927
v 2.3810000 -0.3340000 -0.5500000
vn 0.0000000 -3.1415925 -3.1415927
v 1.1010000 -0.3340000 -0.5500000
vn -1.5707964 1.5707963 -1.5707964
v -0.5040000 -0.0040000 -0.5500000
vn -1.5707965 1.5707964 -4.7123890
v -0.3340000 -0.0040000 -0.5500000
vn 0.0000000 3.1415925 -3.1415923
v 1.1010000 5.3059998 -0.5500000
vn 0.0000000 3.1415925 -3.1415925
v -0.3540000 5.3059998 -0.5500000
vn -1.5707964 1.5707964 -1.5707965
v -0.5540000 5.3059998 -0.5500000
vn -1.5707972 -1.5707964 -1.5707964
v -0.5540000 5.1760001 -0.5500000
vn 1.5707960 1.5707963 -1.5707964
v -0.2040000 -0.2040000 1.6250000
vn 3.1415925 3.1415927 -3.1415930
v -0.2040000 -0.0040000 1.6250000
vn 1.5707967 1.5707964 -4.7123890
v -0.1540000 -0.2040000 1.6250000
vn 1.1107208 2.3561945 -2.6815171
v -0.0064764 -0.0040000 1.6250000
vn 4.7123890 -1.5707963 -1.5707964
v -0.1540000 -0.3040000 1.6250000
vn 1.1107208 -2.3561950 -2.6815171
v -0.0064764 -0.3040000 1.6250000
vn 2.6815171 2.3561950 -1.1107208
v 1.0660000 -0.0040000 2.6974764
vn 2.6815171 -2.3561943 -1.1107208
v 1.0660000 -0.3040000 2.6974764
vn 4.7123890 -1.5707964 1.5707964
v -0.1540000 -0.3040000 1.6750000
vn -1.1107208 -3.9269907 2.6815169
v -0.0271871 -0.3040000 1.6750000
vn 1.5707958 1.5707976 4.7123890
v -0.1540000 -0.2040000 1.6750000
vn -1.1107208 3.9269915 2.6815176
v -0.0271871 -0.0040000 1.6750000
vn 1.5707961 1.5707964 1.5707965
v -0.2040000 -0.2040000 1.6750000
vn 3.1415927 3.1415927 3.1415927
v -0.2040000 -0.0040000 1.6750000
vn -1.5707964 4.7123890 -1.5707952
v 1.0160000 -0.0040000 2.8899999
vn -2.6815169 3.9269912 1.1107208
v 1.0160000 -0.0040000 2.7181871
vn -1.5707963 -1.5707960 -4.7123890
v 1.0160000 -0.3040000 2.8899999
vn -2.6815171 -3.9269910 1.1107208
v 1.0160000 -0.3040000 2.7181871
vn 1.5707964 -1.5707964 -4.7123890
v 1.0660000 -0.3040000 2.8899999
vn -1.5707964 4.7123675 -1.5707961
v 5.7859998 -0.0040000 2.8899999
vn -2.6815171 2.3561945 -1.1107208
v 5.7859998 -0.0040000 2.6974764
vn -1.5707964 -1.5707965 -4.7123899
v 5.7859998 -0.3040000 2.8899999
vn -2.6815171 -2.3561966 -1.1107208
v 5.7859998 -0.3040000 2.6974764
vn -1.1107208 2.3561966 -2.6815171
v 6.8584762 -0.0040000 1.6250000
vn -1.1107208 -2.3561947 -2.6815169
v 6.8584762 -0.3040000 1.6250000
vn 0.0000000 3.1415927 -3.1415927
v 7.0060000 -0.2040000 1.6250000
vn 1.5707963 1.5707963 -1.5707963
v 7.0060000 -0.0040000 1.6250000
vn 0.0000004 3.1415927 3.1415925
v 7.0060000 -0.2040000 1.6750000
vn 1.5707964 1.5707964 1.5707964
v 7.0060000 -0.0040000 1.6750000
vn -1.5707947 -1.5707964 4.7123890
v 3.2260001 1.9180000 3.2400000
vn 1.5707947 -1.5707960 4.7123890
v 2.4059999 1.9180000 3.2400000
vn -1.5707964 -1.5707960 -4.7123890
v 3.2260001 1.9180000 3.1900001
vn 1.5707964 -1.5707964 -4.7123890
v 2.4059999 1.9180000 3.1900001
vn 3.9269910 1.1107208 2.6815171
v -0.2040000 4.7991872 1.6750000
vn 3.1415920 -3.1415927 3.1415930
v -0.2040000 4.9759998 1.6750000
vn -3.9269907 1.1107208 2.6815171
v -0.5040000 4.7991872 1.6750000
vn -4.7123890 -1.5707964 1.5707964
v -0.5040000 4.9759998 1.6750000
vn 1.5707947 1.5707964 -4.7123880
v 2.4059999 0.8820000 3.1900001
vn 1.5707964 1.5707960 4.7123880
v 2.4059999 0.8820000 3.2400000
vn 3.9269907 2.6815169 1.1107208
v -0.2040000 3.7560000 2.7181871
vn -3.9269929 2.6815171 1.1107208
v -0.5040000 3.7560000 2.7181871
vn -1.5707964 1.5707964 4.7123890
v 3.2260001 1.9679999 3.2400000
vn -1.5707947 -1.5707964 4.7123890
v 3.2260001 3.0039999 3.2400000
vn -1.5707947 1.5707960 -4.7123880
v 3.2260001 1.9679999 3.1900001
vn -1.5707964 -1.5707960 -4.7123890
v 3.2260001 3.0039999 3.1900001
vn 1.5707961 -1.5707964 -1.5707967
v 3.6059999 5.1560001 0.0668000
vn -1.5707966 -1.5707964 -1.5707953
v 7.0359998 5.1560001 0.0668000
vn -1.5707964 1.5707964 -1.5707967
v 7.0359998 -0.1840000 0.0668000
vn 1.5707964 1.5707964 -1.5707964
v 3.6059999 -0.1840000 0.0668000
vn 1.5707961 1.5708356 -4.7123885
v 5.7760000 -0.2040000 2.8899999
vn 1.5707935 1.5707967 -1.5707964
v 3.5760000 -0.2040000 2.8899999
vn 3.1415925 3.1415911 -3.1415920
v 3.5760000 -0.0040000 2.8899999
vn 1.5707964 -1.5707964 -4.7123885
v 5.8360000 -0.3040000 2.8899999
vn 1.5707963 4.7123885 -1.5707959
v 5.8360000 -0.0040000 2.8899999
vn -1.5707961 1.5707964 -4.7123880
v 7.0060000 -0.2040000 2.8899999
vn -3.1415927 3.1415930 -3.1415930
v 7.0559998 -0.0040000 2.8899999
vn -1.5707935 1.5707548 -1.5707964
v 7.0559998 -0.2040000 2.8899999
vn 1.5707964 -4.7123895 -1.5707963
v 5.7760000 -0.3340000 2.8899999
vn -1.5707964 -4.7123890 -1.5707976
v 7.0060000 -0.3340000 2.8899999
vn 1.5707947 -1.5707960 4.7123890
v 2.4059999 3.0039999 3.2400000
vn 1.5707964 -1.5707964 -4.7123880
v 2.4059999 3.0039999 3.1900001
vn 0.0000000 3.1415925 -3.1415927
v 3.6010001 -0.0040000 3.1900001
vn 1.5707964 1.5707964 -1.5707964
v 3.5760000 -0.0040000 3.1900001
vn 3.1415927 0.0000000 -3.1415927
v 3.5760000 0.4390000 3.1900001
vn -1.5707964 1.5707960 -4.7123890
v 4.4460001 4.1399999 3.1900001
vn -1.5707960 -4.7123885 -1.5707964
v 4.4460001 4.9759998 3.1900001
vn 0.0000000 -3.1415927 -3.1415637
v 4.4710002 4.9759998 3.1900001
vn -1.5707964 1.5707954 -4.7123890
v 5.7259998 4.1399999 3.1900001
vn -1.5707960 -4.7123880 -1.5707964
v 5.7259998 4.9759998 3.1900001
vn 0.0000000 -3.1415925 -3.1415985
v 5.7509999 4.9759998 3.1900001
vn 1.5707964 -1.5707964 -4.7123899
v 4.4959998 0.8320000 3.1900001
vn 3.1415930 0.0000000 -3.1415927
v 4.4959998 0.4390000 3.1900001
vn 0.0000000 0.0000000 -6.2831869
v 4.4710002 0.4390000 3.1900001
vn 1.5707964 -1.5707964 -4.7123895
v 3.6259999 0.8320000 3.1900001
vn 3.1415930 0.0000000 -3.1415927
v 3.6259999 0.4390000 3.1900001
vn 0.0000000 0.0000000 -6.2831850
v 3.6010001 0.4390000 3.1900001
vn 1.5707964 4.7123880 -1.5707968
v 3.6259999 -0.0040000 3.1900001
vn 0.0000000 0.0000000 -6.2831616
v 3.6010001 1.9430001 3.1900001
vn 1.5707964 1.5707964 -4.7123885
v 3.6259999 0.8820000 3.1900001
vn -1.5707964 -1.5707960 -4.7123890
v 4.4460001 0.8320000 3.1900001
vn -1.5707947 1.5707960 -4.7123890
v 4.4460001 0.8820000 3.1900001
vn 0.0000000 0.0000000 -6.2831383
v 4.4710002 1.9430001 3.1900001
vn -1.5707964 -1.5707960 -4.7123890
v 4.4460001 1.9180000 3.1900001
vn 1.5707947 -1.5707964 -4.7123890
v 3.6259999 1.9180000 3.1900001
vn -1.5707964 4.7123890 -1.5707964
v 4.4460001 -0.0040000 3.1900001
vn -3.1415930 0.0000000 -3.1415927
v 4.4460001 0.4390000 3.1900001
vn 0.0000000 3.1415927 -3.1415927
v 4.4710002 -0.0040000 3.1900001
vn 1.5707964 4.7123880 -1.5707974
v 4.4959998 -0.0040000 3.1900001
vn 1.5707964 1.5707964 -4.7123895
v 4.4959998 0.8820000 3.1900001
vn -1.5707964 -1.5707954 -4.7123899
v 5.7259998 0.8320000 3.1900001
vn -1.5707947 1.5707954 -4.7123890
v 5.7259998 0.8820000 3.1900001
vn 0.0000000 0.0000000 -6.2831378
v 5.7509999 1.9430001 3.1900001
vn -1.5707964 -1.5707954 -4.7123895
v 5.7259998 1.9180000 3.1900001
vn 1.5707947 -1.5707964 -4.7123890
v 4.4959998 1.9180000 3.1900001
vn -1.5707964 4.7123890 -1.5707964
v 5.7259998 -0.0040000 3.1900001
vn -3.1415930 0.0000000 -3.1415927
v 5.7259998 0.4390000 3.1900001
vn 0.0000000 3.1415923 -3.1415927
v 5.7509999 -0.0040000 3.1900001
vn 0.0000000 0.0000000 -6.2831845
v 5.7509999 0.4390000 3.1900001
vn 1.5707964 -1.5707964 -4.7123895
v 5.7760000 0.8320000 3.1900001
vn 3.1415930 0.0000000 -3.1415927
v 5.7760000 0.4390000 3.1900001
vn 1.5707964 4.7123880 -1.5707964
v 5.7760000 -0.0040000 3.1900001
vn -3.1415925 0.0000000 -3.1415939
v 7.0559998 0.4390000 3.1900001
vn -1.5707947 1.5707954 -4.7123890
v 7.0060000 0.8820000 3.1900001
vn -3.1415901 0.0000000 -3.1415925
v 7.0559998 1.9430001 3.1900001
vn -1.5707964 -1.5707954 -4.7123895
v 7.0060000 1.9180000 3.1900001
vn 1.5707947 -1.5707964 -4.7123890
v 5.7760000 1.9180000 3.1900001
vn 1.5707964 1.5707964 -4.7123890
v 5.7760000 0.8820000 3.1900001
vn -1.5707964 -1.5707954 -4.7123895
v 7.0060000 0.8320000 3.1900001
vn -3.1415930 0.0000000 -3.1415923
v 7.0060000 0.4390000 3.1900001
vn -1.5707964 1.5707964 -1.5707961
v 7.0559998 -0.0040000 3.1900001
vn -1.5707964 4.7123890 -1.5707964
v 7.0060000 -0.0040000 3.1900001
vn 1.5707947 -1.5707964 -4.7123885
v 5.7760000 4.0900002 3.1900001
vn 1.5707964 1.5707964 -4.7123890
v 5.7760000 3.0539999 3.1900001
vn 0.0000000 0.0000000 -6.2831607
v 5.7509999 3.0290000 3.1900001
vn -1.5707964 -1.5707954 -4.7123899
v 7.0060000 4.0900002 3.1900001
vn -1.5707948 -1.5707964 -1.5707983
v 7.0559998 4.9759998 3.1900001
vn -3.1415925 0.0000000 -3.1415920
v 7.0559998 3.0290000 3.1900001
vn -1.5707947 1.5707954 -4.7123890
v 7.0060000 3.0539999 3.1900001
vn 1.5707964 -4.7123890 -1.5707964
v 5.7760000 4.9759998 3.1900001
vn 1.5707960 1.5707964 -4.7123895
v 5.7760000 4.1399999 3.1900001
vn 1.5707964 -4.7123890 -1.5707964
v 4.4959998 4.9759998 3.1900001
vn 1.5707960 1.5707964 -4.7123899
v 4.4959998 4.1399999 3.1900001
vn 1.5707947 -1.5707964 -4.7123885
v 4.4959998 4.0900002 3.1900001
vn 1.5707964 1.5707964 -4.7123899
v 4.4959998 3.0539999 3.1900001
vn 0.0000000 0.0000000 -6.2831602
v 4.4710002 3.0290000 3.1900001
vn -1.5707947 1.5707954 -4.7123890
v 5.7259998 3.0539999 3.1900001
vn -1.5707964 -1.5707954 -4.7123899
v 5.7259998 4.0900002 3.1900001
vn 0.0000000 -3.1415925 -3.1415982
v 3.6010001 4.9759998 3.1900001
vn 1.5707964 -4.7123890 -1.5707964
v 3.6259999 4.9759998 3.1900001
vn 1.5707960 1.5707964 -4.7123890
v 3.6259999 4.1399999 3.1900001
vn 1.5707947 -1.5707964 -4.7123885
v 3.6259999 4.0900002 3.1900001
vn 1.5707964 1.5707964 -4.7123890
v 3.6259999 3.0539999 3.1900001
vn 0.0000000 0.0000000 -6.2831855
v 3.6010001 3.0290000 3.1900001
vn -1.5707947 1.5707960 -4.7123890
v 4.4460001 3.0539999 3.1900001
vn -1.5707964 -1.5707960 -4.7123890
v 4.4460001 4.0900002 3.1900001
vn -1.5707964 -1.5707954 -4.7123895
v 7.0060000 3.0039999 3.1900001
vn -1.5707947 1.5707954 -4.7123890
v 7.0060000 1.9679999 3.1900001
vn 1.5707964 1.5707964 -4.7123890
v 5.7760000 1.9679999 3.1900001
vn 1.5707947 -1.5707964 -4.7123880
v 5.7760000 3.0039999 3.1900001
vn -1.5707964 -1.5707954 -4.7123895
v 5.7259998 3.0039999 3.1900001
vn -1.5707947 1.5707954 -4.7123876
v 5.7259998 1.9679999 3.1900001
vn 1.5707964 1.5707964 -4.7123899
v 4.4959998 1.9679999 3.1900001
vn 1.5707947 -1.5707964 -4.7123880
v 4.4959998 3.0039999 3.1900001
vn -1.5707964 -1.5707960 -4.7123890
v 4.4460001 3.0039999 3.1900001
vn -1.5707947 1.5707960 -4.7123876
v 4.4460001 1.9679999 3.1900001
vn 1.5707964 1.5707964 -4.7123895
v 3.6259999 1.9679999 3.1900001
vn 1.5707947 -1.5707964 -4.7123880
v 3.6259999 3.0039999 3.1900001
vn 3.1415904 0.0000000 -3.1415915
v 3.5760000 1.9430001 3.1900001
vn 3.1415925 0.0000000 -3.1415935
v 3.5760000 3.0290000 3.1900001
vn 1.5707948 -1.5707964 -1.5707968
v 3.5760000 4.9759998 3.1900001
vn -1.5707964 1.5707954 -4.7123890
v 7.0060000 4.1399999 3.1900001
vn -1.5707960 -4.7123890 -1.5707964
v 7.0060000 4.9759998 3.1900001
vn -3.9269881 -1.1107162 2.6815186
v 3.2460001 5.0310001 0.2300000
vn -1.5707965 -1.5707964 1.5707967
v 3.2460001 5.1560001 0.2300000
vn 1.5707964 -1.5707945 1.5707953
v -0.1840000 5.1560001 0.2300000
vn 1.5707948 1.5707964 1.5707955
v -0.1840000 -0.1840000 0.2300000
vn -1.5707964 1.5707959 1.5707964
v 3.2509999 -0.1840000 0.2300000
vn 1.5707964 1.5707976 -1.5707964
v -0.2040000 -0.2040000 2.8899999
vn 3.1415925 3.1415911 -3.1415930
v -0.2040000 -0.0040000 2.8899999
vn 1.5707961 1.5707964 -4.7123890
v -0.1540000 -0.2040000 2.8899999
vn 1.5707964 -4.7123890 -1.5707977
v -0.1540000 -0.3340000 2.8899999
vn -1.5707964 -4.7123890 -1.5707964
v 1.0760000 -0.3340000 2.8899999
vn -1.5707961 1.5707974 -4.7123890
v 1.0760000 -0.2040000 2.8899999
vn 1.5707964 4.7123876 -1.5707971
v 1.0660000 -0.0040000 2.8899999
vn -1.5707935 1.5707712 -1.5707961
v 3.2760000 -0.2040000 2.8899999
vn -3.1415927 3.1415868 -3.1415927
v 3.2760000 -0.0040000 2.8899999
vn 1.5707947 1.5707964 -4.7123880
v 2.4059999 1.9679999 3.1900001
vn 1.5707964 1.5707960 4.7123880
v 2.4059999 1.9679999 3.2400000
vn 0.0000000 3.1415925 -3.1415930
v -0.1790000 -0.0040000 3.1900001
vn 1.5707964 1.5707964 -1.5707964
v -0.2040000 -0.0040000 3.1900001
vn 3.1415927 0.0000000 -3.1415930
v -0.2040000 0.4390000 3.1900001
vn -1.5707964 1.5707954 -4.7123890
v 1.0760000 4.1399999 3.1900001
vn -1.5707960 -4.7123880 -1.5707964
v 1.0760000 4.9759998 3.1900001
vn 0.0000000 -3.1415925 -3.1415987
v 1.1010000 4.9759998 3.1900001
vn -1.5707964 1.5707954 -4.7123890
v 2.3559999 4.1399999 3.1900001
vn -1.5707960 -4.7123880 -1.5707964
v 2.3559999 4.9759998 3.1900001
vn 0.0000000 -3.1415927 -3.1415987
v 2.3810000 4.9759998 3.1900001
vn -1.5707964 1.5707960 -4.7123885
v 3.2260001 4.1399999 3.1900001
vn -1.5707960 -4.7123880 -1.5707964
v 3.2260001 4.9759998 3.1900001
vn -1.5707948 -1.5707964 -1.5707960
v 3.2760000 4.9759998 3.1900001
vn 1.5707964 -1.5707964 -4.7123895
v 1.1259999 0.8320000 3.1900001
vn 3.1415930 0.0000000 -3.1415927
v 1.1259999 0.4390000 3.1900001
vn 0.0000000 0.0000000 -6.2831860
v 1.1010000 0.4390000 3.1900001
vn 1.5707964 -1.5707964 -4.7123895
v -0.1540000 0.8320000 3.1900001
vn 3.1415930 0.0000000 -3.1415927
v -0.1540000 0.4390000 3.1900001
vn 0.0000000 0.0000000 -6.2831841
v -0.1790000 0.4390000 3.1900001
vn 1.5707964 4.7123890 -1.5707965
v -0.1540000 -0.0040000 3.1900001
vn 0.0000000 0.0000000 -6.2831616
v -0.1790000 1.9430001 3.1900001
vn 1.5707964 1.5707964 -4.7123895
v -0.1540000 0.8820000 3.1900001
vn -1.5707964 -1.5707954 -4.7123899
v 1.0760000 0.8320000 3.1900001
vn -1.5707947 1.5707954 -4.7123890
v 1.0760000 0.8820000 3.1900001
vn 0.0000000 0.0000000 -6.2831378
v 1.1010000 1.9430001 3.1900001
vn -1.5707964 -1.5707954 -4.7123899
v 1.0760000 1.9180000 3.1900001
vn 1.5707947 -1.5707964 -4.7123890
v -0.1540000 1.9180000 3.1900001
vn -1.5707964 4.7123890 -1.5707964
v 1.0760000 -0.0040000 3.1900001
vn -3.1415930 0.0000000 -3.1415930
v 1.0760000 0.4390000 3.1900001
vn 0.0000000 3.1415927 -3.1415930
v 1.1010000 -0.0040000 3.1900001
vn 1.5707964 4.7123880 -1.5707966
v 1.1259999 -0.0040000 3.1900001
vn 0.0000000 0.0000000 -6.2831607
v 2.3810000 1.9430001 3.1900001
vn 0.0000000 0.0000000 -6.2831917
v 2.3810000 0.4390000 3.1900001
vn -1.5707964 -1.5707954 -4.7123904
v 2.3559999 0.8320000 3.1900001
vn -3.1415930 0.0000000 -3.1415927
v 2.3559999 0.4390000 3.1900001
vn 1.5707964 1.5707964 -4.7123895
v 1.1259999 0.8820000 3.1900001
vn -1.5707947 1.5707954 -4.7123890
v 2.3559999 0.8820000 3.1900001
vn -1.5707964 -1.5707954 -4.7123895
v 2.3559999 1.9180000 3.1900001
vn 1.5707947 -1.5707964 -4.7123890
v 1.1259999 1.9180000 3.1900001
vn -1.5707964 4.7123890 -1.5707964
v 2.3559999 -0.0040000 3.1900001
vn 0.0000000 3.1415927 -3.1415927
v 2.3810000 -0.0040000 3.1900001
vn 1.5707964 4.7123890 -1.5707968
v 2.4059999 -0.0040000 3.1900001
vn 3.1415930 0.0000000 -3.1415927
v 2.4059999 0.4390000 3.1900001
vn -1.5707964 -1.5707960 -4.7123885
v 3.2260001 0.8320000 3.1900001
vn 1.5707964 -1.5707964 -4.7123890
v 2.4059999 0.8320000 3.1900001
vn -3.1415925 0.0000000 -3.1416020
v 3.2760000 0.4390000 3.1900001
vn -1.5707947 1.5707960 -4.7123885
v 3.2260001 0.8820000 3.1900001
vn -3.1415901 0.0000000 -3.1415915
v 3.2760000 1.9430001 3.1900001
vn -3.1415930 0.0000000 -3.1415930
v 3.2260001 0.4390000 3.1900001
vn -1.5707964 1.5707964 -1.5707967
v 3.2760000 -0.0040000 3.1900001
vn -1.5707964 4.7123890 -1.5707964
v 3.2260001 -0.0040000 3.1900001
vn 1.5707964 -1.5707964 -4.7123885
v 2.4059999 4.0900002 3.1900001
vn 1.5707947 1.5707964 -4.7123880
v 2.4059999 3.0539999 3.1900001
vn 0.0000000 0.0000000 -6.2831602
v 2.3810000 3.0290000 3.1900001
vn 1.5707960 -4.7123890 -1.5707964
v 2.4059999 4.9759998 3.1900001
vn 1.5707964 1.5707964 -4.7123890
v 2.4059999 4.1399999 3.1900001
vn -3.1415925 0.0000000 -3.1415460
v 3.2760000 3.0290000 3.1900001
vn -1.5707947 1.5707960 -4.7123890
v 3.2260001 3.0539999 3.1900001
vn -1.5707964 -1.5707960 -4.7123890
v 3.2260001 4.0900002 3.1900001
vn 1.5707964 -4.7123890 -1.5707964
v 1.1259999 4.9759998 3.1900001
vn 1.5707960 1.5707964 -4.7123895
v 1.1259999 4.1399999 3.1900001
vn 1.5707947 -1.5707964 -4.7123885
v 1.1259999 4.0900002 3.1900001
vn 1.5707964 1.5707964 -4.7123899
v 1.1259999 3.0539999 3.1900001
vn 0.0000000 0.0000000 -6.2831607
v 1.1010000 3.0290000 3.1900001
vn -1.5707947 1.5707954 -4.7123890
v 2.3559999 3.0539999 3.1900001
vn -1.5707964 -1.5707954 -4.7123899
v 2.3559999 4.0900002 3.1900001
vn 1.5707947 -1.5707964 -4.7123885
v -0.1540000 4.0900002 3.1900001
vn 1.5707964 1.5707964 -4.7123899
v -0.1540000 3.0539999 3.1900001
vn 0.0000000 0.0000000 -6.2831855
v -0.1790000 3.0290000 3.1900001
vn 0.0000000 -3.1415925 -3.1415980
v -0.1790000 4.9759998 3.1900001
vn 1.5707964 -4.7123890 -1.5707964
v -0.1540000 4.9759998 3.1900001
vn 1.5707960 1.5707964 -4.7123895
v -0.1540000 4.1399999 3.1900001
vn -1.5707947 1.5707954 -4.7123890
v 1.0760000 3.0539999 3.1900001
vn -1.5707964 -1.5707954 -4.7123899
v 1.0760000 4.0900002 3.1900001
vn -1.5707964 -1.5707954 -4.7123895
v 2.3559999 3.0039999 3.1900001
vn -1.5707947 1.5707954 -4.7123876
v 2.3559999 1.9679999 3.1900001
vn 1.5707964 1.5707964 -4.7123899
v 1.1259999 1.9679999 3.1900001
vn 1.5707947 -1.5707964 -4.7123880
v 1.1259999 3.0039999 3.1900001
vn -1.5707964 -1.5707954 -4.7123899
v 1.0760000 3.0039999 3.1900001
vn -1.5707947 1.5707954 -4.7123880
v 1.0760000 1.9679999 3.1900001
vn 1.5707964 1.5707964 -4.7123899
v -0.1540000 1.9679999 3.1900001
vn 1.5707947 -1.5707964 -4.7123876
v -0.1540000 3.0039999 3.1900001
vn 3.1415904 0.0000000 -3.1415915
v -0.2040000 1.9430001 3.1900001
vn 3.1415930 0.0000000 -3.1415937
v -0.2040000 3.0290000 3.1900001
vn 1.5707948 -1.5707964 -1.5707970
v -0.2040000 4.9759998 3.1900001
vn -1.5707964 1.5707964 -1.5707954
v 3.2509999 -0.1840000 0.0668000
vn 1.5707966 1.5707964 -1.5707953
v -0.1840000 -0.1840000 0.0668000
vn 1.5707964 -1.5707960 -1.5707967
v -0.1840000 5.1560001 0.0668000
vn -1.5707964 -1.5707964 -1.5707964
v 3.2460001 5.1560001 0.0668000
vn 1.5707967 1.5707964 4.7123890
v 3.6259999 -0.0040000 3.2400000
vn -1.5707967 1.5707960 4.7123885
v 4.4460001 -0.0040000 3.2400000
vn 1.5707967 1.5707964 4.7123890
v 5.7760000 -0.0040000 3.2400000
vn -1.5707967 1.5707954 4.7123890
v 7.0060000 -0.0040000 3.2400000
vn 1.1107208 3.9269907 2.6815171
v 6.8791871 -0.0040000 1.6750000
vn 2.6815171 3.9269929 1.1107208
v 5.8360000 -0.0040000 2.7181871
vn -1.5707967 1.5707954 4.7123890
v 5.7259998 -0.0040000 3.2400000
vn 1.5707967 1.5707964 4.7123895
v 4.4959998 -0.0040000 3.2400000
vn -1.5707947 -1.5707964 4.7123876
v 4.4460001 4.0900002 3.2400000
vn 1.5707964 -1.5707960 4.7123895
v 3.6259999 4.0900002 3.2400000
vn 1.5707947 1.5707960 4.7123890
v 3.6259999 3.0539999 3.2400000
vn 1.5707974 1.5707964 4.7123890
v 3.6059999 0.0210000 -0.4500000
vn -1.5707977 1.5707963 4.7123890
v 3.2509999 0.0210000 -0.4500000
vn 1.5707992 1.5707963 1.5707966
v 3.6059999 0.0210000 0.3500000
vn -1.5707994 1.5707964 1.5707960
v 3.2509999 0.0210000 0.3500000
vn -1.5707964 1.5707964 4.7123890
v 4.4460001 3.0539999 3.2400000
vn -1.5707947 -1.5707964 4.7123880
v 4.4460001 3.0039999 3.2400000
vn 1.5707964 -1.5707960 4.7123890
v 3.6259999 3.0039999 3.2400000
vn 1.5707947 1.5707960 4.7123895
v 3.6259999 1.9679999 3.2400000
vn -1.5707964 1.5707964 4.7123890
v 4.4460001 1.9679999 3.2400000
vn 1.5707964 -1.5707960 4.7123890
v 3.6259999 1.9180000 3.2400000
vn 1.5707947 1.5707960 4.7123890
v 3.6259999 0.8820000 3.2400000
vn -1.5707964 1.5707965 4.7123890
v 3.2460001 2.6659999 -0.4500000
vn -1.5707965 -1.5707964 4.7123890
v 3.2460001 2.3060000 -0.4500000
vn -1.5707965 1.5707964 1.5707967
v 3.2460001 2.6659999 0.3500000
vn -1.5707964 -1.5707965 1.5707968
v 3.2460001 2.3060000 0.3500000
vn -1.5707964 1.5707964 4.7123890
v 4.4460001 0.8820000 3.2400000
vn 1.5707964 -1.5707954 4.7123890
v 5.7760000 3.0039999 3.2400000
vn 1.5707947 1.5707954 4.7123876
v 5.7760000 1.9679999 3.2400000
vn 4.7123904 1.5707959 -1.5707964
v 7.4060001 -0.2040000 3.1900001
vn 1.5707961 1.5707964 -1.5707932
v 7.3559999 -0.2040000 3.1900001
vn -1.5707964 1.5707964 4.7123899
v 7.0060000 1.9679999 3.2400000
vn 1.5707890 -1.5707964 -1.5707964
v 7.3559999 5.1760001 3.1900001
vn 4.7123847 -1.5707959 -1.5707932
v 7.4060001 5.1760001 3.1900001
vn 1.5707947 1.5707954 4.7123880
v 5.7760000 0.8820000 3.2400000
vn -1.5707964 1.5707964 4.7123895
v 7.0060000 0.8820000 3.2400000
vn 1.5707964 4.7123885 1.5707964
v 7.1859999 2.6359999 0.3500000
vn -1.5707964 1.5707964 4.7123899
v 7.0559998 2.6359999 0.3500000
vn -4.7123890 1.5707952 -1.5707964
v 7.0559998 2.6359999 2.8899999
vn 4.7123890 1.5707971 -1.5707963
v 7.3559999 2.6359999 2.8899999
vn -1.5707947 -1.5707964 4.7123880
v 5.7259998 3.0039999 3.2400000
vn 1.5707964 -1.5707954 4.7123899
v 4.4959998 3.0039999 3.2400000
vn 1.5707964 -1.5707954 4.7123871
v 1.1259999 4.0900002 3.2400000
vn 1.5707947 1.5707954 4.7123880
v 1.1259999 3.0539999 3.2400000
vn -1.5707947 -1.5707964 4.7123880
v 1.0760000 3.0039999 3.2400000
vn 1.5707964 -1.5707954 4.7123895
v -0.1540000 3.0039999 3.2400000
vn 1.5707947 1.5707954 4.7123895
v -0.1540000 1.9679999 3.2400000
vn -1.5707964 1.5707964 4.7123890
v 1.0760000 1.9679999 3.2400000
vn -1.5707964 4.7123885 -1.5707964
v 7.0060000 5.3059998 1.5799999
vn -1.5707967 4.7123890 1.5707964
v 7.0060000 5.3059998 0.3500000
vn -1.5707967 -4.7123866 -1.5707967
v 7.0060000 5.1760001 1.5799999
vn -1.5707964 -1.5707964 4.7123966
v 7.0060000 5.1760001 0.3500000
vn -1.5707947 -1.5707964 4.7123899
v 7.0060000 1.9180000 3.2400000
vn -1.5707965 -4.7123885 1.5707964
v -0.3340000 2.3360000 0.3500000
vn 1.5707964 -1.5707964 4.7123899
v -0.2040000 2.3360000 0.3500000
vn 4.7123890 -1.5707953 -1.5707965
v -0.2040000 2.3360000 2.8899999
vn -4.7123890 -1.5707971 -1.5707964
v -0.5040000 2.3360000 2.8899999
vn 1.5707964 -1.5707954 4.7123890
v 5.7760000 1.9180000 3.2400000
vn 4.7123890 -1.5707963 -1.5707964
v 7.3559999 1.2160000 2.8899999
vn 4.7123890 1.5707963 -1.5707964
v 7.3559999 -0.0040000 2.8899999
vn -4.7123890 -1.5707964 -1.5707964
v 7.0559998 1.2160000 2.8899999
vn -4.7123890 1.5707964 -1.5707964
v -0.5040000 -0.0040000 2.8899999
vn -4.7123890 1.5707964 1.5707963
v -0.5040000 -0.0040000 1.6750000
vn -1.5707947 -1.5707964 4.7123880
v 5.7259998 1.9180000 3.2400000
vn 1.5707964 -1.5707954 4.7123899
v 4.4959998 1.9180000 3.2400000
vn -4.7123890 1.5707963 1.5707965
v 7.0559998 -0.0040000 1.6750000
vn 4.7123890 1.5707964 1.5707964
v 7.3559999 -0.0040000 1.6750000
vn -1.5707947 -1.5707964 4.7123876
v 5.7259998 4.0900002 3.2400000
vn 1.5707964 -1.5707954 4.7123871
v 4.4959998 4.0900002 3.2400000
vn -1.5707967 -1.5707964 4.7123890
v 2.3559999 0.8320000 3.2400000
vn 1.5707967 -1.5707954 4.7123899
v 1.1259999 0.8320000 3.2400000
vn 1.5707948 -1.5707964 4.7122717
v -0.1840000 5.1560001 0.3500000
vn 1.5707964 1.5707959 4.7121239
v -0.1840000 -0.1840000 0.3500000
vn -2.6815171 3.9269907 1.1107209
v 1.0160000 5.2760000 2.7181871
vn -1.1107210 3.9269912 2.6815174
v -0.0271871 5.2760000 1.6750000
vn -2.6815174 -3.9269910 1.1107210
v 1.0160000 4.9759998 2.7181871
vn -1.1107209 -3.9269905 2.6815169
v -0.0271871 4.9759998 1.6750000
vn 1.5707965 -4.7123890 1.5707973
v 7.1859999 2.3360000 0.3500000
vn 4.7123885 -1.5707983 -1.5707963
v 7.3559999 2.3360000 2.8899999
vn -1.5707963 -1.5707961 4.7123890
v 7.0559998 2.3360000 0.3500000
vn -4.7123895 -1.5707964 -1.5707964
v 7.0559998 2.3360000 2.8899999
vn -1.5707947 -1.5707964 4.7123880
v 2.3559999 3.0039999 3.2400000
vn 1.5707964 -1.5707954 4.7123899
v 1.1259999 3.0039999 3.2400000
vn 4.7123890 1.5707964 -1.5707964
v -0.2040000 1.2660000 2.8899999
vn 2.3561945 2.6815171 -1.1107208
v -0.2040000 1.2660000 2.6974764
vn -4.7123890 1.5707964 -1.5707965
v -0.5040000 1.2660000 2.8899999
vn -2.3561950 2.6815171 -1.1107208
v -0.5040000 1.2660000 2.6974764
vn -1.5707963 -1.5707964 4.7123890
v 3.2760000 2.3360000 0.3500000
vn 1.5707964 -1.5707963 4.7123890
v 3.5760000 2.3360000 0.3500000
vn -4.7123895 -1.5707963 -1.5707964
v 3.2760000 2.3360000 2.8899999
vn 4.7123890 -1.5707964 -1.5707963
v 3.5760000 2.3360000 2.8899999
vn 1.5707947 1.5707954 4.7123880
v 4.4959998 1.9679999 3.2400000
vn 1.5707964 4.7123885 -1.5707964
v 2.4059999 -0.2040000 1.5799999
vn 1.5707964 -4.7123890 -1.5707963
v 2.4059999 -0.3340000 1.5799999
vn 1.5707964 1.5707964 4.7123895
v 2.4059999 -0.2040000 0.3500000
vn 1.5707964 -4.7123880 1.5707964
v 2.4059999 -0.3340000 0.3500000
vn 1.5707947 1.5707954 4.7123880
v 1.1259999 1.9679999 3.2400000
vn -1.5707964 1.5707964 4.7123899
v 2.3559999 1.9679999 3.2400000
vn 2.3561950 1.1107208 -2.6815171
v -0.2040000 0.1935236 1.6250000
vn -2.3561945 1.1107208 -2.6815171
v -0.5040000 0.1935236 1.6250000
vn -1.5707964 1.5707964 4.7123899
v 5.7259998 3.0539999 3.2400000
vn -1.5707947 -1.5707964 4.7123880
v 2.3559999 1.9180000 3.2400000
vn 1.5707964 -1.5707954 4.7123899
v 1.1259999 1.9180000 3.2400000
vn 4.7123890 1.5707964 -1.5707964
v -0.2040000 3.7560000 2.8899999
vn -4.7123885 1.5707963 -1.5707965
v -0.5040000 3.7560000 2.8899999
vn 1.5707947 1.5707954 4.7123880
v 4.4959998 0.8820000 3.2400000
vn -1.5707967 -1.5707964 4.7123890
v 1.0760000 0.8320000 3.2400000
vn 1.5707967 -1.5707954 4.7123895
v -0.1540000 0.8320000 3.2400000
vn -1.5707964 4.7123890 1.5707973
v -0.3340000 -0.0040000 0.3500000
vn -1.5707947 -1.5707964 4.7123876
v 7.0060000 4.0900002 3.2400000
vn 1.5707964 -1.5707954 4.7123890
v 5.7760000 4.0900002 3.2400000
vn -1.5707965 -4.7123890 1.5707964
v -0.3340000 4.9759998 0.3500000
vn -1.5707964 4.7123890 1.5707973
v -0.3340000 2.6359999 0.3500000
vn -1.5707964 1.5707964 4.7123899
v 7.0060000 3.0539999 3.2400000
vn 1.5707947 1.5707954 4.7123880
v 4.4959998 3.0539999 3.2400000
vn 1.5707965 -4.7123890 1.5707973
v 7.1859999 4.9759998 0.3500000
vn 1.5707947 1.5707954 4.7123876
v 5.7760000 3.0539999 3.2400000
vn 1.5707964 4.7123890 1.5707964
v 7.1859999 -0.0040000 0.3500000
vn -1.5707967 -1.5707964 4.7123895
v 7.0060000 0.8320000 3.2400000
vn 1.5707967 -1.5707954 4.7123890
v 5.7760000 0.8320000 3.2400000
vn -4.7123890 1.5707964 1.5707964
v 7.0060000 5.2760000 1.6750000
vn -4.7123890 1.5707963 -1.5707964
v 7.0060000 5.2760000 1.6250000
vn 1.1107209 3.9269907 2.6815169
v 6.8791871 5.2760000 1.6750000
vn -1.1107206 2.3561966 -2.6815171
v 6.8584762 5.2760000 1.6250000
vn 2.6815174 3.9269929 1.1107210
v 5.8360000 5.2760000 2.7181871
vn -2.6815171 2.3561945 -1.1107208
v 5.7859998 5.2760000 2.6974764
vn 1.5707963 1.5707964 -4.7123890
v 5.8360000 5.2760000 2.8899999
vn -1.5707964 1.5707964 -4.7123895
v 5.7859998 5.2760000 2.8899999
vn 1.5707947 1.5707954 4.7123880
v 1.1259999 0.8820000 3.2400000
vn -1.5707964 1.5707964 4.7123899
v 2.3559999 0.8820000 3.2400000
vn -1.5707947 -1.5707964 4.7123876
v 4.4460001 1.9180000 3.2400000
vn 4.7123890 -1.5707964 1.5707963
v 7.3559999 4.9759998 1.6750000
vn 4.7123890 -1.5707963 -1.5707963
v 7.3559999 4.9759998 2.8899999
vn -4.7123890 -1.5707963 1.5707964
v 7.0559998 4.9759998 1.6750000
vn -3.1415927 -3.1415932 -3.1415927
v 7.0559998 4.9759998 2.8899999
vn 1.5707964 4.7123880 1.5707967
v 4.4959998 5.3059998 1.6099999
vn 1.5707967 4.7123876 -1.5707967
v 4.4959998 5.3059998 2.8399999
vn 1.5707967 -4.7123876 1.5707964
v 4.4959998 5.1760001 1.6099999
vn 1.5707964 -4.7123890 -1.5707964
v 4.4959998 5.1760001 2.8399999
vn 1.5707964 4.7123866 1.5707964
v 3.6259999 5.3059998 1.6099999
vn 1.5707967 4.7123895 -1.5707964
v 3.6259999 5.3059998 2.8399999
vn 1.5707967 -4.7123895 1.5707964
v 3.6259999 5.1760001 1.6099999
vn 1.5707964 -4.7123890 -1.5707964
v 3.6259999 5.1760001 2.8399999
vn 1.5707959 4.7123890 1.5707964
v 5.7760000 -0.2040000 1.6099999
vn 1.5707964 -4.7123899 1.5707964
v 5.7760000 -0.3340000 1.6099999
vn -1.5707964 4.7123890 1.5707964
v 7.0060000 -0.2040000 1.6099999
vn -1.5707963 -4.7123890 1.5707964
v 7.0060000 -0.3340000 1.6099999
vn -1.5707964 4.7123899 1.5707964
v 5.7259998 5.3059998 1.6099999
vn -1.5707967 -4.7123890 1.5707967
v 5.7259998 5.1760001 1.6099999
vn 1.5707963 1.5707964 4.7123890
v 3.5760000 2.6359999 0.3500000
vn -1.5707964 1.5707963 4.7123890
v 3.2760000 2.6359999 0.3500000
vn 4.7123890 1.5707963 -1.5707963
v 3.5760000 2.6359999 2.8899999
vn -4.7123890 1.5707964 -1.5707964
v 3.2760000 2.6359999 2.8899999
vn 3.1415923 -3.1415927 0.0000000
v 5.7760000 -0.3340000 2.8650000
vn -1.5707964 1.5707964 4.7123899
v 2.3559999 3.0539999 3.2400000
vn -1.5707964 -4.7123890 -1.5707964
v 1.0760000 -0.3340000 1.5799999
vn 1.5707964 -4.7123876 -1.5707964
v -0.1540000 -0.3340000 1.5799999
vn -1.5707964 4.7123857 -1.5707964
v 1.0760000 -0.2040000 1.5799999
vn 1.5707964 4.7123890 -1.5707964
v -0.1540000 -0.2040000 1.5799999
vn -1.5707964 -4.7123857 -1.5707967
v 1.0760000 5.1760001 1.5799999
vn -1.5707967 4.7123890 -1.5707964
v 1.0760000 5.3059998 1.5799999
vn -1.5707967 -1.5707964 4.7123890
v 1.0760000 5.1760001 0.3500000
vn -1.5707964 4.7123880 1.5707964
v 1.0760000 5.3059998 0.3500000
vn 1.5707947 -1.5707960 4.7123890
v 2.4059999 4.0900002 3.2400000
vn 1.5707964 1.5707960 4.7123880
v 2.4059999 3.0539999 3.2400000
vn 4.7123885 -1.5707964 1.5707963
v 3.5760000 4.9759998 1.6750000
vn 3.1415927 -3.1415854 -3.1415930
v 3.5760000 4.9759998 2.8899999
vn -4.7123890 -1.5707964 1.5707964
v 3.2760000 4.9759998 1.6750000
vn -3.1415927 -3.1415925 -3.1415920
v 3.2760000 4.9759998 2.8899999
vn 1.5707967 -1.5707960 4.7123895
v 3.6259999 0.8320000 3.2400000
vn 1.1107208 -3.9269929 2.6815171
v 6.8791871 -0.3040000 1.6750000
vn 2.6815171 -3.9269910 1.1107208
v 5.8360000 -0.3040000 2.7181871
vn 1.5707966 -1.5707964 1.5707967
v -0.1840000 5.1560001 -0.4500000
vn -1.5707960 -1.5707960 1.5707964
v 3.2460001 5.1560001 -0.4500000
vn -1.5707947 -1.5707964 4.7123880
v 1.0760000 4.0900002 3.2400000
vn 1.5707964 -1.5707954 4.7123899
v -0.1540000 4.0900002 3.2400000
vn 1.5707964 -1.5707967 4.7123890
v -0.1540000 5.1760001 0.3500000
vn 1.5707967 4.7123890 1.5707967
v -0.1540000 5.3059998 0.3500000
vn 1.5707967 -4.7123890 -1.5707964
v -0.1540000 5.1760001 1.5799999
vn 1.5707964 4.7123871 -1.5707967
v -0.1540000 5.3059998 1.5799999
vn -1.5707947 -1.5707964 4.7123880
v 1.0760000 1.9180000 3.2400000
vn 1.5707964 -1.5707954 4.7123895
v -0.1540000 1.9180000 3.2400000
vn 1.5707964 1.5707964 1.5707946
v -0.1840000 -0.1840000 -0.4500000
vn 1.1107208 2.3561945 -2.6815171
v -0.0064764 5.2760000 1.6250000
vn 2.6815171 2.3561950 -1.1107206
v 1.0660000 5.2760000 2.6974764
vn 1.1107206 -2.3561950 -2.6815174
v -0.0064764 4.9759998 1.6250000
vn 2.6815171 -2.3561943 -1.1107208
v 1.0660000 4.9759998 2.6974764
vn -1.5707964 4.7123861 1.5707964
v 3.2260001 5.3059998 1.6099999
vn -1.5707967 4.7123890 -1.5707964
v 3.2260001 5.3059998 2.8399999
vn 0.0000000 6.2831841 0.0000000
v 3.4259999 5.3059998 2.8650000
vn 1.5707964 4.7123890 -1.5707960
v 5.7760000 5.3059998 2.8899999
vn 3.1415925 3.1415937 0.0000000
v 5.7760000 5.3059998 2.8650000
vn 0.0000000 6.2831864 0.0000000
v 5.7509999 5.3059998 2.8650000
vn -1.5707961 4.7123890 1.5707964
v 7.0060000 5.3059998 1.6099999
vn 3.1415930 3.1415908 0.0000000
v 7.4060001 5.3059998 1.5950000
vn 0.0000000 6.2831798 0.0000000
v 5.7509999 5.3059998 1.5950000
vn 1.5707964 4.7123890 1.5707967
v 5.7760000 5.3059998 1.6099999
vn 3.1415925 3.1415930 0.0000000
v 7.4060001 5.3059998 2.8650000
vn -3.1415935 3.1415925 0.0000000
v 7.0060000 5.3059998 2.8650000
vn 1.5707965 1.5707941 1.5707960
v 7.4060001 5.3059998 3.2400000
vn -1.5707964 4.7123895 -1.5707979
v 7.0060000 5.3059998 2.8899999
vn 0.0000000 3.1415925 3.1415923
v 5.7509999 5.3059998 3.2400000
vn 0.0000000 3.1415930 3.1415930
v -0.3540000 5.3059998 3.2400000
vn 0.0000000 3.1415927 3.1415930
v 1.1010000 5.3059998 3.2400000
vn -1.5707964 4.7123890 -1.5707960
v 1.0760000 5.3059998 2.8899999
vn -3.1415925 3.1415927 0.0000000
v 1.0760000 5.3059998 2.8650000
vn 0.0000000 6.2831869 0.0000000
v 1.1010000 5.3059998 2.8650000
vn -1.5707964 4.7123899 1.5707964
v 1.0760000 5.3059998 1.6099999
vn 0.0000000 6.2831812 0.0000000
v 1.1010000 5.3059998 1.5950000
vn 1.5707961 4.7123876 1.5707967
v -0.1540000 5.3059998 1.6099999
vn 0.0000000 6.2831864 0.0000000
v -0.3540000 5.3059998 1.5950000
vn 3.1415935 3.1415930 0.0000000
v -0.1540000 5.3059998 2.8650000
vn 1.5707967 4.7123890 -1.5707967
v 5.7760000 5.3059998 1.5799999
vn 1.5707964 4.7123880 1.5707967
v 5.7760000 5.3059998 0.3500000
vn 0.0000000 6.2831874 0.0000000
v 4.4710002 5.3059998 2.8650000
vn -1.5707967 4.7123899 -1.5707964
v 5.7259998 5.3059998 2.8399999
vn 0.0000000 6.2831755 0.0000000
v 4.4710002 5.3059998 1.5950000
vn -1.5707967 4.7123880 -1.5707964
v 5.7259998 5.3059998 1.5799999
vn 1.5707967 4.7123890 -1.5707967
v 4.4959998 5.3059998 1.5799999
vn 1.5707964 4.7123880 1.5707967
v 4.4959998 5.3059998 0.3500000
vn -1.5707964 4.7123876 1.5707964
v 5.7259998 5.3059998 0.3500000
vn 0.0000000 6.2831850 0.0000000
v 5.7509999 5.3059998 -0.1000000
vn 0.0000000 6.2831845 0.0000000
v 4.4710002 5.3059998 -0.1000000
vn 3.1415927 3.1415930 0.0000000
v 7.4060001 5.3059998 -0.1000000
vn 0.0000000 6.2831845 0.0000000
v 3.4259999 5.3059998 1.5950000
vn -1.5707964 4.7123899 1.5707964
v 4.4460001 5.3059998 1.6099999
vn -1.5707967 4.7123890 -1.5707964
v 4.4460001 5.3059998 1.5799999
vn 1.5707964 4.7123866 -1.5707964
v 3.6259999 5.3059998 1.5799999
vn -1.5707964 4.7123880 1.5707964
v 4.4460001 5.3059998 0.3500000
vn 1.5707967 4.7123890 1.5707964
v 3.6259999 5.3059998 0.3500000
vn 0.0000000 6.2831850 0.0000000
v 3.4259999 5.3059998 -0.1000000
vn 0.0000000 6.2831864 0.0000000
v 2.3810000 5.3059998 2.8650000
vn 1.5707967 4.7123904 -1.5707964
v 2.4059999 5.3059998 2.8399999
vn 0.0000000 6.2831783 0.0000000
v 2.3810000 5.3059998 1.5950000
vn 1.5707964 4.7123890 1.5707964
v 2.4059999 5.3059998 1.6099999
vn -1.5707967 4.7123890 -1.5707964
v 4.4460001 5.3059998 2.8399999
vn 1.5707967 4.7123890 -1.5707964
v 2.4059999 5.3059998 1.5799999
vn 1.5707964 4.7123880 1.5707964
v 2.4059999 5.3059998 0.3500000
vn -1.5707964 4.7123861 -1.5707964
v 3.2260001 5.3059998 1.5799999
vn -1.5707967 4.7123890 1.5707964
v 3.2260001 5.3059998 0.3500000
vn 0.0000000 6.2831855 0.0000000
v 2.3810000 5.3059998 -0.1000000
vn 0.0000000 3.1415925 3.1415932
v 4.4710002 5.3059998 3.2400000
vn 0.0000000 3.1415925 3.1415925
v 3.4259999 5.3059998 3.2400000
vn 0.0000000 3.1415930 3.1415923
v 2.3810000 5.3059998 3.2400000
vn -1.5707964 4.7123899 1.5707964
v 2.3559999 5.3059998 1.6099999
vn 1.5707964 4.7123880 1.5707967
v 1.1259999 5.3059998 1.6099999
vn 1.5707967 4.7123909 -1.5707967
v 1.1259999 5.3059998 2.8399999
vn -1.5707967 4.7123899 -1.5707964
v 2.3559999 5.3059998 2.8399999
vn 0.0000000 6.2831855 0.0000000
v 1.1010000 5.3059998 -0.1000000
vn 0.0000000 6.2831845 0.0000000
v -0.3540000 5.3059998 -0.1000000
vn 1.5707964 4.7123880 1.5707967
v 1.1259999 5.3059998 0.3500000
vn -1.5707964 4.7123876 1.5707964
v 2.3559999 5.3059998 0.3500000
vn -1.5707967 4.7123880 -1.5707964
v 2.3559999 5.3059998 1.5799999
vn 1.5707967 4.7123890 -1.5707967
v 1.1259999 5.3059998 1.5799999
vn 1.5707964 4.7123890 -1.5707978
v -0.1540000 5.3059998 2.8899999
vn 0.0000000 6.2831855 0.0000000
v -0.3540000 5.3059998 2.8650000
vn -1.5707965 1.5707964 1.5707961
v -0.5540000 5.3059998 3.2400000
vn -3.1415925 3.1415927 0.0000000
v -0.5540000 5.3059998 2.8650000
vn -3.1415930 3.1415925 0.0000000
v -0.5540000 5.3059998 1.5950000
vn -3.1415927 3.1415925 0.0000000
v -0.5540000 5.3059998 -0.1000000
vn -1.5707960 -1.5707984 -4.7123890
v 1.0760000 5.1760001 2.8899999
vn -1.5707959 -1.5707712 -1.5707964
v 3.2760000 5.1760001 2.8899999
vn 1.5707964 -4.7123818 -1.5707949
v 1.0660000 4.9759998 2.8899999
vn 1.5707965 1.5707963 -4.7123890
v 1.0660000 5.2760000 2.8899999
vn -1.5707964 1.5707964 -4.7123890
v 1.0160000 5.2760000 2.8899999
vn 3.1415927 -3.1415911 -3.1415927
v -0.2040000 4.9759998 2.8899999
vn 1.5707959 -1.5707964 -1.5707964
v -0.2040000 5.1760001 2.8899999
vn 1.5707960 -1.5707976 -4.7123890
v -0.1540000 5.1760001 2.8899999
vn -1.5707963 -4.7123885 -1.5707964
v 1.0160000 4.9759998 2.8899999
vn 0.0000000 0.0000000 6.2831812
v 5.7509999 4.1149998 3.2400000
vn 1.5707964 1.5707954 4.7123890
v 5.7760000 4.1399999 3.2400000
vn 1.5707960 -1.5707964 4.7123890
v 5.7760000 4.9759998 3.2400000
vn -1.5707960 1.5707964 4.7123899
v 7.0060000 4.1399999 3.2400000
vn 3.1415927 0.0000000 3.1415918
v 7.4060001 4.1149998 3.2400000
vn -1.5707964 -1.5707954 4.7123890
v 7.0060000 4.9759998 3.2400000
vn 1.5707960 -1.5707954 4.7123871
v 4.4959998 4.9759998 3.2400000
vn 0.0000000 0.0000000 6.2831850
v 4.4710002 4.1149998 3.2400000
vn -1.5707964 -1.5707964 4.7123890
v 5.7259998 4.9759998 3.2400000
vn -1.5707960 1.5707964 4.7123895
v 5.7259998 4.1399999 3.2400000
vn 1.5707964 1.5707954 4.7123890
v 4.4959998 4.1399999 3.2400000
vn -1.5707960 1.5707964 4.7123890
v 4.4460001 4.1399999 3.2400000
vn 1.5707964 1.5707960 4.7123890
v 3.6259999 4.1399999 3.2400000
vn -1.5707964 -1.5707964 4.7123890
v 4.4460001 4.9759998 3.2400000
vn 1.5707960 -1.5707960 4.7123890
v 3.6259999 4.9759998 3.2400000
vn 0.0000000 0.0000000 6.2831860
v 3.4259999 4.1149998 3.2400000
vn 1.5707964 -1.5707960 4.7123895
v 2.4059999 4.9759998 3.2400000
vn 0.0000000 0.0000000 6.2831841
v 2.3810000 4.1149998 3.2400000
vn -1.5707964 -1.5707964 4.7123885
v 3.2260001 4.9759998 3.2400000
vn -1.5707960 1.5707964 4.7123890
v 3.2260001 4.1399999 3.2400000
vn 1.5707960 1.5707960 4.7123890
v 2.4059999 4.1399999 3.2400000
vn 1.5707960 -1.5707954 4.7123885
v 1.1259999 4.9759998 3.2400000
vn 0.0000000 0.0000000 6.2831874
v 1.1010000 4.1149998 3.2400000
vn -1.5707964 -1.5707964 4.7123890
v 2.3559999 4.9759998 3.2400000
vn -1.5707960 1.5707964 4.7123895
v 2.3559999 4.1399999 3.2400000
vn 1.5707964 1.5707954 4.7123890
v 1.1259999 4.1399999 3.2400000
vn 1.5707964 1.5707954 4.7123895
v -0.1540000 4.1399999 3.2400000
vn 0.0000000 0.0000000 6.2831850
v -0.3540000 4.1149998 3.2400000
vn 1.5707960 -1.5707954 4.7123885
v -0.1540000 4.9759998 3.2400000
vn -1.5707964 -1.5707964 4.7123885
v 1.0760000 4.9759998 3.2400000
vn -1.5707960 1.5707964 4.7123890
v 1.0760000 4.1399999 3.2400000
vn 0.0000000 0.0000000 6.2831855
v 5.7509999 3.0290000 3.2400000
vn 3.1415951 0.0000000 3.1415920
v 7.4060001 3.0290000 3.2400000
vn 0.0000000 0.0000000 6.2831845
v 4.4710002 3.0290000 3.2400000
vn -1.5707964 1.5707964 4.7123890
v 3.2260001 3.0539999 3.2400000
vn 0.0000000 0.0000000 6.2831850
v 2.3810000 3.0290000 3.2400000
vn -1.5707947 -1.5707964 4.7123899
v 3.2260001 4.0900002 3.2400000
vn 0.0000000 0.0000000 6.2831850
v 3.4259999 3.0290000 3.2400000
vn -1.5707947 -1.5707964 4.7123876
v 2.3559999 4.0900002 3.2400000
vn 0.0000000 0.0000000 6.2831855
v 1.1010000 3.0290000 3.2400000
vn -1.5707964 1.5707964 4.7123890
v 1.0760000 3.0539999 3.2400000
vn 1.5707947 1.5707954 4.7123895
v -0.1540000 3.0539999 3.2400000
vn 0.0000000 0.0000000 6.2831855
v -0.3540000 3.0290000 3.2400000
vn 0.0000000 0.0000000 6.2831855
v 5.7509999 1.9430001 3.2400000
vn -1.5707947 -1.5707964 4.7123899
v 7.0060000 3.0039999 3.2400000
vn 3.1415925 0.0000000 3.1415925
v 7.4060001 1.9430001 3.2400000
vn 0.0000000 0.0000000 6.2831845
v 4.4710002 1.9430001 3.2400000
vn -1.5707964 1.5707964 4.7123899
v 5.7259998 1.9679999 3.2400000
vn 0.0000000 0.0000000 6.2831855
v 3.4259999 1.9430001 3.2400000
vn 0.0000000 0.0000000 6.2831845
v 2.3810000 1.9430001 3.2400000
vn 0.0000000 0.0000000 6.2831855
v 1.1010000 1.9430001 3.2400000
vn 0.0000000 0.0000000 6.2831855
v -0.3540000 1.9430001 3.2400000
vn 0.0000000 0.0000000 6.2831864
v 5.7509999 0.8570000 3.2400000
vn 3.1415927 0.0000000 3.1415920
v 7.4060001 0.8570000 3.2400000
vn -1.5707964 1.5707964 4.7123899
v 5.7259998 0.8820000 3.2400000
vn 0.0000000 0.0000000 6.2831860
v 4.4710002 0.8570000 3.2400000
vn 0.0000000 0.0000000 6.2831860
v 2.3810000 0.8570000 3.2400000
vn -1.5707964 1.5707964 4.7123890
v 3.2260001 0.8820000 3.2400000
vn 0.0000000 0.0000000 6.2831855
v 3.4259999 0.8570000 3.2400000
vn 0.0000000 0.0000000 6.2831869
v 1.1010000 0.8570000 3.2400000
vn -1.5707964 1.5707964 4.7123890
v 1.0760000 0.8820000 3.2400000
vn 1.5707947 1.5707954 4.7123895
v -0.1540000 0.8820000 3.2400000
vn 0.0000000 0.0000000 6.2831860
v -0.3540000 0.8570000 3.2400000
vn 1.5707965 -1.5707966 1.5707960
v 7.4060001 -0.3340000 3.2400000
vn 3.1415925 0.0000000 3.1415925
v 7.4060001 -0.1690000 3.2400000
vn 0.0000000 0.0000000 6.2831850
v 5.7509999 -0.1690000 3.2400000
vn 0.0000000 0.0000000 6.2831850
v 4.4710002 -0.1690000 3.2400000
vn 1.5707967 -1.5707954 4.7123899
v 4.4959998 0.8320000 3.2400000
vn -1.5707967 -1.5707964 4.7123890
v 5.7259998 0.8320000 3.2400000
vn 0.0000000 0.0000000 6.2831855
v 3.4259999 -0.1690000 3.2400000
vn -1.5707967 -1.5707964 4.7123890
v 4.4460001 0.8320000 3.2400000
vn 0.0000000 0.0000000 6.2831855
v 2.3810000 -0.1690000 3.2400000
vn -1.5707967 1.5707960 4.7123890
v 3.2260001 -0.0040000 3.2400000
vn 1.5707967 1.5707964 4.7123895
v 2.4059999 -0.0040000 3.2400000
vn 1.5707967 -1.5707960 4.7123890
v 2.4059999 0.8320000 3.2400000
vn -1.5707967 -1.5707964 4.7123890
v 3.2260001 0.8320000 3.2400000
vn -1.5707967 1.5707954 4.7123890
v 2.3559999 -0.0040000 3.2400000
vn 0.0000000 0.0000000 6.2831860
v 1.1010000 -0.1690000 3.2400000
vn 1.5707967 1.5707964 4.7123890
v 1.1259999 -0.0040000 3.2400000
vn -1.5707967 1.5707964 4.7123890
v 1.0760000 -0.0040000 3.2400000
vn 0.0000000 0.0000000 6.2831855
v -0.3540000 -0.1690000 3.2400000
vn 1.5707967 1.5707954 4.7123895
v -0.1540000 -0.0040000 3.2400000
vn -3.1415927 0.0000000 3.1415927
v -0.5540000 4.1149998 3.2400000
vn -3.1415925 0.0000000 3.1415927
v -0.5540000 3.0290000 3.2400000
vn -3.1415951 0.0000000 3.1415927
v -0.5540000 1.9430001 3.2400000
vn -3.1415927 0.0000000 3.1415927
v -0.5540000 0.8570000 3.2400000
vn -3.1415925 0.0000000 3.1415927
v -0.5540000 -0.1690000 3.2400000
vn 0.0000000 -3.1415925 3.1415925
v 5.7509999 -0.3340000 3.2400000
vn 0.0000000 -3.1415925 3.1415925
v 4.4710002 -0.3340000 3.2400000
vn 0.0000000 -3.1415925 3.1415925
v 3.4259999 -0.3340000 3.2400000
vn 0.0000000 -3.1415930 3.1415925
v 2.3810000 -0.3340000 3.2400000
vn 0.0000000 -3.1415927 3.1415927
v 1.1010000 -0.3340000 3.2400000
vn 0.0000000 -3.1415939 3.1415927
v -0.3540000 -0.3340000 3.2400000
vn -1.5707965 -1.5707964 1.5707964
v -0.5540000 -0.3340000 3.2400000
vn 1.5707933 -1.5707965 4.7123895
v 3.6059999 4.9510002 -0.4500000
vn 1.5707964 -1.5707964 1.5707964
v 3.6059999 5.1560001 -0.4500000
vn 1.5707964 -1.5707961 1.5707964
v 3.6059999 5.1560001 0.2300000
vn 1.5707964 -1.5707964 4.7125421
v 3.6059999 5.1560001 0.3500000
vn 1.5707959 -1.5707964 1.5707963
v 3.6059999 4.9510002 0.3500000
vn -3.9269938 -2.6815131 1.1107237
v 3.2460001 4.9759998 0.1750000
vn 1.5707964 1.5707436 1.5707964
v -0.2040000 -0.2040000 0.3500000
vn 1.5707964 4.7123866 1.5707964
v -0.1540000 -0.2040000 1.6099999
vn -1.5707964 1.5707964 4.7123890
v 1.0760000 -0.2040000 0.3500000
vn 1.5707964 1.5707954 4.7123880
v 1.1259999 -0.2040000 0.3500000
vn 1.5707964 4.7123890 -1.5707964
v 1.1259999 -0.2040000 1.5799999
vn 1.5707964 1.5707964 4.7123890
v -0.1540000 -0.2040000 0.3500000
vn -1.5707959 4.7123919 1.5707964
v 1.0760000 -0.2040000 1.6099999
vn -1.5707964 4.7124157 -1.5707964
v 2.3559999 -0.2040000 1.5799999
vn -1.5707960 1.5707436 1.5707958
v 3.2760000 -0.2040000 0.3500000
vn -1.5707964 1.5707964 4.7123890
v 3.2260001 -0.2040000 0.3500000
vn -1.5707964 4.7123890 -1.5707963
v 3.2260001 -0.2040000 1.5799999
vn -1.5707964 4.7123890 -1.5707963
v 3.2260001 -0.2040000 2.8399999
vn -1.5707964 4.7123899 1.5707963
v 3.2260001 -0.2040000 1.6099999
vn 1.5707964 4.7123895 -1.5707964
v 2.4059999 -0.2040000 2.8399999
vn -1.5707964 4.7123895 1.5707964
v 2.3559999 -0.2040000 1.6099999
vn -1.5707964 4.7123890 -1.5707964
v 2.3559999 -0.2040000 2.8399999
vn 1.5707964 4.7123890 1.5707964
v 2.4059999 -0.2040000 1.6099999
vn -1.5707964 1.5707954 4.7123890
v 2.3559999 -0.2040000 0.3500000
vn 1.5707964 4.7123890 1.5707964
v 1.1259999 -0.2040000 1.6099999
vn 1.5707964 4.7123899 -1.5707964
v 1.1259999 -0.2040000 2.8399999
vn -4.7123885 1.5707953 -1.5707964
v -0.5040000 -0.0040000 1.6250000
vn 1.5707964 -1.5707976 1.5707964
v -0.2040000 5.1760001 1.6750000
vn -1.5707964 1.5707964 1.5707964
v 3.2509999 -0.1840000 -0.4500000
vn 1.5707964 -4.7123866 -1.5707963
v 3.6259999 -0.3340000 1.5799999
vn 1.5707964 -4.7123895 1.5707964
v 3.6259999 -0.3340000 0.3500000
vn 1.5707964 4.7123890 -1.5707964
v 3.6259999 -0.2040000 1.5799999
vn 1.5707964 1.5707964 4.7123890
v 3.6259999 -0.2040000 0.3500000
vn -1.5707964 -4.7123890 -1.5707967
v 5.7259998 5.1760001 2.8399999
vn 1.5707964 -1.5707964 4.7123890
v 3.6259999 5.1760001 0.3500000
vn 1.5707967 -4.7123880 -1.5707964
v 3.6259999 5.1760001 1.5799999
vn 3.9269929 -2.6815171 1.1107208
v -0.2040000 1.2160000 2.7181871
vn 4.7123890 -1.5707963 -1.5707964
v -0.2040000 1.2160000 2.8899999
vn -3.9269905 -2.6815171 1.1107208
v -0.5040000 1.2160000 2.7181871
vn -4.7123890 -1.5707964 -1.5707965
v -0.5040000 1.2160000 2.8899999
vn -1.5707964 -4.7123890 1.5707963
v 3.2260001 -0.3340000 0.3500000
vn -1.5707964 -4.7123861 -1.5707964
v 3.2260001 -0.3340000 1.5799999
vn -1.5707966 1.5707964 1.5707959
v 7.0359998 -0.1840000 -0.4500000
vn 1.5707960 1.5707964 1.5707964
v 3.6059999 -0.1840000 -0.4500000
vn 3.9269905 -1.1107209 2.6815171
v -0.2040000 0.1728129 1.6750000
vn -3.9269912 -1.1107209 2.6815171
v -0.5040000 0.1728129 1.6750000
vn 2.3561950 -2.6815171 -1.1107206
v -0.2040000 3.7060001 2.6974764
vn 4.7123890 -1.5707964 -1.5707964
v -0.2040000 3.7060001 2.8899999
vn -2.3561945 -2.6815171 -1.1107206
v -0.5040000 3.7060001 2.6974764
vn -4.7123890 -1.5707964 -1.5707963
v -0.5040000 3.7060001 2.8899999
vn 1.5707967 -4.7123880 1.5707964
v -0.1540000 -0.3340000 1.6099999
vn 3.1415923 -3.1415930 0.0000000
v -0.1540000 -0.3340000 2.8650000
vn -1.5707964 -4.7123890 -1.5707964
v 2.3559999 -0.3340000 1.5799999
vn 1.5707964 -4.7123880 -1.5707964
v 1.1259999 -0.3340000 1.5799999
vn 1.5707960 1.5707960 4.7123890
v -0.2040000 -0.0040000 0.3500000
vn -1.5707964 -1.5707945 4.7123904
v 3.2460001 5.1560001 0.3500000
vn -1.5707960 -1.5707965 1.5707953
v 3.2460001 4.9510002 0.3500000
vn -1.5707939 -1.5707964 4.7123895
v 3.2460001 4.9510002 -0.4500000
vn -1.5707964 4.7123890 -1.5707964
v 5.7259998 -0.2040000 2.8399999
vn 1.5707964 4.7123899 -1.5707964
v 4.4959998 -0.2040000 2.8399999
vn -1.5707964 4.7123890 -1.5707963
v 4.4460001 -0.2040000 2.8399999
vn 1.5707964 4.7123890 -1.5707964
v 3.6259999 -0.2040000 2.8399999
vn 1.5707964 4.7123899 1.5707964
v 3.6259999 -0.2040000 1.6099999
vn 1.5707960 1.5707436 1.5707964
v 3.5760000 -0.2040000 0.3500000
vn -1.5707964 4.7123899 1.5707964
v 5.7259998 -0.2040000 1.6099999
vn -1.5707964 4.7124157 -1.5707964
v 7.0060000 -0.2040000 1.5799999
vn 1.5707964 4.7123890 -1.5707964
v 5.7760000 -0.2040000 1.5799999
vn -1.5707964 4.7123890 -1.5707963
v 4.4460001 -0.2040000 1.5799999
vn -1.5707964 4.7123899 1.5707963
v 4.4460001 -0.2040000 1.6099999
vn -1.5707964 1.5707964 4.7123890
v 5.7259998 -0.2040000 0.3500000
vn -1.5707964 4.7123895 -1.5707964
v 5.7259998 -0.2040000 1.5799999
vn 1.5707964 1.5707967 4.7123890
v 5.7760000 -0.2040000 0.3500000
vn 1.5707964 4.7123861 -1.5707964
v 4.4959998 -0.2040000 1.5799999
vn 1.5707964 4.7123890 1.5707964
v 4.4959998 -0.2040000 1.6099999
vn 1.5707964 1.5707964 4.7123890
v 4.4959998 -0.2040000 0.3500000
vn -1.5707964 1.5707957 4.7123890
v 4.4460001 -0.2040000 0.3500000
vn -1.5707960 1.5707663 1.5707964
v 7.0559998 -0.2040000 0.3500000
vn -1.5707964 1.5707964 4.7123961
v 7.0060000 -0.2040000 0.3500000
vn -4.7123890 -1.5707961 -1.5707964
v -0.5040000 4.9759998 1.6250000
vn 3.1415930 -3.1415915 -3.1415927
v -0.2040000 4.9759998 1.6250000
vn -2.3561966 -1.1107209 -2.6815169
v -0.5040000 4.7784762 1.6250000
vn 2.3561943 -1.1107209 -2.6815171
v -0.2040000 4.7784762 1.6250000
vn 1.5707963 1.5707964 1.5707967
v 3.6059999 -0.1840000 0.2300000
vn -1.5707964 1.5707961 1.5707953
v 7.0359998 -0.1840000 0.2300000
vn -1.5707948 -1.5707964 1.5707967
v 7.0359998 5.1560001 0.2300000
vn -3.1415923 -3.1415927 0.0000000
v 7.0060000 -0.3340000 2.8650000
vn -4.7123890 -1.5707964 -1.5707964
v 7.0060000 -0.3040000 1.6250000
vn -4.7123890 -1.5707965 1.5707964
v 7.0060000 -0.3040000 1.6750000
vn -1.5707964 -1.5707964 1.5707968
v 7.0359998 5.1560001 -0.4500000
vn -1.5707964 -4.7123890 1.5707964
v 7.0060000 -0.3340000 0.3500000
vn -1.5707964 -4.7123890 -1.5707964
v 7.0060000 -0.3340000 1.5799999
vn 1.5707964 -4.7123890 -1.5707964
v 1.1259999 5.1760001 2.8399999
vn -1.5707964 -4.7123895 -1.5707967
v 2.3559999 5.1760001 2.8399999
vn -4.7123890 1.5707961 -1.5707964
v 3.2760000 -0.0040000 1.6250000
vn -1.5707964 1.5707964 4.7123895
v 3.2760000 -0.0040000 0.3500000
vn -1.5708121 -1.5707436 1.5707965
v 3.2760000 5.1760001 0.3500000
vn -1.5707964 -1.5707964 4.7123890
v 3.2760000 4.9759998 0.3500000
vn -4.7123890 -1.5707961 -1.5707964
v 3.2760000 4.9759998 1.6250000
vn -4.7123890 1.5707964 1.5707965
v 3.2760000 -0.0040000 1.6750000
vn -4.7123890 -1.5707964 -1.5707960
v 3.2760000 1.2160000 2.8899999
vn -4.7123890 -1.5707964 -1.5707963
v 3.2760000 3.7060001 2.8899999
vn -4.7123885 1.5707965 -1.5707965
v 3.2760000 3.7560000 2.8899999
vn -2.3561945 -2.6815174 -1.1107206
v 3.2760000 3.7060001 2.6974764
vn -3.9269929 2.6815171 1.1107208
v 3.2760000 3.7560000 2.7181871
vn -2.3561966 -1.1107210 -2.6815169
v 3.2760000 4.7784762 1.6250000
vn -3.9269907 1.1107208 2.6815169
v 3.2760000 4.7991872 1.6750000
vn -4.7123890 1.5707964 -1.5707963
v 3.2760000 1.2660000 2.8899999
vn -3.9269905 -2.6815171 1.1107206
v 3.2760000 1.2160000 2.7181871
vn -2.3561950 2.6815171 -1.1107208
v 3.2760000 1.2660000 2.6974764
vn -3.9269912 -1.1107208 2.6815171
v 3.2760000 0.1728129 1.6750000
vn -2.3561945 1.1107208 -2.6815171
v 3.2760000 0.1935236 1.6250000
vn 1.5707964 -1.5707965 4.7123890
v 3.6059999 2.3060000 -0.4500000
vn 1.5707965 1.5707964 4.7123890
v 3.6059999 2.6659999 -0.4500000
vn 1.5707960 -1.5707964 4.7123890
v -0.1540000 5.1760001 1.6750000
vn -1.5707948 1.5707964 4.7125435
v 7.0359998 -0.1840000 0.3500000
vn -1.5707964 -1.5707961 4.7123890
v 7.0359998 5.1560001 0.3500000
vn -1.5707964 -4.7123871 1.5707964
v 3.2260001 -0.3340000 1.6099999
vn -1.5707964 -4.7123890 -1.5707964
v 3.2260001 -0.3340000 2.8399999
vn -1.5707964 -4.7123876 1.5707964
v 2.3559999 -0.3340000 0.3500000
vn 1.5707964 -4.7123890 1.5707964
v -0.1540000 -0.3340000 0.3500000
vn -1.5707967 -4.7123890 1.5707967
v 2.3559999 5.1760001 1.6099999
vn 1.5707967 -4.7123871 1.5707964
v 1.1259999 5.1760001 1.6099999
vn 1.5708121 -1.5707954 1.5707963
v 3.5760000 5.1760001 0.3500000
vn -1.5707967 -1.5707964 4.7123895
v 4.4460001 5.1760001 0.3500000
vn 1.5707967 -1.5707957 4.7123890
v 4.4959998 5.1760001 0.3500000
vn -1.5707964 -4.7123890 -1.5707964
v 4.4460001 5.1760001 1.5799999
vn 1.5707964 -4.7123890 -1.5707964
v 4.4959998 5.1760001 1.5799999
vn 1.5707959 -1.5707464 -1.5707960
v 3.5760000 5.1760001 2.8899999
vn -1.5707964 -4.7123899 -1.5707964
v 4.4460001 5.1760001 2.8399999
vn 1.5707960 -1.5708348 -4.7123895
v 5.7760000 5.1760001 2.8899999
vn -1.5708121 -1.5707663 1.5707964
v 7.0559998 5.1760001 0.3500000
vn -1.5707967 -1.5707964 4.7123890
v 5.7259998 5.1760001 0.3500000
vn 1.5707967 -1.5707967 4.7123890
v 5.7760000 5.1760001 0.3500000
vn -1.5707964 -4.7123871 -1.5707967
v 5.7259998 5.1760001 1.5799999
vn 1.5707964 -4.7123890 -1.5707964
v 5.7760000 5.1760001 1.5799999
vn -1.5707967 -4.7123890 1.5707964
v 4.4460001 5.1760001 1.6099999
vn 1.5707963 -4.7123871 1.5707964
v 5.7760000 5.1760001 1.6099999
vn -1.5707960 -1.5707964 -4.7123890
v 7.0060000 5.1760001 2.8899999
vn 0.0000001 -3.1415927 3.1415925
v 7.0060000 5.1760001 1.6750000
vn -1.5707959 -1.5707549 -1.5707964
v 7.0559998 5.1760001 2.8899999
vn 0.0000000 -3.1415927 -3.1415927
v 7.0060000 5.1760001 1.6250000
vn -1.5707964 -4.7123890 1.5707967
v 7.0060000 5.1760001 1.6099999
vn -4.7123890 1.5707957 -1.5707964
v 7.0559998 -0.0040000 1.6250000
vn -1.5707964 1.5707964 4.7123899
v 7.0559998 -0.0040000 0.3500000
vn -1.5707964 -1.5707964 4.7123890
v 7.0559998 4.9759998 0.3500000
vn -4.7123890 -1.5707964 -1.5707964
v 7.0559998 4.9759998 1.6250000
vn -4.7123890 -1.5707964 -1.5707963
v 7.0559998 3.7060001 2.8899999
vn -4.7123885 1.5707963 -1.5707963
v 7.0559998 3.7560000 2.8899999
vn -2.3561945 -2.6815174 -1.1107206
v 7.0559998 3.7060001 2.6974764
vn -3.9269929 2.6815174 1.1107210
v 7.0559998 3.7560000 2.7181871
vn -2.3561966 -1.1107211 -2.6815174
v 7.0559998 4.7784762 1.6250000
vn -3.9269907 1.1107209 2.6815171
v 7.0559998 4.7991872 1.6750000
vn -4.7123890 1.5707965 -1.5707963
v 7.0559998 1.2660000 2.8899999
vn -3.9269905 -2.6815171 1.1107206
v 7.0559998 1.2160000 2.7181871
vn -2.3561950 2.6815171 -1.1107206
v 7.0559998 1.2660000 2.6974764
vn -3.9269912 -1.1107210 2.6815171
v 7.0559998 0.1728129 1.6750000
vn -2.3561945 1.1107208 -2.6815171
v 7.0559998 0.1935236 1.6250000
vn -1.5707774 1.5707964 -1.5707932
v -0.5040000 -0.2040000 3.1900001
vn -4.7123852 1.5707959 -1.5707964
v -0.5540000 -0.2040000 3.1900001
vn 1.5707964 -1.5707964 4.7123899
v -0.2040000 4.9759998 0.3500000
vn 1.5707966 -1.5707964 1.5707963
v -0.2040000 5.1760001 0.3500000
vn 1.5707964 -1.5707966 -1.5707964
v -0.2040000 5.1760001 1.6250000
vn -1.5707964 1.5707964 4.7124062
v 3.2509999 -0.1840000 0.3500000
vn 1.5707963 -4.7123866 1.5707964
v -0.1540000 5.1760001 1.6099999
vn 1.5707964 -1.5707964 -4.7123890
v -0.1540000 5.1760001 1.6250000
vn -1.5707967 -4.7123895 -1.5707964
v 3.2260001 5.1760001 1.5799999
vn -1.5707964 -1.5707964 4.7123890
v 3.2260001 5.1760001 0.3500000
vn 1.5707964 -4.7123890 -1.5707964
v 1.1259999 5.1760001 1.5799999
vn -1.5707964 -4.7123857 -1.5707967
v 2.3559999 5.1760001 1.5799999
vn -1.5707963 -4.7123890 1.5707967
v 1.0760000 5.1760001 1.6099999
vn 1.5707967 -4.7123899 1.5707964
v 2.4059999 5.1760001 1.6099999
vn 1.5707964 -4.7123890 -1.5707964
v 2.4059999 5.1760001 1.5799999
vn -1.5707967 -4.7123895 1.5707964
v 3.2260001 5.1760001 1.6099999
vn -1.5707967 -1.5707964 4.7123890
v 2.3559999 5.1760001 0.3500000
vn 1.5707967 -1.5707954 4.7123890
v 2.4059999 5.1760001 0.3500000
vn 1.5707964 -4.7123890 -1.5707964
v 2.4059999 5.1760001 2.8399999
vn -1.5707964 -4.7123890 -1.5707964
v 3.2260001 5.1760001 2.8399999
vn 1.5707967 -1.5707954 4.7123890
v 1.1259999 5.1760001 0.3500000
vn 4.7123890 1.5707964 -1.5707964
v 3.5760000 3.7560000 2.8899999
vn 4.7123885 1.5707964 -1.5707964
v 3.5760000 -0.0040000 1.6250000
vn 1.5707964 1.5707961 4.7123885
v 3.5760000 -0.0040000 0.3500000
vn -4.7123904 -1.5707959 -1.5707932
v -0.5540000 5.1760001 3.1900001
vn -1.5707890 -1.5707964 -1.5707964
v -0.5040000 5.1760001 3.1900001
vn 4.7123890 -1.5707965 -1.5707964
v 7.3559999 3.7060001 2.8899999
vn 1.5707964 -4.7123899 -1.5707963
v 3.6259999 -0.3340000 2.8399999
vn 1.5707964 -4.7123871 1.5707963
v 3.6259999 -0.3340000 1.6099999
vn 1.5707964 1.5707961 4.7125421
v 3.6059999 -0.1840000 0.3500000
vn 4.7123890 1.5707960 -1.5707965
v 7.3559999 -0.0040000 1.6250000
vn 3.9269912 1.1107210 2.6815174
v 7.3559999 4.7991872 1.6750000
vn 4.7123895 -1.5707958 -1.5707965
v 7.3559999 4.9759998 1.6250000
vn 4.7123890 1.5707964 -1.5707964
v 7.3559999 1.2660000 2.8899999
vn 2.3561945 2.6815171 -1.1107208
v 7.3559999 1.2660000 2.6974764
vn 3.9269929 -2.6815174 1.1107208
v 7.3559999 1.2160000 2.7181871
vn 2.3561947 1.1107206 -2.6815171
v 7.3559999 0.1935236 1.6250000
vn 3.9269905 -1.1107209 2.6815171
v 7.3559999 0.1728129 1.6750000
vn 4.7123890 1.5707964 -1.5707964
v 7.3559999 3.7560000 2.8899999
vn 3.9269907 2.6815171 1.1107209
v 7.3559999 3.7560000 2.7181871
vn 2.3561950 -2.6815174 -1.1107209
v 7.3559999 3.7060001 2.6974764
vn 2.3561945 -1.1107210 -2.6815171
v 7.3559999 4.7784762 1.6250000
vn 4.7123890 1.5707964 -1.5707964
v -0.1540000 5.2760000 1.6250000
vn 4.7123890 1.5707964 1.5707963
v -0.1540000 5.2760000 1.6750000
vn 1.5707963 1.5707963 4.7123890
v -0.2040000 2.6359999 0.3500000
vn 4.7123890 1.5707964 -1.5707963
v -0.2040000 2.6359999 2.8899999
vn -3.1415927 -3.1415925 0.0000000
v -0.5540000 -0.3340000 -0.1000000
vn -3.1415930 -3.1415925 0.0000000
v -0.5540000 -0.3340000 1.5950000
vn -3.1415925 -3.1415930 0.0000000
v -0.5540000 -0.3340000 2.8650000
vn 4.7123890 1.5707964 1.5707964
v 3.5760000 -0.0040000 1.6750000
vn 1.5707964 -1.5707961 4.7123880
v 3.5760000 4.9759998 0.3500000
vn 4.7123890 -1.5707964 -1.5707964
v 3.5760000 4.9759998 1.6250000
vn 3.9269912 1.1107208 2.6815171
v 3.5760000 4.7991872 1.6750000
vn 4.7123890 -1.5707965 -1.5707964
v 3.5760000 1.2160000 2.8899999
vn 4.7123890 -1.5707964 -1.5707964
v 3.5760000 3.7060001 2.8899999
vn 3.9269907 2.6815171 1.1107208
v 3.5760000 3.7560000 2.7181871
vn 2.3561950 -2.6815174 -1.1107206
v 3.5760000 3.7060001 2.6974764
vn 2.3561945 -1.1107210 -2.6815171
v 3.5760000 4.7784762 1.6250000
vn 3.9269905 -1.1107208 2.6815171
v 3.5760000 0.1728129 1.6750000
vn 2.3561950 1.1107208 -2.6815171
v 3.5760000 0.1935236 1.6250000
vn 3.9269929 -2.6815171 1.1107206
v 3.5760000 1.2160000 2.7181871
vn 2.3561945 2.6815171 -1.1107208
v 3.5760000 1.2660000 2.6974764
vn 4.7123890 1.5707964 -1.5707964
v 3.5760000 1.2660000 2.8899999
vn 1.5707964 -4.7123880 1.5707964
v 4.4959998 -0.3340000 0.3500000
vn -1.5707964 -4.7123880 1.5707964
v 5.7259998 -0.3340000 0.3500000
vn 1.5707964 -4.7123880 1.5707964
v 5.7760000 -0.3340000 0.3500000
vn 1.5707964 -4.7123880 1.5707964
v 1.1259999 -0.3340000 0.3500000
vn -1.5707964 -4.7123880 1.5707964
v 1.0760000 -0.3340000 0.3500000
vn -1.5707964 -4.7123880 1.5707963
v 4.4460001 -0.3340000 0.3500000
vn -4.7123885 1.5707984 -1.5707964
v -0.5040000 2.6359999 2.8899999
vn 3.1415927 -3.1415930 0.0000000
v 7.4060001 -0.3340000 -0.1000000
vn 3.1415930 -3.1415911 0.0000000
v 7.4060001 -0.3340000 1.5950000
vn 3.1415925 -3.1415927 0.0000000
v 7.4060001 -0.3340000 2.8650000
vn -1.5707965 -4.7123890 -1.5707958
v 5.7859998 4.9759998 2.8899999
vn 1.5707964 -4.7123890 -1.5707965
v 5.8360000 4.9759998 2.8899999
vn 0.0000000 -6.2831855 0.0000000
v 3.4259999 -0.3340000 1.5950000
vn 0.0000000 -6.2831860 0.0000000
v 1.1010000 -0.3340000 2.8650000
vn -3.1415923 -3.1415939 0.0000000
v 1.0760000 -0.3340000 2.8650000
vn 0.0000000 -6.2831812 0.0000000
v 1.1010000 -0.3340000 1.5950000
vn -1.5707964 -4.7123890 1.5707964
v 1.0760000 -0.3340000 1.6099999
vn 0.0000000 -6.2831802 0.0000000
v 5.7509999 -0.3340000 1.5950000
vn 0.0000000 -6.2831864 0.0000000
v 5.7509999 -0.3340000 2.8650000
vn 0.0000000 -6.2831855 0.0000000
v -0.3540000 -0.3340000 -0.1000000
vn 0.0000000 -6.2831869 0.0000000
v -0.3540000 -0.3340000 1.5950000
vn 0.0000000 -6.2831855 0.0000000
v -0.3540000 -0.3340000 2.8650000
vn 0.0000000 -6.2831850 0.0000000
v 1.1010000 -0.3340000 -0.1000000
vn 0.0000000 -6.2831774 0.0000000
v 2.3810000 -0.3340000 1.5950000
vn -1.5707964 -4.7123880 1.5707964
v 2.3559999 -0.3340000 1.6099999
vn 1.5707964 -4.7123899 1.5707964
v 1.1259999 -0.3340000 1.6099999
vn 1.5707964 -4.7123899 -1.5707964
v 1.1259999 -0.3340000 2.8399999
vn 0.0000000 -6.2831874 0.0000000
v 2.3810000 -0.3340000 2.8650000
vn -1.5707964 -4.7123904 -1.5707964
v 2.3559999 -0.3340000 2.8399999
vn 0.0000000 -6.2831850 0.0000000
v 2.3810000 -0.3340000 -0.1000000
vn 1.5707964 -4.7123899 1.5707963
v 2.4059999 -0.3340000 1.6099999
vn 1.5707964 -4.7123890 -1.5707963
v 2.4059999 -0.3340000 2.8399999
vn 0.0000000 -6.2831850 0.0000000
v 3.4259999 -0.3340000 2.8650000
vn 0.0000000 -6.2831855 0.0000000
v 3.4259999 -0.3340000 -0.1000000
vn 0.0000000 -6.2831783 0.0000000
v 4.4710002 -0.3340000 1.5950000
vn -1.5707964 -4.7123890 1.5707964
v 4.4460001 -0.3340000 1.6099999
vn -1.5707964 -4.7123909 -1.5707964
v 4.4460001 -0.3340000 2.8399999
vn 0.0000000 -6.2831841 0.0000000
v 4.4710002 -0.3340000 2.8650000
vn -1.5707964 -4.7123890 -1.5707964
v 4.4460001 -0.3340000 1.5799999
vn 0.0000000 -6.2831850 0.0000000
v 4.4710002 -0.3340000 -0.1000000
vn -1.5707964 -4.7123909 -1.5707964
v 5.7259998 -0.3340000 2.8399999
vn 1.5707964 -4.7123895 -1.5707964
v 4.4959998 -0.3340000 2.8399999
vn 1.5707964 -4.7123871 1.5707964
v 4.4959998 -0.3340000 1.6099999
vn -1.5707964 -4.7123880 1.5707964
v 5.7259998 -0.3340000 1.6099999
vn -1.5707964 -4.7123890 -1.5707964
v 5.7259998 -0.3340000 1.5799999
vn 1.5707964 -4.7123880 -1.5707964
v 4.4959998 -0.3340000 1.5799999
vn 0.0000000 -6.2831850 0.0000000
v 5.7509999 -0.3340000 -0.1000000
vn 1.5707964 -4.7123890 -1.5707964
v 5.7760000 -0.3340000 1.5799999
vn 2.6815171 -3.9269915 1.1107209
v 5.8360000 4.9759998 2.7181871
vn 1.5707961 -1.5707964 -1.5707964
v 7.0060000 4.9759998 1.6250000
vn 1.5707964 -1.5707965 1.5707963
v 7.0060000 4.9759998 1.6750000
vn -1.1107208 -2.3561945 -2.6815169
v 6.8584762 4.9759998 1.6250000
vn 1.1107210 -3.9269929 2.6815174
v 6.8791871 4.9759998 1.6750000
vn -2.6815171 -2.3561966 -1.1107206
v 5.7859998 4.9759998 2.6974764
vn 1.5707964 1.5707965 1.5707968
v 3.6059999 2.6659999 0.3500000
vn 1.5707965 -1.5707964 1.5707968
v 3.6059999 2.3060000 0.3500000
vn -4.7123890 -1.5707964 -1.5707964
v -0.5040000 4.9759998 2.8899999
# 966 vertices, 0 vertices normals

f 1//1 2//2 3//3
f 2//2 4//4 3//3
f 3//3 4//4 5//5
f 4//4 6//6 5//5
f 5//5 6//6 7//7
f 6//6 8//8 7//7
f 9//9 10//10 11//11
f 10//10 12//12 11//11
f 11//11 12//12 13//13
f 12//12 14//14 13//13
f 13//13 14//14 15//15
f 14//14 16//16 15//15
f 17//17 18//18 19//19
f 18//18 20//20 19//19
f 19//19 20//20 21//21
f 20//20 22//22 21//21
f 21//21 22//22 23//23
f 22//22 24//24 23//23
f 25//25 26//26 27//27
f 26//26 28//28 27//27
f 27//27 28//28 29//29
f 28//28 30//30 29//29
f 31//31 32//32 33//33
f 32//32 34//34 33//33
f 35//35 36//36 37//37
f 36//36 38//38 37//37
f 37//37 39//39 40//40
f 41//41 42//42 43//43
f 42//42 44//44 43//43
f 45//45 46//46 47//47
f 46//46 48//48 47//47
f 49//49 50//50 51//51
f 50//50 52//52 51//51
f 53//53 54//54 55//55
f 37//37 40//40 35//35
f 40//40 43//43 35//35
f 35//35 43//43 56//56
f 43//43 44//44 56//56
f 56//56 44//44 57//57
f 58//58 33//33 57//57
f 33//33 34//34 57//57
f 57//57 34//34 56//56
f 34//34 59//59 56//56
f 56//56 59//59 60//60
f 59//59 61//61 60//60
f 60//60 61//61 62//62
f 61//61 63//63 62//62
f 62//62 63//63 64//64
f 48//48 65//65 47//47
f 65//65 66//66 47//47
f 47//47 66//66 64//64
f 66//66 51//51 64//64
f 64//64 51//51 62//62
f 51//51 52//52 62//62
f 62//62 52//52 67//67
f 52//52 53//53 67//67
f 67//67 53//53 68//68
f 53//53 55//55 68//68
f 68//68 55//55 69//69
f 55//55 70//70 69//69
f 28//28 19//19 30//30
f 19//19 21//21 30//30
f 71//71 72//72 73//73
f 72//72 74//74 73//73
f 73//73 74//74 75//75
f 74//74 76//76 75//75
f 74//74 77//77 76//76
f 77//77 78//78 76//76
f 10//10 1//1 12//12
f 1//1 3//3 12//12
f 79//79 80//80 81//81
f 80//80 82//82 81//81
f 81//81 82//82 83//83
f 82//82 84//84 83//83
f 85//85 86//86 87//87
f 86//86 88//88 87//87
f 86//86 82//82 88//88
f 82//82 80//80 88//88
f 12//12 3//3 14//14
f 3//3 5//5 14//14
f 79//79 75//75 80//80
f 75//75 76//76 80//80
f 80//80 76//76 88//88
f 76//76 78//78 88//88
f 88//88 78//78 87//87
f 78//78 89//89 87//87
f 90//90 91//91 92//92
f 91//91 93//93 92//92
f 91//91 94//94 93//93
f 94//94 95//95 93//93
f 26//26 17//17 28//28
f 17//17 19//19 28//28
f 96//96 97//97 98//98
f 97//97 99//99 98//98
f 100//100 101//101 102//102
f 101//101 103//103 102//102
f 104//104 105//105 106//106
f 105//105 107//107 106//106
f 103//103 101//101 108//108
f 101//101 109//109 108//108
f 110//110 104//104 111//111
f 104//104 106//106 111//111
f 112//112 113//113 114//114
f 113//113 115//115 114//114
f 2//2 116//116 4//4
f 116//116 117//117 4//4
f 4//4 117//117 6//6
f 117//117 118//118 6//6
f 6//6 118//118 8//8
f 118//118 119//119 8//8
f 120//120 121//121 122//122
f 123//123 124//124 125//125
f 124//124 126//126 125//125
f 125//125 126//126 127//127
f 122//122 90//90 120//120
f 90//90 92//92 120//120
f 120//120 92//92 128//128
f 92//92 123//123 128//128
f 128//128 123//123 129//129
f 123//123 125//125 129//129
f 113//113 130//130 115//115
f 130//130 131//131 115//115
f 132//132 133//133 134//134
f 135//135 136//136 137//137
f 138//138 139//139 140//140
f 141//141 142//142 143//143
f 144//144 145//145 146//146
f 145//145 147//147 146//146
f 146//146 147//147 132//132
f 146//146 148//148 144//144
f 148//148 149//149 144//144
f 144//144 149//149 150//150
f 149//149 151//151 150//150
f 150//150 151//151 152//152
f 151//151 153//153 152//152
f 152//152 153//153 148//148
f 153//153 154//154 148//148
f 148//148 154//154 149//149
f 155//155 156//156 157//157
f 156//156 143//143 157//157
f 157//157 143//143 158//158
f 143//143 142//142 158//158
f 156//156 150//150 143//143
f 150//150 152//152 143//143
f 143//143 152//152 141//141
f 152//152 159//159 141//141
f 141//141 159//159 160//160
f 159//159 161//161 160//160
f 160//160 161//161 162//162
f 161//161 163//163 162//162
f 162//162 163//163 152//152
f 163//163 164//164 152//152
f 152//152 164//164 159//159
f 165//165 166//166 167//167
f 166//166 168//168 167//167
f 169//169 170//170 168//168
f 170//170 171//171 168//168
f 168//168 171//171 167//167
f 172//172 173//173 174//174
f 173//173 175//175 174//174
f 174//174 175//175 162//162
f 175//175 176//176 162//162
f 162//162 176//176 177//177
f 166//166 160//160 168//168
f 160//160 162//162 168//168
f 168//168 162//162 169//169
f 162//162 177//177 169//169
f 169//169 177//177 178//178
f 177//177 173//173 178//178
f 173//173 172//172 178//178
f 178//178 172//172 179//179
f 172//172 180//180 179//179
f 179//179 180//180 181//181
f 182//182 183//183 184//184
f 185//185 186//186 187//187
f 184//184 183//183 187//187
f 183//183 188//188 187//187
f 187//187 188//188 185//185
f 140//140 189//189 190//190
f 137//137 191//191 192//192
f 193//193 194//194 195//195
f 195//195 194//194 184//184
f 194//194 196//196 184//184
f 184//184 196//196 197//197
f 198//198 199//199 200//200
f 201//201 202//202 203//203
f 203//203 202//202 195//195
f 202//202 204//204 195//195
f 195//195 204//204 205//205
f 206//206 187//187 207//207
f 187//187 174//174 207//207
f 207//207 174//174 208//208
f 174//174 162//162 208//208
f 208//208 162//162 209//209
f 162//162 184//184 209//209
f 209//209 184//184 206//206
f 184//184 187//187 206//206
f 210//210 184//184 211//211
f 184//184 162//162 211//211
f 211//211 162//162 212//212
f 162//162 152//152 212//212
f 212//212 152//152 213//213
f 152//152 195//195 213//213
f 213//213 195//195 210//210
f 195//195 184//184 210//210
f 214//214 195//195 215//215
f 195//195 152//152 215//215
f 215//215 152//152 216//216
f 152//152 148//148 216//216
f 216//216 148//148 217//217
f 148//148 203//203 217//217
f 217//217 203//203 214//214
f 203//203 195//195 214//214
f 132//132 134//134 146//146
f 134//134 218//218 146//146
f 146//146 218//218 148//148
f 218//218 219//219 148//148
f 148//148 219//219 203//203
f 219//219 220//220 203//203
f 220//220 198//198 203//203
f 203//203 198//198 201//201
f 198//198 200//200 201//201
f 201//201 200//200 205//205
f 200//200 135//135 205//205
f 205//205 135//135 195//195
f 135//135 137//137 195//195
f 195//195 137//137 193//193
f 137//137 192//192 193//193
f 193//193 192//192 197//197
f 192//192 138//138 197//197
f 197//197 138//138 184//184
f 138//138 140//140 184//184
f 184//184 140//140 182//182
f 140//140 190//190 182//182
f 182//182 190//190 185//185
f 190//190 221//221 185//185
f 185//185 221//221 186//186
f 221//221 222//222 186//186
f 223//223 224//224 29//29
f 224//224 225//225 29//29
f 29//29 225//225 27//27
f 225//225 226//226 27//27
f 27//27 226//226 25//25
f 226//226 227//227 25//25
f 228//228 229//229 230//230
f 229//229 85//85 230//230
f 230//230 85//85 231//231
f 85//85 87//87 231//231
f 231//231 87//87 232//232
f 87//87 89//89 232//232
f 232//232 89//89 233//233
f 89//89 234//234 233//233
f 233//233 234//234 235//235
f 234//234 236//236 235//235
f 131//131 130//130 237//237
f 130//130 238//238 237//237
f 77//77 234//234 78//78
f 234//234 89//89 78//78
f 239//239 240//240 241//241
f 242//242 243//243 244//244
f 245//245 246//246 247//247
f 248//248 249//249 250//250
f 251//251 252//252 253//253
f 254//254 255//255 256//256
f 255//255 257//257 256//256
f 256//256 257//257 239//239
f 256//256 258//258 254//254
f 258//258 259//259 254//254
f 254//254 259//259 260//260
f 259//259 261//261 260//260
f 260//260 261//261 262//262
f 261//261 263//263 262//262
f 262//262 263//263 258//258
f 263//263 264//264 258//258
f 258//258 264//264 259//259
f 265//265 266//266 267//267
f 266//266 253//253 267//267
f 267//267 253//253 268//268
f 253//253 252//252 268//268
f 269//269 270//270 271//271
f 270//270 272//272 271//271
f 266//266 260//260 253//253
f 260//260 262//262 253//253
f 253//253 262//262 251//251
f 262//262 273//273 251//251
f 251//251 273//273 271//271
f 273//273 274//274 271//271
f 271//271 274//274 269//269
f 274//274 275//275 269//269
f 269//269 275//275 262//262
f 275//275 276//276 262//262
f 262//262 276//276 273//273
f 277//277 272//272 278//278
f 272//272 270//270 278//278
f 278//278 270//270 279//279
f 270//270 280//280 279//279
f 281//281 282//282 108//108
f 283//283 284//284 285//285
f 284//284 102//102 285//285
f 285//285 102//102 269//269
f 102//102 103//103 269//269
f 103//103 108//108 269//269
f 269//269 108//108 270//270
f 108//108 282//282 270//270
f 270//270 282//282 280//280
f 108//108 284//284 281//281
f 284//284 283//283 281//281
f 281//281 283//283 286//286
f 283//283 287//287 286//286
f 286//286 287//287 288//288
f 289//289 290//290 291//291
f 247//247 292//292 293//293
f 291//291 290//290 294//294
f 290//290 295//295 294//294
f 294//294 295//295 296//296
f 244//244 297//297 298//298
f 299//299 300//300 301//301
f 301//301 300//300 291//291
f 300//300 302//302 291//291
f 291//291 302//302 303//303
f 304//304 305//305 306//306
f 307//307 308//308 309//309
f 306//306 305//305 301//301
f 305//305 310//310 301//301
f 301//301 310//310 311//311
f 131//131 291//291 115//115
f 291//291 294//294 115//115
f 115//115 294//294 114//114
f 294//294 285//285 114//114
f 114//114 285//285 237//237
f 285//285 269//269 237//237
f 237//237 269//269 131//131
f 269//269 291//291 131//131
f 312//312 291//291 313//313
f 291//291 269//269 313//313
f 313//313 269//269 314//314
f 269//269 262//262 314//314
f 314//314 262//262 315//315
f 262//262 301//301 315//315
f 315//315 301//301 312//312
f 301//301 291//291 312//312
f 316//316 301//301 317//317
f 301//301 262//262 317//317
f 317//317 262//262 318//318
f 262//262 258//258 318//318
f 318//318 258//258 319//319
f 258//258 306//306 319//319
f 319//319 306//306 316//316
f 306//306 301//301 316//316
f 239//239 241//241 256//256
f 241//241 320//320 256//256
f 256//256 320//320 258//258
f 320//320 321//321 258//258
f 258//258 321//321 306//306
f 321//321 322//322 306//306
f 322//322 307//307 306//306
f 306//306 307//307 304//304
f 307//307 309//309 304//304
f 304//304 309//309 311//311
f 309//309 242//242 311//311
f 311//311 242//242 301//301
f 242//242 244//244 301//301
f 301//301 244//244 299//299
f 244//244 298//298 299//299
f 299//299 298//298 303//303
f 298//298 245//245 303//303
f 303//303 245//245 291//291
f 245//245 247//247 291//291
f 291//291 247//247 289//289
f 247//247 293//293 289//289
f 289//289 293//293 296//296
f 293//293 248//248 296//296
f 296//296 248//248 294//294
f 248//248 250//250 294//294
f 18//18 323//323 20//20
f 323//323 324//324 20//20
f 20//20 324//324 22//22
f 324//324 325//325 22//22
f 22//22 325//325 24//24
f 325//325 326//326 24//24
f 133//133 132//132 122//122
f 132//132 147//147 122//122
f 122//122 147//147 90//90
f 327//327 328//328 147//147
f 328//328 155//155 147//147
f 147//147 155//155 90//90
f 155//155 157//157 90//90
f 90//90 157//157 158//158
f 171//171 329//329 330//330
f 180//180 126//126 181//181
f 126//126 124//124 181//181
f 99//99 97//97 331//331
f 97//97 94//94 331//331
f 331//331 94//94 332//332
f 94//94 91//91 332//332
f 332//332 91//91 124//124
f 91//91 90//90 124//124
f 330//330 181//181 171//171
f 181//181 124//124 171//171
f 171//171 124//124 167//167
f 124//124 90//90 167//167
f 167//167 90//90 165//165
f 90//90 158//158 165//165
f 165//165 158//158 333//333
f 158//158 334//334 333//333
f 335//335 336//336 205//205
f 336//336 201//201 205//205
f 336//336 337//337 201//201
f 337//337 202//202 201//201
f 338//338 339//339 340//340
f 339//339 341//341 340//340
f 202//202 337//337 204//204
f 337//337 342//342 204//204
f 343//343 344//344 214//214
f 344//344 217//217 214//214
f 344//344 345//345 217//217
f 345//345 216//216 217//217
f 216//216 345//345 215//215
f 345//345 346//346 215//215
f 347//347 348//348 154//154
f 348//348 149//149 154//154
f 349//349 350//350 351//351
f 350//350 352//352 351//351
f 149//149 348//348 151//151
f 348//348 353//353 151//151
f 354//354 355//355 209//209
f 355//355 208//208 209//209
f 31//31 33//33 356//356
f 33//33 357//357 356//356
f 208//208 355//355 207//207
f 355//355 358//358 207//207
f 359//359 37//37 360//360
f 37//37 38//38 360//360
f 177//177 361//361 173//173
f 361//361 362//362 173//173
f 41//41 43//43 363//363
f 364//364 365//365 363//363
f 365//365 366//366 363//363
f 363//363 366//366 41//41
f 367//367 368//368 210//210
f 368//368 213//213 210//210
f 369//369 370//370 299//299
f 370//370 300//300 299//299
f 371//371 372//372 316//316
f 372//372 319//319 316//316
f 372//372 373//373 319//319
f 373//373 318//318 319//319
f 318//318 373//373 317//317
f 373//373 374//374 317//317
f 375//375 376//376 377//377
f 376//376 378//378 377//377
f 362//362 379//379 173//173
f 379//379 175//175 173//173
f 49//49 51//51 380//380
f 381//381 382//382 380//380
f 382//382 383//383 380//380
f 380//380 383//383 49//49
f 379//379 384//384 175//175
f 384//384 176//176 175//175
f 385//385 386//386 387//387
f 386//386 126//126 387//387
f 388//388 229//229 389//389
f 229//229 84//84 389//389
f 390//390 391//391 163//163
f 391//391 164//164 163//163
f 126//126 386//386 392//392
f 386//386 393//393 392//392
f 394//394 395//395 197//197
f 395//395 193//193 197//197
f 396//396 397//397 271//271
f 397//397 251//251 271//271
f 225//225 398//398 226//226
f 398//398 399//399 226//226
f 400//400 401//401 402//402
f 401//401 403//403 402//402
f 44//44 42//42 404//404
f 42//42 405//405 404//404
f 404//404 405//405 406//406
f 405//405 407//407 406//406
f 384//384 361//361 176//176
f 361//361 177//177 176//176
f 408//408 409//409 312//312
f 409//409 315//315 312//312
f 410//410 411//411 412//412
f 411//411 413//413 412//412
f 414//414 415//415 416//416
f 415//415 417//417 416//416
f 368//368 418//418 213//213
f 418//418 212//212 213//213
f 419//419 420//420 421//421
f 420//420 422//422 421//421
f 314//314 423//423 313//313
f 423//423 424//424 313//313
f 411//411 425//425 413//413
f 425//425 426//426 413//413
f 427//427 394//394 196//196
f 394//394 197//197 196//196
f 428//428 429//429 275//275
f 429//429 276//276 275//275
f 430//430 110//110 431//431
f 110//110 111//111 431//431
f 391//391 432//432 164//164
f 432//432 159//159 164//164
f 433//433 434//434 260//260
f 434//434 254//254 260//260
f 51//51 66//66 380//380
f 66//66 435//435 380//380
f 436//436 437//437 185//185
f 437//437 182//182 185//185
f 53//53 52//52 438//438
f 52//52 439//439 438//438
f 440//440 436//436 188//188
f 436//436 185//185 188//188
f 395//395 441//441 193//193
f 441//441 194//194 193//193
f 363//363 43//43 442//442
f 43//43 40//40 442//442
f 183//183 443//443 188//188
f 443//443 440//440 188//188
f 444//444 57//57 404//404
f 57//57 44//44 404//404
f 437//437 443//443 182//182
f 443//443 183//183 182//182
f 445//445 446//446 178//178
f 446//446 169//169 178//178
f 447//447 448//448 449//449
f 448//448 450//450 449//449
f 449//449 450//450 451//451
f 450//450 452//452 451//451
f 451//451 452//452 453//453
f 452//452 454//454 453//453
f 273//273 455//455 274//274
f 455//455 456//456 274//274
f 457//457 347//347 153//153
f 347//347 154//154 153//153
f 194//194 441//441 196//196
f 441//441 427//427 196//196
f 458//458 459//459 460//460
f 459//459 461//461 460//460
f 462//462 463//463 464//464
f 463//463 465//465 464//464
f 466//466 467//467 468//468
f 467//467 469//469 468//468
f 374//374 371//371 317//317
f 371//371 316//316 317//317
f 470//470 471//471 472//472
f 471//471 473//473 472//472
f 474//474 462//462 475//475
f 462//462 464//464 475//475
f 476//476 477//477 478//478
f 477//477 479//479 478//478
f 471//471 470//470 480//480
f 470//470 120//120 480//480
f 480//480 120//120 128//128
f 300//300 370//370 302//302
f 370//370 481//481 302//302
f 482//482 483//483 484//484
f 483//483 485//485 484//484
f 486//486 487//487 488//488
f 487//487 489//489 488//488
f 289//289 490//490 290//290
f 490//490 491//491 290//290
f 492//492 493//493 494//494
f 493//493 495//495 494//494
f 144//144 496//496 145//145
f 496//496 327//327 145//145
f 145//145 327//327 147//147
f 331//331 332//332 497//497
f 332//332 498//498 497//497
f 499//499 500//500 325//325
f 500//500 326//326 325//325
f 429//429 455//455 276//276
f 455//455 273//273 276//276
f 501//501 502//502 311//311
f 502//502 304//304 311//311
f 503//503 504//504 505//505
f 504//504 506//506 505//505
f 507//507 508//508 263//263
f 508//508 264//264 263//263
f 353//353 457//457 151//151
f 457//457 153//153 151//151
f 509//509 499//499 324//324
f 499//499 325//325 324//324
f 510//510 511//511 512//512
f 511//511 513//513 512//512
f 514//514 515//515 516//516
f 517//517 518//518 519//519
f 520//520 521//521 522//522
f 519//519 518//518 522//522
f 518//518 523//523 522//522
f 522//522 523//523 520//520
f 521//521 520//520 524//524
f 520//520 525//525 524//524
f 524//524 525//525 526//526
f 525//525 527//527 526//526
f 526//526 527//527 528//528
f 529//529 530//530 531//531
f 532//532 533//533 534//534
f 533//533 535//535 534//534
f 534//534 535//535 536//536
f 535//535 537//537 536//536
f 536//536 537//537 538//538
f 522//522 539//539 540//540
f 463//463 541//541 542//542
f 541//541 519//519 542//542
f 542//542 519//519 474//474
f 519//519 522//522 474//474
f 474//474 522//522 462//462
f 522//522 543//543 462//462
f 522//522 544//544 543//543
f 544//544 545//545 543//543
f 543//543 545//545 546//546
f 547//547 548//548 546//546
f 548//548 549//549 546//546
f 546//546 549//549 543//543
f 539//539 522//522 375//375
f 522//522 521//521 375//375
f 375//375 521//521 376//376
f 521//521 550//550 376//376
f 376//376 550//550 540//540
f 550//550 548//548 540//540
f 540//540 548//548 522//522
f 548//548 547//547 522//522
f 522//522 547//547 544//544
f 467//467 466//466 551//551
f 552//552 541//541 543//543
f 541//541 463//463 543//543
f 543//543 463//463 462//462
f 543//543 553//553 554//554
f 553//553 543//543 555//555
f 543//543 549//549 555//555
f 555//555 549//549 556//556
f 549//549 557//557 556//556
f 556//556 557//557 554//554
f 557//557 551//551 554//554
f 554//554 551//551 543//543
f 551//551 466//466 543//543
f 543//543 466//466 552//552
f 516//516 515//515 558//558
f 515//515 559//559 558//558
f 558//558 559//559 560//560
f 559//559 561//561 560//560
f 561//561 514//514 560//560
f 560//560 514//514 551//551
f 514//514 516//516 551//551
f 551//551 516//516 467//467
f 516//516 541//541 467//467
f 467//467 541//541 562//562
f 541//541 552//552 562//562
f 560//560 563//563 564//564
f 563//563 560//560 565//565
f 560//560 551//551 565//565
f 565//565 551//551 566//566
f 551//551 557//557 566//566
f 566//566 557//557 564//564
f 557//557 567//567 564//564
f 564//564 567//567 560//560
f 527//527 517//517 528//528
f 517//517 519//519 528//528
f 528//528 519//519 568//568
f 519//519 541//541 568//568
f 568//568 541//541 569//569
f 541//541 516//516 569//569
f 569//569 516//516 570//570
f 516//516 558//558 570//570
f 570//570 558//558 530//530
f 558//558 533//533 530//530
f 530//530 533//533 531//531
f 533//533 532//532 531//531
f 571//571 560//560 572//572
f 560//560 535//535 572//572
f 572//572 535//535 573//573
f 535//535 533//533 573//573
f 573//573 533//533 574//574
f 533//533 558//558 574//574
f 574//574 558//558 571//571
f 558//558 560//560 571//571
f 489//489 575//575 504//504
f 575//575 576//576 504//504
f 504//504 576//576 506//506
f 489//489 535//535 575//575
f 535//535 577//577 575//575
f 575//575 577//577 567//567
f 577//577 578//578 567//567
f 567//567 578//578 560//560
f 578//578 579//579 560//560
f 560//560 579//579 535//535
f 579//579 580//580 535//535
f 535//535 580//580 577//577
f 531//531 581//581 529//529
f 581//581 582//582 529//529
f 529//529 582//582 583//583
f 582//582 584//584 583//583
f 581//581 538//538 582//582
f 538//538 537//537 582//582
f 582//582 537//537 584//584
f 537//537 585//585 584//584
f 489//489 487//487 535//535
f 487//487 506//506 535//535
f 535//535 506//506 537//537
f 506//506 576//576 537//537
f 537//537 576//576 585//585
f 576//576 586//586 585//585
f 550//550 36//36 548//548
f 36//36 35//35 548//548
f 548//548 35//35 549//549
f 35//35 56//56 549//549
f 549//549 56//56 557//557
f 56//56 60//60 557//557
f 557//557 60//60 567//567
f 60//60 62//62 567//567
f 567//567 62//62 575//575
f 62//62 67//67 575//575
f 575//575 67//67 576//576
f 67//67 68//68 576//576
f 576//576 68//68 586//586
f 68//68 69//69 586//586
f 587//587 588//588 495//495
f 495//495 589//589 587//587
f 589//589 590//590 587//587
f 587//587 590//590 531//531
f 590//590 591//591 531//531
f 531//531 591//591 581//581
f 592//592 593//593 594//594
f 581//581 591//591 594//594
f 591//591 595//595 594//594
f 594//594 595//595 592//592
f 169//169 446//446 170//170
f 446//446 329//329 170//170
f 170//170 329//329 171//171
f 596//596 597//597 598//598
f 599//599 600//600 601//601
f 600//600 526//526 601//601
f 601//601 526//526 598//598
f 526//526 528//528 598//598
f 598//598 528//528 596//596
f 602//602 568//568 603//603
f 568//568 602//602 528//528
f 602//602 604//604 528//528
f 528//528 604//604 596//596
f 604//604 605//605 596//596
f 596//596 605//605 603//603
f 605//605 606//606 603//603
f 603//603 606//606 602//602
f 603//603 607//607 608//608
f 607//607 603//603 609//609
f 603//603 568//568 609//609
f 609//609 568//568 610//610
f 568//568 569//569 610//610
f 610//610 569//569 608//608
f 569//569 611//611 608//608
f 608//608 611//611 603//603
f 612//612 570//570 613//613
f 570//570 612//612 569//569
f 612//612 614//614 569//569
f 569//569 614//614 611//611
f 614//614 615//615 611//611
f 611//611 615//615 613//613
f 615//615 616//616 613//613
f 613//613 616//616 612//612
f 617//617 530//530 618//618
f 530//530 617//617 570//570
f 617//617 619//619 570//570
f 570//570 619//619 613//613
f 619//619 620//620 613//613
f 613//613 620//620 618//618
f 620//620 621//621 618//618
f 618//618 621//621 617//617
f 622//622 623//623 618//618
f 623//623 622//622 529//529
f 622//622 624//624 529//529
f 529//529 624//624 530//530
f 624//624 625//625 530//530
f 530//530 625//625 618//618
f 625//625 626//626 618//618
f 618//618 626//626 622//622
f 627//627 443//443 596//596
f 443//443 437//437 596//596
f 596//596 437//437 436//436
f 440//440 628//628 436//436
f 628//628 600//600 436//436
f 436//436 600//600 596//596
f 600//600 599//599 596//596
f 596//596 599//599 597//597
f 394//394 596//596 395//395
f 596//596 603//603 395//395
f 395//395 603//603 441//441
f 603//603 629//629 441//441
f 441//441 629//629 427//427
f 629//629 627//627 427//427
f 427//427 627//627 394//394
f 627//627 596//596 394//394
f 337//337 336//336 611//611
f 611//611 336//336 603//603
f 336//336 335//335 603//603
f 603//603 335//335 629//629
f 630//630 491//491 631//631
f 631//631 491//491 613//613
f 632//632 630//630 633//633
f 491//491 490//490 613//613
f 490//490 632//632 613//613
f 613//613 632//632 611//611
f 632//632 633//633 611//611
f 611//611 633//633 337//337
f 633//633 629//629 337//337
f 337//337 629//629 342//342
f 629//629 335//335 342//342
f 634//634 613//613 369//369
f 613//613 618//618 369//369
f 369//369 618//618 370//370
f 618//618 635//635 370//370
f 370//370 635//635 481//481
f 635//635 631//631 481//481
f 481//481 631//631 634//634
f 631//631 613//613 634//634
f 635//635 636//636 637//637
f 636//636 635//635 501//501
f 635//635 618//618 501//501
f 501//501 618//618 502//502
f 618//618 623//623 502//502
f 502//502 623//623 637//637
f 623//623 638//638 637//637
f 637//637 638//638 635//635
f 639//639 355//355 627//627
f 355//355 354//354 627//627
f 627//627 354//354 640//640
f 358//358 641//641 640//640
f 641//641 628//628 640//640
f 640//640 628//628 627//627
f 628//628 440//440 627//627
f 627//627 440//440 443//443
f 367//367 627//627 368//368
f 627//627 629//629 368//368
f 368//368 629//629 418//418
f 629//629 642//642 418//418
f 418//418 642//642 643//643
f 642//642 639//639 643//643
f 643//643 639//639 367//367
f 639//639 627//627 367//367
f 642//642 346//346 345//345
f 346//346 642//642 343//343
f 642//642 629//629 343//343
f 343//343 629//629 344//344
f 629//629 633//633 344//344
f 344//344 633//633 345//345
f 633//633 644//644 345//345
f 345//345 644//644 642//642
f 630//630 631//631 633//633
f 631//631 113//113 633//633
f 633//633 113//113 644//644
f 113//113 112//112 644//644
f 644//644 112//112 645//645
f 112//112 238//238 645//645
f 645//645 238//238 631//631
f 238//238 130//130 631//631
f 631//631 130//130 113//113
f 408//408 631//631 409//409
f 631//631 635//635 409//409
f 409//409 635//635 423//423
f 635//635 646//646 423//423
f 423//423 646//646 424//424
f 646//646 645//645 424//424
f 424//424 645//645 408//408
f 645//645 631//631 408//408
f 646//646 374//374 373//373
f 374//374 646//646 371//371
f 646//646 635//635 371//371
f 371//371 635//635 372//372
f 635//635 638//638 372//372
f 372//372 638//638 373//373
f 638//638 647//647 373//373
f 373//373 647//647 646//646
f 648//648 361//361 639//639
f 361//361 384//384 639//639
f 639//639 384//384 379//379
f 362//362 649//649 379//379
f 649//649 641//641 379//379
f 379//379 641//641 639//639
f 641//641 358//358 639//639
f 639//639 358//358 355//355
f 650//650 648//648 390//390
f 648//648 639//639 390//390
f 390//390 639//639 391//391
f 639//639 642//642 391//391
f 391//391 642//642 432//432
f 642//642 651//651 432//432
f 432//432 651//651 650//650
f 348//348 347//347 644//644
f 644//644 347//347 642//642
f 347//347 457//457 642//642
f 642//642 457//457 651//651
f 645//645 652//652 109//109
f 100//100 653//653 654//654
f 109//109 101//101 645//645
f 101//101 100//100 645//645
f 645//645 100//100 644//644
f 100//100 654//654 644//644
f 644//644 654//654 348//348
f 654//654 651//651 348//348
f 348//348 651//651 353//353
f 651//651 457//457 353//353
f 456//456 652//652 428//428
f 652//652 645//645 428//428
f 428//428 645//645 429//429
f 645//645 646//646 429//429
f 429//429 646//646 455//455
f 646//646 655//655 455//455
f 455//455 655//655 456//456
f 655//655 656//656 657//657
f 656//656 655//655 507//507
f 655//655 646//646 507//507
f 507//507 646//646 508//508
f 646//646 647//647 508//508
f 508//508 647//647 657//657
f 647//647 658//658 657//657
f 657//657 658//658 655//655
f 659//659 660//660 661//661
f 660//660 330//330 661//661
f 329//329 446//446 648//648
f 446//446 445//445 648//648
f 330//330 660//660 445//445
f 660//660 649//649 445//445
f 445//445 649//649 648//648
f 649//649 362//362 648//648
f 648//648 362//362 361//361
f 661//661 333//333 662//662
f 333//333 334//334 662//662
f 334//334 663//663 651//651
f 650//650 651//651 648//648
f 651//651 663//663 648//648
f 648//648 663//663 664//664
f 330//330 329//329 661//661
f 329//329 648//648 661//661
f 661//661 648//648 333//333
f 648//648 664//664 333//333
f 334//334 651//651 662//662
f 651//651 328//328 662//662
f 662//662 328//328 665//665
f 328//328 327//327 665//665
f 665//665 327//327 654//654
f 327//327 496//496 654//654
f 654//654 496//496 651//651
f 496//496 666//666 651//651
f 651//651 666//666 328//328
f 667//667 665//665 668//668
f 669//669 670//670 652//652
f 670//670 671//671 652//652
f 668//668 665//665 671//671
f 665//665 654//654 671//671
f 671//671 654//654 652//652
f 654//654 653//653 652//652
f 652//652 653//653 109//109
f 667//667 672//672 673//673
f 672//672 674//674 673//673
f 674//674 397//397 655//655
f 456//456 655//655 652//652
f 655//655 397//397 652//652
f 652//652 397//397 396//396
f 668//668 669//669 667//667
f 669//669 652//652 667//667
f 667//667 652//652 672//672
f 652//652 396//396 672//672
f 674//674 655//655 673//673
f 655//655 675//675 673//673
f 673//673 675//675 676//676
f 675//675 677//677 676//676
f 676//676 677//677 658//658
f 677//677 434//434 658//658
f 658//658 434//434 655//655
f 434//434 433//433 655//655
f 655//655 433//433 675//675
f 529//529 583//583 623//623
f 583//583 678//678 623//623
f 623//623 678//678 638//638
f 678//678 679//679 638//638
f 638//638 679//679 647//647
f 679//679 680//680 647//647
f 647//647 680//680 658//658
f 680//680 681//681 658//658
f 658//658 681//681 676//676
f 681//681 682//682 676//676
f 659//659 661//661 683//683
f 661//661 662//662 683//683
f 683//683 662//662 684//684
f 662//662 665//665 684//684
f 684//684 665//665 685//685
f 665//665 667//667 685//685
f 685//685 667//667 686//686
f 667//667 673//673 686//686
f 686//686 673//673 687//687
f 673//673 676//676 687//687
f 687//687 676//676 688//688
f 676//676 682//682 688//688
f 688//688 682//682 689//689
f 481//481 634//634 302//302
f 634//634 303//303 302//302
f 690//690 691//691 116//116
f 692//692 693//693 9//9
f 693//693 694//694 9//9
f 116//116 2//2 690//690
f 2//2 1//1 690//690
f 690//690 1//1 694//694
f 1//1 10//10 694//694
f 694//694 10//10 9//9
f 84//84 229//229 83//83
f 229//229 228//228 83//83
f 632//632 490//490 296//296
f 490//490 289//289 296//296
f 30//30 21//21 695//695
f 21//21 23//23 695//695
f 696//696 71//71 697//697
f 71//71 73//73 697//697
f 698//698 484//484 699//699
f 484//484 700//700 699//699
f 701//701 696//696 485//485
f 696//696 697//697 485//485
f 485//485 697//697 484//484
f 697//697 702//702 484//484
f 484//484 702//702 700//700
f 702//702 703//703 700//700
f 704//704 705//705 706//706
f 707//707 235//235 708//708
f 235//235 704//704 708//708
f 709//709 710//710 711//711
f 704//704 706//706 708//708
f 706//706 419//419 708//708
f 708//708 419//419 712//712
f 421//421 713//713 419//419
f 713//713 703//703 419//419
f 419//419 703//703 712//712
f 709//709 712//712 710//710
f 712//712 703//703 710//710
f 710//710 703//703 714//714
f 703//703 702//702 714//714
f 714//714 702//702 715//715
f 702//702 233//233 715//715
f 715//715 233//233 711//711
f 233//233 235//235 711//711
f 711//711 235//235 709//709
f 235//235 707//707 709//709
f 155//155 328//328 156//156
f 328//328 666//666 156//156
f 156//156 666//666 150//150
f 636//636 501//501 310//310
f 501//501 311//311 310//310
f 425//425 72//72 426//426
f 72//72 716//716 426//426
f 717//717 593//593 105//105
f 593//593 592//592 105//105
f 718//718 509//509 323//323
f 509//509 324//324 323//323
f 719//719 720//720 721//721
f 720//720 722//722 721//721
f 465//465 463//463 723//723
f 463//463 542//542 723//723
f 724//724 556//556 725//725
f 556//556 554//554 725//725
f 671//671 670//670 281//281
f 670//670 282//282 281//281
f 409//409 423//423 315//315
f 423//423 314//314 315//315
f 726//726 727//727 728//728
f 727//727 729//729 728//728
f 705//705 730//730 706//706
f 730//730 731//731 706//706
f 732//732 733//733 118//118
f 733//733 119//119 118//118
f 734//734 726//726 735//735
f 726//726 728//728 735//735
f 424//424 408//408 313//313
f 408//408 312//312 313//313
f 736//736 737//737 738//738
f 737//737 739//739 738//738
f 159//159 432//432 161//161
f 432//432 650//650 161//161
f 14//14 5//5 16//16
f 5//5 7//7 16//16
f 740//740 697//697 73//73
f 230//230 231//231 741//741
f 73//73 75//75 740//740
f 75//75 79//79 740//740
f 740//740 79//79 741//741
f 79//79 81//81 741//741
f 741//741 81//81 230//230
f 212//212 418//418 211//211
f 418//418 643//643 211//211
f 742//742 743//743 703//703
f 743//743 700//700 703//703
f 696//696 744//744 71//71
f 744//744 72//72 71//71
f 745//745 224//224 746//746
f 224//224 223//223 746//746
f 223//223 695//695 746//746
f 695//695 23//23 746//746
f 746//746 23//23 747//747
f 23//23 24//24 747//747
f 747//747 24//24 500//500
f 24//24 326//326 500//500
f 120//120 748//748 749//749
f 750//750 751//751 121//121
f 751//751 752//752 121//121
f 121//121 752//752 753//753
f 754//754 755//755 756//756
f 722//722 753//753 721//721
f 753//753 752//752 721//721
f 721//721 752//752 757//757
f 752//752 758//758 757//757
f 759//759 760//760 761//761
f 760//760 756//756 761//761
f 756//756 760//760 754//754
f 760//760 762//762 754//754
f 754//754 762//762 763//763
f 764//764 765//765 762//762
f 765//765 757//757 762//762
f 762//762 757//757 763//763
f 757//757 758//758 763//763
f 763//763 758//758 749//749
f 758//758 750//750 749//749
f 749//749 750//750 120//120
f 750//750 121//121 120//120
f 766//766 767//767 755//755
f 748//748 120//120 754//754
f 120//120 470//470 754//754
f 754//754 470//470 755//755
f 470//470 472//472 755//755
f 755//755 472//472 766//766
f 472//472 96//96 766//766
f 766//766 96//96 127//127
f 96//96 98//98 127//127
f 127//127 98//98 125//125
f 290//290 491//491 295//295
f 491//491 630//630 295//295
f 653//653 100//100 284//284
f 100//100 102//102 284//284
f 768//768 769//769 770//770
f 769//769 771//771 770//770
f 165//165 333//333 166//166
f 333//333 664//664 166//166
f 166//166 664//664 160//160
f 630//630 632//632 295//295
f 632//632 296//296 295//295
f 15//15 772//772 13//13
f 772//772 773//773 13//13
f 13//13 773//773 11//11
f 773//773 774//774 11//11
f 11//11 774//774 9//9
f 774//774 692//692 9//9
f 775//775 129//129 125//125
f 96//96 472//472 776//776
f 472//472 473//473 776//776
f 776//776 473//473 777//777
f 473//473 775//775 777//777
f 777//777 775//775 98//98
f 775//775 125//125 98//98
f 237//237 238//238 114//114
f 238//238 112//112 114//114
f 778//778 732//732 117//117
f 732//732 118//118 117//117
f 767//767 779//779 755//755
f 779//779 780//780 755//755
f 781//781 573//573 782//782
f 573//573 574//574 782//782
f 141//141 663//663 142//142
f 663//663 334//334 142//142
f 142//142 334//334 158//158
f 783//783 784//784 704//704
f 494//494 495//495 588//588
f 785//785 786//786 787//787
f 477//477 414//414 479//479
f 414//414 416//416 479//479
f 236//236 287//287 283//283
f 235//235 236//236 788//788
f 236//236 283//283 789//789
f 790//790 791//791 792//792
f 791//791 793//793 792//792
f 792//792 793//793 794//794
f 793//793 795//795 794//794
f 794//794 795//795 787//787
f 795//795 494//494 787//787
f 787//787 494//494 785//785
f 494//494 588//588 785//785
f 495//495 791//791 250//250
f 791//791 790//790 250//250
f 250//250 790//790 294//294
f 790//790 479//479 294//294
f 294//294 479//479 285//285
f 479//479 416//416 285//285
f 285//285 416//416 796//796
f 283//283 285//285 789//789
f 285//285 796//796 789//789
f 789//789 796//796 797//797
f 796//796 798//798 797//797
f 797//797 798//798 799//799
f 798//798 800//800 799//799
f 799//799 800//800 788//788
f 800//800 783//783 788//788
f 788//788 783//783 235//235
f 783//783 704//704 235//235
f 747//747 500//500 499//499
f 338//338 733//733 732//732
f 801//801 350//350 339//339
f 499//499 509//509 747//747
f 509//509 349//349 747//747
f 747//747 349//349 690//690
f 349//349 802//802 690//690
f 339//339 338//338 801//801
f 338//338 732//732 801//801
f 801//801 732//732 802//802
f 732//732 778//778 802//802
f 802//802 778//778 690//690
f 778//778 691//691 690//690
f 718//718 339//339 509//509
f 339//339 350//350 509//509
f 509//509 350//350 349//349
f 803//803 594//594 717//717
f 594//594 593//593 717//717
f 773//773 804//804 774//774
f 804//804 805//805 774//774
f 806//806 807//807 708//708
f 807//807 707//707 708//708
f 723//723 542//542 475//475
f 542//542 474//474 475//475
f 808//808 742//742 713//713
f 742//742 703//703 713//713
f 94//94 97//97 95//95
f 97//97 96//96 95//95
f 95//95 96//96 776//776
f 359//359 360//360 357//357
f 360//360 356//356 357//357
f 691//691 778//778 116//116
f 778//778 117//117 116//116
f 483//483 809//809 485//485
f 809//809 701//701 485//485
f 571//571 572//572 810//810
f 572//572 811//811 810//810
f 254//254 434//434 255//255
f 434//434 677//677 255//255
f 255//255 677//677 257//257
f 181//181 330//330 179//179
f 330//330 445//445 179//179
f 179//179 445//445 178//178
f 190//190 597//597 221//221
f 597//597 599//599 221//221
f 634//634 369//369 303//303
f 369//369 299//299 303//303
f 812//812 724//724 725//725
f 813//813 814//814 815//815
f 814//814 816//816 815//815
f 468//468 469//469 817//817
f 469//469 818//818 817//817
f 817//817 818//818 819//819
f 377//377 378//378 820//820
f 821//821 822//822 823//823
f 822//822 824//824 823//823
f 825//825 464//464 818//818
f 464//464 465//465 818//818
f 818//818 465//465 819//819
f 465//465 723//723 819//819
f 819//819 723//723 826//826
f 723//723 475//475 826//826
f 827//827 828//828 829//829
f 828//828 830//830 829//829
f 829//829 830//830 820//820
f 830//830 831//831 820//820
f 820//820 831//831 377//377
f 831//831 826//826 377//377
f 377//377 826//826 824//824
f 826//826 475//475 824//824
f 824//824 475//475 823//823
f 475//475 464//464 823//823
f 823//823 464//464 816//816
f 464//464 825//825 816//816
f 816//816 825//825 815//815
f 825//825 468//468 815//815
f 815//815 468//468 725//725
f 468//468 817//817 725//725
f 725//725 817//817 812//812
f 643//643 367//367 211//211
f 367//367 210//210 211//211
f 650//650 390//390 161//161
f 390//390 163//163 161//161
f 251//251 397//397 252//252
f 397//397 674//674 252//252
f 252//252 674//674 268//268
f 277//277 672//672 272//272
f 672//672 396//396 272//272
f 272//272 396//396 271//271
f 265//265 675//675 266//266
f 675//675 433//433 266//266
f 266//266 433//433 260//260
f 832//832 833//833 766//766
f 460//460 461//461 829//829
f 364//364 406//406 365//365
f 406//406 407//407 365//365
f 820//820 834//834 835//835
f 126//126 180//180 172//172
f 127//127 126//126 392//392
f 126//126 172//172 387//387
f 836//836 837//837 838//838
f 837//837 839//839 838//838
f 838//838 839//839 840//840
f 839//839 841//841 840//840
f 840//840 841//841 835//835
f 841//841 460//460 835//835
f 835//835 460//460 820//820
f 460//460 829//829 820//820
f 461//461 837//837 186//186
f 837//837 836//836 186//186
f 186//186 836//836 187//187
f 836//836 365//365 187//187
f 187//187 365//365 174//174
f 365//365 407//407 174//174
f 174//174 407//407 842//842
f 172//172 174//174 387//387
f 174//174 842//842 387//387
f 387//387 842//842 843//843
f 842//842 844//844 843//843
f 843//843 844//844 845//845
f 844//844 846//846 845//845
f 845//845 846//846 392//392
f 846//846 832//832 392//392
f 392//392 832//832 127//127
f 832//832 766//766 127//127
f 640//640 354//354 206//206
f 354//354 209//209 206//206
f 847//847 48//48 848//848
f 48//48 46//46 848//848
f 849//849 850//850 769//769
f 850//850 851//851 769//769
f 666//666 496//496 150//150
f 496//496 144//144 150//150
f 226//226 399//399 227//227
f 399//399 852//852 227//227
f 54//54 53//53 438//438
f 849//849 769//769 438//438
f 769//769 768//768 438//438
f 438//438 768//768 54//54
f 853//853 854//854 851//851
f 782//782 588//588 587//587
f 855//855 856//856 785//785
f 857//857 858//858 811//811
f 858//858 810//810 811//811
f 850//850 503//503 851//851
f 503//503 505//505 851//851
f 851//851 505//505 853//853
f 505//505 486//486 853//853
f 853//853 486//486 859//859
f 860//860 861//861 855//855
f 860//860 855//855 862//862
f 855//855 785//785 862//862
f 862//862 785//785 588//588
f 863//863 864//864 858//858
f 864//864 861//861 858//858
f 858//858 861//861 810//810
f 861//861 860//860 810//810
f 810//810 860//860 782//782
f 860//860 865//865 782//782
f 782//782 865//865 588//588
f 865//865 866//866 588//588
f 588//588 866//866 862//862
f 488//488 867//867 486//486
f 867//867 857//857 486//486
f 486//486 857//857 859//859
f 857//857 811//811 859//859
f 859//859 811//811 587//587
f 811//811 781//781 587//587
f 587//587 781//781 782//782
f 282//282 670//670 280//280
f 670//670 669//669 280//280
f 280//280 669//669 279//279
f 495//495 493//493 791//791
f 493//493 868//868 791//791
f 731//731 420//420 706//706
f 420//420 419//419 706//706
f 288//288 668//668 286//286
f 668//668 671//671 286//286
f 286//286 671//671 281//281
f 869//869 870//870 783//783
f 870//870 784//784 783//783
f 99//99 331//331 98//98
f 331//331 497//497 98//98
f 98//98 497//497 777//777
f 224//224 745//745 225//225
f 745//745 398//398 225//225
f 848//848 871//871 847//847
f 871//871 872//872 847//847
f 456//456 428//428 274//274
f 428//428 275//275 274//274
f 771//771 736//736 770//770
f 736//736 738//738 770//770
f 383//383 382//382 412//412
f 382//382 410//410 412//412
f 70//70 55//55 871//871
f 55//55 872//872 871//871
f 358//358 640//640 207//207
f 640//640 206//206 207//207
f 873//873 366//366 836//836
f 366//366 365//365 836//836
f 751//751 874//874 752//752
f 874//874 875//875 752//752
f 772//772 876//876 773//773
f 876//876 804//804 773//773
f 84//84 734//734 389//389
f 734//734 735//735 389//389
f 33//33 58//58 877//877
f 405//405 42//42 41//41
f 393//393 386//386 357//357
f 386//386 385//385 357//357
f 357//357 385//385 359//359
f 359//359 459//459 458//458
f 366//366 873//873 359//359
f 458//458 878//878 879//879
f 359//359 458//458 37//37
f 458//458 879//879 37//37
f 37//37 879//879 39//39
f 41//41 366//366 405//405
f 366//366 359//359 405//405
f 405//405 359//359 880//880
f 359//359 385//385 880//880
f 880//880 385//385 881//881
f 385//385 882//882 881//881
f 881//881 882//882 883//883
f 882//882 884//884 883//883
f 883//883 884//884 877//877
f 884//884 393//393 877//877
f 877//877 393//393 33//33
f 393//393 357//357 33//33
f 459//459 359//359 885//885
f 359//359 873//873 885//885
f 885//885 873//873 886//886
f 873//873 887//887 886//886
f 886//886 887//887 878//878
f 887//887 888//888 878//878
f 878//878 888//888 879//879
f 538//538 581//581 594//594
f 854//854 853//853 889//889
f 853//853 536//536 889//889
f 889//889 536//536 890//890
f 536//536 538//538 890//890
f 890//890 538//538 803//803
f 538//538 594//594 803//803
f 410//410 382//382 321//321
f 727//727 320//320 229//229
f 320//320 241//241 229//229
f 229//229 241//241 240//240
f 381//381 891//891 382//382
f 891//891 892//892 382//382
f 382//382 892//892 321//321
f 892//892 737//737 321//321
f 321//321 737//737 322//322
f 84//84 72//72 734//734
f 72//72 425//425 734//734
f 734//734 425//425 726//726
f 425//425 411//411 726//726
f 726//726 411//411 727//727
f 411//411 410//410 727//727
f 727//727 410//410 320//320
f 410//410 321//321 320//320
f 592//592 322//322 430//430
f 322//322 737//737 430//430
f 430//430 737//737 110//110
f 737//737 736//736 110//110
f 110//110 736//736 104//104
f 736//736 771//771 104//104
f 104//104 771//771 105//105
f 771//771 769//769 105//105
f 876//876 772//772 340//340
f 772//772 15//15 340//340
f 15//15 16//16 340//340
f 16//16 7//7 340//340
f 340//340 7//7 338//338
f 7//7 8//8 338//338
f 338//338 8//8 733//733
f 8//8 119//119 733//733
f 678//678 583//583 871//871
f 848//848 689//689 682//682
f 583//583 584//584 871//871
f 584//584 585//585 871//871
f 871//871 585//585 70//70
f 585//585 586//586 70//70
f 70//70 586//586 69//69
f 45//45 893//893 46//46
f 893//893 894//894 46//46
f 46//46 894//894 848//848
f 894//894 895//895 848//848
f 848//848 895//895 689//689
f 682//682 681//681 848//848
f 681//681 680//680 848//848
f 848//848 680//680 871//871
f 680//680 679//679 871//871
f 871//871 679//679 678//678
f 520//520 831//831 830//830
f 827//827 527//527 525//525
f 830//830 448//448 520//520
f 448//448 447//447 520//520
f 520//520 447//447 525//525
f 447//447 828//828 525//525
f 525//525 828//828 827//827
f 83//83 228//228 81//81
f 228//228 230//230 81//81
f 339//339 718//718 323//323
f 227//227 852//852 25//25
f 852//852 341//341 25//25
f 323//323 18//18 339//339
f 18//18 17//17 339//339
f 339//339 17//17 341//341
f 17//17 26//26 341//341
f 341//341 26//26 25//25
f 236//236 122//122 788//788
f 122//122 896//896 788//788
f 597//597 190//190 598//598
f 190//190 189//189 598//598
f 565//565 566//566 855//855
f 566//566 856//856 855//855
f 305//305 637//637 310//310
f 637//637 636//636 310//310
f 786//786 897//897 787//787
f 897//897 898//898 787//787
f 221//221 599//599 222//222
f 599//599 601//601 222//222
f 866//866 515//515 862//862
f 515//515 514//514 862//862
f 502//502 637//637 304//304
f 637//637 305//305 304//304
f 817//817 493//493 492//492
f 121//121 753//753 869//869
f 753//753 870//870 869//869
f 417//417 415//415 476//476
f 492//492 899//899 898//898
f 817//817 492//492 812//812
f 492//492 898//898 812//812
f 812//812 898//898 897//897
f 900//900 218//218 122//122
f 218//218 134//134 122//122
f 122//122 134//134 133//133
f 218//218 478//478 219//219
f 478//478 901//901 219//219
f 219//219 901//901 220//220
f 493//493 220//220 868//868
f 220//220 901//901 868//868
f 868//868 901//901 902//902
f 901//901 903//903 902//902
f 902//902 903//903 899//899
f 903//903 904//904 899//899
f 899//899 904//904 898//898
f 122//122 121//121 896//896
f 121//121 869//869 896//896
f 896//896 869//869 905//905
f 869//869 906//906 905//905
f 905//905 906//906 907//907
f 906//906 908//908 907//907
f 907//907 908//908 900//900
f 908//908 909//909 900//900
f 900//900 909//909 218//218
f 909//909 417//417 218//218
f 218//218 417//417 478//478
f 417//417 476//476 478//478
f 612//612 616//616 292//292
f 616//616 293//293 292//292
f 416//416 417//417 796//796
f 417//417 909//909 796//796
f 248//248 615//615 249//249
f 615//615 614//614 249//249
f 664//664 663//663 160//160
f 663//663 141//141 160//160
f 192//192 606//606 138//138
f 606//606 605//605 138//138
f 904//904 903//903 794//794
f 903//903 792//792 794//794
f 606//606 192//192 602//602
f 192//192 191//191 602//602
f 505//505 506//506 486//486
f 506//506 487//487 486//486
f 200//200 608//608 135//135
f 608//608 607//607 135//135
f 903//903 901//901 792//792
f 901//901 790//790 792//792
f 608//608 200//200 610//610
f 200//200 199//199 610//610
f 298//298 621//621 245//245
f 621//621 620//620 245//245
f 514//514 561//561 862//862
f 561//561 860//860 862//862
f 905//905 907//907 799//799
f 907//907 797//797 799//799
f 621//621 298//298 617//617
f 298//298 297//297 617//617
f 857//857 580//580 858//858
f 580//580 579//579 858//858
f 346//346 343//343 215//215
f 343//343 214//214 215//215
f 342//342 335//335 204//204
f 335//335 205//205 204//204
f 108//108 109//109 284//284
f 109//109 653//653 284//284
f 29//29 30//30 223//223
f 30//30 695//695 223//223
f 265//265 86//86 85//85
f 240//240 239//239 229//229
f 239//239 257//257 229//229
f 229//229 257//257 85//85
f 85//85 257//257 265//265
f 257//257 677//677 265//265
f 265//265 677//677 675//675
f 236//236 234//234 268//268
f 234//234 267//267 268//268
f 72//72 84//84 74//74
f 84//84 82//82 74//74
f 74//74 82//82 77//77
f 82//82 86//86 77//77
f 77//77 86//86 234//234
f 86//86 265//265 234//234
f 234//234 265//265 267//267
f 674//674 672//672 268//268
f 672//672 277//277 268//268
f 268//268 277//277 236//236
f 277//277 278//278 236//236
f 236//236 278//278 279//279
f 287//287 236//236 288//288
f 236//236 279//279 288//288
f 288//288 279//279 668//668
f 279//279 669//669 668//668
f 764//764 910//910 911//911
f 912//912 779//779 761//761
f 779//779 767//767 761//761
f 398//398 744//744 399//399
f 744//744 696//696 399//399
f 399//399 696//696 701//701
f 913//913 808//808 699//699
f 808//808 713//713 699//699
f 378//378 693//693 805//805
f 809//809 914//914 701//701
f 914//914 698//698 701//701
f 701//701 698//698 399//399
f 698//698 699//699 399//399
f 399//399 699//699 852//852
f 699//699 713//713 852//852
f 852//852 713//713 421//421
f 804//804 834//834 805//805
f 834//834 820//820 805//805
f 805//805 820//820 378//378
f 578//578 577//577 863//863
f 577//577 867//867 863//863
f 821//821 547//547 546//546
f 381//381 380//380 435//435
f 720//720 915//915 722//722
f 915//915 765//765 722//722
f 722//722 765//765 876//876
f 765//765 764//764 876//876
f 876//876 764//764 759//759
f 764//764 911//911 759//759
f 759//759 761//761 876//876
f 761//761 767//767 876//876
f 876//876 767//767 804//804
f 767//767 766//766 804//804
f 804//804 766//766 833//833
f 364//364 363//363 442//442
f 566//566 564//564 856//856
f 564//564 864//864 856//856
f 856//856 864//864 745//745
f 864//864 863//863 745//745
f 745//745 863//863 398//398
f 863//863 867//867 398//398
f 398//398 867//867 488//488
f 435//435 744//744 381//381
f 744//744 398//398 381//381
f 381//381 398//398 891//891
f 398//398 849//849 891//891
f 891//891 849//849 439//439
f 849//849 438//438 439//439
f 422//422 730//730 421//421
f 730//730 705//705 421//421
f 421//421 705//705 852//852
f 705//705 704//704 852//852
f 852//852 704//704 341//341
f 704//704 784//784 341//341
f 341//341 784//784 340//340
f 784//784 870//870 340//340
f 340//340 870//870 876//876
f 870//870 753//753 876//876
f 876//876 753//753 722//722
f 442//442 834//834 364//364
f 834//834 804//804 364//364
f 364//364 804//804 406//406
f 804//804 833//833 406//406
f 406//406 833//833 404//404
f 833//833 444//444 404//404
f 489//489 504//504 488//488
f 504//504 503//503 488//488
f 488//488 503//503 398//398
f 503//503 850//850 398//398
f 398//398 850//850 849//849
f 814//814 813//813 693//693
f 555//555 556//556 813//813
f 556//556 724//724 813//813
f 813//813 724//724 693//693
f 724//724 812//812 693//693
f 693//693 812//812 694//694
f 812//812 897//897 694//694
f 694//694 897//897 746//746
f 897//897 786//786 746//746
f 746//746 786//786 745//745
f 786//786 785//785 745//745
f 745//745 785//785 856//856
f 376//376 540//540 378//378
f 540//540 822//822 378//378
f 378//378 822//822 693//693
f 822//822 821//821 693//693
f 693//693 821//821 814//814
f 821//821 546//546 814//814
f 309//309 622//622 242//242
f 622//622 626//626 242//242
f 138//138 605//605 139//139
f 605//605 604//604 139//139
f 293//293 616//616 248//248
f 616//616 615//615 248//248
f 564//564 563//563 864//864
f 563//563 861//861 864//864
f 135//135 607//607 136//136
f 607//607 609//609 136//136
f 858//858 579//579 863//863
f 579//579 578//578 863//863
f 245//245 620//620 246//246
f 620//620 619//619 246//246
f 577//577 580//580 867//867
f 580//580 857//857 867//867
f 656//656 507//507 261//261
f 507//507 263//263 261//261
f 727//727 229//229 729//729
f 229//229 388//388 729//729
f 622//622 309//309 624//624
f 309//309 308//308 624//624
f 900//900 122//122 789//789
f 122//122 236//236 789//789
f 242//242 626//626 243//243
f 626//626 625//625 243//243
f 901//901 478//478 790//790
f 478//478 479//479 790//790
f 700//700 743//743 699//699
f 743//743 913//913 699//699
f 52//52 50//50 439//439
f 50//50 916//916 439//439
f 439//439 916//916 891//891
f 916//916 892//892 891//891
f 589//589 495//495 249//249
f 495//495 250//250 249//249
f 614//614 612//612 249//249
f 612//612 292//292 249//249
f 249//249 292//292 589//589
f 292//292 247//247 589//589
f 589//589 247//247 246//246
f 243//243 625//625 624//624
f 595//595 308//308 592//592
f 308//308 307//307 592//592
f 592//592 307//307 322//322
f 105//105 769//769 403//403
f 769//769 512//512 403//403
f 403//403 512//512 402//402
f 512//512 513//513 402//402
f 402//402 513//513 595//595
f 513//513 589//589 595//595
f 624//624 308//308 243//243
f 308//308 595//595 243//243
f 243//243 595//595 244//244
f 595//595 589//589 244//244
f 244//244 589//589 297//297
f 589//589 246//246 297//297
f 297//297 246//246 617//617
f 246//246 619//619 617//617
f 917//917 32//32 31//31
f 917//917 31//31 918//918
f 31//31 356//356 918//918
f 918//918 356//356 919//919
f 36//36 550//550 38//38
f 550//550 521//521 38//38
f 38//38 521//521 360//360
f 521//521 524//524 360//360
f 360//360 524//524 526//526
f 526//526 600//600 360//360
f 600//600 628//628 360//360
f 360//360 628//628 356//356
f 628//628 641//641 356//356
f 356//356 641//641 649//649
f 649//649 660//660 356//356
f 660//660 659//659 356//356
f 356//356 659//659 919//919
f 493//493 817//817 920//920
f 817//817 819//819 920//920
f 920//920 819//819 454//454
f 819//819 517//517 454//454
f 454//454 517//517 453//453
f 517//517 527//527 453//453
f 453//453 527//527 921//921
f 527//527 827//827 921//921
f 921//921 827//827 461//461
f 827//827 829//829 461//461
f 807//807 806//806 922//922
f 893//893 45//45 47//47
f 923//923 924//924 925//925
f 924//924 926//926 925//925
f 925//925 926//926 740//740
f 927//927 471//471 928//928
f 471//471 480//480 928//928
f 928//928 480//480 128//128
f 893//893 929//929 894//894
f 929//929 930//930 894//894
f 894//894 930//930 895//895
f 930//930 931//931 895//895
f 895//895 931//931 689//689
f 931//931 688//688 689//689
f 925//925 482//482 914//914
f 483//483 930//930 809//809
f 930//930 929//929 809//809
f 809//809 929//929 914//914
f 929//929 932//932 914//914
f 914//914 932//932 925//925
f 232//232 687//687 231//231
f 687//687 688//688 231//231
f 231//231 688//688 741//741
f 688//688 931//931 741//741
f 741//741 931//931 740//740
f 931//931 930//930 740//740
f 740//740 930//930 925//925
f 930//930 483//483 925//925
f 925//925 483//483 482//482
f 933//933 934//934 925//925
f 934//934 935//935 925//925
f 925//925 935//935 923//923
f 935//935 936//936 923//923
f 923//923 936//936 937//937
f 936//936 938//938 937//937
f 933//933 742//742 808//808
f 742//742 933//933 743//743
f 933//933 925//925 743//743
f 743//743 925//925 913//913
f 925//925 932//932 913//913
f 913//913 932//932 808//808
f 932//932 939//939 808//808
f 808//808 939//939 933//933
f 940//940 937//937 933//933
f 937//937 938//938 933//933
f 933//933 938//938 934//934
f 940//940 941//941 937//937
f 941//941 807//807 937//937
f 937//937 807//807 942//942
f 807//807 922//922 942//942
f 933//933 420//420 731//731
f 420//420 933//933 422//422
f 933//933 939//939 422//422
f 422//422 939//939 730//730
f 939//939 943//943 730//730
f 730//730 943//943 731//731
f 943//943 922//922 731//731
f 731//731 922//922 933//933
f 922//922 806//806 933//933
f 933//933 806//806 940//940
f 944//944 945//945 875//875
f 945//945 944//944 946//946
f 944//944 947//947 946//946
f 946//946 947//947 874//874
f 947//947 942//942 874//874
f 874//874 942//942 875//875
f 942//942 922//922 875//875
f 875//875 922//922 944//944
f 944//944 948//948 915//915
f 948//948 944//944 719//719
f 944//944 922//922 719//719
f 719//719 922//922 720//720
f 922//922 943//943 720//720
f 720//720 943//943 915//915
f 943//943 949//949 915//915
f 915//915 949//949 944//944
f 473//473 918//918 775//775
f 918//918 919//919 775//775
f 775//775 919//919 129//129
f 919//919 659//659 129//129
f 129//129 659//659 128//128
f 659//659 683//683 128//128
f 128//128 683//683 928//928
f 683//683 684//684 928//928
f 928//928 684//684 947//947
f 684//684 685//685 947//947
f 947//947 685//685 942//942
f 685//685 686//686 942//942
f 942//942 686//686 937//937
f 686//686 687//687 937//937
f 937//937 687//687 923//923
f 687//687 232//232 923//923
f 923//923 232//232 924//924
f 950//950 928//928 951//951
f 928//928 947//947 951//951
f 951//951 947//947 952//952
f 947//947 944//944 952//952
f 952//952 944//944 953//953
f 944//944 927//927 953//953
f 953//953 927//927 950//950
f 927//927 928//928 950//950
f 927//927 954//954 911//911
f 954//954 927//927 955//955
f 927//927 944//944 955//955
f 955//955 944//944 910//910
f 944//944 949//949 910//910
f 910//910 949//949 911//911
f 949//949 956//956 911//911
f 911//911 956//956 927//927
f 927//927 957//957 780//780
f 957//957 927//927 912//912
f 927//927 956//956 912//912
f 912//912 956//956 779//779
f 956//956 917//917 779//779
f 779//779 917//917 780//780
f 917//917 918//918 780//780
f 780//780 918//918 927//927
f 918//918 473//473 927//927
f 927//927 473//473 471//471
f 893//893 47//47 929//929
f 47//47 64//64 929//929
f 929//929 64//64 932//932
f 64//64 63//63 932//932
f 932//932 63//63 939//939
f 63//63 61//61 939//939
f 939//939 61//61 943//943
f 61//61 59//59 943//943
f 943//943 59//59 949//949
f 59//59 34//34 949//949
f 949//949 34//34 956//956
f 34//34 32//32 956//956
f 956//956 32//32 917//917
f 921//921 461//461 222//222
f 461//461 186//186 222//222
f 189//189 958//958 921//921
f 921//921 222//222 189//189
f 222//222 601//601 189//189
f 189//189 601//601 598//598
f 493//493 920//920 139//139
f 920//920 140//140 139//139
f 959//959 960//960 961//961
f 960//960 962//962 961//961
f 961//961 962//962 963//963
f 962//962 958//958 963//963
f 963//963 958//958 920//920
f 958//958 189//189 920//920
f 920//920 189//189 140//140
f 604//604 602//602 139//139
f 602//602 191//191 139//139
f 139//139 191//191 493//493
f 191//191 137//137 493//493
f 493//493 137//137 136//136
f 609//609 610//610 136//136
f 610//610 199//199 136//136
f 136//136 199//199 493//493
f 199//199 198//198 493//493
f 493//493 198//198 220//220
f 954//954 955//955 760//760
f 955//955 762//762 760//760
f 945//945 946//946 758//758
f 946//946 750//750 758//758
f 763//763 952//952 754//754
f 952//952 953//953 754//754
f 747//747 690//690 746//746
f 690//690 694//694 746//746
f 953//953 950//950 754//754
f 950//950 748//748 754//754
f 950//950 951//951 748//748
f 951//951 749//749 748//748
f 749//749 951//951 763//763
f 951//951 952//952 763//763
f 915//915 948//948 765//765
f 948//948 757//757 765//765
f 762//762 955//955 764//764
f 955//955 910//910 764//764
f 911//911 954//954 759//759
f 954//954 760//760 759//759
f 756//756 957//957 761//761
f 957//957 912//912 761//761
f 948//948 719//719 757//757
f 719//719 721//721 757//757
f 802//802 349//349 964//964
f 349//349 351//351 964//964
f 946//946 874//874 750//750
f 874//874 751//751 750//750
f 477//477 351//351 414//414
f 351//351 352//352 414//414
f 414//414 352//352 415//415
f 352//352 965//965 415//415
f 415//415 965//965 476//476
f 965//965 964//964 476//476
f 476//476 964//964 477//477
f 964//964 351//351 477//477
f 752//752 875//875 758//758
f 875//875 945//945 758//758
f 780//780 957//957 755//755
f 957//957 756//756 755//755
f 914//914 482//482 698//698
f 482//482 484//484 698//698
f 801//801 802//802 965//965
f 802//802 964//964 965//965
f 807//807 941//941 707//707
f 941//941 709//709 707//707
f 461//461 459//459 837//837
f 459//459 885//885 837//837
f 232//232 233//233 924//924
f 233//233 702//702 924//924
f 924//924 702//702 926//926
f 407//407 405//405 842//842
f 405//405 880//880 842//842
f 697//697 740//740 702//702
f 740//740 926//926 702//702
f 350//350 801//801 352//352
f 801//801 965//965 352//352
f 709//709 941//941 712//712
f 941//941 940//940 712//712
f 712//712 940//940 708//708
f 940//940 806//806 708//708
f 818//818 562//562 825//825
f 562//562 552//552 825//825
f 816//816 545//545 823//823
f 545//545 544//544 823//823
f 737//737 892//892 739//739
f 892//892 916//916 739//739
f 517//517 819//819 518//518
f 819//819 826//826 518//518
f 518//518 826//826 523//523
f 815//815 553//553 813//813
f 553//553 555//555 813//813
f 546//546 545//545 814//814
f 545//545 816//816 814//814
f 823//823 544//544 821//821
f 544//544 547//547 821//821
f 540//540 539//539 822//822
f 539//539 824//824 822//822
f 966//966 592//592 431//431
f 592//592 430//430 431//431
f 520//520 523//523 831//831
f 523//523 826//826 831//831
f 824//824 539//539 377//377
f 539//539 375//375 377//377
f 105//105 592//592 107//107
f 592//592 966//966 107//107
f 469//469 467//467 818//818
f 467//467 562//562 818//818
f 552//552 466//466 825//825
f 466//466 468//468 825//825
f 725//725 554//554 815//815
f 554//554 553//553 815//815
f 861//861 563//563 855//855
f 563//563 565//565 855//855
f 865//865 559//559 866//866
f 559//559 515//515 866//866
f 906//906 869//869 800//800
f 869//869 783//783 800//800
f 561//561 559//559 860//860
f 559//559 865//865 860//860
f 896//896 905//905 788//788
f 905//905 799//799 788//788
f 572//572 573//573 811//811
f 573//573 781//781 811//811
f 259//259 657//657 261//261
f 657//657 656//656 261//261
f 534//534 536//536 859//859
f 536//536 853//853 859//859
f 782//782 574//574 810//810
f 574//574 571//571 810//810
f 508//508 657//657 264//264
f 657//657 259//259 264//264
f 534//534 859//859 532//532
f 859//859 587//587 532//532
f 532//532 587//587 531//531
f 934//934 938//938 710//710
f 938//938 711//711 710//710
f 882//882 385//385 843//843
f 385//385 387//387 843//843
f 884//884 882//882 845//845
f 882//882 843//843 845//845
f 393//393 884//884 392//392
f 884//884 845//845 392//392
f 883//883 877//877 846//846
f 877//877 832//832 846//846
f 938//938 936//936 711//711
f 936//936 715//715 711//711
f 881//881 883//883 844//844
f 883//883 846//846 844//844
f 714//714 935//935 710//710
f 935//935 934//934 710//710
f 880//880 881//881 842//842
f 881//881 844//844 842//842
f 715//715 936//936 714//714
f 936//936 935//935 714//714
f 887//887 873//873 838//838
f 873//873 836//836 838//838
f 888//888 887//887 840//840
f 887//887 838//838 840//840
f 835//835 879//879 840//840
f 879//879 888//888 840//840
f 878//878 458//458 841//841
f 458//458 460//460 841//841
f 886//886 878//878 839//839
f 878//878 841//841 839//839
f 885//885 886//886 837//837
f 886//886 839//839 837//837
f 907//907 900//900 797//797
f 900//900 789//789 797//797
f 908//908 906//906 798//798
f 906//906 800//800 798//798
f 909//909 908//908 796//796
f 908//908 798//798 796//796
f 787//787 898//898 794//794
f 898//898 904//904 794//794
f 899//899 492//492 795//795
f 492//492 494//494 795//795
f 902//902 899//899 793//793
f 899//899 795//795 793//793
f 868//868 902//902 791//791
f 902//902 793//793 791//791
f 66//66 65//65 435//435
f 65//65 716//716 435//435
f 435//435 716//716 744//744
f 716//716 72//72 744//744
f 960//960 959//959 828//828
f 959//959 830//830 828//828
f 449//449 451//451 962//962
f 451//451 958//958 962//962
f 962//962 960//960 449//449
f 960//960 828//828 449//449
f 449//449 828//828 447//447
f 959//959 961//961 830//830
f 961//961 450//450 830//830
f 830//830 450//450 448//448
f 452//452 450//450 963//963
f 450//450 961//961 963//963
f 454//454 452//452 920//920
f 452//452 963//963 920//920
f 451//451 453//453 958//958
f 453//453 921//921 958//958
f 40//40 39//39 442//442
f 39//39 879//879 442//442
f 442//442 879//879 834//834
f 879//879 835//835 834//834
f 591//591 590//590 400//400
f 590//590 511//511 400//400
f 400//400 511//511 401//401
f 511//511 510//510 401//401
f 401//401 510//510 890//890
f 510//510 889//889 890//890
f 716//716 65//65 48//48
f 55//55 54//54 768//768
f 729//729 388//388 847//847
f 388//388 389//389 847//847
f 107//107 966//966 872//872
f 966//966 431//431 872//872
f 916//916 872//872 739//739
f 872//872 431//431 739//739
f 739//739 431//431 738//738
f 431//431 111//111 738//738
f 738//738 111//111 770//770
f 111//111 106//106 770//770
f 770//770 106//106 768//768
f 106//106 107//107 768//768
f 768//768 107//107 55//55
f 107//107 872//872 55//55
f 50//50 49//49 916//916
f 49//49 383//383 916//916
f 916//916 383//383 872//872
f 383//383 412//412 872//872
f 847//847 872//872 729//729
f 872//872 412//412 729//729
f 729//729 412//412 728//728
f 412//412 413//413 728//728
f 728//728 413//413 735//735
f 413//413 426//426 735//735
f 735//735 426//426 389//389
f 426//426 716//716 389//389
f 389//389 716//716 847//847
f 716//716 48//48 847//847
f 889//889 510//510 854//854
f 510//510 512//512 854//854
f 854//854 512//512 851//851
f 512//512 769//769 851//851
f 58//58 57//57 444//444
f 833//833 832//832 444//444
f 832//832 877//877 444//444
f 444//444 877//877 58//58
f 717//717 105//105 803//803
f 105//105 403//403 803//803
f 803//803 403//403 890//890
f 403//403 401//401 890//890
f 591//591 400//400 595//595
f 400//400 402//402 595//595
f 511//511 590//590 513//513
f 590//590 589//589 513//513
f 774//774 805//805 692//692
f 805//805 693//693 692//692
f 123//123 92//92 498//498
f 92//92 93//93 498//498
f 498//498 93//93 497//497
f 93//93 95//95 497//497
f 497//497 95//95 777//777
f 95//95 776//776 777//777
f 332//332 124//124 498//498
f 124//124 123//123 498//498
# 2200 faces, 0 coords texture

# End of File
