####
#
# OBJ File Generated by Meshlab
#
####
# Object artemis-arena-env.obj
#
# Vertices: 2415
# Faces: 3574
#
####
vn 3.2635772 0.3681900 -0.0032651
v -2.3763201 3.6099601 5.2713704
vn 3.1313493 -0.0000028 0.0084444
v -2.3740001 3.5720000 5.5500002
vn 3.3259294 -0.0001481 0.0000000
v -2.3740001 3.5720000 5.2750001
vn 3.2225804 0.7288451 -0.0004561
v -2.3821101 3.6468000 5.2621903
vn 3.0887415 0.5148755 0.0092772
v -2.3787701 3.6296101 5.5500002
vn 3.2214615 0.7253029 0.0001753
v -2.3820701 3.6467600 4.8377800
vn 3.2798357 0.3596363 0.0001467
v -2.3762801 3.6100600 4.8285704
vn 3.1190774 0.2654192 -0.0012649
v -2.3752601 3.6016800 2.5690200
vn 2.9618387 1.0165505 0.0103350
v -2.3929601 3.6856401 5.5500002
vn 3.1102445 1.0576154 -0.0004004
v -2.3913600 3.6808200 5.2469301
vn 2.9879973 1.3500987 0.0000610
v -2.4029300 3.7112999 5.2266903
vn 2.9887590 1.3478677 0.0000253
v -2.4028301 3.7111599 4.8731904
vn 2.8524375 1.2894446 -0.0016210
v -2.4050701 3.7161701 2.5690200
vn 2.8641791 1.5986439 -0.0004598
v -2.4156799 3.7376699 4.8977504
vn 2.7456431 1.8139219 0.0036135
v -2.4287901 3.7599900 5.1736403
vn 2.7536681 1.4909371 0.0099873
v -2.4161801 3.7385800 5.5500002
vn 2.8643165 1.5981610 -0.0003722
v -2.4157901 3.7377999 5.2021003
vn 2.4430361 2.2870531 0.0010554
v -2.4548399 3.7957201 5.0690503
vn 2.4700205 1.9245033 0.0070286
v -2.4477999 3.7869699 5.5500002
vn 2.5946491 2.0842383 0.0001410
v -2.4497199 3.7893901 5.1064200
vn 2.6662602 1.9850479 0.0004046
v -2.4406800 3.7774899 5.1416502
vn 1.7124074 2.6211166 0.0011102
v -2.5325701 3.8650098 5.5500002
vn 2.1197708 2.3043077 0.0028753
v -2.4869499 3.8295002 5.5500002
vn 1.8613333 2.5168166 -0.0012029
v -2.5158801 3.8533998 2.5690200
vn 2.2598634 2.1661344 -0.0014268
v -2.4713199 3.8141799 2.5690200
vn 1.4093499 2.7951558 -0.0011593
v -2.5664301 3.8845201 2.5690200
vn 1.2576474 2.8672380 0.0010644
v -2.5834100 3.8925200 5.5500002
vn 0.9168631 2.9930425 -0.0011058
v -2.6215100 3.9066601 2.5690200
vn 0.7684959 3.0351202 0.0010159
v -2.6380801 3.9112902 5.5500002
vn 0.2583950 3.1202426 0.0009526
v -2.6951001 3.9208002 5.5500002
vn 0.3974253 3.1049714 -0.0010438
v -2.6795399 3.9191699 2.5690200
vn -0.1330989 3.1275225 -0.0009801
v -2.7388501 3.9216800 2.5690200
vn -0.2584434 3.1202383 0.0008772
v -2.7529001 3.9208002 5.5500002
vn -0.6594260 3.0600872 -0.0009127
v -2.7977400 3.9141397 2.5690200
vn -0.7685345 3.0350964 0.0008013
v -2.8099201 3.9112902 5.5500002
vn -1.2576748 2.8672009 0.0007222
v -2.8645899 3.8925200 5.5500002
vn -1.1669691 2.9046705 -0.0008312
v -2.8545001 3.8967600 2.5690200
vn -1.6411041 2.6656256 -0.0007394
v -2.9075100 3.8700399 2.5690200
vn -1.7124325 2.6210721 0.0006351
v -2.9154301 3.8650098 5.5500002
vn -2.0682302 2.3497155 -0.0006427
v -2.9552400 3.8347402 2.5690200
vn -2.1205850 2.3033946 0.0005355
v -2.9610500 3.8295002 5.5500002
vn -2.4706929 1.9230733 0.0004219
v -3.0002000 3.7869699 5.5500002
vn -2.4357021 1.9662693 -0.0005433
v -2.9963100 3.7918799 2.5690200
vn -2.7327936 1.5266955 -0.0004420
v -3.0295501 3.7426901 2.5690200
vn -2.7534888 1.4901689 0.0003085
v -3.0318201 3.7385800 5.5500002
vn -2.9513876 1.0430251 -0.0003258
v -3.0540099 3.6886001 2.5690200
vn -2.9612534 1.0165514 0.0001931
v -3.0550401 3.6856401 5.5500002
vn -3.0881701 0.5152143 0.0000655
v -3.0692301 3.6296101 5.5500002
vn -3.0852628 0.5288978 -0.0001977
v -3.0689700 3.6311500 2.5690200
vn -3.1303039 0.0000000 -0.0001340
v -3.0740001 3.5720000 2.5690200
vn -3.1308789 0.0000000 0.0000000
v -3.0740001 3.5720000 5.5500002
vn 3.1190755 -0.2654269 -0.0012518
v -2.3752601 3.5423200 2.5690200
vn 3.2796648 -0.3612773 0.0001407
v -2.3762901 3.5338500 4.8285904
vn 3.2211621 -0.7285386 0.0001899
v -2.3821101 3.4971199 4.8378301
vn 3.2988744 -0.0004339 0.0008445
v -2.3743200 3.5719600 4.8254900
vn 3.1084845 -1.0607623 -0.0000337
v -2.3913801 3.4631500 4.8531003
vn 3.0293729 -0.7886310 -0.0013874
v -2.3852899 3.4838099 2.5690200
vn 2.8524468 -1.2894354 -0.0015903
v -2.4050701 3.4278300 2.5690200
vn 2.9893615 -1.3477356 0.0000805
v -2.4029500 3.4326699 4.8733401
vn 2.8618267 -1.6012498 -0.0003854
v -2.4157801 3.4061699 4.8979301
vn 2.5912731 -2.0856340 -0.0014591
v -2.4498200 3.3545001 4.9934902
vn 2.5934458 -1.7530272 -0.0015992
v -2.4340200 3.3760099 2.5690200
vn 2.6629200 -1.9837749 -0.0004315
v -2.4407101 3.3665099 4.9583302
vn 2.7479942 -1.8104601 0.0000632
v -2.4288101 3.3840001 4.9263701
vn 2.2598672 -2.1661134 -0.0013968
v -2.4713199 3.3298199 2.5690200
vn 2.1197731 -2.3043079 0.0028752
v -2.4869499 3.3145001 5.5500002
vn 1.8613287 -2.5168190 -0.0012027
v -2.5158801 3.2906001 2.5690200
vn 0.5361027 -3.2655036 0.0205765
v -2.4550700 3.3480000 5.0308404
vn 1.4093454 -2.7951589 -0.0011593
v -2.5664301 3.2594800 2.5690200
vn 1.7124103 -2.6211128 0.0011103
v -2.5325701 3.2789900 5.5500002
vn 1.2576425 -2.8672407 0.0010643
v -2.5834100 3.2514801 5.5500002
vn 0.9168691 -2.9930413 -0.0011057
v -2.6215100 3.2373400 2.5690200
vn 0.7684898 -3.0351212 0.0010162
v -2.6380801 3.2327099 5.5500002
vn 0.3974249 -3.1049705 -0.0010435
v -2.6795399 3.2248299 2.5690200
vn 0.2583887 -3.1202435 0.0009529
v -2.6951001 3.2232001 5.5500002
vn -0.2584371 -3.1202393 0.0008775
v -2.7529001 3.2232001 5.5500002
vn -0.1330990 -3.1275237 -0.0009797
v -2.7388501 3.2223201 2.5690200
vn -0.7685283 -3.0350974 0.0008014
v -2.8099201 3.2327099 5.5500002
vn -0.6594255 -3.0600860 -0.0009125
v -2.7977400 3.2298601 2.5690200
vn -1.1669697 -2.9046710 -0.0008311
v -2.8545001 3.2472401 2.5690200
vn -1.2576698 -2.8672037 0.0007222
v -2.8645899 3.2514801 5.5500002
vn -1.7124356 -2.6210687 0.0006352
v -2.9154301 3.2789900 5.5500002
vn -1.6411033 -2.6656251 -0.0007394
v -2.9075100 3.2739599 2.5690200
vn -2.1205847 -2.3033926 0.0005356
v -2.9610500 3.3145001 5.5500002
vn -2.0682311 -2.3497155 -0.0006426
v -2.9552400 3.3092599 2.5690200
vn -2.4356990 -1.9662676 -0.0005432
v -2.9963100 3.3521199 2.5690200
vn -2.4706888 -1.9230766 0.0004220
v -3.0002000 3.3570299 5.5500002
vn -2.7534909 -1.4901658 0.0003085
v -3.0318201 3.4054201 5.5500002
vn -2.7327955 -1.5266926 -0.0004420
v -3.0295501 3.4013100 2.5690200
vn -2.9612534 -1.0165514 0.0001931
v -3.0550401 3.4583600 5.5500002
vn -2.9513876 -1.0430251 -0.0003258
v -3.0540099 3.4554000 2.5690200
vn -3.0852628 -0.5288978 -0.0001977
v -3.0689700 3.5128500 2.5690200
vn -3.0881698 -0.5152144 0.0000655
v -3.0692301 3.5143900 5.5500002
vn 3.0293717 0.7886223 -0.0014249
v -2.3852899 3.6601899 2.5690200
vn 3.1098230 1.0583543 -0.0000959
v -2.3912899 3.6807001 4.8529902
vn 2.5934618 1.7530236 -0.0016362
v -2.4340200 3.7679899 2.5690200
vn 2.7507219 1.8061554 -0.0000100
v -2.4286799 3.7598701 4.9261904
vn 2.6531856 1.9797882 -0.0005267
v -2.4405601 3.7773900 4.9581504
vn 1.3345554 3.0588915 0.0137875
v -2.4550600 3.7959900 5.0307503
vn 2.5948973 2.1090212 -0.0013241
v -2.4499300 3.7897100 4.9932404
vn 3.2730269 -0.3816083 -0.0040673
v -2.3763299 3.5339301 5.2713504
vn 3.0885267 -0.5157344 0.0078774
v -2.3787701 3.5143900 5.5500002
vn 3.2024367 -0.7182295 -0.0007767
v -2.3823299 3.4973700 5.2617702
vn 2.9620810 -1.0156453 0.0091788
v -2.3929601 3.4583600 5.5500002
vn 3.1237030 -1.0514143 0.0000093
v -2.3913200 3.4632299 5.2469702
vn 2.9890685 -1.3478715 0.0004564
v -2.4028800 3.4327700 5.2267504
vn 2.7536938 -1.4909140 0.0102191
v -2.4161801 3.4054201 5.5500002
vn 2.8643129 -1.5977370 0.0000404
v -2.4156899 3.4062901 5.2022004
vn 2.7432282 -1.8161225 0.0036287
v -2.4287000 3.3840899 5.1737404
vn 2.6590457 -1.9749706 0.0005148
v -2.4406500 3.3665500 5.1417203
vn 2.4699640 -1.9245732 0.0071557
v -2.4477999 3.3570299 5.5500002
vn 2.6036720 -2.1123374 0.0005596
v -2.4499600 3.3542500 5.1066203
vn 2.4328444 -2.2800863 0.0010789
v -2.4548399 3.3482800 5.0690904
vn -1.5707959 0.0000000 0.0000000
v 10.4259996 1.5180000 5.5500002
vn -4.7123890 0.0000000 0.0000000
v 10.4259996 1.3680000 4.3500004
vn -1.5707964 0.0000000 0.0000000
v 10.4259996 1.3680000 5.5500002
vn -1.5707947 0.0000000 0.0000000
v 10.4259996 1.5180000 -0.6000000
vn -1.5707922 0.0000000 0.0000000
v 10.4259996 -1.4820000 -0.6000000
vn -3.1415925 0.0000000 0.0000000
v 10.4259996 -0.8840000 4.3500004
vn -3.1415925 0.0000000 0.0000000
v 10.4259996 -1.0840000 4.3500004
vn -4.7123890 0.0000000 0.0000000
v 10.4259996 -1.3320000 4.3500004
vn -1.5707959 0.0000000 0.0000000
v 10.4259996 -1.4820000 5.5500002
vn -1.5707964 0.0000000 0.0000000
v 10.4259996 -1.3320000 5.5500002
vn 0.0000000 0.0000000 1.5707964
v 10.4259996 -1.3320000 5.5500002
vn 0.0000000 0.0000000 1.5707963
v 10.4259996 -1.4820000 5.5500002
vn 0.0000000 0.0000000 4.7123890
v 10.8260002 -1.3320000 5.5500002
vn 0.0000000 0.0000000 4.7123890
v 10.8260002 -1.0840000 5.5500002
vn 0.0000000 0.0000000 4.7123890
v 10.8260002 -0.8840000 5.5500002
vn 0.0000000 0.0000000 4.7123895
v -3.7739999 -0.8840000 5.5500002
vn 0.0000000 0.0000000 4.7123890
v -3.7739999 -1.0840000 5.5500002
vn 0.0000000 0.0000000 4.7123890
v 10.8260002 1.3680000 5.5500002
vn 0.0000000 0.0000000 1.5707963
v 10.4259996 1.5180000 5.5500002
vn 0.0000000 0.0000000 1.5707964
v 10.4259996 1.3680000 5.5500002
vn 0.0000000 0.0000000 1.5708082
v 11.0260000 -1.4820000 5.5500002
vn 0.0000000 0.0000000 4.7123895
v -4.2740002 -0.4340000 5.5500002
vn 0.0000000 0.0000000 1.5707963
v -3.3740001 -3.7340000 5.5500002
vn 0.0000000 0.0000000 1.5707964
v -3.3740001 -3.5840001 5.5500002
vn 0.0000000 0.0000000 4.7123890
v -3.7739999 -3.5840001 5.5500002
vn 0.0000000 0.0000000 1.5707971
v -4.7740002 -3.7340000 5.5500002
vn 0.0000000 0.0000000 4.7123904
v -3.7739999 5.5060000 5.5500002
vn 0.0000000 0.0000000 4.7123890
v -4.2740002 1.9059999 5.5500002
vn 0.0000000 0.0000000 1.5707964
v -3.7739999 1.9059999 5.5500002
vn 0.0000000 0.0000000 1.5707974
v 11.0260000 5.7059999 5.5500002
vn 0.0000000 0.0000000 4.7123885
v 10.8260002 1.5180000 5.5500002
vn 0.0000000 0.0000000 4.7123890
v 10.8260002 5.2560000 5.5500002
vn 0.0000000 0.0000000 4.7123890
v 10.5760002 5.5060000 5.5500002
vn 0.0000000 0.0000000 1.5707964
v 10.5760002 5.2560000 5.5500002
vn 0.0000000 0.0000000 4.7123890
v -3.7739999 -0.5840000 5.5500002
vn 0.0000000 0.0000000 1.5707964
v -3.3740001 -0.5840000 5.5500002
vn 0.0000000 0.0000000 1.5707965
v -3.3740001 -0.4340000 5.5500002
vn 0.0000000 0.0000000 1.5707965
v -4.7740002 5.7059999 5.5500002
vn 0.0000000 0.0000000 -4.7123890
v -3.7739999 -3.5840001 -0.6000000
vn 0.0000000 0.0000000 -1.5707963
v -3.3740001 -3.7340000 -0.6000000
vn 0.0000000 0.0000000 -1.5707974
v -4.7740002 -3.7340000 -0.6000000
vn 0.0000000 0.0000000 -4.7123890
v -3.7739999 -0.5840000 -0.6000000
vn 0.0000000 0.0000000 -1.5707965
v -3.3740001 -0.4340000 -0.6000000
vn 0.0000000 0.0000000 -1.5707964
v -3.3740001 -0.5840000 -0.6000000
vn 0.0000000 0.0000000 -4.7123890
v -4.2740002 -0.4340000 -0.6000000
vn 0.0000000 0.0000000 -1.5707974
v 11.0260000 5.7059999 -0.6000000
vn 0.0000000 0.0000000 -4.7123885
v 10.8260002 1.5180000 -0.6000000
vn 0.0000000 0.0000000 -4.7123890
v 10.8260002 5.2560000 -0.6000000
vn 0.0000000 0.0000000 -4.7123904
v -3.7739999 5.5060000 -0.6000000
vn 0.0000000 0.0000000 -4.7123890
v 10.5760002 5.5060000 -0.6000000
vn 0.0000000 0.0000000 -4.7123890
v -4.2740002 1.9059999 -0.6000000
vn 0.0000000 0.0000000 -1.5707965
v -4.7740002 5.7059999 -0.6000000
vn 0.0000000 0.0000000 -1.5707964
v -3.7739999 1.9059999 -0.6000000
vn 0.0000000 0.0000000 -1.5707965
v 11.0260000 -1.4820000 -0.6000000
vn 0.0000000 0.0000000 -1.5707964
v 10.5760002 5.2560000 -0.6000000
vn 0.0000000 0.0000000 -1.5707964
v 10.4259996 1.5180000 -0.6000000
vn 0.0000000 0.0000000 -1.5707964
v 10.4259996 -1.4820000 -0.6000000
vn 0.0000000 0.0000000 -1.5707964
v -3.3740001 -3.5840001 -0.6000000
vn 0.0000000 -1.5707963 0.0000000
v -3.3740001 -3.7340000 5.5500002
vn 0.0000000 -1.5707963 0.0000000
v -4.7740002 -3.7340000 -0.6000000
vn 0.0000000 -1.5707964 0.0000000
v -3.3740001 -3.7340000 -0.6000000
vn 0.0000000 -1.5707964 0.0000000
v -4.7740002 -3.7340000 5.5500002
vn 1.5707963 0.0000000 0.0000000
v -3.3740001 -3.5840001 5.5500002
vn 1.5707963 0.0000000 0.0000000
v -3.3740001 -3.7340000 -0.6000000
vn 1.5707964 0.0000000 0.0000000
v -3.3740001 -3.5840001 -0.6000000
vn 1.5707964 0.0000000 0.0000000
v -3.3740001 -3.7340000 5.5500002
vn 0.0000000 1.5707964 0.0000000
v -3.3740001 -3.5840001 -0.6000000
vn 0.0000000 1.5707964 0.0000000
v -3.7739999 -3.5840001 -0.6000000
vn 0.0000000 1.5707964 0.0000000
v -3.7739999 -3.5840001 5.5500002
vn 0.0000000 1.5707964 0.0000000
v -3.3740001 -3.5840001 5.5500002
vn 1.5707964 0.0000000 0.0000000
v -3.7739999 -1.0840000 5.5500002
vn 1.5707965 0.0000000 0.0000000
v -3.7739999 -3.5840001 5.5500002
vn 4.7123890 0.0000000 0.0000000
v -3.7739999 -1.0840000 4.3500004
vn 1.5707960 0.0000000 0.0000000
v -3.7739999 -0.5840000 5.5500002
vn 4.7123890 0.0000000 0.0000000
v -3.7739999 -0.8840000 4.3500004
vn 1.5707946 0.0000000 0.0000000
v -3.7739999 -0.5840000 -0.6000000
vn 1.5707964 0.0000000 0.0000000
v -3.7739999 -3.5840001 -0.6000000
vn 1.5707964 0.0000000 0.0000000
v -3.7739999 -0.8840000 5.5500002
vn 0.0000000 -1.5707964 0.0000000
v -3.7739999 -0.5840000 5.5500002
vn 0.0000000 -1.5707964 0.0000000
v -3.3740001 -0.5840000 -0.6000000
vn 0.0000000 -1.5707964 0.0000000
v -3.3740001 -0.5840000 5.5500002
vn 0.0000000 -1.5707964 0.0000000
v -3.7739999 -0.5840000 -0.6000000
vn 1.5707963 0.0000000 0.0000000
v -3.3740001 -0.4340000 5.5500002
vn 1.5707963 0.0000000 0.0000000
v -3.3740001 -0.5840000 -0.6000000
vn 1.5707964 0.0000000 0.0000000
v -3.3740001 -0.4340000 -0.6000000
vn 1.5707964 0.0000000 0.0000000
v -3.3740001 -0.5840000 5.5500002
vn 0.0000000 1.5707959 0.0000000
v -3.3740001 -0.4340000 -0.6000000
vn 0.0000000 1.5707964 0.0000000
v -4.2740002 -0.4340000 -0.6000000
vn 0.0000000 1.5707959 0.0000000
v -4.2740002 -0.4340000 5.5500002
vn 0.0000000 1.5707964 0.0000000
v -3.3740001 -0.4340000 5.5500002
vn 1.5708269 0.0000000 0.0000000
v -4.2740002 -0.4340000 -0.6000000
vn 3.3066175 0.0000000 0.0000000
v -4.2740002 0.5732830 4.4453101
vn 3.3070030 0.0000000 0.0000000
v -4.2740002 0.5654230 4.4598303
vn 3.3075113 0.0000000 0.0000000
v -4.2740002 0.6405410 4.4013600
vn 3.3064697 0.0000000 0.0000000
v -4.2740002 0.6570000 4.4000001
vn 3.3075109 0.0000000 0.0000000
v -4.2740002 0.6734590 4.4013600
vn 1.5708243 0.0000000 0.0000000
v -4.2740002 1.9059999 -0.6000000
vn 1.5708141 0.0000000 0.0000000
v -4.2740002 -0.4340000 5.5500002
vn 3.3075376 0.0000000 0.0000000
v -4.2740002 0.6094050 4.5879502
vn 3.3063824 0.0000000 0.0000000
v -4.2740002 0.6245300 4.5945802
vn 3.3075378 0.0000000 0.0000000
v -4.2740002 0.6094050 4.4120502
vn 3.3063545 0.0000000 0.0000000
v -4.2740002 0.6245300 4.4054203
vn 3.3074148 0.0000000 0.0000000
v -4.2740002 0.5834280 4.4322701
vn 3.3063290 0.0000000 0.0000000
v -4.2740002 0.5955790 4.4210901
vn 3.3070073 0.0000000 0.0000000
v -4.2740002 0.5600600 4.4754500
vn 3.3069217 0.0000000 0.0000000
v -4.2740002 0.5573420 4.5082603
vn 3.3069170 0.0000000 0.0000000
v -4.2740002 0.5573420 4.4917402
vn 3.3070123 0.0000000 0.0000000
v -4.2740002 0.5654230 4.5401702
vn 3.3069925 0.0000000 0.0000000
v -4.2740002 0.5600600 4.5245500
vn 3.3074148 0.0000000 0.0000000
v -4.2740002 0.5834280 4.5677304
vn 3.3066177 0.0000000 0.0000000
v -4.2740002 0.5732830 4.5546904
vn 3.3063293 0.0000000 0.0000000
v -4.2740002 0.5955790 4.5789104
vn 3.3074543 0.0000000 0.0000000
v -4.2740002 0.6405410 4.5986400
vn 3.3065274 0.0000000 0.0000000
v -4.2740002 0.6570000 4.6000004
vn 3.3074541 0.0000000 0.0000000
v -4.2740002 0.6734590 4.5986400
vn 3.3063824 0.0000000 0.0000000
v -4.2740002 0.6894700 4.5945802
vn 1.5707767 0.0000000 0.0000000
v -4.2740002 1.9059999 5.5500002
vn 3.3063290 0.0000000 0.0000000
v -4.2740002 0.7184210 4.5789104
vn 3.3075378 0.0000000 0.0000000
v -4.2740002 0.7045950 4.5879502
vn 3.3069167 0.0000000 0.0000000
v -4.2740002 0.7566580 4.4917402
vn 3.3069217 0.0000000 0.0000000
v -4.2740002 0.7566580 4.5082603
vn 3.3066144 0.0000000 0.0000000
v -4.2740002 0.7407170 4.5546904
vn 3.3074150 0.0000000 0.0000000
v -4.2740002 0.7305720 4.5677304
vn 3.3069892 0.0000000 0.0000000
v -4.2740002 0.7539400 4.5245500
vn 3.3070188 0.0000000 0.0000000
v -4.2740002 0.7485770 4.5401702
vn 3.3070035 0.0000000 0.0000000
v -4.2740002 0.7539400 4.4754500
vn 3.3066146 0.0000000 0.0000000
v -4.2740002 0.7407170 4.4453101
vn 3.3070092 0.0000000 0.0000000
v -4.2740002 0.7485770 4.4598303
vn 3.3063293 0.0000000 0.0000000
v -4.2740002 0.7184210 4.4210901
vn 3.3074148 0.0000000 0.0000000
v -4.2740002 0.7305720 4.4322701
vn 3.3063545 0.0000000 0.0000000
v -4.2740002 0.6894700 4.4054203
vn 3.3075378 0.0000000 0.0000000
v -4.2740002 0.7045950 4.4120502
vn 0.0000000 -1.5707964 0.0000000
v -3.7739999 1.9059999 5.5500002
vn 0.0000000 -1.5707964 0.0000000
v -4.2740002 1.9059999 -0.6000000
vn 0.0000000 -1.5707964 0.0000000
v -3.7739999 1.9059999 -0.6000000
vn 0.0000000 -1.5707964 0.0000000
v -4.2740002 1.9059999 5.5500002
vn 3.3069746 0.0000000 0.0000000
v -3.7739999 3.2327099 2.1331100
vn 3.3068802 0.0000000 0.0000000
v -3.7739999 3.2232001 2.1901200
vn 1.5707802 0.0000000 0.0000000
v -3.7739999 1.9059999 -0.6000000
vn 3.3068161 0.0000000 0.0000000
v -3.7739999 3.3145001 2.4560699
vn 3.3068461 0.0000000 0.0000000
v -3.7739999 3.3570299 2.4952199
vn 1.5707972 0.0000000 0.0000000
v -3.7739999 1.9059999 5.5500002
vn 1.5707955 0.0000000 0.0000000
v -3.7739999 5.5060000 -0.6000000
vn 3.3068509 0.0000000 0.0000000
v -3.7739999 3.6296101 1.8738000
vn 3.3068948 0.0000000 0.0000000
v -3.7739999 3.4583600 1.8879900
vn 3.3068509 0.0000000 0.0000000
v -3.7739999 3.5143900 1.8738000
vn 3.3071587 0.0000000 0.0000000
v -3.7739999 3.5720000 1.8690200
vn 3.3068500 0.0000000 0.0000000
v -3.7739999 3.3570299 1.9428298
vn 3.3070350 0.0000000 0.0000000
v -3.7739999 3.4054201 1.9112101
vn 3.3071287 0.0000000 0.0000000
v -3.7739999 3.2789900 2.0275900
vn 3.3068185 0.0000000 0.0000000
v -3.7739999 3.3145001 1.9819798
vn 3.3069146 0.0000000 0.0000000
v -3.7739999 3.2514801 2.0784299
vn 3.3068805 0.0000000 0.0000000
v -3.7739999 3.2232001 2.2479300
vn 3.3069115 0.0000000 0.0000000
v -3.7739999 3.2514801 2.3596199
vn 3.3069763 0.0000000 0.0000000
v -3.7739999 3.2327099 2.3049400
vn 3.3071332 0.0000000 0.0000000
v -3.7739999 3.2789900 2.4104600
vn 3.3070388 0.0000000 0.0000000
v -3.7739999 3.4054201 2.5268400
vn 3.3068948 0.0000000 0.0000000
v -3.7739999 3.4583600 2.5500600
vn 3.3070235 0.0000000 0.0000000
v -3.7739999 3.5143900 2.5642500
vn 3.3068132 0.0000000 0.0000000
v -3.7739999 3.5720000 2.5690200
vn 3.3070235 0.0000000 0.0000000
v -3.7739999 3.6296101 2.5642500
vn 3.3069146 0.0000000 0.0000000
v -3.7739999 3.8925200 2.3596199
vn 3.3069718 0.0000000 0.0000000
v -3.7739999 3.9112902 2.3049400
vn 1.5707951 0.0000000 0.0000000
v -3.7739999 5.5060000 5.5500002
vn 3.3068948 0.0000000 0.0000000
v -3.7739999 3.6856401 2.5500600
vn 3.3068385 0.0000000 0.0000000
v -3.7739999 3.7869699 2.4952199
vn 3.3070407 0.0000000 0.0000000
v -3.7739999 3.7385800 2.5268400
vn 3.3071232 0.0000000 0.0000000
v -3.7739999 3.8650098 2.4104600
vn 3.3068280 0.0000000 0.0000000
v -3.7739999 3.8295002 2.4560699
vn 3.3068843 0.0000000 0.0000000
v -3.7739999 3.9208002 2.2479300
vn 3.3069704 0.0000000 0.0000000
v -3.7739999 3.9112902 2.1331100
vn 3.3068845 0.0000000 0.0000000
v -3.7739999 3.9208002 2.1901200
vn 3.3071184 0.0000000 0.0000000
v -3.7739999 3.8650098 2.0275900
vn 3.3069181 0.0000000 0.0000000
v -3.7739999 3.8925200 2.0784299
vn 3.3068419 0.0000000 0.0000000
v -3.7739999 3.7869699 1.9428298
vn 3.3068309 0.0000000 0.0000000
v -3.7739999 3.8295002 1.9819798
vn 3.3068948 0.0000000 0.0000000
v -3.7739999 3.6856401 1.8879900
vn 3.3070374 0.0000000 0.0000000
v -3.7739999 3.7385800 1.9112101
vn 0.0000000 -1.5707963 0.0000000
v -3.7739999 5.5060000 5.5500002
vn 0.0000000 -1.5707963 0.0000000
v 10.5760002 5.5060000 -0.6000000
vn 0.0000000 -1.5707964 0.0000000
v 10.5760002 5.5060000 5.5500002
vn 0.0000000 -1.5707964 0.0000000
v -3.7739999 5.5060000 -0.6000000
vn -1.5707968 0.0000000 0.0000000
v 10.5760002 5.5060000 5.5500002
vn -1.5707964 0.0000000 0.0000000
v 10.5760002 5.5060000 -0.6000000
vn -1.5707968 0.0000000 0.0000000
v 10.5760002 5.2560000 -0.6000000
vn -1.5707964 0.0000000 0.0000000
v 10.5760002 5.2560000 5.5500002
vn 0.0000000 -1.5707968 0.0000000
v 10.5760002 5.2560000 5.5500002
vn 0.0000000 -1.5707968 0.0000000
v 10.8260002 5.2560000 -0.6000000
vn 0.0000000 -1.5707964 0.0000000
v 10.8260002 5.2560000 5.5500002
vn 0.0000000 -1.5707964 0.0000000
v 10.5760002 5.2560000 -0.6000000
vn -1.5708326 0.0000000 0.0000000
v 10.8260002 1.5180000 -0.6000000
vn -3.3103642 0.0000000 0.0000000
v 10.8260002 3.4880900 4.9317403
vn -3.3097019 0.0000000 0.0000000
v 10.8260002 3.5090899 4.9193602
vn -1.5707875 0.0000000 0.0000000
v 10.8260002 5.2560000 5.5500002
vn -1.5707936 0.0000000 0.0000000
v 10.8260002 5.2560000 -0.6000000
vn -3.3102441 0.0000000 0.0000000
v 10.8260002 3.6853700 4.9595900
vn -3.3099456 0.0000000 0.0000000
v 10.8260002 3.7149501 5.0257101
vn -3.3132672 0.0000000 0.0000000
v 10.8260002 3.7170000 5.0500002
vn -1.5708168 0.0000000 0.0000000
v 10.8260002 1.5180000 5.5500002
vn -3.3097725 0.0000000 0.0000000
v 10.8260002 3.4306400 5.0822701
vn -3.3098440 0.0000000 0.0000000
v 10.8260002 3.4272299 5.0581303
vn -3.3099809 0.0000000 0.0000000
v 10.8260002 3.6989100 4.9798603
vn -3.3095632 0.0000000 0.0000000
v 10.8260002 3.7088599 5.0021100
vn -3.3100514 0.0000000 0.0000000
v 10.8260002 3.6491399 4.9272203
vn -3.3096933 0.0000000 0.0000000
v 10.8260002 3.6686199 4.9418802
vn -3.3097630 0.0000000 0.0000000
v 10.8260002 3.6042700 4.9086404
vn -3.3097568 0.0000000 0.0000000
v 10.8260002 3.6274900 4.9160404
vn -3.3102076 0.0000000 0.0000000
v 10.8260002 3.5557699 4.9059100
vn -3.3098440 0.0000000 0.0000000
v 10.8260002 3.5801301 4.9052300
vn -3.3096495 0.0000000 0.0000000
v 10.8260002 3.5318599 4.9106703
vn -3.3103800 0.0000000 0.0000000
v 10.8260002 3.4537399 4.9660902
vn -3.3094645 0.0000000 0.0000000
v 10.8260002 3.4694700 4.9474702
vn -3.3096840 0.0000000 0.0000000
v 10.8260002 3.4413600 4.9870901
vn -3.3101788 0.0000000 0.0000000
v 10.8260002 3.4279101 5.0337701
vn -3.3096778 0.0000000 0.0000000
v 10.8260002 3.4326699 5.0098600
vn -3.3093600 0.0000000 0.0000000
v 10.8260002 3.4492300 5.1271400
vn -3.3101215 0.0000000 0.0000000
v 10.8260002 3.4380400 5.1054902
vn -3.3102114 0.0000000 0.0000000
v 10.8260002 3.4815900 5.1633701
vn -3.3100333 0.0000000 0.0000000
v 10.8260002 3.4638801 5.1466203
vn -3.3095443 0.0000000 0.0000000
v 10.8260002 3.5241101 5.1868601
vn -3.3100169 0.0000000 0.0000000
v 10.8260002 3.5018599 5.1769104
vn -3.3129759 0.0000000 0.0000000
v 10.8260002 3.5720000 5.1950002
vn -3.3099480 0.0000000 0.0000000
v 10.8260002 3.5477099 5.1929502
vn -3.3162737 0.0000000 0.0000000
v 10.8260002 3.5971699 5.1928000
vn -3.3164411 0.0000000 0.0000000
v 10.8260002 3.6444800 5.1755900
vn -3.3155890 0.0000000 0.0000000
v 10.8260002 3.6215699 5.1862602
vn -3.3159223 0.0000000 0.0000000
v 10.8260002 3.6830499 5.1432300
vn -3.3162889 0.0000000 0.0000000
v 10.8260002 3.6651800 5.1611004
vn -3.3161314 0.0000000 0.0000000
v 10.8260002 3.7082400 5.0996203
vn -3.3160634 0.0000000 0.0000000
v 10.8260002 3.6975501 5.1225300
vn -3.3161578 0.0000000 0.0000000
v 10.8260002 3.7147899 5.0752001
vn 0.0000000 1.5707963 0.0000000
v 10.4259996 1.5180000 5.5500002
vn 0.0000000 1.5707963 0.0000000
v 10.8260002 1.5180000 -0.6000000
vn 0.0000000 1.5707964 0.0000000
v 10.4259996 1.5180000 -0.6000000
vn 0.0000000 1.5707964 0.0000000
v 10.8260002 1.5180000 5.5500002
vn 0.0000000 -1.5707966 0.0000000
v 10.4259996 -1.4820000 5.5500002
vn 0.0000000 -1.5707966 0.0000000
v 11.0260000 -1.4820000 -0.6000000
vn 0.0000000 -1.5707964 0.0000000
v 11.0260000 -1.4820000 5.5500002
vn 0.0000000 -1.5707964 0.0000000
v 10.4259996 -1.4820000 -0.6000000
vn 1.5707963 0.0000000 0.0000000
v 11.0260000 5.7059999 5.5500002
vn 1.5707963 0.0000000 0.0000000
v 11.0260000 -1.4820000 -0.6000000
vn 1.5707964 0.0000000 0.0000000
v 11.0260000 5.7059999 -0.6000000
vn 1.5707964 0.0000000 0.0000000
v 11.0260000 -1.4820000 5.5500002
vn 0.0000000 1.5707963 0.0000000
v 11.0260000 5.7059999 -0.6000000
vn 0.0000000 1.5707964 0.0000000
v -4.7740002 5.7059999 -0.6000000
vn 0.0000000 1.5707963 0.0000000
v -4.7740002 5.7059999 5.5500002
vn 0.0000000 1.5707964 0.0000000
v 11.0260000 5.7059999 5.5500002
vn -1.5707965 0.0000000 0.0000000
v -4.7740002 5.7059999 5.5500002
vn -1.5707965 0.0000000 0.0000000
v -4.7740002 -3.7340000 -0.6000000
vn -1.5707964 0.0000000 0.0000000
v -4.7740002 -3.7340000 5.5500002
vn -1.5707964 0.0000000 0.0000000
v -4.7740002 5.7059999 -0.6000000
vn 0.0000000 3.1415930 0.0000000
v 10.4259996 -0.8840000 4.3500004
vn 0.0000000 1.5707965 0.0000000
v 10.8260002 -0.8840000 5.5500002
vn 0.0000000 1.5707964 0.0000000
v 10.8260002 -0.8840000 4.3500004
vn 0.0000000 1.5707964 0.0000000
v -3.7739999 -0.8840000 4.3500004
vn 0.0000000 1.5707965 0.0000000
v -3.7739999 -0.8840000 5.5500002
vn 0.0000000 -1.5707965 0.0000000
v -3.7739999 -1.0840000 5.5500002
vn 0.0000000 -1.5707964 0.0000000
v -3.7739999 -1.0840000 4.3500004
vn 0.0000000 -3.1415930 0.0000000
v 10.4259996 -1.0840000 4.3500004
vn 0.0000000 -1.5707965 0.0000000
v 10.8260002 -1.0840000 5.5500002
vn 0.0000000 -1.5707964 0.0000000
v 10.8260002 -1.0840000 4.3500004
vn 0.0000000 0.0000000 -1.5707971
v -3.7739999 -0.8840000 4.3500004
vn 0.0000000 0.0000000 -1.5707964
v 10.4259996 -0.8840000 4.3500004
vn 0.0000000 0.0000000 -1.5707971
v 10.4259996 -1.0840000 4.3500004
vn 0.0000000 0.0000000 -1.5707964
v -3.7739999 -1.0840000 4.3500004
vn 0.0000000 1.5707965 0.0000000
v 10.4259996 -1.3320000 5.5500002
vn 0.0000000 1.5707964 0.0000000
v 10.8260002 -1.3320000 5.5500002
vn 0.0000000 1.5707965 0.0000000
v 10.8260002 -1.3320000 4.3500004
vn 0.0000000 1.5707964 0.0000000
v 10.4259996 -1.3320000 4.3500004
vn -1.5707965 0.0000000 0.0000000
v 10.8260002 -1.3320000 5.5500002
vn -1.5707964 0.0000000 0.0000000
v 10.8260002 -1.0840000 5.5500002
vn -1.5707965 0.0000000 0.0000000
v 10.8260002 -1.0840000 4.3500004
vn -1.5707964 0.0000000 0.0000000
v 10.8260002 -1.3320000 4.3500004
vn 0.0000000 0.0000000 1.5707963
v 10.4259996 -1.0840000 4.3500004
vn 0.0000000 0.0000000 1.5707964
v 10.4259996 -1.3320000 4.3500004
vn 0.0000000 0.0000000 1.5707963
v 10.8260002 -1.3320000 4.3500004
vn 0.0000000 0.0000000 1.5707964
v 10.8260002 -1.0840000 4.3500004
vn 0.0000000 -1.5707965 0.0000000
v 10.8260002 1.3680000 5.5500002
vn 0.0000000 -1.5707965 0.0000000
v 10.4259996 1.3680000 4.3500004
vn 0.0000000 -1.5707964 0.0000000
v 10.8260002 1.3680000 4.3500004
vn 0.0000000 -1.5707964 0.0000000
v 10.4259996 1.3680000 5.5500002
vn -3.3111775 0.0000000 0.0000000
v 10.8260002 0.7421530 4.5524302
vn -3.3117471 0.0000000 0.0000000
v 10.8260002 0.7320670 4.5660701
vn -1.5707940 0.0000000 0.0000000
v 10.8260002 1.3680000 4.3500004
vn -3.3116207 0.0000000 0.0000000
v 10.8260002 0.6485190 4.4003601
vn -3.3116214 0.0000000 0.0000000
v 10.8260002 0.6654810 4.4003601
vn -3.3116019 0.0000000 0.0000000
v 10.8260002 0.6570000 4.6000004
vn -3.3110943 0.0000000 0.0000000
v 10.8260002 0.6401000 4.5985603
vn -1.5707829 0.0000000 0.0000000
v 10.8260002 1.3680000 5.5500002
vn -3.3118343 0.0000000 0.0000000
v 10.8260002 0.6236860 4.5942903
vn -3.3112891 0.0000000 0.0000000
v 10.8260002 0.6082310 4.5873003
vn -1.5708266 0.0000000 0.0000000
v 10.8260002 -0.8840000 5.5500002
vn -1.5707563 0.0000000 0.0000000
v 10.8260002 -0.8840000 4.3500004
vn -3.3110771 0.0000000 0.0000000
v 10.8260002 0.5941780 4.5778003
vn -3.3111806 0.0000000 0.0000000
v 10.8260002 0.5718470 4.5524302
vn -3.3117473 0.0000000 0.0000000
v 10.8260002 0.5819330 4.5660701
vn -3.3114591 0.0000000 0.0000000
v 10.8260002 0.5592440 4.5210700
vn -3.3115575 0.0000000 0.0000000
v 10.8260002 0.5642110 4.5372901
vn -3.3113663 0.0000000 0.0000000
v 10.8260002 0.5578100 4.4873004
vn -3.3113661 0.0000000 0.0000000
v 10.8260002 0.5570900 4.5042400
vn -3.3115468 0.0000000 0.0000000
v 10.8260002 0.5677070 4.4549804
vn -3.3113797 0.0000000 0.0000000
v 10.8260002 0.5613830 4.4707203
vn -3.3119655 0.0000000 0.0000000
v 10.8260002 0.5878060 4.4278002
vn -3.3110189 0.0000000 0.0000000
v 10.8260002 0.5766000 4.4405403
vn -3.3113267 0.0000000 0.0000000
v 10.8260002 0.6158100 4.4088802
vn -3.3112450 0.0000000 0.0000000
v 10.8260002 0.6010030 4.4171500
vn -3.3111804 0.0000000 0.0000000
v 10.8260002 0.6318020 4.4032302
vn -3.3112977 0.0000000 0.0000000
v 10.8260002 0.6981900 4.4088802
vn -3.3111799 0.0000000 0.0000000
v 10.8260002 0.6821980 4.4032302
vn -3.3119278 0.0000000 0.0000000
v 10.8260002 0.7261940 4.4278002
vn -3.3113120 0.0000000 0.0000000
v 10.8260002 0.7129980 4.4171500
vn -3.3115499 0.0000000 0.0000000
v 10.8260002 0.7462930 4.4549804
vn -3.3110161 0.0000000 0.0000000
v 10.8260002 0.7374000 4.4405403
vn -3.3113699 0.0000000 0.0000000
v 10.8260002 0.7561900 4.4873004
vn -3.3113797 0.0000000 0.0000000
v 10.8260002 0.7526170 4.4707203
vn -3.3114557 0.0000000 0.0000000
v 10.8260002 0.7547560 4.5210700
vn -3.3113623 0.0000000 0.0000000
v 10.8260002 0.7569100 4.5042400
vn -3.3115640 0.0000000 0.0000000
v 10.8260002 0.7497890 4.5372901
vn -3.3110752 0.0000000 0.0000000
v 10.8260002 0.7198220 4.5778003
vn -3.3112926 0.0000000 0.0000000
v 10.8260002 0.7057690 4.5873003
vn -3.3110955 0.0000000 0.0000000
v 10.8260002 0.6739000 4.5985603
vn -3.3118320 0.0000000 0.0000000
v 10.8260002 0.6903140 4.5942903
vn 0.0000000 0.0000000 1.5707965
v 10.4259996 1.3680000 4.3500004
vn 0.0000000 0.0000000 1.5707964
v 10.4259996 -0.8840000 4.3500004
vn 0.0000000 0.0000000 1.5707965
v 10.8260002 -0.8840000 4.3500004
vn 0.0000000 0.0000000 1.5707964
v 10.8260002 1.3680000 4.3500004
vn -0.0050362 0.0000000 -3.1311107
v -3.7739999 3.5720000 1.8690200
vn 0.0053868 -0.2654351 -3.1193085
v -3.0740001 3.5423200 1.8702900
vn -0.0050350 -0.5155732 -3.0884111
v -3.7739999 3.5143900 1.8738000
vn -0.0050026 -1.0166951 -2.9614840
v -3.7739999 3.4583600 1.8879900
vn 0.0053363 -0.7888091 -3.0295572
v -3.0740001 3.4838099 1.8803198
vn 0.0052748 -1.2895651 -2.8526280
v -3.0740001 3.4278300 1.9001000
vn -0.0049305 -1.4903392 -2.7536893
v -3.7739999 3.4054201 1.9112101
vn 0.0051759 -1.7530103 -2.5937357
v -3.0740001 3.3760099 1.9290500
vn -0.0048429 -1.9232767 -2.4708374
v -3.7739999 3.3570299 1.9428298
vn -0.0047137 -2.3035235 -2.1208010
v -3.7739999 3.3145001 1.9819798
vn 0.0050390 -2.1660676 -2.2601998
v -3.0740001 3.3298199 1.9663401
vn 0.0049045 -2.5170057 -1.8614371
v -3.0740001 3.2906001 2.0109000
vn -0.0045294 -2.6212025 -1.7126026
v -3.7739999 3.2789900 2.0275900
vn 0.0047442 -2.7953980 -1.4093028
v -3.0740001 3.2594800 2.0614500
vn -0.0043354 -2.8674545 -1.2575843
v -3.7739999 3.2514801 2.0784299
vn -0.0041374 -3.0353255 -0.7684378
v -3.7739999 3.2327099 2.1331100
vn 0.0045244 -2.9932842 -0.9167784
v -3.0740001 3.2373400 2.1165400
vn 0.0042675 -3.1051612 -0.3973830
v -3.0740001 3.2248299 2.1745698
vn -0.0038824 -3.1204050 -0.2583666
v -3.7739999 3.2232001 2.1901200
vn 0.0040083 -3.1276860 0.1332010
v -3.0740001 3.2223201 2.2338800
vn -0.0035753 -3.1203713 0.2585757
v -3.7739999 3.2232001 2.2479300
vn -0.0032592 -3.0352325 0.7686069
v -3.7739999 3.2327099 2.3049400
vn 0.0037329 -3.0602205 0.6595644
v -3.0740001 3.2298601 2.2927599
vn 0.0034091 -2.9047806 1.1671040
v -3.0740001 3.2472401 2.3495200
vn -0.0029270 -2.8673110 1.2577213
v -3.7739999 3.2514801 2.3596199
vn 0.0030465 -2.6656907 1.6412526
v -3.0740001 3.2739599 2.4025300
vn -0.0025767 -2.6210058 1.7127055
v -3.7739999 3.2789900 2.4104600
vn -0.0021981 -2.3032877 2.1208551
v -3.7739999 3.3145001 2.4560699
vn 0.0026377 -2.3498664 2.0682578
v -3.0740001 3.3092599 2.4502599
vn 0.0021997 -1.9663750 2.4357069
v -3.0740001 3.3521199 2.4913399
vn -0.0017551 -1.9230214 2.4708233
v -3.7739999 3.3570299 2.4952199
vn 0.0017715 -1.5264231 2.7330117
v -3.0740001 3.4013100 2.5245800
vn -0.0012760 -1.4900826 2.7535999
v -3.7739999 3.4054201 2.5268400
vn -0.0007876 -1.0164379 2.9613285
v -3.7739999 3.4583600 2.5500600
vn 0.0013138 -1.0427109 2.9515848
v -3.0740001 3.4554000 2.5490301
vn 0.0008077 -0.5287692 3.0853262
v -3.0740001 3.5128500 2.5639899
vn -0.0002666 -0.5150806 3.0882044
v -3.7739999 3.5143900 2.5642500
vn 0.0005473 -0.0000000 3.1303232
v -3.0740001 3.5720000 2.5690200
vn 0.0000000 0.0000000 3.1308789
v -3.7739999 3.5720000 2.5690200
vn 0.0053869 0.2654362 -3.1193082
v -3.0740001 3.6016800 1.8702900
vn -0.0050348 0.5155732 -3.0884106
v -3.7739999 3.6296101 1.8738000
vn 0.0053365 0.7888081 -3.0295577
v -3.0740001 3.6601899 1.8803198
vn -0.0050025 1.0166950 -2.9614835
v -3.7739999 3.6856401 1.8879900
vn 0.0052750 1.2895659 -2.8526273
v -3.0740001 3.7161701 1.9001000
vn 0.0051760 1.7530125 -2.5937331
v -3.0740001 3.7679899 1.9290500
vn -0.0049303 1.4903417 -2.7536862
v -3.7739999 3.7385800 1.9112101
vn -0.0048423 1.9232732 -2.4708412
v -3.7739999 3.7869699 1.9428298
vn 0.0050398 2.1660674 -2.2602003
v -3.0740001 3.8141799 1.9663401
vn -0.0047130 2.3035231 -2.1207988
v -3.7739999 3.8295002 1.9819798
vn 0.0049052 2.5170035 -1.8614413
v -3.0740001 3.8533998 2.0109000
vn 0.0047441 2.7953949 -1.4093074
v -3.0740001 3.8845201 2.0614500
vn -0.0045293 2.6212058 -1.7125998
v -3.7739999 3.8650098 2.0275900
vn -0.0043355 2.8674517 -1.2575892
v -3.7739999 3.8925200 2.0784299
vn 0.0045245 2.9932854 -0.9167724
v -3.0740001 3.9066601 2.1165400
vn -0.0041365 3.0353243 -0.7684435
v -3.7739999 3.9112902 2.1331100
vn 0.0042686 3.1051621 -0.3973837
v -3.0740001 3.9191699 2.1745698
vn -0.0038809 3.1204035 -0.2583732
v -3.7739999 3.9208002 2.1901200
vn -0.0035742 3.1203704 0.2585821
v -3.7739999 3.9208002 2.2479300
vn 0.0040098 3.1276851 0.1332011
v -3.0740001 3.9216800 2.2338800
vn -0.0032585 3.0352316 0.7686129
v -3.7739999 3.9112902 2.3049400
vn 0.0037340 3.0602214 0.6595650
v -3.0740001 3.9141397 2.2927599
vn 0.0034096 2.9047799 1.1671035
v -3.0740001 3.8967600 2.3495200
vn -0.0029270 2.8673081 1.2577263
v -3.7739999 3.8925200 2.3596199
vn -0.0025763 2.6210093 1.7127025
v -3.7739999 3.8650098 2.4104600
vn 0.0030465 2.6656916 1.6412538
v -3.0740001 3.8700399 2.4025300
vn -0.0021977 2.3032880 2.1208532
v -3.7739999 3.8295002 2.4560699
vn 0.0026380 2.3498669 2.0682569
v -3.0740001 3.8347402 2.4502599
vn 0.0022001 1.9663748 2.4357083
v -3.0740001 3.7918799 2.4913399
vn -0.0017550 1.9230182 2.4708276
v -3.7739999 3.7869699 2.4952199
vn -0.0012761 1.4900856 2.7535980
v -3.7739999 3.7385800 2.5268400
vn 0.0017714 1.5264261 2.7330098
v -3.0740001 3.7426901 2.5245800
vn -0.0007876 1.0164379 2.9613285
v -3.7739999 3.6856401 2.5500600
vn 0.0013138 1.0427109 2.9515848
v -3.0740001 3.6886001 2.5490301
vn 0.0008077 0.5287691 3.0853262
v -3.0740001 3.6311500 2.5639899
vn -0.0002666 0.5150806 3.0882044
v -3.7739999 3.6296101 2.5642500
vn 2.2595408 -2.1621094 -0.0477994
v -2.4713199 3.3298199 2.5690200
vn 5.1786056 -3.4988708 -0.2203940
v -2.4346001 3.3760099 2.5418599
vn 2.5915895 -1.7494481 -0.0552605
v -2.4340200 3.3760099 2.5690200
vn 5.6936851 -2.5730588 -0.2419581
v -2.4056699 3.4278300 2.5406299
vn 4.5150347 -4.3241034 -0.1916643
v -2.4718599 3.3298199 2.5434499
vn 1.8621975 -2.5131519 -0.0393188
v -2.5158801 3.2906001 2.5690200
vn 3.7209702 -5.0262809 -0.1580239
v -2.5163801 3.2906001 2.5453401
vn 1.4113524 -2.7920988 -0.0300865
v -2.5664301 3.2594800 2.5690200
vn 2.8494983 -1.2864636 -0.0602480
v -2.4050701 3.4278300 2.5690200
vn 6.0456123 -1.5734346 -0.2567087
v -2.3859100 3.4838099 2.5397999
vn 0.9198373 -2.9908962 -0.0196452
v -2.6215100 3.2373400 2.5690200
vn 2.8201232 -5.5842547 -0.1199301
v -2.5668900 3.2594800 2.5474799
vn 0.4009442 -3.1039815 -0.0086129
v -2.6795399 3.2248299 2.5690200
vn 1.8379503 -5.9818387 -0.0780945
v -2.6219201 3.2373400 2.5498199
vn -0.1294151 -3.1277752 0.0028242
v -2.7388501 3.2223201 2.5690200
vn 0.8009925 -6.2080097 -0.0340208
v -2.6798999 3.2248299 2.5522799
vn -0.2589732 -6.2555189 0.0110127
v -2.7391601 3.2223201 2.5548000
vn -0.6561154 -3.0614874 0.0140149
v -2.7977400 3.2298601 2.5690200
vn -1.1642543 -2.9070640 0.0250066
v -2.8545001 3.2472401 2.5690200
vn -1.3111997 -6.1229186 0.0554335
v -2.7979901 3.2298601 2.5572999
vn -1.6393564 -2.6686404 0.0348394
v -2.9075100 3.2739599 2.5690200
vn -2.3265774 -5.8139939 0.0987079
v -2.8547001 3.2472401 2.5597100
vn -2.0676970 -2.3527486 0.0410824
v -2.9552400 3.3092599 2.5690200
vn -3.2758257 -5.3372250 0.1391512
v -2.9076600 3.2739599 2.5619600
vn -2.4359825 -1.9696240 0.0518061
v -2.9963100 3.3521199 2.5690200
vn -4.1314564 -4.7062659 0.1724363
v -2.9553399 3.3092599 2.5639799
vn -2.7341726 -1.5295129 0.0582476
v -3.0295501 3.4013100 2.5690200
vn -4.8675494 -3.9392309 0.2069539
v -2.9963801 3.3521199 2.5657299
vn -5.4627700 -3.0599718 0.2466342
v -3.0295901 3.4013100 2.5671399
vn -6.1510324 -1.0628451 0.5848063
v -3.0689800 3.5128500 2.5685999
vn -5.8875880 -2.0899630 0.4889035
v -3.0540800 3.4554000 2.5673299
vn -6.1748023 -1.0597613 0.1471179
v -3.0689700 3.5128500 2.5688100
vn -2.9537079 -1.0454372 0.0703326
v -3.0540099 3.4554000 2.5690200
vn -6.1100526 -1.0573455 0.8544874
v -3.0690100 3.5128500 2.5683899
vn -5.8611937 -2.0888560 0.7327815
v -3.0541701 3.4554000 2.5664899
vn -5.8222079 -2.0917280 1.0036815
v -3.0542901 3.4554000 2.5656500
vn -6.0958138 -1.0605228 0.9971252
v -3.0690401 3.5128500 2.5681701
vn -6.0331540 -1.0608759 1.3254105
v -3.0690801 3.5128500 2.5679600
vn -5.7717566 -2.0883486 1.2526321
v -3.0544600 3.4554000 2.5648100
vn -5.9016752 -2.0890284 0.2442930
v -3.0540299 3.4554000 2.5681798
vn -5.9653478 -1.0599034 1.5956103
v -3.0691299 3.5128500 2.5677600
vn -5.7232075 -2.0900316 1.4643540
v -3.0546501 3.4554000 2.5639899
vn -3.0853779 -0.5284457 0.0003281
v -3.0689700 3.5128500 2.5690200
vn -0.0688333 -1.0451885 2.9537742
v -3.0740001 3.4554000 2.5490301
vn -0.2868115 -1.0571245 6.1635971
v -3.0737901 3.5128500 2.5639999
vn -0.1472826 -0.5310404 3.0894587
v -3.0740001 3.5128500 2.5639899
vn -0.1692890 -0.0000000 0.1693800
v -3.0740001 3.5720000 2.5690200
vn 3.0255082 -0.7867935 -0.0642192
v -2.3852899 3.4838099 2.5690200
vn 6.2239299 -0.5294426 -0.2646816
v -2.3758900 3.5423200 2.5393701
vn 3.1147807 -0.2647305 -0.0661723
v -2.3752601 3.5423200 2.5690200
vn 6.2239442 0.5293749 -0.2646429
v -2.3758900 3.6016800 2.5393701
vn 3.1147823 0.2647198 -0.0661624
v -2.3752601 3.6016800 2.5690200
vn 6.0455890 1.5735322 -0.2567700
v -2.3859100 3.6601899 2.5397999
vn 3.0255234 0.7867604 -0.0641703
v -2.3852899 3.6601899 2.5690200
vn 5.6936598 2.5730891 -0.2419513
v -2.4056699 3.7161701 2.5406299
vn 2.8494303 1.2865996 -0.0602913
v -2.4050701 3.7161701 2.5690200
vn 5.1786928 3.4987466 -0.2203532
v -2.4346001 3.7679899 2.5418599
vn 2.5916982 1.7492849 -0.0552771
v -2.4340200 3.7679899 2.5690200
vn 4.5149698 4.3241792 -0.1917528
v -2.4718599 3.8141799 2.5434499
vn 2.2594817 2.1621852 -0.0477167
v -2.4713199 3.8141799 2.5690200
vn 3.7209625 5.0262866 -0.1579662
v -2.5163801 3.8533998 2.5453401
vn 1.8621535 2.5131786 -0.0393595
v -2.5158801 3.8533998 2.5690200
vn 2.8201706 5.5842309 -0.1198482
v -2.5668900 3.8845201 2.5474799
vn 1.4114070 2.7920649 -0.0301361
v -2.5664301 3.8845201 2.5690200
vn 1.8379328 5.9818454 -0.0780625
v -2.6219201 3.9066601 2.5498199
vn 0.9198214 2.9908991 -0.0196543
v -2.6215100 3.9066601 2.5690200
vn 0.8009859 6.2080131 -0.0339933
v -2.6798999 3.9191699 2.5522799
vn 0.4009530 3.1039801 -0.0086258
v -2.6795399 3.9191699 2.5690200
vn -0.2589889 6.2555137 0.0110249
v -2.7391601 3.9216800 2.5548000
vn -0.1294256 3.1277723 0.0028098
v -2.7388501 3.9216800 2.5690200
vn -1.3111551 6.1229300 0.0554429
v -2.7979901 3.9141397 2.5572999
vn -0.6560884 3.0614936 0.0140071
v -2.7977400 3.9141397 2.5690200
vn -2.3265905 5.8139906 0.0987439
v -2.8547001 3.8967600 2.5597100
vn -1.1642816 2.9070516 0.0250026
v -2.8545001 3.8967600 2.5690200
vn -3.2759302 5.3371491 0.1392636
v -2.9076600 3.8700399 2.5619600
vn -1.6394202 2.6685891 0.0347523
v -2.9075100 3.8700399 2.5690200
vn -4.1312537 4.7064323 0.1724662
v -2.9553399 3.8347402 2.5639799
vn -2.0675156 2.3529007 0.0410380
v -2.9552400 3.8347402 2.5690200
vn -4.8675275 3.9392982 0.2070051
v -2.9963801 3.7918799 2.5657299
vn -2.4360771 1.9695241 0.0518990
v -2.9963100 3.7918799 2.5690200
vn -5.4630346 3.0595245 0.2467332
v -3.0295901 3.7426901 2.5671399
vn -2.7341430 1.5295588 0.0582797
v -3.0295501 3.7426901 2.5690200
vn -5.9015965 2.0891593 0.2439607
v -3.0540299 3.6886001 2.5681798
vn -5.9231529 -1.0581416 1.7369841
v -3.0691900 3.5128500 2.5675499
vn -5.6479340 -2.0907686 1.7322623
v -3.0548799 3.4554000 2.5631700
vn -4.1198072 -4.7064104 0.3529295
v -2.9556601 3.3092599 2.5589499
vn -3.2670062 -5.3371754 0.2783966
v -2.9081099 3.2739599 2.5549099
vn -2.3200932 -5.8141432 0.1974284
v -2.8552899 3.2472401 2.5504100
vn -5.4471040 -3.0583467 0.4777715
v -3.0297201 3.4013100 2.5652599
vn -1.3073149 -6.1230493 0.1112928
v -2.7987299 3.2298601 2.5455999
vn -0.2580249 -6.2555380 0.0219390
v -2.7400601 3.2223201 2.5406001
vn -4.8542714 -3.9393919 0.4137951
v -2.9965899 3.3521199 2.5624399
vn 0.7990425 -6.2079506 -0.0680169
v -2.6809599 3.2248299 2.5355699
vn 1.8330233 -5.9817934 -0.1560747
v -2.6231401 3.2373400 2.5306499
vn 2.8126175 -5.5841928 -0.2391407
v -2.5682600 3.2594800 2.5259800
vn 3.7108774 -5.0263362 -0.3159676
v -2.5178900 3.2906001 2.5216899
vn 4.5028300 -4.3241272 -0.3834015
v -2.4734900 3.3298199 2.5179100
vn 5.1646605 -3.4987333 -0.4399118
v -2.4363301 3.3760099 2.5147500
vn 5.6782522 -2.5732257 -0.4837868
v -2.4074800 3.4278300 2.5123000
vn 6.0291805 -1.5735055 -0.5133747
v -2.3877699 3.4838099 2.5106199
vn 6.2071981 -0.5293356 -0.5282210
v -2.3777800 3.5423200 2.5097699
vn 6.2071767 0.5293869 -0.5283598
v -2.3777800 3.6016800 2.5097699
vn 6.0291681 1.5734992 -0.5134303
v -2.3877699 3.6601899 2.5106199
vn 5.6782799 2.5731616 -0.4837392
v -2.4074800 3.7161701 2.5123000
vn 5.1646667 3.4987335 -0.4399252
v -2.4363301 3.7679899 2.5147500
vn 4.5028062 4.3241587 -0.3833619
v -2.4734900 3.8141799 2.5179100
vn 3.7109468 5.0262923 -0.3159671
v -2.5178900 3.8533998 2.5216899
vn 2.8125198 5.5842414 -0.2391828
v -2.5682600 3.8845201 2.5259800
vn 1.8330624 5.9817739 -0.1561604
v -2.6231401 3.9066601 2.5306499
vn 0.7990351 6.2079549 -0.0680369
v -2.6809599 3.9191699 2.5355699
vn -0.2580200 6.2555366 0.0219510
v -2.7400601 3.9216800 2.5406001
vn -1.3073306 6.1230474 0.1112872
v -2.7987299 3.9141397 2.5455999
vn -2.3200693 5.8141551 0.1973711
v -2.8552899 3.8967600 2.5504100
vn -3.2669752 5.3372035 0.2784184
v -2.9081099 3.8700399 2.5549099
vn -4.1199193 4.7063112 0.3529831
v -2.9556601 3.8347402 2.5589499
vn -4.8541160 3.9396200 0.4135626
v -2.9965899 3.7918799 2.5624399
vn -5.4473863 3.0578897 0.4776760
v -3.0297201 3.7426901 2.5652599
vn -1.3017439 6.1229062 0.1668247
v -2.7999799 3.9141397 2.5339301
vn -6.1746154 1.0604936 0.1472815
v -3.0689700 3.6311500 2.5688100
vn -2.9537728 1.0452074 0.0703265
v -3.0540099 3.6886001 2.5690200
vn -3.0852506 0.5289376 0.0000000
v -3.0689700 3.6311500 2.5690200
vn -6.1510820 1.0623382 0.5854590
v -3.0689800 3.6311500 2.5685999
vn -5.8336134 -1.0623103 2.0359461
v -3.0692501 3.5128500 2.5673499
vn -5.5643268 -2.0898936 1.9830012
v -3.0551500 3.4554000 2.5623600
vn -4.1017127 -4.7057228 0.5249008
v -2.9562001 3.3092599 2.5539401
vn -3.2525816 -5.3369994 0.4154251
v -2.9088600 3.2739599 2.5478799
vn -2.3096449 -5.8140674 0.2962087
v -2.8562801 3.2472401 2.5411398
vn -5.4258742 -3.0578618 0.6802275
v -3.0299201 3.4013100 2.5633800
vn -1.3017677 -6.1228995 0.1668179
v -2.7999799 3.2298601 2.5339301
vn -0.2569619 -6.2555289 0.0329653
v -2.7415700 3.2223201 2.5264599
vn -4.8320217 -3.9396446 0.6206469
v -2.9969399 3.3521199 2.5591600
vn 0.7952327 -6.2080007 -0.1019912
v -2.6827400 3.2248299 2.5189199
vn 1.8245938 -5.9818959 -0.2337400
v -2.6251800 3.2373400 2.5115499
vn 2.7999070 -5.5841475 -0.3585007
v -2.5705400 3.2594800 2.5045500
vn 3.6941004 -5.0263557 -0.4731334
v -2.5204000 3.2906001 2.4981298
vn 4.4826880 -4.3240533 -0.5734473
v -2.4762001 3.3298199 2.4924700
vn 5.1414309 -3.4987500 -0.6583481
v -2.4392099 3.3760099 2.4877400
vn 5.6527448 -2.5731032 -0.7237540
v -2.4104900 3.4278300 2.4840600
vn 6.0019422 -1.5737758 -0.7689453
v -2.3908701 3.4838099 2.4815500
vn 6.1791224 -0.5294729 -0.7910180
v -2.3809199 3.5423200 2.4802699
vn 6.1791062 0.5296057 -0.7909440
v -2.3809199 3.6016800 2.4802699
vn 6.0020132 1.5735449 -0.7688434
v -2.3908701 3.6601899 2.4815500
vn 5.6526990 2.5732310 -0.7237093
v -2.4104900 3.7161701 2.4840600
vn 5.1415191 3.4986393 -0.6583257
v -2.4392099 3.7679899 2.4877400
vn 4.4825120 4.3242307 -0.5734828
v -2.4762001 3.8141799 2.4924700
vn 3.6942301 5.0262365 -0.4732763
v -2.5204000 3.8533998 2.4981298
vn 2.7998674 5.5841732 -0.3584384
v -2.5705400 3.8845201 2.5045500
vn 1.8245826 5.9818964 -0.2336551
v -2.6251800 3.9066601 2.5115499
vn 0.7952639 6.2079959 -0.1020092
v -2.6827400 3.9191699 2.5189199
vn -0.2569726 6.2555261 0.0329425
v -2.7415700 3.9216800 2.5264599
vn -2.3097394 5.8140221 0.2962232
v -2.8562801 3.8967600 2.5411398
vn -3.2524664 5.3370781 0.4152648
v -2.9088600 3.8700399 2.5478799
vn -4.1017146 4.7057285 0.5249085
v -2.9562001 3.8347402 2.5539401
vn -4.8322182 3.9393704 0.6207232
v -2.9969399 3.7918799 2.5591600
vn -5.4256740 3.0582194 0.6799073
v -3.0299201 3.7426901 2.5633800
vn -1.2932682 6.1230221 0.2216055
v -2.8017101 3.9141397 2.5223401
vn -5.8873191 2.0904634 0.4893654
v -3.0540800 3.6886001 2.5673299
vn -6.1102858 1.0567448 0.8539516
v -3.0690100 3.6311500 2.5683899
vn -5.7295489 -1.0575345 2.2914214
v -3.0693300 3.5128500 2.5671499
vn -5.4821472 -2.0892665 2.1995876
v -3.0554500 3.4554000 2.5615699
vn -4.0755930 -4.7065811 0.6970408
v -2.9569399 3.3092599 2.5489500
vn -3.2320492 -5.3372264 0.5522261
v -2.9099000 3.2739599 2.5408900
vn -2.2950897 -5.8140373 0.3937012
v -2.8576601 3.2472401 2.5319300
vn -5.3920250 -3.0593829 0.9131613
v -3.0301900 3.4013100 2.5615098
vn -1.2933080 -6.1230092 0.2216195
v -2.8017101 3.2298601 2.5223401
vn -0.2553672 -6.2555261 0.0437967
v -2.7436800 3.2223201 2.5123799
vn -4.8010278 -3.9395268 0.8270702
v -2.9974301 3.3521199 2.5558999
vn 0.7902313 -6.2079930 -0.1355522
v -2.6852200 3.2248299 2.5023599
vn 1.8131399 -5.9818082 -0.3108786
v -2.6280200 3.2373400 2.4925499
vn 2.7821908 -5.5841713 -0.4770056
v -2.5737300 3.2594800 2.4832499
vn 3.6705329 -5.0265026 -0.6296978
v -2.5239100 3.2906001 2.4747000
vn 4.4541650 -4.3239927 -0.7633190
v -2.4799800 3.3298199 2.4671700
vn 5.1089478 -3.4986348 -0.8757216
v -2.4432299 3.3760099 2.4608700
vn 5.6169939 -2.5729692 -0.9626045
v -2.4146900 3.4278300 2.4559801
vn 5.9640079 -1.5736895 -1.0225739
v -2.3952000 3.4838099 2.4526300
vn 6.1399789 -0.5296276 -1.0525806
v -2.3853099 3.5423200 2.4509399
vn 6.1399713 0.5296719 -1.0525756
v -2.3853099 3.6016800 2.4509399
vn 5.9640431 1.5735524 -1.0226167
v -2.3952000 3.6601899 2.4526300
vn 5.6169252 2.5731118 -0.9626518
v -2.4146900 3.7161701 2.4559801
vn 5.1089878 3.4985497 -0.8758279
v -2.4432299 3.7679899 2.4608700
vn 4.4540410 4.3241181 -0.7632876
v -2.4799800 3.8141799 2.4671700
vn 3.6706986 5.0263848 -0.6295916
v -2.5239100 3.8533998 2.4747000
vn 2.7821441 5.5841951 -0.4770428
v -2.5737300 3.8845201 2.4832499
vn 1.8131189 5.9818096 -0.3109314
v -2.6280200 3.9066601 2.4925499
vn 0.7902431 6.2079930 -0.1355207
v -2.6852200 3.9191699 2.5023599
vn -0.2553762 6.2555227 0.0438168
v -2.7436800 3.9216800 2.5123799
vn -2.2952127 5.8139801 0.3937198
v -2.8576601 3.8967600 2.5319300
vn -3.2318921 5.3373027 0.5523174
v -2.9099000 3.8700399 2.5408900
vn -4.0755067 4.7066689 0.6970611
v -2.9569399 3.8347402 2.5489500
vn -4.8013053 3.9391685 0.8271755
v -2.9974301 3.7918799 2.5558999
vn -5.3916855 3.0598376 0.9135122
v -3.0301900 3.7426901 2.5615098
vn -1.2828903 6.1229424 0.2763672
v -2.8039401 3.9141397 2.5108199
vn -5.8611531 2.0890279 0.7325600
v -3.0541701 3.6886001 2.5664899
vn -6.0957389 1.0608882 0.9970476
v -3.0690401 3.6311500 2.5681701
vn -5.6615682 -1.0607934 2.4715340
v -3.0694101 3.5128500 2.5669498
vn -5.3843694 -2.0903351 2.4308369
v -3.0557799 3.4554000 2.5607901
vn -4.0412531 -4.7064962 0.8739420
v -2.9579000 3.3092599 2.5439999
vn -3.2051139 -5.3373108 0.6910621
v -2.9112401 3.2739599 2.5339499
vn -2.2766340 -5.8139353 0.4901108
v -2.8594301 3.2472401 2.5227799
vn -5.3436146 -3.0590026 1.1618650
v -3.0305500 3.4013100 2.5596600
vn -1.2828710 -6.1229453 0.2763764
v -2.8039401 3.2298601 2.5108199
vn -0.2532931 -6.2555256 0.0545809
v -2.7463801 3.2223201 2.4984200
vn -4.7626638 -3.9388223 1.0265148
v -2.9980600 3.3521199 2.5526600
vn 0.7837809 -6.2079978 -0.1688273
v -2.6884000 3.2248299 2.4859200
vn 1.7981938 -5.9818969 -0.3875596
v -2.6316700 3.2373400 2.4737000
vn 2.7593980 -5.5841208 -0.5948359
v -2.5778201 3.2594800 2.4620900
vn 3.6406610 -5.0264530 -0.7845739
v -2.5284100 3.2906001 2.4514399
vn 4.4174919 -4.3242512 -0.9521463
v -2.4848399 3.3298199 2.4420500
vn 5.0672784 -3.4986360 -1.0916195
v -2.4483900 3.3760099 2.4341900
vn 5.5710306 -2.5728807 -1.2004396
v -2.4200799 3.4278300 2.4280999
vn 5.9150863 -1.5735911 -1.2753341
v -2.4007499 3.4838099 2.4239299
vn 6.0895548 -0.5296658 -1.3128567
v -2.3909400 3.5423200 2.4218199
vn 6.0895534 0.5296887 -1.3128415
v -2.3909400 3.6016800 2.4218199
vn 5.9151621 1.5734284 -1.2752515
v -2.4007499 3.6601899 2.4239299
vn 5.5710402 2.5729902 -1.2002583
v -2.4200799 3.7161701 2.4280999
vn 5.0671940 3.4987690 -1.0915543
v -2.4483900 3.7679899 2.4341900
vn 4.4175811 4.3241339 -0.9522039
v -2.4848399 3.8141799 2.4420500
vn 3.6406050 5.0264888 -0.7846192
v -2.5284100 3.8533998 2.4514399
vn 2.7594557 5.5840883 -0.5948520
v -2.5778201 3.8845201 2.4620900
vn 1.7981933 5.9819064 -0.3874609
v -2.6316700 3.9066601 2.4737000
vn 0.7837610 6.2080035 -0.1688384
v -2.6884000 3.9191699 2.4859200
vn -0.2532948 6.2555227 0.0545709
v -2.7463801 3.9216800 2.4984200
vn -2.2765520 5.8139625 0.4901597
v -2.8594301 3.8967600 2.5227799
vn -3.2050865 5.3373332 0.6911312
v -2.9112401 3.8700399 2.5339499
vn -4.0414338 4.7063580 0.8738553
v -2.9579000 3.8347402 2.5439999
vn -4.7625060 3.9390380 1.0264205
v -2.9980600 3.7918799 2.5526600
vn -5.3437629 3.0587766 1.1618490
v -3.0305500 3.7426901 2.5596600
vn -1.2697930 6.1230173 0.3307221
v -2.8066499 3.9141397 2.4994099
vn -5.8222837 2.0913868 1.0039427
v -3.0542901 3.6886001 2.5656500
vn -6.0330906 1.0607692 1.3257999
v -3.0690801 3.6311500 2.5679600
vn -4.5193949 -3.9397159 1.8194584
v -3.0019100 3.3521199 2.5400600
vn -3.7678776 -4.7059655 1.7033657
v -2.9657800 3.3092599 2.5201099
vn -3.8362842 -4.7063513 1.5428240
v -2.9638000 3.3092599 2.5247400
vn -4.0014205 -4.7060318 1.0423799
v -2.9590700 3.3092599 2.5390999
vn -3.1724055 -5.3373241 0.8278459
v -2.9128799 3.2739599 2.5270700
vn -2.2536163 -5.8140717 0.5862584
v -2.8615801 3.2472401 2.5137200
vn -5.2919827 -3.0579691 1.3773648
v -3.0309901 3.4013100 2.5578299
vn -1.2697498 -6.1230283 0.3307112
v -2.8066499 3.2298601 2.4994099
vn -0.2506785 -6.2555313 0.0652849
v -2.7496700 3.2223201 2.4845800
vn -4.7149062 -3.9395168 1.2268947
v -2.9988201 3.3521199 2.5494499
vn 0.7760102 -6.2079716 -0.2019400
v -2.6922700 3.2248299 2.4696300
vn 1.7803208 -5.9817657 -0.4635927
v -2.6361101 3.2373400 2.4550099
vn 2.7315164 -5.5842724 -0.7114313
v -2.5828099 3.2594800 2.4411299
vn 3.6042407 -5.0264001 -0.9379494
v -2.5338900 3.2906001 2.4283900
vn 4.3730178 -4.3243752 -1.1387060
v -2.4907601 3.3298199 2.4171600
vn 5.0163779 -3.4985065 -1.3055398
v -2.4546700 3.3760099 2.4077599
vn 5.5150604 -2.5727000 -1.4360347
v -2.4266500 3.4278300 2.4004700
vn 5.8559866 -1.5733376 -1.5247666
v -2.4075201 3.4838099 2.3954899
vn 6.0284629 -0.5296987 -1.5701487
v -2.3978100 3.5423200 2.3929598
vn 6.0284905 0.5296306 -1.5700914
v -2.3978100 3.6016800 2.3929598
vn 5.8559217 1.5734408 -1.5249254
v -2.4075201 3.6601899 2.3954899
vn 5.5150928 2.5725200 -1.4362872
v -2.4266500 3.7161701 2.4004700
vn 5.0162230 3.4987714 -1.3054502
v -2.4546700 3.7679899 2.4077599
vn 4.3732171 4.3241825 -1.1386647
v -2.4907601 3.8141799 2.4171600
vn 3.6040633 5.0265493 -0.9378387
v -2.5338900 3.8533998 2.4283900
vn 2.7316356 5.5841842 -0.7115495
v -2.5828099 3.8845201 2.4411299
vn 1.7803013 5.9817700 -0.4636752
v -2.6361101 3.9066601 2.4550099
vn 0.7759750 6.2079830 -0.2019002
v -2.6922700 3.9191699 2.4696300
vn -0.2506673 6.2555289 0.0652906
v -2.7496700 3.9216800 2.4845800
vn -2.2534671 5.8141408 0.5861801
v -2.8615801 3.8967600 2.5137200
vn -3.1726236 5.3372130 0.8277930
v -2.9128799 3.8700399 2.5270700
vn -4.0013676 4.7060623 1.0423745
v -2.9590700 3.8347402 2.5390999
vn -4.7148671 3.9395535 1.2269083
v -2.9988201 3.7918799 2.5494499
vn -5.2921047 3.0578189 1.3771731
v -3.0309901 3.7426901 2.5578299
vn -1.2548138 6.1229143 0.3845135
v -2.8098500 3.9141397 2.4881299
vn -2.2263718 5.8141093 0.6821349
v -2.8641200 3.8967600 2.5047500
vn -5.7718077 2.0884070 1.2522680
v -3.0544600 3.6886001 2.5648100
vn -5.9654908 1.0594481 1.5954940
v -3.0691299 3.6311500 2.5677600
vn -5.2695179 -2.0896962 2.6698146
v -3.0561500 3.4554000 2.5600200
vn -5.4694347 -1.0623218 2.8737972
v -3.0695000 3.5128500 2.5667601
vn -3.9539204 -4.7063589 1.2099303
v -2.9604399 3.3092599 2.5342500
vn -3.1349149 -5.3371344 0.9606931
v -2.9148099 3.2739599 2.5202699
vn -5.2312264 -3.0588930 1.5939027
v -3.0315001 3.4013100 2.5560100
vn -2.2263856 -5.8141041 0.6821410
v -2.8641200 3.2472401 2.5047500
vn -1.2548006 -6.1229162 0.3844650
v -2.8098500 3.2298601 2.4881299
vn -4.6589518 -3.9388993 1.4248749
v -2.9997201 3.3521199 2.5462799
vn -0.2478506 -6.2555170 0.0758692
v -2.7535501 3.2223201 2.4708900
vn 0.7667314 -6.2079539 -0.2349248
v -2.6968300 3.2248299 2.4535201
vn 1.7588607 -5.9819088 -0.5386814
v -2.6413500 3.2373400 2.4365299
vn 2.6990018 -5.5842848 -0.8262210
v -2.5886800 3.2594800 2.4203999
vn 3.5610490 -5.0263133 -1.0903438
v -2.5403399 3.2906001 2.4055901
vn 4.3208804 -4.3242640 -1.3233380
v -2.4977300 3.3298199 2.3925500
vn 4.9560981 -3.4985492 -1.5181036
v -2.4620700 3.3760099 2.3816199
vn 5.4491405 -2.5728552 -1.6690224
v -2.4343901 3.4278300 2.3731499
vn 5.7861023 -1.5733558 -1.7711058
v -2.4154799 3.4838099 2.3673599
vn 5.9567389 -0.5295706 -1.8234199
v -2.4058900 3.5423200 2.3644199
vn 5.9567204 0.5295312 -1.8235050
v -2.4058900 3.6016800 2.3644199
vn 5.7860217 1.5736018 -1.7710875
v -2.4154799 3.6601899 2.3673599
vn 5.4491887 2.5726440 -1.6691017
v -2.4343901 3.7161701 2.3731499
vn 4.9560995 3.4985263 -1.5181688
v -2.4620700 3.7679899 2.3816199
vn 4.3208942 4.3242598 -1.3233416
v -2.4977300 3.8141799 2.3925500
vn 3.5610607 5.0263195 -1.0903409
v -2.5403399 3.8533998 2.4055901
vn 2.6989694 5.5843287 -0.8260213
v -2.5886800 3.8845201 2.4203999
vn 1.7588763 5.9818916 -0.5387161
v -2.6413500 3.9066601 2.4365299
vn 0.7667447 6.2079492 -0.2350042
v -2.6968300 3.9191699 2.4535201
vn -0.2478373 6.2555180 0.0758822
v -2.7535501 3.9216800 2.4708900
vn -3.1349742 5.3370929 0.9607134
v -2.9148099 3.8700399 2.5202699
vn -3.9538622 4.7063956 1.2099158
v -2.9604399 3.8347402 2.5342500
vn -4.6589985 3.9388506 1.4248228
v -2.9997201 3.7918799 2.5462799
vn -5.2310357 3.0590868 1.5941263
v -3.0315001 3.7426901 2.5560100
vn -5.7229886 2.0904844 1.4645184
v -3.0546501 3.6886001 2.5639899
vn -5.9231596 1.0586598 1.7364737
v -3.0691900 3.6311500 2.5675499
vn -5.1520219 -2.0899653 2.8899496
v -3.0565500 3.4554000 2.5592699
vn -5.3642497 -1.0561668 3.0432882
v -3.0696101 3.5128500 2.5665700
vn -3.8987656 -4.7061868 1.3773847
v -2.9620199 3.3092599 2.5294600
vn -3.0920258 -5.3371181 1.0911435
v -2.9170201 3.2739599 2.5135601
vn -5.1552768 -3.0589705 1.8240004
v -3.0320899 3.4013100 2.5542200
vn -2.1955121 -5.8140397 0.7759753
v -2.8670399 3.2472401 2.4958999
vn -1.2372880 -6.1229763 0.4370770
v -2.8135200 3.2298601 2.4769900
vn -4.5954542 -3.9392302 1.6182561
v -3.0007501 3.3521199 2.5431399
vn -0.2442305 -6.2555332 0.0862151
v -2.7579999 3.2223201 2.4573700
vn 0.7558042 -6.2080293 -0.2671707
v -2.7020800 3.2248299 2.4376199
vn 1.7345639 -5.9818382 -0.6125875
v -2.6473601 3.2373400 2.4182799
vn 2.6616106 -5.5841451 -0.9400119
v -2.5954201 3.2594800 2.3999300
vn 3.5115776 -5.0263414 -1.2407868
v -2.5477600 3.2906001 2.3830900
vn 4.2607369 -4.3241959 -1.5058321
v -2.5057399 3.3298199 2.3682499
vn 4.8872957 -3.4986346 -1.7270889
v -2.4705801 3.3760099 2.3558199
vn 5.3732629 -2.5728898 -1.8989563
v -2.4432800 3.4278300 2.3461800
vn 5.7051029 -1.5736585 -2.0163112
v -2.4246299 3.4838099 2.3395898
vn 5.8735280 -0.5295405 -2.0755150
v -2.4151700 3.5423200 2.3362501
vn 5.8735223 0.5295922 -2.0755026
v -2.4151700 3.6016800 2.3362501
vn 5.7051673 1.5735742 -2.0161901
v -2.4246299 3.6601899 2.3395898
vn 5.3733454 2.5729234 -1.8986857
v -2.4432800 3.7161701 2.3461800
vn 4.8872676 3.4986739 -1.7270770
v -2.4705801 3.7679899 2.3558199
vn 4.2607818 4.3241229 -1.5059155
v -2.5057399 3.8141799 2.3682499
vn 3.5115969 5.0263453 -1.2407820
v -2.5477600 3.8533998 2.3830900
vn 2.6615427 5.5841689 -0.9401062
v -2.5954201 3.8845201 2.3999300
vn 1.7345167 5.9818583 -0.6124879
v -2.6473601 3.9066601 2.4182799
vn 0.7558861 6.2080183 -0.2671438
v -2.7020800 3.9191699 2.4376199
vn -0.2442326 6.2555327 0.0862016
v -2.7579999 3.9216800 2.4573700
vn -1.2372953 6.1229820 0.4370531
v -2.8135200 3.9141397 2.4769900
vn -2.1956143 5.8139930 0.7759765
v -2.8670399 3.8967600 2.4958999
vn -3.0918972 5.3372002 1.0910920
v -2.9170201 3.8700399 2.5135601
vn -3.8988945 4.7060466 1.3774770
v -2.9620199 3.8347402 2.5294600
vn -4.5952396 3.9394722 1.6182690
v -3.0007501 3.7918799 2.5431399
vn -5.1553488 3.0588810 1.8240043
v -3.0320899 3.7426901 2.5542200
vn -5.6480465 2.0904934 1.7322818
v -3.0548799 3.6886001 2.5631700
vn -5.8333292 1.0625918 2.0365524
v -3.0692501 3.6311500 2.5673499
vn -5.0248899 -2.0899827 3.1057584
v -3.0569801 3.4554000 2.5585399
vn -5.2765670 -1.0617532 3.2142847
v -3.0697100 3.5128500 2.5663900
vn -3.0420914 -5.3374314 1.2227963
v -2.9195101 3.2739599 2.5069499
vn -5.0720887 -3.0588570 2.0437877
v -3.0327599 3.4013100 2.5524499
vn -2.1605461 -5.8140931 0.8684261
v -2.8703301 3.2472401 2.4871800
vn -1.2177422 -6.1229444 0.4891299
v -2.8176601 3.2298601 2.4660199
vn -0.2402121 -6.2555428 0.0965895
v -2.7630200 3.2223201 2.4440598
vn 0.7440230 -6.2079868 -0.2988611
v -2.7079899 3.2248299 2.4219499
vn 1.7069360 -5.9818273 -0.6858629
v -2.6541400 3.2373400 2.4003100
vn 2.6188955 -5.5842476 -1.0528327
v -2.6030300 3.2594800 2.3797700
vn 3.4560719 -5.0261402 -1.3884146
v -2.5561199 3.2906001 2.3609300
vn 4.1929822 -4.3243484 -1.6852856
v -2.5147800 3.3298199 2.3443100
vn 4.8096757 -3.4985929 -1.9324855
v -2.4801700 3.3760099 2.3304000
vn 5.2882462 -2.5726783 -2.1246927
v -2.4533100 3.4278300 2.3196099
vn 5.6146431 -1.5736589 -2.2565367
v -2.4349601 3.4838099 2.3122399
vn 5.7802954 -0.5296242 -2.3230376
v -2.4256501 3.5423200 2.3085001
vn 5.7802920 0.5296561 -2.3230288
v -2.4256501 3.6016800 2.3085001
vn 5.6146655 1.5735201 -2.2566025
v -2.4349601 3.6601899 2.3122399
vn 5.2881317 2.5727897 -2.1248763
v -2.4533100 3.7161701 2.3196099
vn 4.8095908 3.4986813 -1.9325074
v -2.4801700 3.7679899 2.3304000
vn 4.1931553 4.3241801 -1.6852906
v -2.5147800 3.8141799 2.3443100
vn 3.4558463 5.0262914 -1.3884333
v -2.5561199 3.8533998 2.3609300
vn 2.6190681 5.5841403 -1.0529268
v -2.6030300 3.8845201 2.3797700
vn 1.7068785 5.9818554 -0.6858238
v -2.6541400 3.9066601 2.4003100
vn 0.7439962 6.2079930 -0.2988614
v -2.7079899 3.9191699 2.4219499
vn -0.2402365 6.2555375 0.0965629
v -2.7630200 3.9216800 2.4440598
vn -1.2176856 6.1229596 0.4891045
v -2.8176601 3.9141397 2.4660199
vn -2.1605506 5.8140783 0.8685328
v -2.8703301 3.8967600 2.4871800
vn -3.0420508 5.3374481 1.2228414
v -2.9195101 3.8700399 2.5069499
vn -3.8362648 4.7063594 1.5428540
v -2.9638000 3.8347402 2.5247400
vn -4.5194135 3.9396837 1.8195009
v -3.0019100 3.7918799 2.5400600
vn -5.0722017 3.0587749 2.0436268
v -3.0327599 3.7426901 2.5524499
vn -5.5643692 2.0896351 1.9831064
v -3.0551500 3.6886001 2.5623600
vn -5.7297258 1.0575825 2.2909529
v -3.0693300 3.6311500 2.5671499
vn -4.8884039 -2.0897653 3.3166504
v -3.0574400 3.4554000 2.5578299
vn -5.1337094 -1.0571163 3.4240835
v -3.0698299 3.5128500 2.5662100
vn -2.9880965 -5.3369327 1.3502473
v -2.9222901 3.2739599 2.5004499
vn -2.1219780 -5.8139729 0.9591718
v -2.8739901 3.2472401 2.4786100
vn -4.9831290 -3.0584166 2.2521045
v -3.0335000 3.4013100 2.5507200
vn -1.1956208 -6.1230264 0.5404738
v -2.8222599 3.2298601 2.4552300
vn -0.2362190 -6.2555146 0.1067788
v -2.7686100 3.2223201 2.4309800
vn -4.4385486 -3.9387896 2.0087938
v -3.0032101 3.3521199 2.5370300
vn 0.7306134 -6.2079916 -0.3302291
v -2.7145600 3.2248299 2.4065499
vn 1.6763433 -5.9818158 -0.7576929
v -2.6616800 3.2373400 2.3826399
vn 2.5719540 -5.5843167 -1.1628652
v -2.6114900 3.2594800 2.3599598
vn 3.3935227 -5.0262470 -1.5344044
v -2.5654199 3.2906001 2.3391299
vn 4.1180930 -4.3241425 -1.8612324
v -2.5248201 3.3298199 2.3207800
vn 4.7229829 -3.4987721 -2.1353681
v -2.4908299 3.3760099 2.3054199
vn 5.1929579 -2.5726581 -2.3476155
v -2.4644501 3.4278300 2.2934899
vn 5.5138793 -1.5735263 -2.4923952
v -2.4464300 3.4838099 2.2853498
vn 5.6765571 -0.5296517 -2.5657489
v -2.4372900 3.5423200 2.2812099
vn 5.6765437 0.5296931 -2.5657592
v -2.4372900 3.6016800 2.2812099
vn 5.5138454 1.5735132 -2.4924614
v -2.4464300 3.6601899 2.2853498
vn 5.1929741 2.5726595 -2.3475583
v -2.4644501 3.7161701 2.2934899
vn 4.7231374 3.4986625 -2.1352274
v -2.4908299 3.7679899 2.3054199
vn 4.1179228 4.3243089 -1.8612212
v -2.5248201 3.8141799 2.3207800
vn 3.3936415 5.0261436 -1.5344461
v -2.5654199 3.8533998 2.3391299
vn 2.5720165 5.5843167 -1.1627479
v -2.6114900 3.8845201 2.3599598
vn 1.6762847 5.9818273 -0.7577341
v -2.6616800 3.9066601 2.3826399
vn 0.7306089 6.2079935 -0.3302243
v -2.7145600 3.9191699 2.4065499
vn -0.2361999 6.2555118 0.1068251
v -2.7686100 3.9216800 2.4309800
vn -1.1956251 6.1230283 0.5404631
v -2.8222599 3.9141397 2.4552300
vn -2.1220427 5.8139672 0.9590405
v -2.8739901 3.8967600 2.4786100
vn -2.9880912 5.3369589 1.3501686
v -2.9222901 3.8700399 2.5004499
vn -3.7678821 4.7059798 1.7033336
v -2.9657800 3.8347402 2.5201099
vn -4.4386482 3.9386983 2.0087655
v -3.0032101 3.7918799 2.5370300
vn -4.9830375 3.0584707 2.2522213
v -3.0335000 3.7426901 2.5507200
vn -2.0794473 5.8140821 1.0478981
v -2.8780000 3.8967600 2.4702098
vn -2.9277914 5.3375216 1.4754810
v -2.9253299 3.8700399 2.4940701
vn -5.4821835 2.0893717 2.1993101
v -3.0554500 3.6886001 2.5615699
vn -5.6613789 1.0613217 2.4716663
v -3.0694101 3.6311500 2.5669498
vn -4.7586222 -2.0886042 3.4991846
v -3.0579300 3.4554000 2.5571399
vn -5.0258131 -1.0606062 3.5924797
v -3.0699501 3.5128500 2.5660300
vn -3.6925557 -4.7064233 1.8605719
v -2.9679501 3.3092599 2.5155599
vn -2.9278059 -5.3375320 1.4754121
v -2.9253299 3.2739599 2.4940701
vn -4.8825355 -3.0590336 2.4628842
v -3.0343101 3.4013100 2.5490201
vn -2.0795584 -5.8140640 1.0478096
v -2.8780000 3.2472401 2.4702098
vn -1.1717440 -6.1229410 0.5908756
v -2.8273201 3.2298601 2.4446499
vn -4.3501501 -3.9396505 2.1934876
v -3.0046301 3.3521199 2.5340500
vn -0.2312960 -6.2555323 0.1165838
v -2.7747400 3.2223201 2.4181399
vn 0.7159456 -6.2079997 -0.3608701
v -2.7217801 3.2248299 2.3914399
vn 1.6426015 -5.9818182 -0.8282335
v -2.6699600 3.2373400 2.3653100
vn 2.5207195 -5.5841465 -1.2705421
v -2.6207800 3.2594800 2.3405099
vn 3.3254058 -5.0264511 -1.6768382
v -2.5756400 3.2906001 2.3177600
vn 4.0351963 -4.3241348 -2.0344815
v -2.5358500 3.3298199 2.2976899
vn 4.6284003 -3.4986906 -2.3335941
v -2.5025501 3.3760099 2.2809000
vn 5.0889769 -2.5727494 -2.5656290
v -2.4767001 3.4278300 2.2678699
vn 5.4031115 -1.5737165 -2.7243626
v -2.4590399 3.4838099 2.2589700
vn 5.5626135 -0.5297395 -2.8044398
v -2.4500799 3.5423200 2.2544498
vn 5.5626049 0.5297958 -2.8044329
v -2.4500799 3.6016800 2.2544498
vn 5.4031997 1.5736028 -2.7242541
v -2.4590399 3.6601899 2.2589700
vn 5.0889268 2.5728662 -2.5656087
v -2.4767001 3.7161701 2.2678699
vn 4.6283283 3.4986033 -2.3338616
v -2.5025501 3.7679899 2.2809000
vn 4.0351682 4.3241982 -2.0344014
v -2.5358500 3.8141799 2.2976899
vn 3.3255451 5.0263743 -1.6768056
v -2.5756400 3.8533998 2.3177600
vn 2.5205636 5.5842009 -1.2706217
v -2.6207800 3.8845201 2.3405099
vn 1.6426637 5.9817953 -0.8282459
v -2.6699600 3.9066601 2.3653100
vn 0.7159305 6.2080078 -0.3608363
v -2.7217801 3.9191699 2.3914399
vn -0.2312924 6.2555332 0.1165516
v -2.7747400 3.9216800 2.4181399
vn -1.1717972 6.1229286 0.5909140
v -2.8273201 3.9141397 2.4446499
vn -3.6925268 4.7064571 1.8605418
v -2.9679501 3.8347402 2.5155599
vn -4.3501434 3.9396191 2.1935811
v -3.0046301 3.7918799 2.5340500
vn -4.8825321 3.0590909 2.4628513
v -3.0343101 3.7426901 2.5490201
vn -2.8618629 5.3371429 1.6001701
v -2.9286499 3.8700399 2.4878299
vn -2.0328100 5.8140969 1.1356928
v -2.8823700 3.8967600 2.4619799
vn -5.3842940 2.0902395 2.4310851
v -3.0557799 3.6886001 2.5607901
vn -5.4693036 1.0616908 2.8743792
v -3.0695000 3.6311500 2.5667601
vn -4.6069164 -2.0904758 3.6987376
v -3.0584400 3.4554000 2.5564699
vn -4.7815881 -1.0613996 3.9116204
v -3.0700800 3.5128500 2.5658600
vn -3.6089997 -4.7063365 2.0179298
v -2.9703200 3.3092599 2.5111001
vn -2.8617959 -5.3371758 1.6001538
v -2.9286499 3.2739599 2.4878299
vn -4.7761221 -3.0579960 2.6630297
v -3.0352001 3.4013100 2.5473499
vn -2.0328081 -5.8140855 1.1357282
v -2.8823700 3.2472401 2.4619799
vn -1.1457285 -6.1229663 0.6397801
v -2.8328199 3.2298601 2.4342899
vn -4.2526197 -3.9389720 2.3772235
v -3.0061800 3.3521199 2.5311399
vn -0.2261611 -6.2555299 0.1263235
v -2.7814100 3.2223201 2.4055800
vn 0.7000646 -6.2079611 -0.3910712
v -2.7296300 3.2248299 2.3766499
vn 1.6059891 -5.9818573 -0.8971086
v -2.6789701 3.2373400 2.3483500
vn 2.4642718 -5.5842071 -1.3765961
v -2.6308801 3.2594800 2.3214900
vn 3.2516284 -5.0261979 -1.8160976
v -2.5867500 3.2906001 2.2968299
vn 3.9451697 -4.3242350 -2.2039595
v -2.5478501 3.3298199 2.2751000
vn 4.5250793 -3.4987481 -2.5279648
v -2.5152900 3.3760099 2.2569098
vn 4.9752917 -2.5726624 -2.7791777
v -2.4900100 3.4278300 2.2427900
vn 5.2828460 -1.5736201 -2.9507504
v -2.4727499 3.4838099 2.2331500
vn 5.4386635 -0.5298150 -3.0376463
v -2.4639900 3.5423200 2.2282500
vn 5.4386587 0.5298617 -3.0376365
v -2.4639900 3.6016800 2.2282500
vn 5.2827549 1.5735874 -2.9509184
v -2.4727499 3.6601899 2.2331500
vn 4.9752774 2.5726626 -2.7791939
v -2.4900100 3.7161701 2.2427900
vn 4.5251980 3.4987564 -2.5277321
v -2.5152900 3.7679899 2.2569098
vn 3.9452159 4.3241696 -2.2040176
v -2.5478501 3.8141799 2.2751000
vn 3.2515256 5.0262594 -1.8161268
v -2.5867500 3.8533998 2.2968299
vn 2.4643490 5.5841799 -1.3765469
v -2.6308801 3.8845201 2.3214900
vn 1.6059686 5.9818640 -0.8970969
v -2.6789701 3.9066601 2.3483500
vn 0.7000477 6.2079620 -0.3911253
v -2.7296300 3.9191699 2.3766499
vn -0.2261683 6.2555275 0.1263349
v -2.7814100 3.9216800 2.4055800
vn -1.1456884 6.1229782 0.6397710
v -2.8328199 3.9141397 2.4342899
vn -3.6090102 4.7063270 2.0179224
v -2.9703200 3.8347402 2.5111001
vn -4.2527518 3.9389145 2.3770645
v -3.0061800 3.7918799 2.5311399
vn -4.7760372 3.0582240 2.6629050
v -3.0352001 3.7426901 2.5473499
vn -2.7923098 5.3371873 1.7185550
v -2.9322300 3.8700399 2.4817300
vn -1.9829897 5.8140125 1.2207680
v -2.8870900 3.8967600 2.4539399
vn -5.2695270 2.0897193 2.6698866
v -3.0561500 3.6886001 2.5600200
vn -5.3647122 1.0559683 3.0425777
v -3.0696101 3.6311500 2.5665700
vn -4.4286623 -2.0897233 3.9092700
v -3.0589900 3.4554000 2.5558200
vn -4.5786090 -1.0596249 4.1433392
v -3.0702200 3.5128500 2.5657001
vn -3.5216677 -4.7059774 2.1670420
v -2.9728701 3.3092599 2.5067599
vn -2.7922871 -5.3371825 1.7186080
v -2.9322300 3.2739599 2.4817300
vn -4.6546082 -3.0599031 2.8706288
v -3.0361500 3.4013100 2.5457199
vn -1.9829586 -5.8140178 1.2208091
v -2.8870900 3.2472401 2.4539399
vn -1.1173310 -6.1230040 0.6879866
v -2.8387501 3.2298601 2.4241800
vn -4.1487942 -3.9394059 2.5540895
v -3.0078499 3.3521199 2.5282900
vn -0.2205838 -6.2555294 0.1358223
v -2.7886100 3.2223201 2.3933101
vn 0.6826001 -6.2080126 -0.4204449
v -2.7381101 3.2248299 2.3622100
vn 1.5665109 -5.9817977 -0.9645163
v -2.6886899 3.2373400 2.3317800
vn 2.4036574 -5.5842109 -1.4799378
v -2.6417899 3.2594800 2.3028998
vn 3.1713459 -5.0263000 -1.9527771
v -2.5987401 3.2906001 2.2763999
vn 3.8481617 -4.3241796 -2.3693130
v -2.5608001 3.3298199 2.2530301
vn 4.4140143 -3.4985483 -2.7175412
v -2.5290401 3.3760099 2.2334800
vn 4.8524718 -2.5729539 -2.9886250
v -2.5043900 3.4278300 2.2182999
vn 5.1525693 -1.5736642 -3.1727624
v -2.4875500 3.4838099 2.2079298
vn 5.3042727 -0.5298741 -3.2665896
v -2.4790001 3.5423200 2.2026699
vn 5.3043461 0.5297824 -3.2665038
v -2.4790001 3.6016800 2.2026699
vn 5.1526175 1.5739003 -3.1725578
v -2.4875500 3.6601899 2.2079298
vn 4.8526211 2.5726526 -2.9886436
v -2.5043900 3.7161701 2.2182999
vn 4.4138694 3.4987419 -2.7175651
v -2.5290401 3.7679899 2.2334800
vn 3.8481376 4.3241692 -2.3693583
v -2.5608001 3.8141799 2.2530301
vn 3.1713996 5.0262685 -1.9527714
v -2.5987401 3.8533998 2.2763999
vn 2.4036310 5.5842156 -1.4799658
v -2.6417899 3.8845201 2.3028998
vn 1.5664734 5.9818048 -0.9645109
v -2.6886899 3.9066601 2.3317800
vn 0.6826487 6.2080088 -0.4204243
v -2.7381101 3.9191699 2.3622100
vn -0.2205869 6.2555275 0.1358262
v -2.7886100 3.9216800 2.3933101
vn -1.1173527 6.1230035 0.6879658
v -2.8387501 3.9141397 2.4241800
vn -3.5216215 4.7060080 2.1670468
v -2.9728701 3.8347402 2.5067599
vn -4.1486106 3.9394276 2.5543807
v -3.0078499 3.7918799 2.5282900
vn -4.6545339 3.0598485 2.8708222
v -3.0361500 3.7426901 2.5457199
vn -2.7169816 5.3372593 1.8352996
v -2.9360600 3.8700399 2.4757900
vn -1.9295375 5.8140759 1.3034852
v -2.8921399 3.8967600 2.4461100
vn -5.1521411 2.0898182 2.8899226
v -3.0565500 3.6886001 2.5592699
vn -5.2762327 1.0620267 3.2147145
v -3.0697100 3.6311500 2.5663900
vn -4.4378834 -1.0594484 4.2936630
v -3.0703700 3.5128500 2.5655398
vn -4.2623906 -2.0897508 4.0898957
v -3.0595701 3.4554000 2.5551898
vn -3.4277487 -4.7063203 2.3125486
v -2.9756000 3.3092599 2.5025198
vn -2.7169349 -5.3373113 1.8352416
v -2.9360600 3.2739599 2.4757900
vn -4.5228605 -3.0583973 3.0731890
v -3.0371799 3.4013100 2.5441399
vn -1.9296076 -5.8140545 1.3035189
v -2.8921399 3.2472401 2.4461100
vn -1.0870059 -6.1229820 0.7350429
v -2.8451099 3.2298601 2.4143300
vn -4.0363646 -3.9392009 2.7280862
v -3.0096400 3.3521199 2.5255198
vn -0.2146536 -6.2555265 0.1450805
v -2.7963300 3.2223201 2.3813500
vn 0.6642863 -6.2079873 -0.4489974
v -2.7471900 3.2248299 2.3481400
vn 1.5239743 -5.9818678 -1.0301870
v -2.6991100 3.2373400 2.3156400
vn 2.3387249 -5.5841789 -1.5806106
v -2.6534700 3.2594800 2.2848001
vn 3.0856051 -5.0263138 -2.0855765
v -2.6115899 3.2906001 2.2564900
vn 3.7442050 -4.3242464 -2.5303674
v -2.5746701 3.3298199 2.2315400
vn 4.2946000 -3.4985175 -2.9024444
v -2.5437701 3.3760099 2.2106500
vn 4.7219062 -2.5727489 -3.1910934
v -2.5197899 3.4278300 2.1944399
vn 5.0134716 -1.5735749 -3.3882604
v -2.5034001 3.4838099 2.1833699
vn 5.1609735 -0.5296960 -3.4888229
v -2.4950900 3.5423200 2.1777499
vn 5.1609588 0.5295511 -3.4888928
v -2.4950900 3.6016800 2.1777499
vn 5.0134416 1.5737182 -3.3882689
v -2.5034001 3.6601899 2.1833699
vn 4.7218466 2.5727725 -3.1911590
v -2.5197899 3.7161701 2.1944399
vn 4.2946076 3.4984808 -2.9024818
v -2.5437701 3.7679899 2.2106500
vn 3.7441912 4.3243127 -2.5302665
v -2.5746701 3.8141799 2.2315400
vn 3.0856476 5.0262461 -2.0856709
v -2.6115899 3.8533998 2.2564900
vn 2.3386929 5.5842056 -1.5805579
v -2.6534700 3.8845201 2.2848001
vn 1.5240059 5.9818525 -1.0301995
v -2.6991100 3.9066601 2.3156400
vn 0.6642706 6.2079921 -0.4490060
v -2.7471900 3.9191699 2.3481400
vn -0.2146341 6.2555265 0.1450788
v -2.7963300 3.9216800 2.3813500
vn -1.0870708 6.1229615 0.7350966
v -2.8451099 3.9141397 2.4143300
vn -3.4276361 4.7064691 2.3124061
v -2.9756000 3.8347402 2.5025198
vn -4.0364599 3.9392531 2.7279339
v -3.0096400 3.7918799 2.5255198
vn -4.5230746 3.0580835 3.0732334
v -3.0371799 3.7426901 2.5441399
vn -2.6362069 5.3372912 1.9494151
v -2.9401400 3.8700399 2.4700201
vn -1.8721386 5.8140812 1.3847491
v -2.8975201 3.8967600 2.4384999
vn -5.0249767 2.0898407 3.1056976
v -3.0569801 3.6886001 2.5585399
vn -5.1339588 1.0574468 3.4235561
v -3.0698299 3.6311500 2.5662100
vn -4.2887325 -1.0594232 4.4430451
v -3.0705199 3.5128500 2.5653899
vn -4.0883813 -2.0897169 4.2639503
v -3.0601699 3.4554000 2.5545900
vn -3.3223577 -4.7068925 2.4609399
v -2.9785099 3.3092599 2.4984000
vn -2.6363726 -5.3371997 1.9494084
v -2.9401400 3.2739599 2.4700201
vn -4.4020081 -3.0581226 3.2441812
v -3.0382700 3.4013100 2.5425999
vn -1.8721452 -5.8140931 1.3847136
v -2.8975201 3.2472401 2.4384999
vn -1.0551097 -6.1229167 0.7804131
v -2.8518901 3.2298601 2.4047499
vn -3.9167573 -3.9396732 2.8970912
v -3.0115399 3.3521199 2.5228300
vn -0.2082924 -6.2555294 0.1540191
v -2.8045399 3.2223201 2.3697400
vn 0.6446000 -6.2080007 -0.4767542
v -2.7568600 3.2248299 2.3344700
vn 1.4789486 -5.9818506 -1.0938863
v -2.7102001 3.2373400 2.2999599
vn 2.2694755 -5.5841875 -1.6784723
v -2.6659100 3.2594800 2.2672100
vn 2.9943705 -5.0263472 -2.2145932
v -2.6252701 3.2906001 2.2371500
vn 3.6332619 -4.3241701 -2.6871474
v -2.5894401 3.3298199 2.2106500
vn 4.1673989 -3.4986229 -3.0823412
v -2.5594599 3.3760099 2.1884699
vn 4.5820723 -2.5727320 -3.3886867
v -2.5361800 3.4278300 2.1712599
vn 4.8650975 -1.5735176 -3.5980315
v -2.5202801 3.4838099 2.1594999
vn 5.0086279 -0.5295261 -3.7042022
v -2.5122199 3.5423200 2.1535299
vn 5.0085912 0.5295320 -3.7042511
v -2.5122199 3.6016800 2.1535299
vn 4.8650541 1.5734866 -3.5981092
v -2.5202801 3.6601899 2.1594999
vn 4.5820804 2.5728149 -3.3886046
v -2.5361800 3.7161701 2.1712599
vn 4.1674209 3.4985530 -3.0823822
v -2.5594599 3.7679899 2.1884699
vn 3.6332462 4.3241782 -2.6871653
v -2.5894401 3.8141799 2.2106500
vn 2.9944124 5.0263586 -2.2145150
v -2.6252701 3.8533998 2.2371500
vn 2.2694604 5.5841770 -1.6785159
v -2.6659100 3.8845201 2.2672100
vn 1.4789561 5.9818492 -1.0938725
v -2.7102001 3.9066601 2.2999599
vn 0.6446083 6.2080030 -0.4767434
v -2.7568600 3.9191699 2.3344700
vn -0.2082915 6.2555285 0.1540053
v -2.8045399 3.9216800 2.3697400
vn -1.0551062 6.1229162 0.7804484
v -2.8518901 3.9141397 2.4047499
vn -3.3224370 4.7067175 2.4611785
v -2.9785099 3.8347402 2.4984000
vn -3.9168899 3.9396555 2.8968918
v -3.0115399 3.7918799 2.5228300
vn -4.4021068 3.0583003 3.2438536
v -3.0382700 3.7426901 2.5425999
vn -2.5501997 5.3374548 2.0604544
v -2.9444599 3.8700399 2.4644299
vn -1.8111743 5.8140516 1.4636633
v -2.9032199 3.8967600 2.4311299
vn -4.8883996 2.0897343 3.3166261
v -3.0574400 3.6886001 2.5578299
vn -5.0254521 1.0611743 3.5927491
v -3.0699501 3.6311500 2.5660300
vn -2.8615825 -4.7067013 2.9844387
v -2.9918201 3.3092599 2.4832799
vn -3.5145767 -3.9397769 3.3737903
v -3.0179100 3.3521199 2.5152700
vn -3.3699718 -3.9387457 3.5183380
v -3.0202501 3.3521199 2.5129399
vn -3.2151842 -4.7058811 2.6000540
v -2.9816000 3.3092599 2.4944201
vn -2.5501606 -5.3374090 2.0606058
v -2.9444599 3.2739599 2.4644299
vn -4.2574825 -3.0596435 3.4321554
v -3.0394201 3.4013100 2.5411000
vn -1.8111327 -5.8140750 1.4636108
v -2.9032199 3.2472401 2.4311299
vn -1.0208459 -6.1229935 0.8244340
v -2.8590600 3.2298601 2.3954699
vn -3.7913520 -3.9389188 3.0597827
v -3.0135601 3.3521199 2.5202200
vn -0.2014403 -6.2555399 0.1626863
v -2.8132401 3.2223201 2.3584800
vn 0.6238748 -6.2079864 -0.5036656
v -2.7671001 3.2248299 2.3212199
vn 1.4311522 -5.9818420 -1.1557485
v -2.7219501 3.2373400 2.2847600
vn 2.1959925 -5.5842271 -1.7734185
v -2.6790900 3.2594800 2.2501600
vn 2.8978000 -5.0262332 -2.3396432
v -2.6397600 3.2906001 2.2184000
vn 3.5158136 -4.3242207 -2.8391962
v -2.6050899 3.3298199 2.1904099
vn 4.0325332 -3.4986777 -3.2566268
v -2.5760701 3.3760099 2.1669800
vn 4.4341793 -2.5727885 -3.5800974
v -2.5535500 3.4278300 2.1487899
vn 4.7079601 -1.5734732 -3.8014231
v -2.5381601 3.4838099 2.1363699
vn 4.8465023 -0.5295719 -3.9138336
v -2.5303600 3.5423200 2.1300600
vn 4.8465986 0.5294913 -3.9137385
v -2.5303600 3.6016800 2.1300600
vn 4.7080564 1.5735363 -3.8012969
v -2.5381601 3.6601899 2.1363699
vn 4.4340434 2.5729189 -3.5801513
v -2.5535500 3.7161701 2.1487899
vn 4.0325818 3.4985402 -3.2566965
v -2.5760701 3.7679899 2.1669800
vn 3.5158753 4.3242106 -2.8391547
v -2.6050899 3.8141799 2.1904099
vn 2.8976800 5.0263000 -2.3396535
v -2.6397600 3.8533998 2.2184000
vn 2.1960495 5.5841880 -1.7734501
v -2.6790900 3.8845201 2.2501600
vn 1.4311650 5.9818416 -1.1557473
v -2.7219501 3.9066601 2.2847600
vn 0.6238493 6.2079954 -0.5036453
v -2.7671001 3.9191699 2.3212199
vn -0.2014403 6.2555380 0.1626778
v -2.8132401 3.9216800 2.3584800
vn -1.0208203 6.1230087 0.8243990
v -2.8590600 3.9141397 2.3954699
vn -3.2154422 4.7057476 2.5999691
v -2.9816000 3.8347402 2.4944201
vn -3.7911072 3.9390144 3.0599403
v -3.0135601 3.7918799 2.5202200
vn -4.2572107 3.0596354 3.4324679
v -3.0394201 3.7426901 2.5411000
vn -2.4611104 5.3370657 2.1665788
v -2.9490199 3.8700399 2.4590299
vn -4.7586427 2.0885439 3.4991522
v -3.0579300 3.6886001 2.5571399
vn -4.7815309 1.0610114 3.9118369
v -3.0700800 3.6311500 2.5658600
vn -4.0707841 -1.0610116 4.6464376
v -3.0706701 3.5128500 2.5652499
vn -3.9077394 -2.0895233 4.4300590
v -3.0607901 3.4554000 2.5540199
vn -3.6597121 -3.9392481 3.2161140
v -3.0156801 3.3521199 2.5177000
vn -3.1044390 -4.7063804 2.7312107
v -2.9848499 3.3092599 2.4905601
vn -2.4611337 -5.3371119 2.1664381
v -2.9490199 3.2739599 2.4590299
vn -4.1053638 -3.0580883 3.6121299
v -3.0406401 3.4013100 2.5396600
vn -1.7483732 -5.8138623 1.5384651
v -2.9092300 3.2472401 2.4240100
vn -0.9851461 -6.1229153 0.8670483
v -2.8666201 3.2298601 2.3865099
vn -0.1945315 -6.2555227 0.1712118
v -2.8224201 3.2223201 2.3476000
vn 0.6019042 -6.2079759 -0.5297688
v -2.7778900 3.2248299 2.3084199
vn 1.3810017 -5.9818487 -1.2152992
v -2.7343299 3.2373400 2.2700799
vn 2.1186414 -5.5842652 -1.8650844
v -2.6929801 3.2594800 2.2336900
vn 2.7956092 -5.0263495 -2.4606414
v -2.6550300 3.2906001 2.2002900
vn 3.3926702 -4.3240681 -2.9854281
v -2.6215801 3.3298199 2.1708500
vn 3.8910561 -3.4988146 -3.4245613
v -2.5935900 3.3760099 2.1462100
vn 4.2779584 -2.5730314 -3.7650645
v -2.5718501 3.4278300 2.1270800
vn 4.5428371 -1.5732689 -3.9973373
v -2.5570099 3.4838099 2.1140099
vn 4.6766429 -0.5294101 -4.1155543
v -2.5494800 3.5423200 2.1073899
vn 4.6765561 0.5293425 -4.1156716
v -2.5494800 3.6016800 2.1073899
vn 4.5426307 1.5734261 -3.9975078
v -2.5570099 3.6601899 2.1140099
vn 4.2780724 2.5729351 -3.7649839
v -2.5718501 3.7161701 2.1270800
vn 3.8911741 3.4987881 -3.4244649
v -2.5935900 3.7679899 2.1462100
vn 3.3924930 4.3241591 -2.9854925
v -2.6215801 3.8141799 2.1708500
vn 2.7956259 5.0263071 -2.4606843
v -2.6550300 3.8533998 2.2002900
vn 2.1187470 5.5842175 -1.8651103
v -2.6929801 3.8845201 2.2336900
vn 1.3809364 5.9818811 -1.2152313
v -2.7343299 3.9066601 2.2700799
vn 0.6018980 6.2079740 -0.5298124
v -2.7778900 3.9191699 2.3084199
vn -0.1945266 6.2555203 0.1712214
v -2.8224201 3.9216800 2.3476000
vn -0.9851751 6.1229134 0.8670330
v -2.8666201 3.9141397 2.3865099
vn -1.7483596 5.8138819 1.5384063
v -2.9092300 3.8967600 2.4240100
vn -3.1043358 4.7063622 2.7313280
v -2.9848499 3.8347402 2.4905601
vn -3.6597469 3.9393661 3.2159159
v -3.0156801 3.7918799 2.5177000
vn -4.1055164 3.0580852 3.6119835
v -3.0406401 3.7426901 2.5396600
vn -4.4286022 2.0897152 3.9093502
v -3.0589900 3.6886001 2.5558200
vn -4.6067576 2.0907402 3.6987886
v -3.0584400 3.6886001 2.5564699
vn -4.5787773 1.0591042 4.1433434
v -3.0702200 3.6311500 2.5657001
vn -3.8382118 -1.0597998 4.8375487
v -3.0708401 3.5128500 2.5651100
vn -3.7199547 -2.0897393 4.5889854
v -3.0614400 3.4554000 2.5534699
vn -2.9868050 -4.7058659 2.8597116
v -2.9882600 3.3092599 2.4868500
vn -2.3676085 -5.3373580 2.2680602
v -2.9538000 3.2739599 2.4538200
vn -3.9461014 -3.0597353 3.7860007
v -3.0419099 3.4013100 2.5382700
vn -1.6810542 -5.8142309 1.6110480
v -2.9155300 3.2472401 2.4171400
vn -0.9475256 -6.1229868 0.9077671
v -2.8745501 3.2298601 2.3778698
vn -0.1869930 -6.2555370 0.1791681
v -2.8320401 3.2223201 2.3371201
vn 0.5788154 -6.2080154 -0.5547016
v -2.7892201 3.2248299 2.2960899
vn 1.3281308 -5.9817705 -1.2729583
v -2.7473199 3.2373400 2.2559299
vn 2.0380781 -5.5842552 -1.9529525
v -2.7075601 3.2594800 2.2178199
vn 2.6885922 -5.0264544 -2.5769830
v -2.6710601 3.2906001 2.1828399
vn 3.2626741 -4.3241940 -3.1267333
v -2.6388900 3.3298199 2.1520000
vn 3.7426803 -3.4984286 -3.5862157
v -2.6119599 3.3760099 2.1262000
vn 4.1141834 -2.5730536 -3.9434903
v -2.5910599 3.4278300 2.1061699
vn 4.3682175 -1.5735151 -4.1871982
v -2.5767801 3.4838099 2.0924799
vn 4.4973650 -0.5293536 -4.3104653
v -2.5695400 3.5423200 2.0855401
vn 4.4973845 0.5294116 -4.3104291
v -2.5695400 3.6016800 2.0855401
vn 4.3683901 1.5734510 -4.1870351
v -2.5767801 3.6601899 2.0924799
vn 4.1142912 2.5729206 -3.9434886
v -2.5910599 3.7161701 2.1061699
vn 3.7425282 3.4986234 -3.5862050
v -2.6119599 3.7679899 2.1262000
vn 3.2627323 4.3241854 -3.1266625
v -2.6388900 3.8141799 2.1520000
vn 2.6887512 5.0263758 -2.5769751
v -2.6710601 3.8533998 2.1828399
vn 2.0379777 5.5843048 -1.9529172
v -2.7075601 3.8845201 2.2178199
vn 1.3281260 5.9817472 -1.2730535
v -2.7473199 3.9066601 2.2559299
vn 0.5788507 6.2080231 -0.5546283
v -2.7892201 3.9191699 2.2960899
vn -0.1870017 6.2555342 0.1791634
v -2.8320401 3.9216800 2.3371201
vn -0.9474725 6.1229954 0.9077925
v -2.8745501 3.9141397 2.3778698
vn -1.6810836 5.8142033 1.6111013
v -2.9155300 3.8967600 2.4171400
vn -2.3677275 5.3373599 2.2679162
v -2.9538000 3.8700399 2.4538200
vn -2.9866877 4.7060165 2.8596036
v -2.9882600 3.8347402 2.4868500
vn -3.5144553 3.9395695 3.3741882
v -3.0179100 3.7918799 2.5152700
vn -3.9460189 3.0597782 3.7860365
v -3.0419099 3.7426901 2.5382700
vn -4.2625370 2.0897872 4.0896907
v -3.0595701 3.6886001 2.5551898
vn -4.4379964 1.0592726 4.2936153
v -3.0703700 3.6311500 2.5655398
vn -3.7490456 -1.0569584 4.9010425
v -3.0710101 3.5128500 2.5649800
vn -3.5218158 -2.0900249 4.7426353
v -3.0621099 3.4554000 2.5529499
vn -2.2692754 -5.3371758 2.3666830
v -2.9588001 3.2739599 2.4488199
vn -1.6113927 -5.8138642 1.6813536
v -2.9221201 3.2472401 2.4105599
vn -3.7787256 -3.0581264 3.9525568
v -3.0432501 3.4013100 2.5369399
vn -0.9081051 -6.1229515 0.9473267
v -2.8828399 3.2298601 2.3695800
vn -0.1791677 -6.2555375 0.1869988
v -2.8420999 3.2223201 2.3270600
vn 0.5549804 -6.2079530 -0.5788764
v -2.8010600 3.2248299 2.2842400
vn 1.2728392 -5.9819236 -1.3279839
v -2.7609100 3.2373400 2.2423499
vn 1.9532573 -5.5841260 -2.0378194
v -2.7227900 3.2594800 2.2025800
vn 2.5770812 -5.0263577 -2.6886897
v -2.6878099 3.2906001 2.1660900
vn 3.1266336 -4.3242736 -3.2626548
v -2.6569800 3.3298199 2.1339099
vn 3.5866783 -3.4984450 -3.7422864
v -2.6311700 3.3760099 2.1069899
vn 3.9431522 -2.5727966 -4.1146049
v -2.6111400 3.4278300 2.0860898
vn 4.1868577 -1.5735581 -4.3687892
v -2.5974600 3.4838099 2.0718100
vn 4.3105869 -0.5294402 -4.4975352
v -2.5905199 3.5423200 2.0645700
vn 4.3105407 0.5295121 -4.4975605
v -2.5905199 3.6016800 2.0645700
vn 4.1866760 1.5734929 -4.3689761
v -2.5974600 3.6601899 2.0718100
vn 3.9430604 2.5727289 -4.1147432
v -2.6111400 3.7161701 2.0860898
vn 3.5866349 3.4985616 -3.7422221
v -2.6311700 3.7679899 2.1069899
vn 3.1266916 4.3241816 -3.2627203
v -2.6569800 3.8141799 2.1339099
vn 2.5770173 5.0263939 -2.6887021
v -2.6878099 3.8533998 2.1660900
vn 1.9532825 5.5841241 -2.0378008
v -2.7227900 3.8845201 2.2025800
vn 1.2729098 5.9819250 -1.3279064
v -2.7609100 3.9066601 2.2423499
vn 0.5548994 6.2079573 -0.5789346
v -2.8010600 3.9191699 2.2842400
vn -0.1791825 6.2555327 0.1869994
v -2.8420999 3.9216800 2.3270600
vn -0.9081288 6.1229615 0.9472477
v -2.8828399 3.9141397 2.3695800
vn -1.6114392 5.8138413 1.6813809
v -2.9221201 3.8967600 2.4105599
vn -2.2690988 5.3371944 2.3668075
v -2.9588001 3.8700399 2.4488199
vn -2.8615789 4.7067499 2.9843760
v -2.9918201 3.8347402 2.4832799
vn -3.3702793 3.9387426 3.5180602
v -3.0202501 3.7918799 2.5129399
vn -3.7787905 3.0579605 3.9526265
v -3.0432501 3.7426901 2.5369399
vn -4.0882893 2.0898111 4.2640171
v -3.0601699 3.6886001 2.5545900
vn -2.7312462 4.7060528 3.1044934
v -2.9955399 3.8347402 2.4798698
vn -3.4935310 -1.0629137 5.0964961
v -3.0711801 3.5128500 2.5648499
vn -3.3013959 -2.0905828 4.8991585
v -3.0627999 3.4554000 2.5524600
vn -3.2203777 -3.9397230 3.6556904
v -3.0226700 3.3521199 2.5107100
vn -2.7311800 -4.7060809 3.1045287
v -2.9955399 3.3092599 2.4798698
vn -2.1650367 -5.3374982 2.4620414
v -2.9640000 3.2739599 2.4440401
vn -3.6119318 -3.0592186 4.1058798
v -3.0446401 3.4013100 2.5356600
vn -1.5381535 -5.8142161 1.7480254
v -2.9289801 3.2472401 2.4042499
vn -0.8669717 -6.1230035 0.9849458
v -2.8914800 3.2298601 2.3616400
vn -0.1712297 -6.2555208 0.1945413
v -2.8525801 3.2223201 2.3174400
vn 0.5296711 -6.2080140 -0.6018008
v -2.8133900 3.2248299 2.2729199
vn 1.2156583 -5.9817338 -1.3808978
v -2.7750499 3.2373400 2.2293499
vn 1.8648000 -5.5842423 -2.1190240
v -2.7386601 3.2594800 2.1880100
vn 2.4603267 -5.0263495 -2.7958438
v -2.7052600 3.2906001 2.1500599
vn 2.9857800 -4.3242841 -3.3921826
v -2.6758201 3.3298199 2.1166101
vn 3.4245822 -3.4985781 -3.8910234
v -2.6511800 3.3760099 2.0886099
vn 3.7656991 -2.5727723 -4.2778358
v -2.6320601 3.4278300 2.0668800
vn 3.9976711 -1.5737638 -4.5422964
v -2.6189899 3.4838099 2.0520298
vn 4.1160636 -0.5295394 -4.6759458
v -2.6123600 3.5423200 2.0444999
vn 4.1160755 0.5296337 -4.6759109
v -2.6123600 3.6016800 2.0444999
vn 3.9979677 1.5735574 -4.5421109
v -2.6189899 3.6601899 2.0520298
vn 3.7657127 2.5729995 -4.2776852
v -2.6320601 3.7161701 2.0668800
vn 3.4245784 3.4984205 -3.8911572
v -2.6511800 3.7679899 2.0886099
vn 2.9856989 4.3243928 -3.3921103
v -2.6758201 3.8141799 2.1166101
vn 2.4603355 5.0262685 -2.7959666
v -2.7052600 3.8533998 2.1500599
vn 1.8648388 5.5842285 -2.1190436
v -2.7386601 3.8845201 2.1880100
vn 1.2155560 5.9817600 -1.3808897
v -2.7750499 3.9066601 2.2293499
vn 0.5297424 6.2080150 -0.6017482
v -2.8133900 3.9191699 2.2729199
vn -0.1712111 6.2555184 0.1945584
v -2.8525801 3.9216800 2.3174400
vn -0.8668937 6.1230116 0.9849865
v -2.8914800 3.9141397 2.3616400
vn -1.5380894 5.8142276 1.7480551
v -2.9289801 3.8967600 2.4042499
vn -2.1652071 5.3374538 2.4619982
v -2.9640000 3.8700399 2.4440401
vn -3.2201123 3.9398525 3.6557763
v -3.0226700 3.7918799 2.5107100
vn -3.6120040 3.0590966 4.1059184
v -3.0446401 3.7426901 2.5356600
vn -3.9077201 2.0896654 4.4299507
v -3.0607901 3.6886001 2.5540199
vn -2.5974557 4.7063808 3.2172234
v -2.9993901 3.8347402 2.4766200
vn -4.2887702 1.0595613 4.4429550
v -3.0705199 3.6311500 2.5653899
vn -3.2155023 -1.0574187 5.2665873
v -3.0713601 3.5128500 2.5647399
vn -3.0894961 -2.0891912 5.0344248
v -3.0635200 3.4554000 2.5520000
vn -3.0638580 -3.9387956 3.7879722
v -3.0252001 3.3521199 2.5085800
vn -2.5974650 -4.7063861 3.2172463
v -2.9993901 3.3092599 2.4766200
vn -2.0582986 -5.3370662 2.5523670
v -2.9694099 3.2739599 2.4394898
vn -3.4392438 -3.0580182 4.2512469
v -3.0460801 3.4013100 2.5344501
vn -1.4623437 -5.8139091 1.8123767
v -2.9361100 3.2472401 2.3982499
vn -0.8241091 -6.1229858 1.0211049
v -2.9004500 3.2298601 2.3540800
vn -0.1626981 -6.2555366 0.2014984
v -2.8634501 3.2223201 2.3082700
vn 0.5038702 -6.2079501 -0.6238849
v -2.8261900 3.2248299 2.2621200
vn 1.1552801 -5.9818430 -1.4315354
v -2.7897401 3.2373400 2.2169700
vn 1.7735668 -5.5841055 -2.1961601
v -2.7551301 3.2594800 2.1741199
vn 2.3394475 -5.0265455 -2.8976417
v -2.7233801 3.2906001 2.1347899
vn 2.8390324 -4.3241682 -3.5157845
v -2.6953800 3.3298199 2.1001101
vn 3.2562988 -3.4987037 -4.0329008
v -2.6719501 3.3760099 2.0711000
vn 3.5804698 -2.5725744 -4.4337263
v -2.6537600 3.4278300 2.0485699
vn 3.8014045 -1.5735075 -4.7080135
v -2.6413400 3.4838099 2.0331900
vn 3.9132609 -0.5296667 -4.8470068
v -2.6350400 3.5423200 2.0253799
vn 3.9133077 0.5296544 -4.8469715
v -2.6350400 3.6016800 2.0253799
vn 3.8012261 1.5734169 -4.7082057
v -2.6413400 3.6601899 2.0331900
vn 3.5803704 2.5727439 -4.4337134
v -2.6537600 3.7161701 2.0485699
vn 3.2564371 3.4986103 -4.0328665
v -2.6719501 3.7679899 2.0711000
vn 2.8390040 4.3242445 -3.5157108
v -2.6953800 3.8141799 2.1001101
vn 2.3396192 5.0264654 -2.8976421
v -2.7233801 3.8533998 2.1347899
vn 1.7733883 5.5841765 -2.1961074
v -2.7551301 3.8845201 2.1741199
vn 1.1553710 5.9817829 -1.4316843
v -2.7897401 3.9066601 2.2169700
vn 0.5038057 6.2079687 -0.6238384
v -2.8261900 3.9191699 2.2621200
vn -0.1626944 6.2555370 0.2014759
v -2.8634501 3.9216800 2.3082700
vn -0.8241646 6.1229892 1.0210656
v -2.9004500 3.9141397 2.3540800
vn -1.4623804 5.8139234 1.8123165
v -2.9361100 3.8967600 2.3982499
vn -2.0582871 5.3369846 2.5525446
v -2.9694099 3.8700399 2.4394898
vn -3.0640435 3.9389169 3.7876759
v -3.0252001 3.7918799 2.5085800
vn -3.4392726 3.0579932 4.2512364
v -3.0460801 3.7426901 2.5344501
vn -3.7198098 2.0899305 4.5890098
v -3.0614400 3.6886001 2.5534699
vn -2.4568007 4.7059975 3.3262222
v -3.0033801 3.8347402 2.4735401
vn -4.0705953 1.0608646 4.6466537
v -3.0706701 3.6311500 2.5652499
vn -3.0527081 -1.0609347 5.3706059
v -3.0715401 3.5128500 2.5646300
vn -2.8899295 -2.0898216 5.1521697
v -3.0642500 3.4554000 2.5515699
vn -2.8974001 -3.9400623 3.9166873
v -3.0278001 3.3521199 2.5065598
vn -2.4568768 -4.7061944 3.3258677
v -3.0033801 3.3092599 2.4735401
vn -1.9509759 -5.3369665 2.6355016
v -2.9749999 3.2739599 2.4351699
vn -3.2603979 -3.0591190 4.3903580
v -3.0475700 3.4013100 2.5332899
vn -1.3846809 -5.8141150 1.8720630
v -2.9434800 3.2472401 2.3925500
vn -0.7802585 -6.1229639 1.0550578
v -2.9097300 3.2298601 2.3469100
vn -0.1540595 -6.2555280 0.2083239
v -2.8747101 3.2223201 2.2995698
vn 0.4768265 -6.2079754 -0.6446716
v -2.8394401 3.2248299 2.2518799
vn 1.0938364 -5.9819231 -1.4789482
v -2.8049400 3.2373400 2.2052300
vn 1.6784356 -5.5841699 -2.2695107
v -2.7721801 3.2594800 2.1609399
vn 2.2145765 -5.0263691 -2.9942663
v -2.7421200 3.2906001 2.1203001
vn 2.6871383 -4.3242798 -3.6332560
v -2.7156200 3.3298199 2.0844700
vn 3.0818887 -3.4985125 -4.1677399
v -2.6934500 3.3760099 2.0544798
vn 3.3882649 -2.5728781 -4.5823865
v -2.6762300 3.4278300 2.0312099
vn 3.5981078 -1.5735637 -4.8650742
v -2.6644700 3.4838099 2.0153100
vn 3.7047513 -0.5296377 -5.0082579
v -2.6585100 3.5423200 2.0072401
vn 3.7046156 0.5297394 -5.0083342
v -2.6585100 3.6016800 2.0072401
vn 3.5980651 1.5735778 -4.8650732
v -2.6644700 3.6601899 2.0153100
vn 3.3882699 2.5727177 -4.5824604
v -2.6762300 3.7161701 2.0312099
vn 3.0819001 3.4985015 -4.1677599
v -2.6934500 3.7679899 2.0544798
vn 2.6871321 4.3243532 -3.6331828
v -2.7156200 3.8141799 2.0844700
vn 2.2144866 5.0263481 -2.9943683
v -2.7421200 3.8533998 2.1203001
vn 1.6785647 5.5841660 -2.2694271
v -2.7721801 3.8845201 2.1609399
vn 1.0938867 5.9819303 -1.4788805
v -2.8049400 3.9066601 2.2052300
vn 0.4767951 6.2079768 -0.6446996
v -2.8394401 3.9191699 2.2518799
vn -0.1540579 6.2555246 0.2083225
v -2.8747101 3.9216800 2.2995698
vn -0.7802390 6.1229620 1.0550872
v -2.9097300 3.9141397 2.3469100
vn -1.3847370 5.8140879 1.8720762
v -2.9434800 3.8967600 2.3925500
vn -1.9509027 5.3371019 2.6352980
v -2.9749999 3.8700399 2.4351699
vn -2.8971863 3.9400291 3.9168458
v -3.0278001 3.7918799 2.5065598
vn -3.2603960 3.0593457 4.3901563
v -3.0475700 3.7426901 2.5332899
vn -3.5220320 2.0898690 4.7425227
v -3.0621099 3.6886001 2.5529499
vn -2.3173513 4.7059078 3.4246142
v -3.0074999 3.8347402 2.4706299
vn -3.8383465 1.0593588 4.8375835
v -3.0708401 3.6311500 2.5651100
vn -2.7088830 -1.0612961 5.5519118
v -3.0717299 3.5128500 2.5645299
vn -2.6556697 -2.0902166 5.2771440
v -3.0650001 3.4554000 2.5511699
vn -2.7246492 -3.9388154 4.0388412
v -3.0304999 3.3521199 2.5046599
vn -2.3171949 -4.7057567 3.4249105
v -3.0074999 3.3092599 2.4706299
vn -1.8367722 -5.3374944 2.7157471
v -2.9807701 3.2739599 2.4310799
vn -3.0570021 -3.0591865 4.5342832
v -3.0491099 3.4013100 2.5321999
vn -1.3050697 -5.8138595 1.9288481
v -2.9510901 3.2472401 2.3871698
vn -0.7349497 -6.1229763 1.0870807
v -2.9193001 3.2298601 2.3401399
vn -0.1450367 -6.2555346 0.2146011
v -2.8863301 3.2223201 2.2913499
vn 0.4490311 -6.2079687 -0.6643555
v -2.8531101 3.2248299 2.2422099
vn 1.0303324 -5.9817605 -1.5241389
v -2.8206201 3.2373400 2.1941299
vn 1.5808169 -5.5841646 -2.3386147
v -2.7897701 3.2594800 2.1485000
vn 2.0854695 -5.0265160 -3.0855434
v -2.7614701 3.2906001 2.1066198
vn 2.5305274 -4.3241906 -3.7439280
v -2.7365100 3.3298199 2.0696900
vn 2.9030480 -3.4984963 -4.2944937
v -2.7156301 3.3760099 2.0388000
vn 3.1912174 -2.5728605 -4.7217011
v -2.6994200 3.4278300 2.0148098
vn 3.3883655 -1.5737655 -5.0134134
v -2.6883399 3.4838099 1.9984300
vn 3.4880123 -0.5298440 -5.1612978
v -2.6827199 3.5423200 1.9901099
vn 3.4882483 0.5297986 -5.1611485
v -2.6827199 3.6016800 1.9901099
vn 3.3885679 1.5738252 -5.0132627
v -2.6883399 3.6601899 1.9984300
vn 3.1913731 2.5727823 -4.7216458
v -2.6994200 3.7161701 2.0148098
vn 2.9029291 3.4986246 -4.2944722
v -2.7156301 3.7679899 2.0388000
vn 2.5304494 4.3241181 -3.7440553
v -2.7365100 3.8141799 2.0696900
vn 2.0855968 5.0265269 -3.0854459
v -2.7614701 3.8533998 2.1066198
vn 1.5807000 5.5841532 -2.3387227
v -2.7897701 3.8845201 2.1485000
vn 1.0302494 5.9817705 -1.5241541
v -2.8206201 3.9066601 2.1941299
vn 0.4490677 6.2079687 -0.6643392
v -2.8531101 3.9191699 2.2422099
vn -0.1450494 6.2555308 0.2146044
v -2.8863301 3.9216800 2.2913499
vn -0.7350208 6.1229672 1.0870680
v -2.9193001 3.9141397 2.3401399
vn -1.3049644 5.8138876 1.9288213
v -2.9510901 3.8967600 2.3871698
vn -1.8367881 5.3374586 2.7158122
v -2.9807701 3.8700399 2.4310799
vn -2.7246475 3.9386415 4.0390453
v -3.0304999 3.7918799 2.5046599
vn -3.0567384 3.0591691 4.5344825
v -3.0491099 3.7426901 2.5321999
vn -3.3011630 2.0904763 4.8993387
v -3.0627999 3.6886001 2.5524600
vn -2.1699209 4.7066269 3.5195630
v -3.0117300 3.8347402 2.4678900
vn -3.7494268 1.0575489 4.9005609
v -3.0710101 3.6311500 2.5649800
vn -2.1936271 -3.9387290 4.3502092
v -3.0390201 3.3521199 2.4996600
vn -2.3748043 -3.9396863 4.2538929
v -3.0361099 3.3521199 2.5012000
vn -2.6692984 -3.0598352 4.7729325
v -3.0523200 3.4013100 2.5302200
vn -2.5572500 -3.9392517 4.1468034
v -3.0332701 3.3521199 2.5028698
vn -2.1700768 -4.7065806 3.5195458
v -3.0117300 3.3092599 2.4678900
vn -1.7195553 -5.3370991 2.7917604
v -2.9867101 3.2739599 2.4272499
vn -2.8702192 -3.0577240 4.6543646
v -3.0506999 3.4013100 2.5311799
vn -1.2211738 -5.8142681 1.9824139
v -2.9589100 3.2472401 2.3821099
vn -0.6882314 -6.1229687 1.1172965
v -2.9291501 3.2298601 2.3337801
vn -0.1358326 -6.2555280 0.2206200
v -2.8982799 3.2223201 2.2836399
vn 0.4202970 -6.2079577 -0.6829357
v -2.8671801 3.2248299 2.2331300
vn 0.9643176 -5.9818840 -1.5665246
v -2.8367600 3.2373400 2.1837199
vn 1.4798794 -5.5841541 -2.4037209
v -2.8078799 3.2594800 2.1368101
vn 1.9528375 -5.0263090 -3.1712494
v -2.7813699 3.2906001 2.0937700
vn 2.3691905 -4.3244557 -3.8479888
v -2.7580099 3.3298199 2.0558200
vn 2.7181203 -3.4982944 -4.4136672
v -2.7384501 3.3760099 2.0240600
vn 2.9881759 -2.5728323 -4.8527670
v -2.7232800 3.4278300 1.9994099
vn 3.1732204 -1.5733271 -5.1523452
v -2.7129099 3.4838099 1.9825699
vn 3.2655573 -0.5296611 -5.3050838
v -2.7076499 3.5423200 1.9740300
vn 3.2655303 0.5293640 -5.3051662
v -2.7076499 3.6016800 1.9740300
vn 3.1730523 1.5737624 -5.1523371
v -2.7129099 3.6601899 1.9825699
vn 2.9880171 2.5726047 -4.8529782
v -2.7232800 3.7161701 1.9994099
vn 2.7181332 3.4984739 -4.4135208
v -2.7384501 3.7679899 2.0240600
vn 2.3693366 4.3243518 -3.8480034
v -2.7580099 3.8141799 2.0558200
vn 1.9526701 5.0263414 -3.1713054
v -2.7813699 3.8533998 2.0937700
vn 1.4799777 5.5841408 -2.4036779
v -2.8078799 3.8845201 2.1368101
vn 0.9643375 5.9818830 -1.5664957
v -2.8367600 3.9066601 2.1837199
vn 0.4202710 6.2079544 -0.6829905
v -2.8671801 3.9191699 2.2331300
vn -0.1358342 6.2555237 0.2206439
v -2.8982799 3.9216800 2.2836399
vn -0.6881514 6.1229706 1.1173332
v -2.9291501 3.9141397 2.3337801
vn -1.2212071 5.8142734 1.9823705
v -2.9589100 3.8967600 2.3821099
vn -1.7196445 5.3370547 2.7917831
v -2.9867101 3.8700399 2.4272499
vn -2.5575187 3.9392693 4.1466250
v -3.0332701 3.7918799 2.5028698
vn -2.8704574 3.0578103 4.6541715
v -3.0506999 3.7426901 2.5311799
vn -3.0896096 2.0890260 5.0344048
v -3.0635200 3.6886001 2.5520000
vn -2.3745728 3.9396629 4.2540317
v -3.0361099 3.7918799 2.5012000
vn -2.0147047 4.7062483 3.6108868
v -3.0160799 3.8347402 2.4653399
vn -3.4928288 1.0632467 5.0968862
v -3.0711801 3.6311500 2.5648499
vn -2.5848823 -1.0557355 5.5992560
v -3.0719299 3.5128500 2.5644400
vn -2.4322684 -2.0892143 5.3827963
v -3.0657599 3.4554000 2.5508099
vn -2.0146525 -4.7063503 3.6107719
v -3.0160799 3.3092599 2.4653399
vn -1.5993620 -5.3373747 2.8621912
v -2.9928000 3.2739599 2.4236701
vn -1.1348921 -5.8139815 2.0334051
v -2.9669499 3.2472401 2.3773999
vn -0.6398940 -6.1229887 1.1456023
v -2.9392700 3.2298601 2.3278399
vn -0.1263986 -6.2555232 0.2262047
v -2.9105501 3.2223201 2.2764399
vn 0.3909523 -6.2080240 -0.6998804
v -2.8816299 3.2248299 2.2246599
vn 0.8971323 -5.9818316 -1.6059968
v -2.8533201 3.2373400 2.1740000
vn 1.3766723 -5.5842395 -2.4642043
v -2.8264601 3.2594800 2.1259100
vn 1.8164811 -5.0264959 -3.2512093
v -2.8018100 3.2906001 2.0817800
vn 2.2039161 -4.3242230 -3.9450502
v -2.7800701 3.3298199 2.0428700
vn 2.5276015 -3.4985168 -4.5254765
v -2.7618899 3.3760099 2.0103099
vn 2.7791834 -2.5729444 -4.9754052
v -2.7477701 3.4278300 1.9850399
vn 2.9512756 -1.5734357 -5.2824416
v -2.7381201 3.4838099 1.9677699
vn 3.0385797 -0.5292642 -5.4383373
v -2.7332301 3.5423200 1.9590199
vn 3.0384016 0.5292840 -5.4384322
v -2.7332301 3.6016800 1.9590199
vn 2.9511991 1.5734792 -5.2824616
v -2.7381201 3.6601899 1.9677699
vn 2.7793200 2.5729411 -4.9753118
v -2.7477701 3.7161701 1.9850399
vn 2.5275748 3.4983797 -4.5256004
v -2.7618899 3.7679899 2.0103099
vn 2.2039535 4.3242807 -3.9449873
v -2.7800701 3.8141799 2.0428700
vn 1.8165996 5.0265388 -3.2510781
v -2.8018100 3.8533998 2.0817800
vn 1.3765999 5.5842128 -2.4642923
v -2.8264601 3.8845201 2.1259100
vn 0.8971368 5.9818306 -1.6059948
v -2.8533201 3.9066601 2.1740000
vn 0.3910174 6.2080269 -0.6998384
v -2.8816299 3.9191699 2.2246599
vn -0.1263906 6.2555218 0.2262005
v -2.9105501 3.9216800 2.2764399
vn -0.6398980 6.1230025 1.1455600
v -2.9392700 3.9141397 2.3278399
vn -1.1349208 5.8139243 2.0335429
v -2.9669499 3.8967600 2.3773999
vn -1.5992012 5.3374834 2.8620789
v -2.9928000 3.8700399 2.4236701
vn -2.6691525 3.0598822 4.7729607
v -3.0523200 3.7426901 2.5302200
vn -2.8900342 2.0898623 5.1520467
v -3.0642500 3.6886001 2.5515699
vn -3.2159376 1.0573231 5.2663479
v -3.0713601 3.6311500 2.5647399
vn -2.3463321 -1.0629987 5.7160859
v -3.0721200 3.5128500 2.5643499
vn -2.2165189 -2.0898600 5.4757795
v -3.0665500 3.4554000 2.5504699
vn -1.8622957 -4.7059608 3.6919007
v -3.0205300 3.3092599 2.4629800
vn -1.4756476 -5.3371634 2.9279988
v -2.9990401 3.2739599 2.4203598
vn -2.4514699 -3.0585732 4.8879700
v -3.0539901 3.4013100 2.5293400
vn -1.0483840 -5.8139763 2.0794072
v -2.9751799 3.2472401 2.3730299
vn -0.5903767 -6.1230040 1.1718071
v -2.9496300 3.2298601 2.3223400
vn -0.1166257 -6.2555332 0.2312655
v -2.9231200 3.2223201 2.2697599
vn 0.3611067 -6.2079244 -0.7161523
v -2.8964100 3.2248299 2.2168000
vn 0.8280531 -5.9818830 -1.6425910
v -2.8702900 3.2373400 2.1649899
vn 1.2709048 -5.5842123 -2.5203593
v -2.8454900 3.2594800 2.1157999
vn 1.6769167 -5.0262523 -3.3254166
v -2.8227301 3.2906001 2.0706599
vn 2.0344458 -4.3242068 -4.0351896
v -2.8026700 3.3298199 2.0308700
vn 2.3333867 -3.4984512 -4.6286387
v -2.7858801 3.3760099 1.9975700
vn 2.5654411 -2.5728679 -5.0888958
v -2.7728500 3.4278300 1.9717200
vn 2.7235932 -1.5738591 -5.4033260
v -2.7639401 3.4838099 1.9540598
vn 2.8051434 -0.5293885 -5.5622563
v -2.7594299 3.5423200 1.9451001
vn 2.8051124 0.5296578 -5.5622149
v -2.7594299 3.6016800 1.9451001
vn 2.7236197 1.5734979 -5.4033976
v -2.7639401 3.6601899 1.9540598
vn 2.5654452 2.5729678 -5.0888519
v -2.7728500 3.7161701 1.9717200
vn 2.3334572 3.4984326 -4.6286192
v -2.7858801 3.7679899 1.9975700
vn 2.0343456 4.3241892 -4.0352688
v -2.8026700 3.8141799 2.0308700
vn 1.6768038 5.0262766 -3.3254497
v -2.8227301 3.8533998 2.0706599
vn 1.2709893 5.5842323 -2.5202608
v -2.8454900 3.8845201 2.1157999
vn 0.8280403 5.9818621 -1.6426556
v -2.8702900 3.9066601 2.1649899
vn 0.3610375 6.2079287 -0.7161755
v -2.8964100 3.9191699 2.2168000
vn -0.1166071 6.2555351 0.2312471
v -2.9231200 3.9216800 2.2697599
vn -0.5904298 6.1229897 1.1718632
v -2.9496300 3.9141397 2.3223400
vn -1.0483953 5.8140020 2.0793173
v -2.9751799 3.8967600 2.3730299
vn -1.4757580 5.3371148 2.9280326
v -2.9990401 3.8700399 2.4203598
vn -1.8623785 4.7060199 3.6917713
v -3.0205300 3.8347402 2.4629800
vn -2.1936510 3.9388542 4.3501029
v -3.0390201 3.7918799 2.4996600
vn -2.4514329 3.0582657 4.8882031
v -3.0539901 3.7426901 2.5293400
vn -2.6553953 2.0904651 5.2772012
v -3.0650001 3.6886001 2.5511699
vn -2.2588193 3.0582089 4.9798613
v -3.0556901 3.7426901 2.5285299
vn -2.0086792 3.9397731 4.4384518
v -3.0420001 3.7918799 2.4982300
vn -3.0524335 1.0611718 5.3706927
v -3.0715401 3.6311500 2.5646300
vn -1.9943998 -1.0584235 5.8415389
v -3.0723200 3.5128500 2.5642800
vn -1.9516293 -2.0908287 5.5762825
v -3.0673399 3.4554000 2.5501699
vn -2.0085142 -3.9397230 4.4385924
v -3.0420001 3.3521199 2.4982300
vn -1.7017814 -4.7067451 3.7682257
v -3.0250800 3.3092599 2.4607999
vn -2.2585375 -3.0580542 4.9800911
v -3.0556901 3.4013100 2.5285299
vn -1.3501258 -5.3373451 2.9877985
v -3.0054200 3.2739599 2.4173100
vn -0.9596812 -5.8139906 2.1217792
v -2.9835901 3.2472401 2.3690100
vn -0.5408095 -6.1228819 1.1958505
v -2.9602101 3.2298601 2.3172901
vn -0.1066092 -6.2555370 0.2360173
v -2.9359500 3.2223201 2.2636299
vn 0.3301710 -6.2080197 -0.7305483
v -2.9115200 3.2248299 2.2095900
vn 0.7576073 -5.9818683 -1.6762828
v -2.8876200 3.2373400 2.1567099
vn 1.1623487 -5.5841937 -2.5722010
v -2.8649299 3.2594800 2.1065099
vn 1.5337508 -5.0264239 -3.3937991
v -2.8441100 3.2906001 2.0604498
vn 1.8611115 -4.3241043 -4.1180248
v -2.8257501 3.3298199 2.0198400
vn 2.1348088 -3.4985037 -4.7234855
v -2.8103900 3.3760099 1.9858599
vn 2.3476501 -2.5728376 -5.1930447
v -2.7984700 3.4278300 1.9594800
vn 2.4924262 -1.5739235 -5.5138974
v -2.7903199 3.4838099 1.9414599
vn 2.5660233 -0.5297837 -5.6764398
v -2.7861900 3.5423200 1.9323099
vn 2.5662107 0.5298172 -5.6763482
v -2.7861900 3.6016800 1.9323099
vn 2.4925809 1.5738604 -5.5138464
v -2.7903199 3.6601899 1.9414599
vn 2.3474774 2.5729663 -5.1930485
v -2.7984700 3.7161701 1.9594800
vn 2.1346905 3.4983900 -4.7236118
v -2.8103900 3.7679899 1.9858599
vn 1.8611730 4.3241291 -4.1179719
v -2.8257501 3.8141799 2.0198400
vn 1.5337739 5.0264258 -3.3937814
v -2.8441100 3.8533998 2.0604498
vn 1.1622941 5.5841579 -2.5723021
v -2.8649299 3.8845201 2.1065099
vn 0.7576850 5.9818869 -1.6761924
v -2.8876200 3.9066601 2.1567099
vn 0.3302195 6.2080216 -0.7305233
v -2.9115200 3.9191699 2.2095900
vn -0.1066662 6.2555313 0.2360137
v -2.9359500 3.9216800 2.2636299
vn -0.5407997 6.1228857 1.1958251
v -2.9602101 3.9141397 2.3172901
vn -0.9595623 5.8140159 2.1217706
v -2.9835901 3.8967600 2.3690100
vn -1.3499898 5.3373322 2.9879074
v -3.0054200 3.8700399 2.4173100
vn -1.7016900 4.7066460 3.7683766
v -3.0250800 3.8347402 2.4607999
vn -2.4325314 2.0890236 5.3827772
v -3.0657599 3.6886001 2.5508099
vn -1.8107702 3.9392276 4.5230951
v -3.0450301 3.7918799 2.4969399
vn -2.0428543 3.0595891 5.0726638
v -3.0574300 3.7426901 2.5277801
vn -2.7087426 1.0607784 5.5521121
v -3.0717299 3.6311500 2.5645299
vn -1.8655050 -1.0588630 5.8862514
v -3.0725300 3.5128500 2.5642099
vn -1.7094444 -2.0890417 5.6537986
v -3.0681500 3.4554000 2.5499101
vn -1.8109804 -3.9393997 4.5228696
v -3.0450301 3.3521199 2.4969399
vn -1.5379298 -4.7060227 3.8382547
v -3.0297201 3.3092599 2.4588299
vn -2.0430481 -3.0594010 5.0727205
v -3.0574300 3.4013100 2.5277801
vn -1.2228125 -5.3371010 3.0422897
v -3.0119200 3.2739599 2.4145401
vn -0.8684000 -5.8141069 2.1605358
v -2.9921601 3.2472401 2.3653500
vn -0.4895355 -6.1230416 1.2173400
v -2.9709899 3.2298601 2.3126800
vn -0.0966946 -6.2555161 0.2405065
v -2.9490399 3.2223201 2.2580500
vn 0.2991548 -6.2079444 -0.7440755
v -2.9269199 3.2248299 2.2030098
vn 0.6862535 -5.9818492 -1.7068348
v -2.9052901 3.2373400 2.1491699
vn 1.0521249 -5.5843587 -2.6190751
v -2.8847501 3.2594800 2.0980599
vn 1.3889153 -5.0262976 -3.4556794
v -2.8659000 3.2906001 2.0511498
vn 1.6846887 -4.3242383 -4.1932578
v -2.8492901 3.3298199 2.0098000
vn 1.9328671 -3.4986200 -4.8096752
v -2.8353801 3.3760099 1.9751999
vn 2.1248891 -2.5730162 -5.2878766
v -2.8245900 3.4278300 1.9483299
vn 2.2565255 -1.5736423 -5.6144824
v -2.8172100 3.4838099 1.9299800
vn 2.3225386 -0.5297357 -5.7803597
v -2.8134701 3.5423200 1.9206700
vn 2.3224745 0.5296152 -5.7804093
v -2.8134701 3.6016800 1.9206700
vn 2.2564232 1.5738133 -5.6144843
v -2.8172100 3.6601899 1.9299800
vn 2.1250949 2.5729363 -5.2878294
v -2.8245900 3.7161701 1.9483299
vn 1.9329953 3.4987495 -4.8095198
v -2.8353801 3.7679899 1.9751999
vn 1.6846648 4.3240581 -4.1934524
v -2.8492901 3.8141799 2.0098000
vn 1.3888814 5.0264344 -3.4555011
v -2.8659000 3.8533998 2.0511498
vn 1.0522641 5.5842571 -2.6192288
v -2.8847501 3.8845201 2.0980599
vn 0.6861524 5.9818954 -1.7067442
v -2.9052901 3.9066601 2.1491699
vn 0.2991016 6.2079444 -0.7441063
v -2.9269199 3.9191699 2.2030098
vn -0.0966396 6.2555127 0.2405404
v -2.9490399 3.9216800 2.2580500
vn -0.4894967 6.1230516 1.2173188
v -2.9709899 3.9141397 2.3126800
vn -0.8685229 5.8140960 2.1605103
v -2.9921601 3.8967600 2.3653500
vn -1.2228850 5.3372021 3.0421116
v -3.0119200 3.8700399 2.4145401
vn -1.5379251 4.7059016 3.8384347
v -3.0297201 3.8347402 2.4588299
vn -2.2164245 2.0899520 5.4757538
v -3.0665500 3.6886001 2.5504699
vn -1.6245269 3.9385297 4.5932407
v -3.0481200 3.7918799 2.4957800
vn -1.8120695 3.0584934 5.1596313
v -3.0591900 3.7426901 2.5271199
vn -2.5855591 1.0560877 5.5988460
v -3.0719299 3.6311500 2.5644400
vn -1.6022496 -1.0605965 5.9659514
v -3.0727301 3.5128500 2.5641499
vn -1.4991539 -2.0894113 5.7137818
v -3.0689600 3.4554000 2.5496800
vn -1.6244746 -3.9383836 4.5933676
v -3.0481200 3.3521199 2.4957800
vn -1.3785222 -4.7060857 3.8983514
v -3.0344400 3.3092599 2.4570498
vn -1.8123165 -3.0587018 5.1593838
v -3.0591900 3.4013100 2.5271199
vn -1.0922726 -5.3375506 3.0911939
v -3.0185301 3.2739599 2.4120400
vn -0.7749124 -5.8141403 2.1957366
v -3.0008800 3.2472401 2.3620601
vn -0.4370660 -6.1229482 1.2373644
v -2.9819701 3.2298601 2.3085399
vn -0.0862810 -6.2555366 0.2441631
v -2.9623501 3.2223201 2.2530200
vn 0.2669986 -6.2079973 -0.7559914
v -2.9425900 3.2248299 2.1970999
vn 0.6131592 -5.9817638 -1.7345316
v -2.9232600 3.2373400 2.1423800
vn 0.9407608 -5.5842299 -2.6613386
v -2.9049101 3.2594800 2.0904500
vn 1.2405378 -5.0262856 -3.5115795
v -2.8880701 3.2906001 2.0427799
vn 1.5054345 -4.3242102 -4.2609382
v -2.8732200 3.3298199 2.0007699
vn 1.7270041 -3.4984598 -4.8872638
v -2.8608000 3.3760099 1.9656000
vn 1.8983462 -2.5729215 -5.3735185
v -2.8511500 3.4278300 1.9383099
vn 2.0154464 -1.5738415 -5.7054467
v -2.8445599 3.4838099 1.9196599
vn 2.0755637 -0.5296116 -5.8736563
v -2.8412199 3.5423200 1.9101999
vn 2.0754299 0.5297407 -5.8736768
v -2.8412199 3.6016800 1.9101999
vn 2.0154045 1.5736836 -5.7054935
v -2.8445599 3.6601899 1.9196599
vn 1.8982673 2.5728722 -5.3735833
v -2.8511500 3.7161701 1.9383099
vn 1.7269142 3.4985816 -4.8872166
v -2.8608000 3.7679899 1.9656000
vn 1.5054717 4.3241963 -4.2609291
v -2.8732200 3.8141799 2.0007699
vn 1.2405694 5.0262003 -3.5117037
v -2.8880701 3.8533998 2.0427799
vn 0.9407635 5.5842896 -2.6612332
v -2.9049101 3.8845201 2.0904500
vn 0.6130892 5.9817724 -1.7345071
v -2.9232600 3.9066601 2.1423800
vn 0.2670524 6.2079878 -0.7560307
v -2.9425900 3.9191699 2.1970999
vn -0.0863116 6.2555361 0.2441451
v -2.9623501 3.9216800 2.2530200
vn -0.4370471 6.1229591 1.2373500
v -2.9819701 3.9141397 2.3085399
vn -0.7748542 5.8140941 2.1958702
v -3.0008800 3.8967600 2.3620601
vn -1.0923195 5.3375692 3.0911295
v -3.0185301 3.8700399 2.4120400
vn -1.3787874 4.7061181 3.8982105
v -3.0344400 3.8347402 2.4570498
vn -1.9514722 2.0908082 5.5763440
v -3.0673399 3.6886001 2.5501699
vn -1.4337475 3.9396114 4.6561365
v -3.0512500 3.7918799 2.4947400
vn -1.6067836 3.0581169 5.2267585
v -3.0609901 3.7426901 2.5265300
vn -2.3454843 1.0632194 5.7163849
v -3.0721200 3.6311500 2.5643499
vn -1.2922131 -1.0600799 6.0394430
v -3.0729401 3.5128500 2.5641000
vn -1.2513943 -2.0898590 5.7735720
v -3.0697901 3.4554000 2.5494800
vn -1.4337200 -3.9395132 4.6562338
v -3.0512500 3.3521199 2.4947400
vn -1.2149681 -4.7060947 3.9524868
v -3.0392201 3.3092599 2.4554698
vn -1.6064322 -3.0580013 5.2269139
v -3.0609901 3.4013100 2.5265300
vn -0.9600794 -5.3371086 3.1351519
v -3.0252500 3.2739599 2.4098299
vn -0.6813757 -5.8139153 2.2268596
v -3.0097301 3.2472401 2.3591499
vn -0.3838975 -6.1230373 1.2546318
v -2.9930999 3.2298601 2.3048699
vn -0.0758945 -6.2555218 0.2477660
v -2.9758601 3.2223201 2.2485700
vn 0.2346683 -6.2079821 -0.7667087
v -2.9584901 3.2248299 2.1918600
vn 0.5384352 -5.9818640 -1.7589382
v -2.9414999 3.2373400 2.1363699
vn 0.8269424 -5.5840931 -2.6990159
v -2.9253700 3.2594800 2.0836999
vn 1.0904096 -5.0263629 -3.5611570
v -2.9105699 3.2906001 2.0353699
vn 1.3230810 -4.3241630 -4.3210406
v -2.8975201 3.3298199 1.9927599
vn 1.5173836 -3.4987164 -4.9563012
v -2.8866000 3.3760099 1.9570999
vn 1.6691138 -2.5727775 -5.4491448
v -2.8781199 3.4278300 1.9294200
vn 1.7719035 -1.5739541 -5.7857938
v -2.8723300 3.4838099 1.9105101
vn 1.8242708 -0.5298473 -5.9563465
v -2.8693900 3.5423200 1.9009099
vn 1.8244698 0.5298848 -5.9562778
v -2.8693900 3.6016800 1.9009099
vn 1.7720588 1.5738665 -5.7857723
v -2.8723300 3.6601899 1.9105101
vn 1.6690055 2.5729661 -5.4490767
v -2.8781199 3.7161701 1.9294200
vn 1.5173546 3.4985323 -4.9564276
v -2.8866000 3.7679899 1.9570999
vn 1.3231304 4.3242226 -4.3209739
v -2.8975201 3.8141799 1.9927599
vn 1.0904472 5.0263023 -3.5612445
v -2.9105699 3.8533998 2.0353699
vn 0.8267927 5.5841665 -2.6989102
v -2.9253700 3.8845201 2.0836999
vn 0.5384745 5.9818335 -1.7589946
v -2.9414999 3.9066601 2.1363699
vn 0.2346665 6.2079825 -0.7667202
v -2.9584901 3.9191699 2.1918600
vn -0.0758580 6.2555218 0.2477652
v -2.9758601 3.9216800 2.2485700
vn -0.3839416 6.1230359 1.2546418
v -2.9930999 3.9141397 2.3048699
vn -0.6814894 5.8139009 2.2268488
v -3.0097301 3.8967600 2.3591499
vn -0.9600870 5.3370323 3.1352494
v -3.0252500 3.8700399 2.4098299
vn -1.2147905 4.7061849 3.9523938
v -3.0392201 3.8347402 2.4554698
vn -1.7095990 2.0885189 5.6539521
v -3.0681500 3.6886001 2.5499101
vn -1.3777456 3.0600412 5.2921214
v -3.0627999 3.7426901 2.5260100
vn -1.9949282 1.0581089 5.8414335
v -3.0723200 3.6311500 2.5642800
vn -1.0263010 -3.9389179 4.7626977
v -3.0576301 3.3521199 2.4930799
vn -1.3778929 -3.0600924 5.2920647
v -3.0627999 3.4013100 2.5260100
vn -1.1448327 -3.0582926 5.3469110
v -3.0646400 3.4013100 2.5255799
vn -1.2269274 -3.9396124 4.7148633
v -3.0544200 3.3521199 2.4938400
vn -1.0414037 -4.7066436 4.0014739
v -3.0440700 3.3092599 2.4540899
vn -0.8262995 -5.3373985 3.1728508
v -3.0320501 3.2739599 2.4078999
vn -0.5874672 -5.8139911 2.2534125
v -3.0186901 3.2472401 2.3566101
vn -0.3306605 -6.1229105 1.2700120
v -3.0043900 3.2298601 2.3016798
vn -0.0652440 -6.2555366 0.2506145
v -2.9895501 3.2223201 2.2446899
vn 0.2020293 -6.2080169 -0.7758188
v -2.9746101 3.2248299 2.1873000
vn 0.4635134 -5.9818854 -1.7801439
v -2.9599800 3.2373400 2.1311400
vn 0.7108122 -5.5841870 -2.7317014
v -2.9461000 3.2594800 2.0778298
vn 0.9385936 -5.0261698 -3.6042783
v -2.9333701 3.2906001 2.0289099
vn 1.1386833 -4.3242021 -4.3732595
v -2.9221401 3.3298199 1.9857900
vn 1.3061965 -3.4987531 -5.0161219
v -2.9127400 3.3760099 1.9496999
vn 1.4361144 -2.5729148 -5.5149751
v -2.9054401 3.4278300 1.9216800
vn 1.5247400 -1.5736718 -5.8557148
v -2.9004600 3.4838099 1.9025400
vn 1.5692216 -0.5297961 -6.0286045
v -2.8979299 3.5423200 1.8928299
vn 1.5691386 0.5296922 -6.0286469
v -2.8979299 3.6016800 1.8928299
vn 1.5246925 1.5737467 -5.8557239
v -2.9004600 3.6601899 1.9025400
vn 1.4362925 2.5729551 -5.5149121
v -2.9054401 3.7161701 1.9216800
vn 1.3062973 3.4987869 -5.0160656
v -2.9127400 3.7679899 1.9496999
vn 1.1385807 4.3241420 -4.3733444
v -2.9221401 3.8141799 1.9857900
vn 0.9384662 5.0262389 -3.6042097
v -2.9333701 3.8533998 2.0289099
vn 0.7109109 5.5841026 -2.7318387
v -2.9461000 3.8845201 2.0778298
vn 0.4635998 5.9819160 -1.7800357
v -2.9599800 3.9066601 2.1311400
vn 0.2020346 6.2080188 -0.7758214
v -2.9746101 3.9191699 2.1873000
vn -0.0652868 6.2555346 0.2505975
v -2.9895501 3.9216800 2.2446899
vn -0.3306702 6.1228995 1.2700586
v -3.0043900 3.9141397 2.3016798
vn -0.5873255 5.8140240 2.2533581
v -3.0186901 3.8967600 2.3566101
vn -0.8261481 5.3373866 3.1729243
v -3.0320501 3.8700399 2.4078999
vn -1.0413355 4.7066264 4.0015121
v -3.0440700 3.8347402 2.4540899
vn -1.2268453 3.9395993 4.7148948
v -3.0544200 3.7918799 2.4938400
vn -1.4993548 2.0895083 5.7136607
v -3.0689600 3.6886001 2.5496800
vn -1.6019903 1.0608370 5.9659629
v -3.0727301 3.6311500 2.5641499
vn -1.8655075 1.0594207 5.8861060
v -3.0725300 3.6311500 2.5642099
vn -1.0106237 -2.0889664 5.8199391
v -3.0706201 3.4554000 2.5493200
vn -1.0167111 -1.0603484 6.0920458
v -3.0731499 3.5128500 2.5640600
vn -0.8691606 -4.7058301 4.0427122
v -3.0489800 3.3092599 2.4529300
vn -0.6893918 -5.3372641 3.2053926
v -3.0389199 3.2739599 2.4062700
vn -0.4911411 -5.8140244 2.2763000
v -3.0277600 3.2472401 2.3544500
vn -0.2764230 -6.1230445 1.2826031
v -3.0158000 3.2298601 2.2989600
vn -0.0545589 -6.2555318 0.2532293
v -3.0033901 3.2223201 2.2414000
vn 0.1690492 -6.2079692 -0.7838546
v -2.9909000 3.2248299 2.1834199
vn 0.3875638 -5.9817801 -1.7983538
v -2.9786701 3.2373400 2.1266899
vn 0.5948050 -5.5843039 -2.7593002
v -2.9670701 3.2594800 2.0728500
vn 0.7845476 -5.0263362 -3.6407521
v -2.9564199 3.2906001 2.0234299
vn 0.9522241 -4.3242517 -4.4175658
v -2.9470301 3.3298199 1.9798698
vn 1.0924757 -3.4985723 -5.0669861
v -2.9391701 3.3760099 1.9434099
vn 1.2005249 -2.5729568 -5.5710354
v -2.9330699 3.4278300 1.9151099
vn 1.2751004 -1.5735004 -5.9152842
v -2.9289000 3.4838099 1.8957798
vn 1.3118569 -0.5296952 -6.0898447
v -2.9267900 3.5423200 1.8859699
vn 1.3119985 0.5295355 -6.0898457
v -2.9267900 3.6016800 1.8859699
vn 1.2750601 1.5737731 -5.9152265
v -2.9289000 3.6601899 1.8957798
vn 1.2003585 2.5727174 -5.5711842
v -2.9330699 3.7161701 1.9151099
vn 1.0924726 3.4987500 -5.0668783
v -2.9391701 3.7679899 1.9434099
vn 0.9522880 4.3242331 -4.4175587
v -2.9470301 3.8141799 1.9798698
vn 0.7846968 5.0262914 -3.6407816
v -2.9564199 3.8533998 2.0234299
vn 0.5947663 5.5843272 -2.7592568
v -2.9670701 3.8845201 2.0728500
vn 0.3874093 5.9817600 -1.7984506
v -2.9786701 3.9066601 2.1266899
vn 0.1690638 6.2079806 -0.7837999
v -2.9909000 3.9191699 2.1834199
vn -0.0545308 6.2555280 0.2532331
v -3.0033901 3.9216800 2.2414000
vn -0.2764392 6.1230364 1.2826259
v -3.0158000 3.9141397 2.2989600
vn -0.4911839 5.8140836 2.2761471
v -3.0277600 3.8967600 2.3544500
vn -0.6895263 5.3372068 3.2054868
v -3.0389199 3.8700399 2.4062700
vn -0.8692938 4.7057796 4.0427327
v -3.0489800 3.8347402 2.4529300
vn -1.0263487 3.9390714 4.7625642
v -3.0576301 3.7918799 2.4930799
vn -1.1448948 3.0580466 5.3470445
v -3.0646400 3.7426901 2.5255799
vn -1.2511333 2.0900967 5.7735343
v -3.0697901 3.6886001 2.5494800
vn -1.2922453 1.0599660 6.0394545
v -3.0729401 3.6311500 2.5641000
vn -1.0107471 2.0891235 5.8198299
v -3.0706201 3.6886001 2.5493200
vn -0.7668644 -2.0900288 5.8577046
v -3.0714600 3.4554000 2.5491900
vn -0.7306301 -1.0605439 6.1329088
v -3.0733600 3.5128500 2.5640299
vn -0.9292130 -3.0587726 5.3889370
v -3.0664899 3.4013100 2.5252199
vn -0.8200709 -3.9400444 4.8022094
v -3.0608699 3.3521199 2.4924500
vn -0.7016656 -4.7060056 4.0751519
v -3.0539300 3.3092599 2.4519699
vn -0.5544742 -5.3371801 3.2315276
v -3.0458601 3.2739599 2.4049299
vn -0.3937846 -5.8140922 2.2950416
v -3.0369000 3.2472401 2.3526800
vn -0.2217019 -6.1229029 1.2935313
v -3.0273101 3.2298601 2.2967401
vn -0.0438012 -6.2555246 0.2553823
v -3.0173600 3.2223201 2.2386999
vn 0.1355651 -6.2079768 -0.7903032
v -3.0073400 3.2248299 2.1802399
vn 0.3107645 -5.9819574 -1.8129390
v -2.9975300 3.2373400 2.1230500
vn 0.4776011 -5.5841131 -2.7820742
v -2.9882200 3.2594800 2.0687499
vn 0.6298022 -5.0262852 -3.6707506
v -2.9796801 3.2906001 2.0189300
vn 0.7640315 -4.3242164 -4.4539900
v -2.9721501 3.3298199 1.9750099
vn 0.8760992 -3.4986227 -5.1087952
v -2.9658401 3.3760099 1.9382501
vn 0.9634292 -2.5728765 -5.6170325
v -2.9609499 3.4278300 1.9097199
vn 1.0225204 -1.5734576 -5.9638944
v -2.9576101 3.4838099 1.8902199
vn 1.0525569 -0.5293934 -6.1400142
v -2.9559100 3.5423200 1.8803399
vn 1.0523372 0.5293356 -6.1400628
v -2.9559100 3.6016800 1.8803399
vn 1.0226287 1.5734358 -5.9638987
v -2.9576101 3.6601899 1.8902199
vn 0.9636050 2.5730264 -5.6169338
v -2.9609499 3.7161701 1.9097199
vn 0.8759944 3.4985080 -5.1088910
v -2.9658401 3.7679899 1.9382501
vn 0.7640887 4.3242722 -4.4539361
v -2.9721501 3.8141799 1.9750099
vn 0.6297313 5.0262480 -3.6708257
v -2.9796801 3.8533998 2.0189300
vn 0.4776063 5.5841732 -2.7819483
v -2.9882200 3.8845201 2.0687499
vn 0.3108914 5.9819236 -1.8130023
v -2.9975300 3.9066601 2.1230500
vn 0.1355218 6.2079821 -0.7902959
v -3.0073400 3.9191699 2.1802399
vn -0.0438059 6.2555251 0.2553701
v -3.0173600 3.9216800 2.2386999
vn -0.2216747 6.1228948 1.2935776
v -3.0273101 3.9141397 2.2967401
vn -0.3937690 5.8141007 2.2950091
v -3.0369000 3.8967600 2.3526800
vn -0.5545388 5.3371301 3.2315898
v -3.0458601 3.8700399 2.4049299
vn -0.7014504 4.7062020 4.0749688
v -3.0539300 3.8347402 2.4519699
vn -0.8199609 3.9397416 4.8024883
v -3.0608699 3.7918799 2.4924500
vn -0.9294081 3.0589297 5.3887815
v -3.0664899 3.7426901 2.5252199
vn -1.0165973 1.0600703 6.0921345
v -3.0731499 3.6311500 2.5640600
vn -0.7667518 2.0903516 5.8575826
v -3.0714600 3.6886001 2.5491900
vn -0.4890508 -2.0904884 5.8873606
v -3.0723000 3.4554000 2.5490999
vn -0.4337130 -1.0606414 6.1612439
v -3.0735700 3.5128500 2.5640099
vn -0.6964048 -3.0586801 5.4240665
v -3.0683501 3.4013100 2.5249400
vn -0.6133721 -3.9390140 4.8330545
v -3.0641301 3.3521199 2.4919701
vn -0.5249549 -4.7065611 4.1013041
v -3.0589101 3.3092599 2.4512200
vn -0.4174508 -5.3372474 3.2521296
v -3.0528500 3.2739599 2.4038799
vn -0.2948748 -5.8141689 2.3096943
v -3.0461199 3.2472401 2.3513000
vn -0.1667232 -6.1229892 1.3015664
v -3.0389099 3.2298601 2.2949998
vn -0.0328496 -6.2555442 0.2568069
v -3.0314300 3.2223201 2.2365899
vn 0.1017881 -6.2079682 -0.7953849
v -3.0239000 3.2248299 2.1777599
vn 0.2337125 -5.9818182 -1.8246807
v -3.0165300 3.2373400 2.1201999
vn 0.3584549 -5.5842223 -2.7997737
v -3.0095301 3.2594800 2.0655599
vn 0.4732647 -5.0262332 -3.6942363
v -3.0031099 3.2906001 2.0154200
vn 0.5742450 -4.3241062 -4.4824710
v -2.9974501 3.3298199 1.9712200
vn 0.6583673 -3.4987941 -5.1413760
v -2.9927101 3.3760099 1.9342299
vn 0.7245895 -2.5725739 -5.6527691
v -2.9890301 3.4278300 1.9055099
vn 0.7684312 -1.5735476 -6.0021634
v -2.9865201 3.4838099 1.8859000
vn 0.7918404 -0.5294267 -6.1791267
v -2.9852500 3.5423200 1.8759499
vn 0.7918472 0.5296209 -6.1790886
v -2.9852500 3.6016800 1.8759499
vn 0.7682311 1.5731446 -6.0022964
v -2.9865201 3.6601899 1.8859000
vn 0.7244437 2.5729096 -5.6526442
v -2.9890301 3.7161701 1.9055099
vn 0.6584262 3.4986341 -5.1414657
v -2.9927101 3.7679899 1.9342299
vn 0.5741636 4.3241425 -4.4824538
v -2.9974501 3.8141799 1.9712200
vn 0.4732626 5.0262575 -3.6941998
v -3.0031099 3.8533998 2.0154200
vn 0.3584151 5.5841818 -2.7998517
v -3.0095301 3.8845201 2.0655599
vn 0.2336598 5.9818325 -1.8246387
v -3.0165300 3.9066601 2.1201999
vn 0.1018034 6.2079663 -0.7953995
v -3.0239000 3.9191699 2.1777599
vn -0.0328633 6.2555404 0.2568159
v -3.0314300 3.9216800 2.2365899
vn -0.1667114 6.1230106 1.3014958
v -3.0389099 3.9141397 2.2949998
vn -0.2949019 5.8140965 2.3098624
v -3.0461199 3.8967600 2.3513000
vn -0.4173883 5.3373466 3.2519631
v -3.0528500 3.8700399 2.4038799
vn -0.5250195 4.7066078 4.1012621
v -3.0589101 3.8347402 2.4512200
vn -0.6135812 3.9387739 4.8332334
v -3.0641301 3.7918799 2.4919701
vn -0.6961923 3.0587630 5.4240189
v -3.0683501 3.7426901 2.5249400
vn -0.7306421 1.0600561 6.1330280
v -3.0733600 3.6311500 2.5640299
vn -0.4888788 2.0904584 5.8874140
v -3.0723000 3.6886001 2.5490999
vn -0.4336976 1.0601121 6.1613741
v -3.0735700 3.6311500 2.5640099
vn -0.2423157 -2.0892804 5.9017587
v -3.0731499 3.4554000 2.5490499
vn -0.4634944 -3.0584729 5.4489036
v -3.0702300 3.4013100 2.5247400
vn -0.4137624 -3.9392247 4.8543735
v -3.0674100 3.3521199 2.4916201
vn -0.3485385 -4.7062745 4.1200404
v -3.0639300 3.3092599 2.4506900
vn -0.2783995 -5.3372283 3.2669706
v -3.0598800 3.2739599 2.4031301
vn -0.1975237 -5.8138366 2.3205054
v -3.0553901 3.2472401 2.3503199
vn -0.1113207 -6.1229362 1.3075926
v -3.0505700 3.2298601 2.2937601
vn -0.0219635 -6.2555180 0.2582709
v -3.0455799 3.2223201 2.2350900
vn 0.0680150 -6.2080030 -0.7988502
v -3.0405500 3.2248299 2.1759899
vn 0.1560616 -5.9819207 -1.8328292
v -3.0356300 3.2373400 2.1181700
vn 0.2390764 -5.5842204 -2.8125081
v -3.0309501 3.2594800 2.0632799
vn 0.3153477 -5.0263152 -3.7109096
v -3.0266700 3.2906001 2.0129099
vn 0.3834103 -4.3241558 -4.5028095
v -3.0228901 3.3298199 1.9685099
vn 0.4396877 -3.4986258 -5.1647491
v -3.0197301 3.3760099 1.9313500
vn 0.4828336 -2.5728340 -5.6783876
v -3.0172701 3.4278300 1.9024999
vn 0.5132873 -1.5733690 -6.0292978
v -3.0155900 3.4838099 1.8827999
vn 0.5282817 -0.5296745 -6.2069612
v -3.0147400 3.5423200 1.8727999
vn 0.5284589 0.5296456 -6.2069516
v -3.0147400 3.6016800 1.8727999
vn 0.5133957 1.5735301 -6.0292354
v -3.0155900 3.6601899 1.8827999
vn 0.4828815 2.5725849 -5.6784930
v -3.0172701 3.7161701 1.9024999
vn 0.4398275 3.4987566 -5.1646647
v -3.0197301 3.7679899 1.9313500
vn 0.3833331 4.3242297 -4.5027280
v -3.0228901 3.8141799 1.9685099
vn 0.3153058 5.0262046 -3.7110484
v -3.0266700 3.8533998 2.0129099
vn 0.2392184 5.5842175 -2.8125172
v -3.0309501 3.8845201 2.0632799
vn 0.1561318 5.9819446 -1.8327560
v -3.0356300 3.9066601 2.1181700
vn 0.0680081 6.2080050 -0.7988560
v -3.0405500 3.9191699 2.1759899
vn -0.0219512 6.2555156 0.2582774
v -3.0455799 3.9216800 2.2350900
vn -0.1113571 6.1229410 1.3075743
v -3.0505700 3.9141397 2.2937601
vn -0.1975054 5.8138261 2.3205247
v -3.0553901 3.8967600 2.3503199
vn -0.2783167 5.3372936 3.2668855
v -3.0598800 3.8700399 2.4031301
vn -0.3485788 4.7061391 4.1201940
v -3.0639300 3.8347402 2.4506900
vn -0.4137030 3.9393218 4.8542881
v -3.0674100 3.7918799 2.4916201
vn -0.4634298 3.0585308 5.4488831
v -3.0702300 3.7426901 2.5247400
vn -0.2319934 -3.0585804 5.4636202
v -3.0721099 3.4013100 2.5246201
vn -0.2070183 -3.9392676 4.8675323
v -3.0706999 3.3521199 2.4914100
vn -0.1764155 -4.7062087 4.1310816
v -3.0689600 3.3092599 2.4503698
vn -0.1392610 -5.3373485 3.2756622
v -3.0669301 3.2739599 2.4026799
vn -0.0999862 -5.8140783 2.3264735
v -3.0646801 3.2472401 2.3497200
vn -0.0559625 -6.1229830 1.3110200
v -3.0622799 3.2298601 2.2930100
vn -0.0110159 -6.2555356 0.2587509
v -3.0597801 3.2223201 2.2341800
vn 0.0340070 -6.2079601 -0.8011727
v -3.0572600 3.2248299 2.1749198
vn 0.0781386 -5.9817724 -1.8379985
v -3.0548000 3.2373400 2.1169400
vn 0.1199513 -5.5841837 -2.8202169
v -3.0524600 3.2594800 2.0619099
vn 0.1579501 -5.0264835 -3.7209232
v -3.0503099 3.2906001 2.0114100
vn 0.1915501 -4.3241854 -4.5149136
v -3.0484200 3.3298199 1.9668798
vn 0.2195518 -3.4984131 -5.1788378
v -3.0468400 3.3760099 1.9296200
vn 0.2410228 -2.5729091 -5.6939001
v -3.0456100 3.4278300 1.9006999
vn 0.2566016 -1.5733762 -6.0456519
v -3.0447700 3.4838099 1.8809400
vn 0.2637260 -0.5295624 -6.2240262
v -3.0443401 3.5423200 1.8709199
vn 0.2636152 0.5294560 -6.2240510
v -3.0443401 3.6016800 1.8709199
vn 0.2565404 1.5736306 -6.0455847
v -3.0447700 3.6601899 1.8809400
vn 0.2409249 2.5726981 -5.6939878
v -3.0456100 3.7161701 1.9006999
vn 0.2194031 3.4984386 -5.1788425
v -3.0468400 3.7679899 1.9296200
vn 0.1917764 4.3242278 -4.5148726
v -3.0484200 3.8141799 1.9668798
vn 0.1581044 5.0264759 -3.7209322
v -3.0503099 3.8533998 2.0114100
vn 0.1197541 5.5841894 -2.8202143
v -3.0524600 3.8845201 2.0619099
vn 0.0780173 5.9817729 -1.8379942
v -3.0548000 3.9066601 2.1169400
vn 0.0340221 6.2079606 -0.8011802
v -3.0572600 3.9191699 2.1749198
vn -0.0110215 6.2555327 0.2587611
v -3.0597801 3.9216800 2.2341800
vn -0.0559553 6.1229730 1.3110517
v -3.0622799 3.9141397 2.2930100
vn -0.0999821 5.8141251 2.3263557
v -3.0646801 3.8967600 2.3497200
vn -0.1393379 5.3372860 3.2757730
v -3.0669301 3.8700399 2.4026799
vn -0.1764410 4.7062502 4.1310282
v -3.0689600 3.8347402 2.4503698
vn -0.2069730 3.9392436 4.8675561
v -3.0706999 3.7918799 2.4914100
vn -0.2320815 3.0586281 5.4635854
v -3.0721099 3.7426901 2.5246201
vn -0.2426516 2.0891104 5.9017978
v -3.0731499 3.6886001 2.5490499
vn -0.2873307 1.0573517 6.1635089
v -3.0737901 3.6311500 2.5639999
vn -0.0579683 -1.5293232 2.7342448
v -3.0740001 3.4013100 2.5245800
vn -0.0517371 -1.9696540 2.4359438
v -3.0740001 3.3521199 2.4913399
vn -0.0450606 -2.3532391 2.0673897
v -3.0740001 3.3092599 2.4502599
vn -0.0348018 -2.6686730 1.6393011
v -3.0740001 3.2739599 2.4025300
vn -0.0249754 -2.9070492 1.1642858
v -3.0740001 3.2472401 2.3495200
vn -0.0140068 -3.0614879 0.6561229
v -3.0740001 3.2298601 2.2927599
vn -0.0027386 -3.1277626 0.1295536
v -3.0740001 3.2223201 2.2338800
vn 0.0083829 -3.1040053 -0.4008566
v -3.0740001 3.2248299 2.1745698
vn 0.0191670 -2.9909868 -0.9196686
v -3.0740001 3.2373400 2.1165400
vn 0.0300752 -2.7920747 -1.4113842
v -3.0740001 3.2594800 2.0614500
vn 0.0400566 -2.5130548 -1.8622479
v -3.0740001 3.2906001 2.0109000
vn 0.0477851 -2.1621139 -2.2595098
v -3.0740001 3.3298199 1.9663401
vn 0.0544338 -1.7492995 -2.5917768
v -3.0740001 3.3760099 1.9290500
vn 0.0601555 -1.2864547 -2.8495147
v -3.0740001 3.4278300 1.9001000
vn 0.0641513 -0.7867655 -3.0255232
v -3.0740001 3.4838099 1.8803198
vn 0.0661401 -0.2647189 -3.1147842
v -3.0740001 3.5423200 1.8702900
vn 0.0661500 0.2647317 -3.1147821
v -3.0740001 3.6016800 1.8702900
vn 0.0641973 0.7867934 -3.0255103
v -3.0740001 3.6601899 1.8803198
vn 0.0602448 1.2864678 -2.8494961
v -3.0740001 3.7161701 1.9001000
vn 0.0544544 1.7492104 -2.5918350
v -3.0740001 3.7679899 1.9290500
vn 0.0476427 2.1620641 -2.2595813
v -3.0740001 3.8141799 1.9663401
vn 0.0399705 2.5131686 -1.8621122
v -3.0740001 3.8533998 2.0109000
vn 0.0301694 2.7920763 -1.4113547
v -3.0740001 3.8845201 2.0614500
vn 0.0192318 2.9909544 -0.9197478
v -3.0740001 3.9066601 2.1165400
vn 0.0083762 3.1040072 -0.4008531
v -3.0740001 3.9191699 2.1745698
vn -0.0027349 3.1277604 0.1295645
v -3.0740001 3.9216800 2.2338800
vn -0.0139938 3.0614879 0.6561210
v -3.0740001 3.9141397 2.2927599
vn -0.0249810 2.9070597 1.1642579
v -3.0740001 3.8967600 2.3495200
vn -0.0347907 2.6686356 1.6393604
v -3.0740001 3.8700399 2.4025300
vn -0.0450400 2.3533006 2.0673149
v -3.0740001 3.8347402 2.4502599
vn -0.0517746 1.9696171 2.4359796
v -3.0740001 3.7918799 2.4913399
vn -0.0579434 1.5292867 2.7342663
v -3.0740001 3.7426901 2.5245800
vn -0.0686890 1.0451486 2.9537730
v -3.0740001 3.6886001 2.5490301
vn -0.1469386 0.5315566 3.0893385
v -3.0740001 3.6311500 2.5639899
vn 0.0000000 0.0000000 2.9763730
v -2.3740001 3.5720000 5.5500002
vn 0.0000000 0.0000000 2.9761286
v -2.8099201 3.9112902 5.5500002
vn 0.0000000 0.0000000 2.9763284
v -2.8645899 3.8925200 5.5500002
vn 0.0000000 0.0000000 2.9763222
v -2.5834100 3.8925200 5.5500002
vn 0.0000000 0.0000000 2.9763420
v -2.4477999 3.7869699 5.5500002
vn 0.0000000 0.0000000 2.9762478
v -2.4869499 3.8295002 5.5500002
vn 0.0000000 0.0000000 2.9761734
v -2.5325701 3.8650098 5.5500002
vn 0.0000000 0.0000000 2.9761291
v -2.6380801 3.9112902 5.5500002
vn 0.0000000 0.0000000 2.9761477
v -2.4161801 3.7385800 5.5500002
vn 0.0000000 0.0000000 2.9762897
v -2.3929601 3.6856401 5.5500002
vn 0.0000000 0.0000000 2.9763293
v -2.6951001 3.9208002 5.5500002
vn 0.0000000 0.0000000 2.9763291
v -2.7529001 3.9208002 5.5500002
vn 0.0000000 0.0000000 2.9761624
v -2.3787701 3.6296101 5.5500002
vn 0.0000000 0.0000000 2.9761496
v -2.4161801 3.4054201 5.5500002
vn 0.0000000 0.0000000 2.9762902
v -2.3929601 3.4583600 5.5500002
vn 0.0000000 0.0000000 2.9762502
v -2.9610500 3.8295002 5.5500002
vn 0.0000000 0.0000000 2.9761691
v -2.9154301 3.8650098 5.5500002
vn 0.0000000 0.0000000 2.9761622
v -2.3787701 3.5143900 5.5500002
vn 0.0000000 0.0000000 2.9763465
v -3.0002000 3.7869699 5.5500002
vn 0.0000000 0.0000000 2.9761453
v -3.0318201 3.7385800 5.5500002
vn 0.0000000 0.0000000 2.9763360
v -2.4477999 3.3570299 5.5500002
vn 0.0000000 0.0000000 2.9763260
v -2.5834100 3.2514801 5.5500002
vn 0.0000000 0.0000000 2.9761620
v -3.0692301 3.6296101 5.5500002
vn 0.0000000 0.0000000 2.9763720
v -3.0740001 3.5720000 5.5500002
vn 0.0000000 0.0000000 2.9762607
v -2.4869499 3.3145001 5.5500002
vn 0.0000000 0.0000000 2.9762902
v -3.0550401 3.6856401 5.5500002
vn 0.0000000 0.0000000 2.9761643
v -2.5325701 3.2789900 5.5500002
vn 0.0000000 0.0000000 2.9762893
v -3.0550401 3.4583600 5.5500002
vn 0.0000000 0.0000000 2.9761465
v -3.0318201 3.4054201 5.5500002
vn 0.0000000 0.0000000 2.9763336
v -2.7529001 3.2232001 5.5500002
vn 0.0000000 0.0000000 2.9761615
v -3.0692301 3.5143900 5.5500002
vn 0.0000000 0.0000000 2.9763324
v -2.6951001 3.2232001 5.5500002
vn 0.0000000 0.0000000 2.9761257
v -2.6380801 3.2327099 5.5500002
vn 0.0000000 0.0000000 2.9762630
v -2.9610500 3.3145001 5.5500002
vn 0.0000000 0.0000000 2.9761581
v -2.9154301 3.2789900 5.5500002
vn 0.0000000 0.0000000 2.9763310
v -2.8645899 3.2514801 5.5500002
vn 0.0000000 0.0000000 2.9761240
v -2.8099201 3.2327099 5.5500002
vn 0.0000000 0.0000000 2.9763386
v -3.0002000 3.3570299 5.5500002
vn -0.0000706 0.0000005 -3.1309490
v -4.2740002 0.6570000 4.4000001
vn 0.0000753 -0.2657952 -3.1189437
v 10.8260002 0.6485190 4.4003601
vn -0.0000702 -0.5154629 -3.0880346
v -4.2740002 0.6405410 4.4013600
vn -0.0000694 -1.0167525 -2.9612751
v -4.2740002 0.6245300 4.4054203
vn 0.0000750 -0.7890676 -3.0292237
v 10.8260002 0.6318020 4.4032302
vn 0.0000741 -1.2892083 -2.8524804
v 10.8260002 0.6158100 4.4088802
vn -0.0000688 -1.4902400 -2.7533906
v -4.2740002 0.6094050 4.4120502
vn 0.0000723 -1.7524248 -2.5937955
v 10.8260002 0.6010030 4.4171500
vn -0.0000680 -1.9231894 -2.4706881
v -4.2740002 0.5955790 4.4210901
vn -0.0000661 -2.3033342 -2.1204686
v -4.2740002 0.5834280 4.4322701
vn 0.0000702 -2.1659496 -2.2598298
v 10.8260002 0.5878060 4.4278002
vn 0.0000684 -2.5169644 -1.8611406
v 10.8260002 0.5766000 4.4405403
vn -0.0000635 -2.6211078 -1.7122583
v -4.2740002 0.5732830 4.4453101
vn 0.0000659 -2.7950063 -1.4092939
v 10.8260002 0.5677070 4.4549804
vn -0.0000608 -2.8670807 -1.2578766
v -4.2740002 0.5654230 4.4598303
vn -0.0000576 -3.0349598 -0.7685938
v -4.2740002 0.5600600 4.4754500
vn 0.0000632 -2.9930456 -0.9165060
v 10.8260002 0.5613830 4.4707203
vn 0.0000599 -3.1048710 -0.3976056
v 10.8260002 0.5578100 4.4873004
vn -0.0000542 -3.1200912 -0.2585049
v -4.2740002 0.5573420 4.4917402
vn 0.0000561 -3.1274111 0.1327071
v 10.8260002 0.5570900 4.5042400
vn -0.0000503 -3.1201444 0.2585143
v -4.2740002 0.5573420 4.5082603
vn -0.0000461 -3.0349638 0.7685822
v -4.2740002 0.5600600 4.5245500
vn 0.0000519 -3.0599837 0.6593435
v 10.8260002 0.5592440 4.5210700
vn 0.0000471 -2.9044101 1.1672846
v 10.8260002 0.5642110 4.5372901
vn -0.0000414 -2.8670831 1.2578667
v -4.2740002 0.5654230 4.5401702
vn 0.0000420 -2.6655173 1.6412902
v 10.8260002 0.5718470 4.5524302
vn -0.0000361 -2.6211543 1.7122866
v -4.2740002 0.5732830 4.5546904
vn -0.0000304 -2.3033335 2.1204679
v -4.2740002 0.5834280 4.5677304
vn 0.0000368 -2.3495808 2.0682015
v 10.8260002 0.5819330 4.5660701
vn 0.0000312 -1.9663411 2.4356520
v 10.8260002 0.5941780 4.5778003
vn -0.0000239 -1.9231544 2.4706442
v -4.2740002 0.5955790 4.5789104
vn 0.0000253 -1.5270008 2.7325144
v 10.8260002 0.6082310 4.5873003
vn -0.0000179 -1.4901904 2.7532899
v -4.2740002 0.6094050 4.5879502
vn -0.0000109 -1.0167043 2.9612844
v -4.2740002 0.6245300 4.5945802
vn 0.0000183 -1.0427617 2.9513657
v 10.8260002 0.6236860 4.5942903
vn 0.0000114 -0.5288510 3.0853727
v 10.8260002 0.6401000 4.5985603
vn -0.0000032 -0.5154696 3.0880916
v -4.2740002 0.6405410 4.5986400
vn 0.0000087 -0.0000000 3.1302459
v 10.8260002 0.6570000 4.6000004
vn 0.0000000 0.0000005 3.1309159
v -4.2740002 0.6570000 4.6000004
vn 0.0000753 0.2657953 -3.1189437
v 10.8260002 0.6654810 4.4003601
vn -0.0000702 0.5154633 -3.0880349
v -4.2740002 0.6734590 4.4013600
vn 0.0000750 0.7890677 -3.0292237
v 10.8260002 0.6821980 4.4032302
vn -0.0000694 1.0167525 -2.9612749
v -4.2740002 0.6894700 4.4054203
vn 0.0000741 1.2891684 -2.8525026
v 10.8260002 0.6981900 4.4088802
vn 0.0000723 1.7524309 -2.5937810
v 10.8260002 0.7129980 4.4171500
vn -0.0000688 1.4902399 -2.7533903
v -4.2740002 0.7045950 4.4120502
vn -0.0000681 1.9231894 -2.4706879
v -4.2740002 0.7184210 4.4210901
vn 0.0000702 2.1659956 -2.2597928
v 10.8260002 0.7261940 4.4278002
vn -0.0000661 2.3033342 -2.1204684
v -4.2740002 0.7305720 4.4322701
vn 0.0000684 2.5169621 -1.8611447
v 10.8260002 0.7374000 4.4405403
vn 0.0000659 2.7950039 -1.4092978
v 10.8260002 0.7462930 4.4549804
vn -0.0000635 2.6211057 -1.7122627
v -4.2740002 0.7407170 4.4453101
vn -0.0000608 2.8670800 -1.2578760
v -4.2740002 0.7485770 4.4598303
vn 0.0000632 2.9930456 -0.9165059
v 10.8260002 0.7526170 4.4707203
vn -0.0000576 3.0349615 -0.7685887
v -4.2740002 0.7539400 4.4754500
vn 0.0000599 3.1048713 -0.3976001
v 10.8260002 0.7561900 4.4873004
vn -0.0000542 3.1200912 -0.2585049
v -4.2740002 0.7566580 4.4917402
vn -0.0000503 3.1201444 0.2585143
v -4.2740002 0.7566580 4.5082603
vn 0.0000561 3.1274116 0.1327126
v 10.8260002 0.7569100 4.5042400
vn -0.0000461 3.0349655 0.7685770
v -4.2740002 0.7539400 4.5245500
vn 0.0000519 3.0599852 0.6593385
v 10.8260002 0.7547560 4.5210700
vn 0.0000471 2.9044092 1.1672839
v 10.8260002 0.7497890 4.5372901
vn -0.0000414 2.8670824 1.2578660
v -4.2740002 0.7485770 4.5401702
vn -0.0000361 2.6211519 1.7122910
v -4.2740002 0.7407170 4.5546904
vn 0.0000420 2.6655149 1.6412945
v 10.8260002 0.7421530 4.5524302
vn -0.0000304 2.3033335 2.1204679
v -4.2740002 0.7305720 4.5677304
vn 0.0000368 2.3495808 2.0682015
v 10.8260002 0.7320670 4.5660701
vn 0.0000312 1.9663438 2.4356501
v 10.8260002 0.7198220 4.5778003
vn -0.0000239 1.9231544 2.4706442
v -4.2740002 0.7184210 4.5789104
vn -0.0000179 1.4901904 2.7532899
v -4.2740002 0.7045950 4.5879502
vn 0.0000253 1.5270014 2.7325134
v 10.8260002 0.7057690 4.5873003
vn -0.0000109 1.0167042 2.9612844
v -4.2740002 0.6894700 4.5945802
vn 0.0000183 1.0427610 2.9513664
v 10.8260002 0.6903140 4.5942903
vn 0.0000114 0.5288524 3.0853722
v 10.8260002 0.6739000 4.5985603
vn -0.0000032 0.5154700 3.0880916
v -4.2740002 0.6734590 4.5986400
vn -0.0008134 -2.9767435 -0.2343890
v -2.4550700 3.3480000 5.0308404
vn -0.0006215 -3.1201632 0.2584137
v -0.8040000 3.3477700 5.0685802
vn -0.0006161 -3.0019410 0.2384810
v -2.4548399 3.3482800 5.0690904
vn -0.0008721 -0.0008212 -3.2337363
v -2.3743200 3.5719600 4.8254900
vn -0.0005756 0.5418624 -3.1854703
v -2.3762801 3.6100600 4.8285704
vn -0.0007224 0.5150557 -3.0881894
v -0.8040000 3.6090300 4.8280702
vn -0.0002484 -2.9283543 0.7052546
v -2.4499600 3.3542500 5.1066203
vn -0.0002985 -3.0351243 0.7681410
v -0.8040000 3.3538799 5.1052303
vn 0.0001994 -2.8670537 1.2579142
v -0.8040000 3.3659499 5.1403804
vn -0.0001866 -2.8140850 1.2033556
v -2.4406500 3.3665500 5.1417203
vn 0.0001637 -2.6211321 1.7123812
v -0.8040000 3.3836401 5.1730604
vn -0.0000650 -2.6208134 1.6600300
v -2.4287000 3.3840899 5.1737404
vn 0.0000026 -2.3475163 2.0807922
v -2.4156899 3.4062901 5.2022004
vn 0.0001582 -2.3036823 2.1202097
v -0.8040000 3.4064600 5.2023902
vn 0.0002518 -1.9229345 2.4707479
v -0.8040000 3.4338000 5.2275600
vn -0.0001091 -1.9991052 2.4554501
v -2.4028800 3.4327700 5.2267504
vn -0.0002593 -1.5685706 2.7875724
v -2.3913200 3.4632299 5.2469702
vn -0.0001627 -1.4898170 2.7536952
v -0.8040000 3.4649100 5.2478800
vn -0.0006312 -1.0165437 2.9611807
v -0.8040000 3.4989400 5.2628102
vn -0.0007363 -1.0774724 3.0258830
v -2.3823299 3.4973700 5.2617702
vn -0.0003139 -0.5154135 3.0881512
v -0.8040000 3.5349700 5.2719302
vn -0.0011205 -0.5819705 3.1749544
v -2.3763299 3.5339301 5.2713504
vn -0.0009682 -0.0004034 3.2484126
v -2.3740001 3.5720000 5.2750001
vn 0.0000000 -0.0000000 3.1308522
v -0.8040000 3.5720000 5.2750001
vn -0.0003441 -3.1201963 -0.2582420
v -0.8040000 3.3477700 5.0314202
vn -0.0004989 -2.9420004 -0.7231761
v -2.4498200 3.3545001 4.9934902
vn -0.0002919 -3.0350428 -0.7684695
v -0.8040000 3.3538799 4.9947701
vn -0.0000458 -2.8671110 -1.2577517
v -0.8040000 3.3659499 4.9596200
vn -0.0001554 -2.8149943 -1.1880751
v -2.4407101 3.3665099 4.9583302
vn -0.0000242 -2.6202590 -1.6582391
v -2.4288101 3.3840001 4.9263701
vn 0.0001780 -2.6211300 -1.7123858
v -0.8040000 3.3836401 4.9269400
vn 0.0000099 -2.3488417 -2.0803242
v -2.4157801 3.4061699 4.8979301
vn 0.0001628 -2.3036788 -2.1202083
v -0.8040000 3.4064600 4.8976102
vn -0.0001404 -1.9999371 -2.4548497
v -2.4029500 3.4326699 4.8733401
vn 0.0002384 -1.9229226 -2.4707489
v -0.8040000 3.4338000 4.8724403
vn 0.0002804 -1.4900982 -2.7535765
v -0.8040000 3.4649100 4.8521204
vn -0.0002861 -1.5823356 -2.7739575
v -2.3913801 3.4631500 4.8531003
vn -0.0003508 -1.0899969 -3.0307076
v -2.3821101 3.4971199 4.8378301
vn -0.0000841 -1.0163208 -2.9612880
v -0.8040000 3.4989400 4.8371902
vn -0.0006068 -0.5437095 -3.1855323
v -2.3762901 3.5338500 4.8285904
vn -0.0007134 -0.5150577 -3.0881844
v -0.8040000 3.5349700 4.8280702
vn -0.0009764 0.0000042 -3.1308007
v -0.8040000 3.5720000 4.8250003
vn 0.0002887 1.4900919 -2.7535820
v -0.8040000 3.6790900 4.8521204
vn -0.0000889 1.0163200 -2.9612858
v -0.8040000 3.6450601 4.8371902
vn -0.0002929 1.0870993 -3.0314980
v -2.3820701 3.6467600 4.8377800
vn 0.0001654 2.3036742 -2.1202154
v -0.8040000 3.7375400 4.8976102
vn 0.0000081 2.3462064 -2.0810156
v -2.4156799 3.7376699 4.8977504
vn -0.0000673 2.6192803 -1.6603475
v -2.4286799 3.7598701 4.9261904
vn 0.0002437 1.9229326 -2.4707468
v -0.8040000 3.7102001 4.8724403
vn -0.0002206 1.5801737 -2.7756841
v -2.3912899 3.6807001 4.8529902
vn -0.0000904 1.9988523 -2.4571018
v -2.4028301 3.7111599 4.8731904
vn -0.0002532 2.9306989 -0.7201676
v -2.4499300 3.7897100 4.9932404
vn -0.0003555 2.9820173 -0.2262845
v -2.4550600 3.7959900 5.0307503
vn -0.0000078 3.0351555 -0.7683488
v -0.8040000 3.7901099 4.9947701
vn -0.0002017 2.8160522 -1.2058256
v -2.4405601 3.7773900 4.9581504
vn 0.0002238 2.8671854 -1.2575319
v -0.8040000 3.7780499 4.9596200
vn 0.0001830 2.6211417 -1.7123752
v -0.8040000 3.7603600 4.9269400
vn -0.0006326 2.9433312 0.7114614
v -2.4497199 3.7893901 5.1064200
vn -0.0001717 2.8672676 1.2572995
v -0.8040000 3.7780499 5.1403804
vn -0.0006875 3.0351050 0.7684076
v -0.8040000 3.7901099 5.1052303
vn -0.0008902 3.1200964 0.2586697
v -0.8040000 3.7962301 5.0685802
vn -0.0006019 3.1201246 -0.2584910
v -0.8040000 3.7962301 5.0314202
vn -0.0006822 2.9928882 0.2509254
v -2.4548399 3.7957201 5.0690503
vn 0.0000045 2.3474376 2.0793355
v -2.4157901 3.7377999 5.2021003
vn 0.0001626 2.3036826 2.1202090
v -0.8040000 3.7375400 5.2023902
vn -0.0000330 2.6206667 1.6584408
v -2.4287901 3.7599900 5.1736403
vn 0.0001672 2.6211357 1.7123735
v -0.8040000 3.7603600 5.1730604
vn -0.0001709 2.8156393 1.1816832
v -2.4406800 3.7774899 5.1416502
vn -0.0002651 1.5816947 2.7750852
v -2.3913600 3.6808200 5.2469301
vn 0.0002486 1.9229292 2.4707506
v -0.8040000 3.7102001 5.2275600
vn -0.0001322 2.0004432 2.4553912
v -2.4029300 3.7112999 5.2266903
vn -0.0003396 1.0855863 3.0324605
v -2.3821101 3.6468000 5.2621903
vn 0.0002757 1.4900839 2.7535796
v -0.8040000 3.6790900 5.2478800
vn -0.0001816 1.0162754 2.9612942
v -0.8040000 3.6450601 5.2628102
vn -0.0006494 0.5602614 3.1742163
v -2.3763201 3.6099601 5.2713704
vn -0.0003213 0.5154181 3.0881498
v -0.8040000 3.6090300 5.2719302
vn 0.7959796 2.9745822 -0.2466541
v -0.8040000 3.7962301 5.0314202
vn 0.7959539 2.9745905 0.2466372
v -0.8040000 3.7962301 5.0685802
vn 0.8178499 3.0563424 0.2530569
v -0.5040000 3.7165000 5.0619702
vn 0.8178309 0.0000047 -3.0668430
v -0.5040000 3.5720000 4.9050002
vn 0.8178546 -0.5050544 -3.0249488
v -0.5040000 3.5481300 4.9069800
vn 0.7959657 -0.4912012 -2.9442048
v -0.8040000 3.5349700 4.8280702
vn 0.8178162 2.9730930 0.7523655
v -0.5040000 3.7125599 5.0856004
vn 0.7959443 2.8936515 0.7326668
v -0.8040000 3.7901099 5.1052303
vn 0.7958958 2.7334013 1.1988555
v -0.8040000 3.7780499 5.1403804
vn 0.8178009 2.8086298 1.2317905
v -0.5040000 3.7047899 5.1082501
vn 0.7959495 2.4989576 1.6325359
v -0.8040000 3.7603600 5.1730604
vn 0.8177596 2.5673602 1.6775115
v -0.5040000 3.6933899 5.1293101
vn 0.8177933 2.2563655 2.0770838
v -0.5040000 3.6786799 5.1482100
vn 0.7959482 2.1961904 2.0213187
v -0.8040000 3.7375400 5.2023902
vn 0.7959720 1.8331798 2.3554964
v -0.8040000 3.7102001 5.2275600
vn 0.8178319 1.8833097 2.4204969
v -0.5040000 3.6610601 5.1644301
vn 0.7960178 1.4206061 2.6251719
v -0.8040000 3.6790900 5.2478800
vn 0.8178089 1.4592227 2.6973712
v -0.5040000 3.6410100 5.1775203
vn 0.8178619 0.9959791 2.9005685
v -0.5040000 3.6190801 5.1871400
vn 0.7959717 0.9691343 2.8230495
v -0.8040000 3.6450601 5.2628102
vn 0.7959656 0.4912013 2.9442048
v -0.8040000 3.6090300 5.2719302
vn 0.8178546 0.5050544 3.0249488
v -0.5040000 3.5958700 5.1930203
vn 0.7959541 -0.0000030 2.9848142
v -0.8040000 3.5720000 5.2750001
vn 0.8178309 -0.0000047 3.0668428
v -0.5040000 3.5720000 5.1950002
vn 0.8178095 3.0563486 -0.2530865
v -0.5040000 3.7165000 5.0380301
vn 0.7959739 2.8936455 -0.7326503
v -0.8040000 3.7901099 4.9947701
vn 0.8177690 2.9731088 -0.7523447
v -0.5040000 3.7125599 5.0144000
vn 0.7959004 2.7334030 -1.1988527
v -0.8040000 3.7780499 4.9596200
vn 0.7959324 2.4989681 -1.6325294
v -0.8040000 3.7603600 4.9269400
vn 0.8177945 2.8086331 -1.2317864
v -0.5040000 3.7047899 4.9917502
vn 0.8177870 2.5673664 -1.6774926
v -0.5040000 3.6933899 4.9706903
vn 0.7959272 2.1961882 -2.0213289
v -0.8040000 3.7375400 4.8976102
vn 0.8178264 2.2563505 -2.0770903
v -0.5040000 3.6786799 4.9517903
vn 0.7959470 1.8331947 -2.3554957
v -0.8040000 3.7102001 4.8724403
vn 0.7959893 1.4206024 -2.6251848
v -0.8040000 3.6790900 4.8521204
vn 0.8178719 1.8833203 -2.4204779
v -0.5040000 3.6610601 4.9355702
vn 0.8178545 1.4592047 -2.6973705
v -0.5040000 3.6410100 4.9224801
vn 0.7959872 0.9691135 -2.8230512
v -0.8040000 3.6450601 4.8371902
vn 0.8178372 0.9959488 -2.9005849
v -0.5040000 3.6190801 4.9128604
vn 0.7959929 0.4912127 -2.9441950
v -0.8040000 3.6090300 4.8280702
vn 0.7959541 0.0000029 -2.9848142
v -0.8040000 3.5720000 4.8250003
vn 0.8178116 0.5050768 -3.0249546
v -0.5040000 3.5958700 4.9069800
vn 0.7960178 -1.4206061 -2.6251719
v -0.8040000 3.4649100 4.8521204
vn 0.7959718 -0.9691343 -2.8230498
v -0.8040000 3.4989400 4.8371902
vn 0.8178619 -0.9959792 -2.9005685
v -0.5040000 3.5249200 4.9128604
vn 0.7959483 -2.4989552 -1.6325444
v -0.8040000 3.3836401 4.9269400
vn 0.7959472 -2.1961896 -2.0213189
v -0.8040000 3.4064600 4.8976102
vn 0.8177919 -2.2563596 -2.0770922
v -0.5040000 3.4653199 4.9517903
vn 0.7959720 -1.8331798 -2.3554964
v -0.8040000 3.4338000 4.8724403
vn 0.8178088 -1.4592229 -2.6973712
v -0.5040000 3.5029900 4.9224801
vn 0.8178306 -1.8833021 -2.4205022
v -0.5040000 3.4829400 4.9355702
vn 0.7959554 -2.8934569 -0.7325711
v -0.8040000 3.3538799 4.9947701
vn 0.8178665 -2.9730945 -0.7523192
v -0.5040000 3.4314399 5.0144000
vn 0.7960080 -2.9747126 -0.2462640
v -0.8040000 3.3477700 5.0314202
vn 0.8177586 -2.5673597 -1.6775120
v -0.5040000 3.4506099 4.9706903
vn 0.8178436 -2.8086097 -1.2318147
v -0.5040000 3.4392099 4.9917502
vn 0.7959193 -2.7333302 -1.1992427
v -0.8040000 3.3659499 4.9596200
vn 0.8178206 -2.9730949 0.7523580
v -0.5040000 3.4314399 5.0856004
vn 0.7959511 -2.7333310 1.1992202
v -0.8040000 3.3659499 5.1403804
vn 0.7959844 -2.8934429 0.7325910
v -0.8040000 3.3538799 5.1052303
vn 0.8178528 -3.0563416 0.2530392
v -0.5040000 3.4275000 5.0619702
vn 0.7960060 -2.9747136 0.2462630
v -0.8040000 3.3477700 5.0685802
vn 0.8178495 -3.0563426 -0.2530416
v -0.5040000 3.4275000 5.0380301
vn 0.7959461 -1.8331939 2.3554959
v -0.8040000 3.4338000 5.2275600
vn 0.7959256 -2.1961884 2.0213294
v -0.8040000 3.4064600 5.2023902
vn 0.8178260 -2.2563443 2.0770977
v -0.5040000 3.4653199 5.1482100
vn 0.7959317 -2.4989657 1.6325374
v -0.8040000 3.3836401 5.1730604
vn 0.8177935 -2.8086329 1.2317872
v -0.5040000 3.4392099 5.1082501
vn 0.8177848 -2.5673659 1.6774924
v -0.5040000 3.4506099 5.1293101
vn 0.8178718 -1.8833113 2.4204838
v -0.5040000 3.4829400 5.1644301
vn 0.7959893 -1.4206022 2.6251848
v -0.8040000 3.4649100 5.2478800
vn 0.8178545 -1.4592044 2.6973705
v -0.5040000 3.5029900 5.1775203
vn 0.7959872 -0.9691134 2.8230512
v -0.8040000 3.4989400 5.2628102
vn 0.7959929 -0.4912128 2.9441950
v -0.8040000 3.5349700 5.2719302
vn 0.8178372 -0.9959489 2.9005849
v -0.5040000 3.5249200 5.1871400
vn 0.8178116 -0.5050769 3.0249543
v -0.5040000 3.5481300 5.1930203
vn -0.0001381 3.1201577 -0.2583454
v -0.5040000 3.7165000 5.0380301
vn -0.0001369 3.1201601 0.2583462
v -0.5040000 3.7165000 5.0619702
vn 0.0001462 3.1299593 0.0051401
v 10.8260002 3.7170000 5.0500002
vn 0.0001245 -0.3505410 -3.1107390
v 10.8260002 3.5557699 4.9059100
vn -0.0001215 -0.0000001 -3.1308258
v -0.5040000 3.5720000 4.9050002
vn 0.0001282 0.1759002 -3.1255298
v 10.8260002 3.5801301 4.9052300
vn 0.0001507 3.0819283 0.5441595
v 10.8260002 3.7147899 5.0752001
vn -0.0001318 3.0351908 0.7680547
v -0.5040000 3.7125599 5.0856004
vn -0.0001238 2.8672047 1.2574781
v -0.5040000 3.7047899 5.1082501
vn 0.0001472 2.9406514 1.0711408
v 10.8260002 3.7082400 5.0996203
vn -0.0001136 2.6209967 1.7125579
v -0.5040000 3.6933899 5.1293101
vn 0.0001392 2.7100253 1.5654361
v 10.8260002 3.6975501 5.1225300
vn 0.0001266 2.3972993 2.0119390
v 10.8260002 3.6830499 5.1432300
vn -0.0001011 2.3034661 2.1204729
v -0.5040000 3.6786799 5.1482100
vn -0.0000860 1.9225593 2.4709396
v -0.5040000 3.6610601 5.1644301
vn 0.0001103 2.0115047 2.3975606
v 10.8260002 3.6651800 5.1611004
vn -0.0000658 1.4897182 2.7537930
v -0.5040000 3.6410100 5.1775203
vn 0.0000900 1.5639523 2.7107866
v 10.8260002 3.6444800 5.1755900
vn 0.0000678 1.0698452 2.9411969
v 10.8260002 3.6215699 5.1862602
vn -0.0000416 1.0167809 2.9612103
v -0.5040000 3.6190801 5.1871400
vn -0.0000146 0.5156074 3.0880911
v -0.5040000 3.5958700 5.1930203
vn 0.0000431 0.5434392 3.0820918
v 10.8260002 3.5971699 5.1928000
vn -0.0000000 0.0000000 3.1308420
v -0.5040000 3.5720000 5.1950002
vn 0.0000195 0.0046820 3.1300352
v 10.8260002 3.5720000 5.1950002
vn 0.0001412 3.0861669 -0.5245855
v 10.8260002 3.7149501 5.0257101
vn 0.0001420 2.9549356 -1.0337545
v 10.8260002 3.7088599 5.0021100
vn -0.0001365 3.0351894 -0.7680531
v -0.5040000 3.7125599 5.0144000
vn -0.0001353 2.8671799 -1.2574637
v -0.5040000 3.7047899 4.9917502
vn 0.0001408 2.7401335 -1.5137504
v 10.8260002 3.6989100 4.9798603
vn 0.0001388 2.4473760 -1.9518512
v 10.8260002 3.6853700 4.9595900
vn -0.0001354 2.6209748 -1.7125387
v -0.5040000 3.6933899 4.9706903
vn -0.0001338 2.3034682 -2.1204696
v -0.5040000 3.6786799 4.9517903
vn 0.0001378 2.0857580 -2.3344798
v 10.8260002 3.6686199 4.9418802
vn -0.0001319 1.9226106 -2.4710021
v -0.5040000 3.6610601 4.9355702
vn -0.0001303 1.4897126 -2.7537668
v -0.5040000 3.6410100 4.9224801
vn 0.0001354 1.6652442 -2.6507533
v 10.8260002 3.6491399 4.9272203
vn 0.0001326 1.1977248 -2.8923919
v 10.8260002 3.6274900 4.9160404
vn -0.0001273 1.0167897 -2.9612105
v -0.5040000 3.6190801 4.9128604
vn 0.0001309 0.6966923 -3.0519781
v 10.8260002 3.6042700 4.9086404
vn -0.0001241 0.5156110 -3.0880635
v -0.5040000 3.5958700 4.9069800
vn 0.0001119 -1.8114426 -2.5531297
v 10.8260002 3.4880900 4.9317403
vn -0.0001105 -1.4897542 -2.7538357
v -0.5040000 3.5029900 4.9224801
vn 0.0001161 -1.3578364 -2.8207793
v 10.8260002 3.5090899 4.9193602
vn 0.0001205 -0.8667864 -3.0081093
v 10.8260002 3.5318599 4.9106703
vn -0.0001143 -1.0167834 -2.9611826
v -0.5040000 3.5249200 4.9128604
vn -0.0001182 -0.5156214 -3.0881181
v -0.5040000 3.5481300 4.9069800
vn -0.0000946 -2.6209977 -1.7125506
v -0.5040000 3.4506099 4.9706903
vn 0.0001028 -2.5530610 -1.8113881
v 10.8260002 3.4537399 4.9660902
vn 0.0000979 -2.8207300 -1.3578143
v 10.8260002 3.4413600 4.9870901
vn -0.0001051 -1.9225879 -2.4709852
v -0.5040000 3.4829400 4.9355702
vn 0.0001080 -2.2135890 -2.2136011
v 10.8260002 3.4694700 4.9474702
vn -0.0001001 -2.3033962 -2.1204197
v -0.5040000 3.4653199 4.9517903
vn 0.0000846 -3.1107423 -0.3505216
v 10.8260002 3.4279101 5.0337701
vn 0.0000776 -3.1255012 0.1758738
v 10.8260002 3.4272299 5.0581303
vn -0.0000784 -3.1201577 -0.2583303
v -0.5040000 3.4275000 5.0380301
vn 0.0000924 -3.0081096 -0.8667652
v 10.8260002 3.4326699 5.0098600
vn -0.0000839 -3.0351887 -0.7680364
v -0.5040000 3.4314399 5.0144000
vn -0.0000882 -2.8671780 -1.2574626
v -0.5040000 3.4392099 4.9917502
vn 0.0000595 -2.6508164 1.6653614
v 10.8260002 3.4492300 5.1271400
vn -0.0000542 -2.8672004 1.2574762
v -0.5040000 3.4392099 5.1082501
vn 0.0000660 -2.8920209 1.1981933
v 10.8260002 3.4380400 5.1054902
vn -0.0000626 -3.0352147 0.7680460
v -0.5040000 3.4314399 5.0856004
vn -0.0000708 -3.1202121 0.2583371
v -0.5040000 3.4275000 5.0619702
vn 0.0000718 -3.0520029 0.6966845
v 10.8260002 3.4306400 5.0822701
vn -0.0000334 -1.9225816 2.4709849
v -0.5040000 3.4829400 5.1644301
vn -0.0000407 -2.3034368 2.1204548
v -0.5040000 3.4653199 5.1482100
vn 0.0000412 -1.9518713 2.4473956
v 10.8260002 3.4815900 5.1633701
vn -0.0000471 -2.6209931 1.7125535
v -0.5040000 3.4506099 5.1293101
vn 0.0000508 -2.3347671 2.0853615
v 10.8260002 3.4638801 5.1466203
vn 0.0000314 -1.5137593 2.7401488
v 10.8260002 3.5018599 5.1769104
vn -0.0000244 -1.4897200 2.7537873
v -0.5040000 3.5029900 5.1775203
vn 0.0000227 -1.0337197 2.9549139
v 10.8260002 3.5241101 5.1868601
vn -0.0000144 -1.0167633 2.9611247
v -0.5040000 3.5249200 5.1871400
vn -0.0000049 -0.5156131 3.0880857
v -0.5040000 3.5481300 5.1930203
vn 0.0000143 -0.5245823 3.0861614
v 10.8260002 3.5477099 5.1929502
vn 1.5707963 0.0000000 0.0000000
v 8.3942604 2.3610001 3.9399998
vn 1.5707964 0.0000000 0.0000000
v 8.3942604 2.3610001 3.8399999
vn 1.5707963 0.0000000 0.0000000
v 8.3942604 2.6110001 3.8399999
vn 1.5707964 0.0000000 0.0000000
v 8.3942604 2.6110001 3.9399998
vn 0.0000000 -1.5707960 0.0000000
v 8.3942604 2.3610001 3.8399999
vn 0.0000000 -1.5707964 0.0000000
v 8.3942604 2.3610001 3.9399998
vn 0.0000000 -1.5707960 0.0000000
v -2.9740000 2.3610001 3.9399998
vn 0.0000000 -1.5707964 0.0000000
v -2.9740000 2.3610001 3.8399999
vn -1.5707963 0.0000000 0.0000000
v -2.9740000 2.3610001 3.9399998
vn -1.5707964 0.0000000 0.0000000
v -2.9740000 2.6110001 3.9399998
vn -1.5707963 0.0000000 0.0000000
v -2.9740000 2.6110001 3.8399999
vn -1.5707964 0.0000000 0.0000000
v -2.9740000 2.3610001 3.8399999
vn 0.0000000 0.0000000 -1.5707954
v -2.9740000 2.6110001 3.8399999
vn 0.0000000 0.0000000 -1.5707954
v 8.3942604 2.3610001 3.8399999
vn 0.0000000 0.0000000 -1.5707964
v -2.9740000 2.3610001 3.8399999
vn 0.0000000 0.0000000 -1.5707964
v 8.3942604 2.6110001 3.8399999
vn 0.0000000 0.0000000 1.5707954
v -2.9740000 2.6110001 3.9399998
vn 0.0000000 0.0000000 1.5707954
v 8.3942604 2.3610001 3.9399998
vn 0.0000000 0.0000000 1.5707964
v 8.3942604 2.6110001 3.9399998
vn 0.0000000 0.0000000 1.5707964
v -2.9740000 2.3610001 3.9399998
vn 0.0000000 1.5707960 0.0000000
v -2.9740000 2.6110001 3.9399998
vn 0.0000000 1.5707964 0.0000000
v 8.3942604 2.6110001 3.9399998
vn 0.0000000 1.5707960 0.0000000
v 8.3942604 2.6110001 3.8399999
vn 0.0000000 1.5707964 0.0000000
v -2.9740000 2.6110001 3.8399999
vn 1.5707963 0.0000000 0.0000000
v 8.3942604 0.1110000 3.9399998
vn 1.5707964 0.0000000 0.0000000
v 8.3942604 0.1110000 3.8399999
vn 1.5707963 0.0000000 0.0000000
v 8.3942604 0.3610000 3.8399999
vn 1.5707964 0.0000000 0.0000000
v 8.3942604 0.3610000 3.9399998
vn 0.0000000 -1.5707960 0.0000000
v 8.3942604 0.1110000 3.8399999
vn 0.0000000 -1.5707964 0.0000000
v 8.3942604 0.1110000 3.9399998
vn 0.0000000 -1.5707960 0.0000000
v -2.9740000 0.1110000 3.9399998
vn 0.0000000 -1.5707964 0.0000000
v -2.9740000 0.1110000 3.8399999
vn -1.5707963 0.0000000 0.0000000
v -2.9740000 0.1110000 3.9399998
vn -1.5707964 0.0000000 0.0000000
v -2.9740000 0.3610000 3.9399998
vn -1.5707963 0.0000000 0.0000000
v -2.9740000 0.3610000 3.8399999
vn -1.5707964 0.0000000 0.0000000
v -2.9740000 0.1110000 3.8399999
vn 0.0000000 0.0000000 -1.5707954
v -2.9740000 0.3610000 3.8399999
vn 0.0000000 0.0000000 -1.5707954
v 8.3942604 0.1110000 3.8399999
vn 0.0000000 0.0000000 -1.5707964
v -2.9740000 0.1110000 3.8399999
vn 0.0000000 0.0000000 -1.5707964
v 8.3942604 0.3610000 3.8399999
vn 0.0000000 0.0000000 1.5707954
v -2.9740000 0.3610000 3.9399998
vn 0.0000000 0.0000000 1.5707954
v 8.3942604 0.1110000 3.9399998
vn 0.0000000 0.0000000 1.5707964
v 8.3942604 0.3610000 3.9399998
vn 0.0000000 0.0000000 1.5707964
v -2.9740000 0.1110000 3.9399998
vn 0.0000000 1.5707960 0.0000000
v -2.9740000 0.3610000 3.9399998
vn 0.0000000 1.5707964 0.0000000
v 8.3942604 0.3610000 3.9399998
vn 0.0000000 1.5707960 0.0000000
v 8.3942604 0.3610000 3.8399999
vn 0.0000000 1.5707964 0.0000000
v -2.9740000 0.3610000 3.8399999
vn 1.5707963 0.0000000 0.0000000
v 8.3942604 4.6110001 3.9399998
vn 1.5707964 0.0000000 0.0000000
v 8.3942604 4.6110001 3.8399999
vn 1.5707963 0.0000000 0.0000000
v 8.3942604 4.8610001 3.8399999
vn 1.5707964 0.0000000 0.0000000
v 8.3942604 4.8610001 3.9399998
vn 0.0000000 -1.5707960 0.0000000
v 8.3942604 4.6110001 3.8399999
vn 0.0000000 -1.5707964 0.0000000
v 8.3942604 4.6110001 3.9399998
vn 0.0000000 -1.5707960 0.0000000
v -2.9740000 4.6110001 3.9399998
vn 0.0000000 -1.5707964 0.0000000
v -2.9740000 4.6110001 3.8399999
vn -1.5707963 0.0000000 0.0000000
v -2.9740000 4.6110001 3.9399998
vn -1.5707964 0.0000000 0.0000000
v -2.9740000 4.8610001 3.9399998
vn -1.5707963 0.0000000 0.0000000
v -2.9740000 4.8610001 3.8399999
vn -1.5707964 0.0000000 0.0000000
v -2.9740000 4.6110001 3.8399999
vn 0.0000000 0.0000000 -1.5707954
v -2.9740000 4.8610001 3.8399999
vn 0.0000000 0.0000000 -1.5707954
v 8.3942604 4.6110001 3.8399999
vn 0.0000000 0.0000000 -1.5707964
v -2.9740000 4.6110001 3.8399999
vn 0.0000000 0.0000000 -1.5707964
v 8.3942604 4.8610001 3.8399999
vn 0.0000000 0.0000000 1.5707954
v -2.9740000 4.8610001 3.9399998
vn 0.0000000 0.0000000 1.5707954
v 8.3942604 4.6110001 3.9399998
vn 0.0000000 0.0000000 1.5707964
v 8.3942604 4.8610001 3.9399998
vn 0.0000000 0.0000000 1.5707964
v -2.9740000 4.6110001 3.9399998
vn 0.0000000 1.5707960 0.0000000
v -2.9740000 4.8610001 3.9399998
vn 0.0000000 1.5707964 0.0000000
v 8.3942604 4.8610001 3.9399998
vn 0.0000000 1.5707960 0.0000000
v 8.3942604 4.8610001 3.8399999
vn 0.0000000 1.5707964 0.0000000
v -2.9740000 4.8610001 3.8399999
vn -1.5707906 0.0000000 0.0000000
v -4.7740002 -8.5340004 -0.6000000
vn -1.5707906 0.0000000 0.0000000
v -4.7740002 5.7059999 -0.7000000
vn -1.5707964 0.0000000 0.0000000
v -4.7740002 5.7059999 -0.6000000
vn -1.5707964 0.0000000 0.0000000
v -4.7740002 -8.5340004 -0.7000000
vn 0.0000000 -1.5707867 0.0000000
v 11.0260000 -8.5340004 -0.6000000
vn 0.0000000 -1.5707964 0.0000000
v 11.0260000 -8.5340004 -0.7000000
vn 0.0000000 -1.5707867 0.0000000
v -4.7740002 -8.5340004 -0.7000000
vn 0.0000000 -1.5707964 0.0000000
v -4.7740002 -8.5340004 -0.6000000
vn 1.5707906 0.0000000 0.0000000
v 11.0260000 -8.5340004 -0.6000000
vn 1.5707906 0.0000000 0.0000000
v 11.0260000 5.7059999 -0.7000000
vn 1.5707964 0.0000000 0.0000000
v 11.0260000 -8.5340004 -0.7000000
vn 1.5707964 0.0000000 0.0000000
v 11.0260000 5.7059999 -0.6000000
vn 0.0000000 1.5707867 0.0000000
v 11.0260000 5.7059999 -0.6000000
vn 0.0000000 1.5707867 0.0000000
v -4.7740002 5.7059999 -0.7000000
vn 0.0000000 1.5707964 0.0000000
v 11.0260000 5.7059999 -0.7000000
vn 0.0000000 1.5707964 0.0000000
v -4.7740002 5.7059999 -0.6000000
vn 0.0000000 0.0000000 -1.5707964
v -4.7740002 5.7059999 -0.7000000
vn 0.0000000 0.0000000 -1.5707964
v 11.0260000 -8.5340004 -0.7000000
vn 0.0000000 0.0000000 -1.5707964
v 11.0260000 5.7059999 -0.7000000
vn 0.0000000 0.0000000 -1.5707964
v -4.7740002 -8.5340004 -0.7000000
vn 0.0000000 0.0000000 1.5707964
v -4.7740002 5.7059999 -0.6000000
vn 0.0000000 0.0000000 1.5707964
v 11.0260000 5.7059999 -0.6000000
vn 0.0000000 0.0000000 1.5707964
v 11.0260000 -8.5340004 -0.6000000
vn 0.0000000 0.0000000 1.5707964
v -4.7740002 -8.5340004 -0.6000000
vn 0.0000000 1.5707990 0.0000000
v -4.7740002 -3.7340000 -0.6000000
vn 0.0000000 1.5707964 0.0000000
v -4.5739999 -3.7340000 -0.6000000
vn 0.0000000 1.5707990 0.0000000
v -4.5739999 -3.7340000 5.5500002
vn 0.0000000 1.5707964 0.0000000
v -4.7740002 -3.7340000 5.5500002
vn -1.5708005 0.0000000 0.0000000
v -4.7740002 5.7059999 5.6500001
vn -4.7123919 0.0000000 0.0000000
v -4.7740002 -3.7340000 5.5500002
vn -1.5707964 0.0000000 0.0000000
v -4.7740002 5.7059999 5.5500002
vn -1.5707942 0.0000000 0.0000000
v -4.7740002 -8.5340004 5.6500001
vn -1.5707963 0.0000000 0.0000000
v -4.7740002 -8.5340004 -0.6000000
vn -1.5707964 0.0000000 0.0000000
v -4.7740002 -3.7340000 -0.6000000
vn 0.0000000 -1.5707966 0.0000000
v 11.0260000 -8.5340004 -0.6000000
vn 0.0000000 -1.5707966 0.0000000
v -4.7740002 -8.5340004 5.6500001
vn 0.0000000 -1.5707964 0.0000000
v 11.0260000 -8.5340004 5.6500001
vn 0.0000000 -1.5707964 0.0000000
v -4.7740002 -8.5340004 -0.6000000
vn 4.7123876 0.0000000 0.0000000
v 11.0260000 -1.4820000 5.5500002
vn 1.5707965 0.0000000 0.0000000
v 11.0260000 -8.5340004 -0.6000000
vn 1.5707982 0.0000000 0.0000000
v 11.0260000 -8.5340004 5.6500001
vn 1.5707948 0.0000000 0.0000000
v 11.0260000 5.7059999 5.6500001
vn 1.5707964 0.0000000 0.0000000
v 11.0260000 5.7059999 5.5500002
vn 1.5707964 0.0000000 0.0000000
v 11.0260000 -1.4820000 -0.6000000
vn 0.0000000 1.5707954 0.0000000
v 11.0260000 -1.4820000 -0.6000000
vn 0.0000000 1.5707964 0.0000000
v 11.0260000 -1.4820000 5.5500002
vn 0.0000000 1.5707954 0.0000000
v 10.8260002 -1.4820000 5.5500002
vn 0.0000000 1.5707964 0.0000000
v 10.8260002 -1.4820000 -0.6000000
vn -1.5707963 0.0000000 0.0000000
v 10.8260002 -8.0339994 5.5500002
vn -1.5707963 0.0000000 0.0000000
v 10.8260002 -1.4820000 -0.6000000
vn -1.5707964 0.0000000 0.0000000
v 10.8260002 -1.4820000 5.5500002
vn -1.5707964 0.0000000 0.0000000
v 10.8260002 -8.0339994 -0.6000000
vn 0.0000000 1.5707965 0.0000000
v 9.8260002 -8.0339994 -0.6000000
vn 0.0000000 1.5707964 0.0000000
v 10.8260002 -8.0339994 -0.6000000
vn 0.0000000 1.5707965 0.0000000
v 10.8260002 -8.0339994 5.5500002
vn 0.0000000 1.5707964 0.0000000
v 9.8260002 -8.0339994 5.5500002
vn -1.5707970 0.0000000 0.0000000
v 9.8260002 -8.3339996 -0.6000000
vn -1.5707964 0.0000000 0.0000000
v 9.8260002 -8.0339994 -0.6000000
vn -1.5707970 0.0000000 0.0000000
v 9.8260002 -8.0339994 5.5500002
vn -1.5707964 0.0000000 0.0000000
v 9.8260002 -8.3339996 5.5500002
vn 0.0000000 1.5707965 0.0000000
v 9.8260002 -8.3339996 -0.6000000
vn 0.0000000 1.5707964 0.0000000
v 9.8260002 -8.3339996 5.5500002
vn 0.0000000 1.5707965 0.0000000
v -4.5739999 -8.3339996 5.5500002
vn 0.0000000 1.5707964 0.0000000
v -4.5739999 -8.3339996 -0.6000000
vn 1.5707963 0.0000000 0.0000000
v -4.5739999 -5.8839998 5.5500002
vn 1.5707963 0.0000000 0.0000000
v -4.5739999 -8.3339996 -0.6000000
vn 1.5707964 0.0000000 0.0000000
v -4.5739999 -8.3339996 5.5500002
vn 1.5707964 0.0000000 0.0000000
v -4.5739999 -5.8839998 -0.6000000
vn 0.0000000 -1.5707966 0.0000000
v -3.3740001 -5.8839998 -0.6000000
vn 0.0000000 -1.5707966 0.0000000
v -4.5739999 -5.8839998 5.5500002
vn 0.0000000 -1.5707964 0.0000000
v -3.3740001 -5.8839998 5.5500002
vn 0.0000000 -1.5707964 0.0000000
v -4.5739999 -5.8839998 -0.6000000
vn 1.5707964 0.0000000 0.0000000
v -4.5739999 -3.7340000 -0.6000000
vn 1.5707964 0.0000000 0.0000000
v -4.5739999 -5.7340002 5.5500002
vn 1.5707964 0.0000000 0.0000000
v -4.5739999 -3.7340000 5.5500002
vn 1.5707964 0.0000000 0.0000000
v -4.5739999 -5.7340002 -0.6000000
vn 1.5707964 0.0000000 0.0000000
v -3.3740001 -5.7340002 5.5500002
vn 1.5707964 0.0000000 0.0000000
v -3.3740001 -5.8839998 -0.6000000
vn 1.5707964 0.0000000 0.0000000
v -3.3740001 -5.8839998 5.5500002
vn 1.5707964 0.0000000 0.0000000
v -3.3740001 -5.7340002 -0.6000000
vn 0.0000000 1.5707966 0.0000000
v -4.5739999 -5.7340002 -0.6000000
vn 0.0000000 1.5707964 0.0000000
v -3.3740001 -5.7340002 -0.6000000
vn 0.0000000 1.5707966 0.0000000
v -3.3740001 -5.7340002 5.5500002
vn 0.0000000 1.5707964 0.0000000
v -4.5739999 -5.7340002 5.5500002
vn 0.0000000 0.0000000 -1.5707963
v -4.7740002 -8.5340004 -0.6000000
vn 0.0000000 0.0000000 -4.7123890
v -4.5739999 -8.3339996 -0.6000000
vn 0.0000000 0.0000000 -4.7123890
v -4.5739999 -5.8839998 -0.6000000
vn 0.0000000 0.0000000 -4.7123890
v 9.8260002 -8.3339996 -0.6000000
vn 0.0000000 0.0000000 -4.7123895
v 10.8260002 -8.0339994 -0.6000000
vn 0.0000000 0.0000000 -1.5707964
v 9.8260002 -8.0339994 -0.6000000
vn 0.0000000 0.0000000 -1.5707967
v 11.0260000 -8.5340004 -0.6000000
vn 0.0000000 0.0000000 -1.5707966
v 11.0260000 -1.4820000 -0.6000000
vn 0.0000000 0.0000000 -1.5707964
v 10.8260002 -1.4820000 -0.6000000
vn 0.0000000 0.0000000 -1.5708066
v -4.7740002 -3.7340000 -0.6000000
vn 0.0000000 0.0000000 -4.7123890
v -4.5739999 -5.7340002 -0.6000000
vn 0.0000000 0.0000000 -1.5707963
v -3.3740001 -5.8839998 -0.6000000
vn 0.0000000 0.0000000 -1.5707964
v -3.3740001 -5.7340002 -0.6000000
vn 0.0000000 0.0000000 -1.5707964
v -4.5739999 -3.7340000 -0.6000000
vn 0.0000000 0.0000000 1.5707964
v -4.7740002 5.7059999 5.6500001
vn 0.0000000 0.0000000 1.5707964
v 11.0260000 5.7059999 5.6500001
vn 0.0000000 0.0000000 1.5707964
v 11.0260000 -8.5340004 5.6500001
vn 0.0000000 0.0000000 1.5707964
v -4.7740002 -8.5340004 5.6500001
vn 0.0000000 1.5707867 0.0000000
v 11.0260000 5.7059999 5.5500002
vn 0.0000000 1.5707964 0.0000000
v 11.0260000 5.7059999 5.6500001
vn 0.0000000 1.5707867 0.0000000
v -4.7740002 5.7059999 5.6500001
vn 0.0000000 1.5707964 0.0000000
v -4.7740002 5.7059999 5.5500002
vn 0.0000000 0.0000000 -1.5707958
v -4.7740002 5.7059999 5.5500002
vn 0.0000000 0.0000000 -1.5707964
v -4.7740002 -3.7340000 5.5500002
vn 0.0000000 0.0000000 -4.7123890
v -4.5739999 -3.7340000 5.5500002
vn 0.0000000 0.0000000 -1.5707973
v 11.0260000 5.7059999 5.5500002
vn 0.0000000 0.0000000 -4.7123885
v 10.8260002 -1.4820000 5.5500002
vn 0.0000000 0.0000000 -1.5707964
v -4.5739999 -5.8839998 5.5500002
vn 0.0000000 0.0000000 -1.5707963
v -4.5739999 -8.3339996 5.5500002
vn 0.0000000 0.0000000 -4.7123866
v -3.3740001 -5.8839998 5.5500002
vn 0.0000000 0.0000000 -4.7123890
v -3.3740001 -5.7340002 5.5500002
vn 0.0000000 0.0000000 -1.5707964
v -4.5739999 -5.7340002 5.5500002
vn 0.0000000 0.0000000 -1.5707961
v 9.8260002 -8.3339996 5.5500002
vn 0.0000000 0.0000000 -4.7123885
v 9.8260002 -8.0339994 5.5500002
vn 0.0000000 0.0000000 -1.5707964
v 10.8260002 -8.0339994 5.5500002
vn 0.0000000 0.0000000 -1.5707964
v 11.0260000 -1.4820000 5.5500002
# 2415 vertices, 0 vertices normals

f 1//1 2//2 3//3
f 1//1 4//4 5//5
f 6//6 7//7 8//8
f 9//9 10//10 11//11
f 12//12 13//13 14//14
f 15//15 16//16 17//17
f 11//11 17//17 16//16
f 18//18 19//19 20//20
f 19//19 21//21 20//20
f 22//22 23//23 24//24
f 25//25 24//24 23//23
f 26//26 27//27 22//22
f 22//22 24//24 26//26
f 27//27 28//28 29//29
f 28//28 27//27 26//26
f 30//30 29//29 31//31
f 28//28 31//31 29//29
f 32//32 33//33 30//30
f 30//30 31//31 32//32
f 33//33 34//34 35//35
f 34//34 33//33 32//32
f 36//36 35//35 37//37
f 34//34 37//37 35//35
f 38//38 39//39 36//36
f 36//36 37//37 38//38
f 39//39 40//40 41//41
f 40//40 39//39 38//38
f 42//42 41//41 43//43
f 40//40 43//43 41//41
f 44//44 45//45 42//42
f 42//42 43//43 44//44
f 45//45 46//46 47//47
f 46//46 45//45 44//44
f 48//48 47//47 49//49
f 46//46 49//49 47//47
f 50//50 51//51 48//48
f 48//48 49//49 50//50
f 52//52 53//53 54//54
f 55//55 53//53 52//52
f 54//54 56//56 57//57
f 52//52 54//54 57//57
f 58//58 59//59 60//60
f 59//59 58//58 56//56
f 61//61 62//62 63//63
f 60//60 64//64 62//62
f 65//65 66//66 67//67
f 65//65 61//61 68//68
f 69//69 67//67 70//70
f 66//66 70//70 67//67
f 71//71 72//72 69//69
f 69//69 70//70 71//71
f 72//72 73//73 74//74
f 73//73 72//72 71//71
f 73//73 75//75 74//74
f 76//76 77//77 75//75
f 74//74 75//75 77//77
f 76//76 78//78 79//79
f 79//79 77//77 76//76
f 80//80 78//78 81//81
f 78//78 80//80 79//79
f 82//82 83//83 81//81
f 80//80 81//81 83//83
f 82//82 84//84 85//85
f 85//85 83//83 82//82
f 86//86 84//84 87//87
f 84//84 86//86 85//85
f 88//88 89//89 87//87
f 86//86 87//87 89//89
f 88//88 90//90 91//91
f 91//91 89//89 88//88
f 92//92 90//90 93//93
f 90//90 92//92 91//91
f 92//92 93//93 50//50
f 50//50 93//93 51//51
f 8//8 7//7 55//55
f 6//6 94//94 95//95
f 5//5 2//2 1//1
f 10//10 9//9 4//4
f 9//9 5//5 4//4
f 12//12 95//95 13//13
f 16//16 9//9 11//11
f 96//96 97//97 14//14
f 97//97 96//96 98//98
f 21//21 19//19 15//15
f 19//19 16//16 15//15
f 99//99 100//100 25//25
f 19//19 18//18 23//23
f 99//99 25//25 18//18
f 25//25 23//23 18//18
f 25//25 100//100 96//96
f 96//96 100//100 98//98
f 13//13 96//96 14//14
f 94//94 13//13 95//95
f 8//8 94//94 6//6
f 3//3 2//2 101//101
f 52//52 8//8 55//55
f 102//102 103//103 101//101
f 104//104 105//105 103//103
f 105//105 104//104 106//106
f 58//58 57//57 56//56
f 107//107 108//108 106//106
f 108//108 107//107 109//109
f 62//62 58//58 60//60
f 110//110 109//109 111//111
f 112//112 110//110 111//111
f 62//62 64//64 63//63
f 113//113 66//66 65//65
f 65//65 62//62 61//61
f 113//113 112//112 111//111
f 65//65 68//68 113//113
f 111//111 66//66 113//113
f 111//111 109//109 107//107
f 104//104 107//107 106//106
f 102//102 104//104 103//103
f 2//2 102//102 101//101
f 114//114 115//115 116//116
f 117//117 118//118 119//119
f 120//120 118//118 121//121
f 121//121 122//122 123//123
f 121//121 118//118 122//122
f 120//120 119//119 118//118
f 115//115 114//114 117//117
f 119//119 115//115 117//117
f 124//124 125//125 126//126
f 127//127 128//128 129//129
f 130//130 127//127 129//129
f 131//131 132//132 133//133
f 127//127 126//126 134//134
f 129//129 135//135 130//130
f 126//126 125//125 134//134
f 136//136 137//137 138//138
f 136//136 138//138 139//139
f 130//130 139//139 138//138
f 134//134 128//128 127//127
f 140//140 141//141 142//142
f 128//128 134//134 131//131
f 143//143 144//144 134//134
f 145//145 146//146 147//147
f 148//148 135//135 129//129
f 148//148 149//149 150//150
f 135//135 139//139 130//130
f 150//150 135//135 148//148
f 139//139 135//135 141//141
f 139//139 141//141 151//151
f 131//131 144//144 132//132
f 143//143 151//151 140//140
f 141//141 140//140 151//151
f 143//143 140//140 146//146
f 144//144 131//131 134//134
f 146//146 145//145 143//143
f 143//143 145//145 144//144
f 152//152 153//153 154//154
f 155//155 156//156 157//157
f 155//155 154//154 158//158
f 159//159 160//160 161//161
f 155//155 158//158 156//156
f 162//162 159//159 163//163
f 164//164 165//165 162//162
f 164//164 154//154 165//165
f 164//164 158//158 154//154
f 164//164 162//162 166//166
f 159//159 162//162 165//165
f 163//163 159//159 161//161
f 160//160 159//159 167//167
f 163//163 161//161 168//168
f 169//169 160//160 170//170
f 160//160 167//167 170//170
f 155//155 152//152 154//154
f 152//152 171//171 153//153
f 172//172 173//173 174//174
f 173//173 172//172 175//175
f 176//176 177//177 178//178
f 177//177 176//176 179//179
f 180//180 181//181 182//182
f 180//180 182//182 183//183
f 184//184 185//185 186//186
f 187//187 188//188 189//189
f 186//186 189//189 188//188
f 186//186 190//190 189//189
f 186//186 185//185 190//190
f 188//188 187//187 191//191
f 192//192 193//193 194//194
f 193//193 192//192 195//195
f 196//196 197//197 198//198
f 197//197 196//196 199//199
f 200//200 201//201 202//202
f 200//200 202//202 203//203
f 204//204 205//205 206//206
f 207//207 204//204 208//208
f 209//209 204//204 210//210
f 211//211 212//212 213//213
f 214//214 204//204 215//215
f 204//204 207//207 215//215
f 216//216 204//204 217//217
f 204//204 214//214 217//217
f 204//204 216//216 205//205
f 211//211 204//204 218//218
f 206//206 218//218 204//204
f 219//219 211//211 220//220
f 211//211 218//218 220//220
f 221//221 211//211 222//222
f 211//211 219//219 222//222
f 223//223 211//211 224//224
f 211//211 221//221 224//224
f 211//211 225//225 212//212
f 211//211 223//223 225//225
f 211//211 226//226 227//227
f 213//213 226//226 211//211
f 211//211 227//227 228//228
f 229//229 230//230 228//228
f 211//211 228//228 230//230
f 231//231 230//230 232//232
f 230//230 229//229 232//232
f 233//233 230//230 234//234
f 235//235 230//230 236//236
f 230//230 231//231 236//236
f 237//237 230//230 238//238
f 230//230 235//235 238//238
f 230//230 237//237 234//234
f 210//210 230//230 239//239
f 233//233 239//239 230//230
f 240//240 210//210 241//241
f 210//210 239//239 241//241
f 242//242 210//210 243//243
f 210//210 240//240 243//243
f 244//244 210//210 245//245
f 210//210 242//242 245//245
f 204//204 209//209 208//208
f 210//210 244//244 209//209
f 246//246 247//247 248//248
f 247//247 246//246 249//249
f 250//250 251//251 252//252
f 253//253 254//254 255//255
f 256//256 257//257 252//252
f 258//258 252//252 259//259
f 252//252 260//260 259//259
f 261//261 252//252 262//262
f 252//252 258//258 262//262
f 263//263 252//252 264//264
f 252//252 261//261 264//264
f 252//252 265//265 250//250
f 252//252 263//263 265//265
f 255//255 252//252 266//266
f 251//251 266//266 252//252
f 267//267 255//255 268//268
f 255//255 266//266 268//268
f 255//255 269//269 253//253
f 255//255 267//267 269//269
f 255//255 270//270 271//271
f 254//254 270//270 255//255
f 255//255 272//272 273//273
f 271//271 272//272 255//255
f 255//255 273//273 274//274
f 275//275 276//276 277//277
f 278//278 277//277 274//274
f 255//255 274//274 277//277
f 279//279 277//277 280//280
f 277//277 278//278 280//280
f 281//281 277//277 282//282
f 277//277 279//279 282//282
f 277//277 281//281 275//275
f 256//256 277//277 283//283
f 276//276 283//283 277//277
f 284//284 256//256 285//285
f 256//256 283//283 285//285
f 286//286 256//256 287//287
f 256//256 284//284 287//287
f 288//288 256//256 289//289
f 256//256 286//286 289//289
f 290//290 256//256 291//291
f 256//256 288//288 291//291
f 252//252 257//257 260//260
f 256//256 290//290 257//257
f 292//292 293//293 294//294
f 292//292 295//295 293//293
f 296//296 297//297 298//298
f 298//298 299//299 296//296
f 300//300 301//301 302//302
f 300//300 303//303 301//301
f 304//304 305//305 306//306
f 307//307 308//308 309//309
f 307//307 310//310 311//311
f 312//312 313//313 314//314
f 307//307 315//315 316//316
f 310//310 307//307 316//316
f 315//315 307//307 309//309
f 308//308 317//317 318//318
f 309//309 308//308 318//318
f 308//308 319//319 320//320
f 317//317 308//308 320//320
f 308//308 321//321 322//322
f 319//319 308//308 322//322
f 323//323 321//321 304//304
f 308//308 304//304 321//321
f 304//304 306//306 323//323
f 304//304 324//324 325//325
f 305//305 304//304 325//325
f 326//326 324//324 312//312
f 304//304 312//312 324//324
f 327//327 328//328 312//312
f 312//312 328//328 326//326
f 312//312 314//314 327//327
f 329//329 330//330 312//312
f 312//312 330//330 313//313
f 331//331 332//332 312//312
f 312//312 332//332 329//329
f 333//333 334//334 312//312
f 312//312 334//334 331//331
f 312//312 335//335 336//336
f 312//312 336//336 333//333
f 337//337 335//335 307//307
f 312//312 307//307 335//335
f 338//338 339//339 307//307
f 307//307 339//339 337//337
f 340//340 341//341 307//307
f 307//307 341//341 338//338
f 342//342 343//343 307//307
f 307//307 343//343 340//340
f 311//311 344//344 307//307
f 307//307 344//344 342//342
f 345//345 346//346 347//347
f 345//345 348//348 346//346
f 349//349 350//350 351//351
f 349//349 352//352 350//350
f 353//353 354//354 355//355
f 353//353 356//356 354//354
f 357//357 358//358 359//359
f 357//357 359//359 360//360
f 361//361 362//362 363//363
f 362//362 361//361 364//364
f 365//365 366//366 367//367
f 365//365 368//368 369//369
f 366//366 365//365 369//369
f 370//370 371//371 372//372
f 370//370 372//372 373//373
f 373//373 372//372 374//374
f 375//375 376//376 377//377
f 377//377 378//378 375//375
f 379//379 380//380 381//381
f 379//379 381//381 382//382
f 383//383 384//384 385//385
f 383//383 385//385 386//386
f 387//387 388//388 389//389
f 387//387 389//389 390//390
f 391//391 392//392 393//393
f 392//392 391//391 394//394
f 395//395 396//396 397//397
f 398//398 399//399 397//397
f 400//400 401//401 402//402
f 403//403 404//404 405//405
f 405//405 401//401 403//403
f 402//402 401//401 405//405
f 406//406 405//405 407//407
f 404//404 407//407 405//405
f 408//408 406//406 409//409
f 406//406 407//407 409//409
f 410//410 406//406 411//411
f 406//406 408//408 411//411
f 412//412 406//406 413//413
f 406//406 410//410 413//413
f 414//414 406//406 415//415
f 406//406 412//412 415//415
f 416//416 406//406 417//417
f 406//406 414//414 417//417
f 418//418 406//406 419//419
f 406//406 416//416 419//419
f 398//398 406//406 420//420
f 406//406 418//418 420//420
f 397//397 406//406 398//398
f 421//421 397//397 422//422
f 397//397 399//399 422//422
f 423//423 397//397 424//424
f 397//397 421//421 424//424
f 425//425 397//397 426//426
f 397//397 423//423 426//426
f 427//427 397//397 428//428
f 397//397 425//425 428//428
f 429//429 397//397 430//430
f 397//397 427//427 430//430
f 395//395 397//397 431//431
f 397//397 429//429 431//431
f 396//396 432//432 397//397
f 433//433 402//402 432//432
f 397//397 432//432 402//402
f 434//434 402//402 435//435
f 402//402 433//433 435//435
f 400//400 402//402 434//434
f 436//436 437//437 438//438
f 436//436 438//438 439//439
f 440//440 441//441 442//442
f 443//443 442//442 444//444
f 441//441 444//444 442//442
f 445//445 446//446 443//443
f 443//443 444//444 445//445
f 446//446 447//447 448//448
f 447//447 446//446 445//445
f 449//449 448//448 450//450
f 447//447 450//450 448//448
f 451//451 452//452 449//449
f 449//449 450//450 451//451
f 452//452 453//453 454//454
f 453//453 452//452 451//451
f 455//455 454//454 456//456
f 453//453 456//456 454//454
f 457//457 458//458 455//455
f 455//455 456//456 457//457
f 458//458 459//459 460//460
f 459//459 458//458 457//457
f 461//461 460//460 462//462
f 459//459 462//462 460//460
f 463//463 464//464 461//461
f 461//461 462//462 463//463
f 464//464 465//465 466//466
f 465//465 464//464 463//463
f 467//467 466//466 468//468
f 465//465 468//468 466//466
f 469//469 470//470 467//467
f 467//467 468//468 469//469
f 470//470 471//471 472//472
f 471//471 470//470 469//469
f 473//473 472//472 474//474
f 471//471 474//474 472//472
f 475//475 476//476 473//473
f 473//473 474//474 475//475
f 477//477 476//476 475//475
f 477//477 478//478 476//476
f 441//441 440//440 479//479
f 480//480 481//481 479//479
f 479//479 440//440 480//480
f 481//481 482//482 483//483
f 482//482 481//481 480//480
f 484//484 483//483 485//485
f 482//482 485//485 483//483
f 486//486 487//487 484//484
f 484//484 485//485 486//486
f 487//487 488//488 489//489
f 488//488 487//487 486//486
f 490//490 489//489 491//491
f 488//488 491//491 489//489
f 492//492 493//493 490//490
f 490//490 491//491 492//492
f 493//493 494//494 495//495
f 494//494 493//493 492//492
f 494//494 496//496 495//495
f 497//497 498//498 496//496
f 495//495 496//496 498//498
f 497//497 499//499 500//500
f 500//500 498//498 497//497
f 501//501 499//499 502//502
f 499//499 501//501 500//500
f 503//503 504//504 502//502
f 501//501 502//502 504//504
f 503//503 505//505 506//506
f 506//506 504//504 503//503
f 507//507 505//505 508//508
f 505//505 507//507 506//506
f 509//509 510//510 508//508
f 507//507 508//508 510//510
f 509//509 511//511 512//512
f 512//512 510//510 509//509
f 513//513 511//511 514//514
f 511//511 513//513 512//512
f 513//513 514//514 477//477
f 477//477 514//514 478//478
f 515//515 516//516 517//517
f 516//516 518//518 517//517
f 519//519 515//515 520//520
f 521//521 520//520 522//522
f 523//523 518//518 524//524
f 525//525 526//526 522//522
f 515//515 519//519 516//516
f 525//525 527//527 528//528
f 519//519 520//520 521//521
f 527//527 529//529 530//530
f 526//526 525//525 528//528
f 531//531 529//529 532//532
f 530//530 528//528 527//527
f 533//533 534//534 532//532
f 529//529 531//531 530//530
f 533//533 535//535 536//536
f 531//531 532//532 534//534
f 537//537 538//538 535//535
f 534//534 533//533 536//536
f 539//539 540//540 537//537
f 538//538 536//536 535//535
f 539//539 541//541 542//542
f 538//538 537//537 540//540
f 543//543 542//542 541//541
f 544//544 545//545 546//546
f 547//547 543//543 541//541
f 548//548 549//549 544//544
f 550//550 548//548 551//551
f 551//551 552//552 553//553
f 547//547 554//554 543//543
f 552//552 555//555 556//556
f 557//557 554//554 547//547
f 558//558 559//559 560//560
f 554//554 557//557 546//546
f 560//560 559//559 561//561
f 521//521 522//522 526//526
f 518//518 523//523 517//517
f 562//562 523//523 524//524
f 563//563 562//562 524//524
f 563//563 564//564 562//562
f 563//563 565//565 564//564
f 564//564 565//565 566//566
f 566//566 565//565 567//567
f 568//568 566//566 567//567
f 569//569 568//568 567//567
f 569//569 570//570 568//568
f 569//569 571//571 570//570
f 570//570 571//571 572//572
f 572//572 571//571 573//573
f 574//574 572//572 573//573
f 575//575 574//574 573//573
f 575//575 576//576 574//574
f 575//575 577//577 576//576
f 576//576 577//577 578//578
f 578//578 577//577 579//579
f 580//580 578//578 579//579
f 581//581 580//580 579//579
f 581//581 582//582 580//580
f 581//581 583//583 582//582
f 582//582 583//583 584//584
f 584//584 583//583 585//585
f 586//586 584//584 585//585
f 587//587 586//586 585//585
f 587//587 588//588 586//586
f 587//587 589//589 588//588
f 588//588 589//589 590//590
f 590//590 589//589 591//591
f 592//592 590//590 591//591
f 593//593 592//592 591//591
f 593//593 594//594 592//592
f 593//593 595//595 594//594
f 596//596 595//595 597//597
f 595//595 596//596 594//594
f 557//557 561//561 546//546
f 598//598 599//599 555//555
f 540//540 600//600 601//601
f 539//539 542//542 540//540
f 545//545 554//554 546//546
f 538//538 601//601 602//602
f 603//603 554//554 545//545
f 536//536 602//602 604//604
f 543//543 554//554 603//603
f 534//534 604//604 605//605
f 543//543 603//603 606//606
f 531//531 605//605 607//607
f 543//543 606//606 542//542
f 530//530 607//607 608//608
f 542//542 600//600 540//540
f 528//528 608//608 609//609
f 540//540 601//601 538//538
f 526//526 609//609 610//610
f 538//538 602//602 536//536
f 521//521 610//610 611//611
f 536//536 604//604 534//534
f 519//519 611//611 612//612
f 534//534 605//605 531//531
f 516//516 612//612 613//613
f 531//531 607//607 530//530
f 518//518 613//613 614//614
f 530//530 608//608 528//528
f 524//524 614//614 615//615
f 528//528 609//609 526//526
f 563//563 615//615 616//616
f 526//526 610//610 521//521
f 565//565 616//616 617//617
f 521//521 611//611 519//519
f 567//567 617//617 618//618
f 519//519 612//612 516//516
f 569//569 618//618 619//619
f 516//516 613//613 518//518
f 571//571 619//619 620//620
f 518//518 614//614 524//524
f 573//573 620//620 621//621
f 524//524 615//615 563//563
f 575//575 621//621 622//622
f 563//563 616//616 565//565
f 577//577 622//622 623//623
f 565//565 617//617 567//567
f 579//579 623//623 624//624
f 567//567 618//618 569//569
f 581//581 624//624 625//625
f 569//569 619//619 571//571
f 583//583 625//625 626//626
f 571//571 620//620 573//573
f 585//585 626//626 627//627
f 573//573 621//621 575//575
f 587//587 627//627 628//628
f 575//575 622//622 577//577
f 589//589 628//628 629//629
f 577//577 623//623 579//579
f 591//591 629//629 630//630
f 579//579 624//624 581//581
f 593//593 630//630 631//631
f 581//581 625//625 583//583
f 632//632 626//626 625//625
f 583//583 626//626 585//585
f 585//585 627//627 587//587
f 597//597 633//633 634//634
f 634//634 596//596 597//597
f 628//628 589//589 587//587
f 629//629 591//591 589//589
f 561//561 635//635 633//633
f 633//633 635//635 634//634
f 593//593 591//591 630//630
f 561//561 633//633 636//636
f 561//561 544//544 546//546
f 598//598 637//637 638//638
f 600//600 639//639 640//640
f 542//542 606//606 600//600
f 549//549 545//545 544//544
f 601//601 640//640 641//641
f 642//642 545//545 549//549
f 602//602 641//641 643//643
f 603//603 545//545 642//642
f 604//604 643//643 644//644
f 603//603 642//642 645//645
f 605//605 644//644 646//646
f 603//603 645//645 606//606
f 607//607 646//646 647//647
f 606//606 639//639 600//600
f 608//608 647//647 648//648
f 600//600 640//640 601//601
f 609//609 648//648 649//649
f 601//601 641//641 602//602
f 610//610 649//649 650//650
f 602//602 643//643 604//604
f 611//611 650//650 651//651
f 604//604 644//644 605//605
f 612//612 651//651 652//652
f 605//605 646//646 607//607
f 613//613 652//652 653//653
f 607//607 647//647 608//608
f 614//614 653//653 654//654
f 608//608 648//648 609//609
f 615//615 654//654 655//655
f 609//609 649//649 610//610
f 616//616 655//655 656//656
f 610//610 650//650 611//611
f 617//617 656//656 657//657
f 611//611 651//651 612//612
f 618//618 657//657 658//658
f 612//612 652//652 613//613
f 619//619 658//658 659//659
f 613//613 653//653 614//614
f 620//620 659//659 660//660
f 614//614 654//654 615//615
f 621//621 660//660 661//661
f 615//615 655//655 616//616
f 622//622 661//661 662//662
f 616//616 656//656 617//617
f 623//623 662//662 663//663
f 617//617 657//657 618//618
f 624//624 663//663 664//664
f 618//618 658//658 619//619
f 625//625 664//664 632//632
f 619//619 659//659 620//620
f 626//626 632//632 665//665
f 620//620 660//660 621//621
f 627//627 665//665 666//666
f 621//621 661//661 622//622
f 628//628 666//666 667//667
f 622//622 662//662 623//623
f 629//629 667//667 668//668
f 623//623 663//663 624//624
f 630//630 668//668 669//669
f 624//624 664//664 625//625
f 670//670 632//632 664//664
f 631//631 671//671 595//595
f 595//595 593//593 631//631
f 627//627 626//626 665//665
f 628//628 627//627 666//666
f 597//597 671//671 636//636
f 671//671 597//597 595//595
f 628//628 667//667 629//629
f 629//629 668//668 630//630
f 636//636 672//672 561//561
f 597//597 636//636 633//633
f 561//561 548//548 544//544
f 637//637 673//673 674//674
f 639//639 675//675 676//676
f 606//606 645//645 639//639
f 550//550 549//549 548//548
f 640//640 676//676 677//677
f 678//678 549//549 550//550
f 641//641 677//677 679//679
f 642//642 549//549 678//678
f 643//643 679//679 680//680
f 642//642 678//678 681//681
f 644//644 680//680 682//682
f 642//642 681//681 645//645
f 646//646 682//682 683//683
f 645//645 675//675 639//639
f 647//647 683//683 684//684
f 639//639 676//676 640//640
f 648//648 684//684 685//685
f 640//640 677//677 641//641
f 649//649 685//685 686//686
f 641//641 679//679 643//643
f 650//650 686//686 687//687
f 643//643 680//680 644//644
f 651//651 687//687 688//688
f 644//644 682//682 646//646
f 652//652 688//688 689//689
f 646//646 683//683 647//647
f 653//653 689//689 690//690
f 647//647 684//684 648//648
f 654//654 690//690 691//691
f 648//648 685//685 649//649
f 655//655 691//691 692//692
f 649//649 686//686 650//650
f 656//656 692//692 693//693
f 650//650 687//687 651//651
f 657//657 693//693 694//694
f 651//651 688//688 652//652
f 658//658 694//694 695//695
f 652//652 689//689 653//653
f 659//659 695//695 696//696
f 653//653 690//690 654//654
f 660//660 696//696 697//697
f 654//654 691//691 655//655
f 661//661 697//697 698//698
f 655//655 692//692 656//656
f 662//662 698//698 699//699
f 656//656 693//693 657//657
f 663//663 699//699 700//700
f 657//657 694//694 658//658
f 664//664 700//700 670//670
f 658//658 695//695 659//659
f 632//632 670//670 701//701
f 659//659 696//696 660//660
f 665//665 701//701 702//702
f 660//660 697//697 661//661
f 666//666 702//702 703//703
f 661//661 698//698 662//662
f 667//667 703//703 704//704
f 662//662 699//699 663//663
f 668//668 704//704 705//705
f 663//663 700//700 664//664
f 706//706 670//670 700//700
f 669//669 707//707 631//631
f 631//631 630//630 669//669
f 665//665 632//632 701//701
f 666//666 665//665 702//702
f 671//671 707//707 672//672
f 707//707 671//671 631//631
f 666//666 703//703 667//667
f 667//667 704//704 668//668
f 672//672 708//708 561//561
f 671//671 672//672 636//636
f 561//561 551//551 548//548
f 673//673 709//709 710//710
f 675//675 711//711 712//712
f 645//645 681//681 675//675
f 553//553 550//550 551//551
f 676//676 712//712 713//713
f 714//714 550//550 553//553
f 677//677 713//713 715//715
f 678//678 550//550 714//714
f 679//679 715//715 716//716
f 678//678 714//714 717//717
f 680//680 716//716 718//718
f 678//678 717//717 681//681
f 682//682 718//718 719//719
f 681//681 711//711 675//675
f 683//683 719//719 720//720
f 675//675 712//712 676//676
f 684//684 720//720 721//721
f 676//676 713//713 677//677
f 685//685 721//721 722//722
f 677//677 715//715 679//679
f 686//686 722//722 723//723
f 679//679 716//716 680//680
f 687//687 723//723 724//724
f 680//680 718//718 682//682
f 688//688 724//724 725//725
f 682//682 719//719 683//683
f 689//689 725//725 726//726
f 683//683 720//720 684//684
f 690//690 726//726 727//727
f 684//684 721//721 685//685
f 691//691 727//727 728//728
f 685//685 722//722 686//686
f 692//692 728//728 729//729
f 686//686 723//723 687//687
f 693//693 729//729 730//730
f 687//687 724//724 688//688
f 694//694 730//730 731//731
f 688//688 725//725 689//689
f 695//695 731//731 732//732
f 689//689 726//726 690//690
f 696//696 732//732 733//733
f 690//690 727//727 691//691
f 697//697 733//733 734//734
f 691//691 728//728 692//692
f 698//698 734//734 735//735
f 692//692 729//729 693//693
f 699//699 735//735 736//736
f 693//693 730//730 694//694
f 700//700 736//736 706//706
f 694//694 731//731 695//695
f 670//670 706//706 737//737
f 695//695 732//732 696//696
f 701//701 737//737 738//738
f 696//696 733//733 697//697
f 702//702 738//738 739//739
f 697//697 734//734 698//698
f 703//703 739//739 740//740
f 698//698 735//735 699//699
f 704//704 740//740 741//741
f 699//699 736//736 700//700
f 742//742 706//706 736//736
f 705//705 743//743 669//669
f 669//669 668//668 705//705
f 701//701 670//670 737//737
f 702//702 701//701 738//738
f 707//707 743//743 708//708
f 743//743 707//707 669//669
f 702//702 739//739 703//703
f 703//703 740//740 704//704
f 708//708 744//744 561//561
f 707//707 708//708 672//672
f 561//561 552//552 551//551
f 745//745 746//746 747//747
f 711//711 748//748 749//749
f 681//681 717//717 711//711
f 556//556 553//553 552//552
f 712//712 749//749 750//750
f 751//751 553//553 556//556
f 713//713 750//750 752//752
f 714//714 553//553 751//751
f 715//715 752//752 753//753
f 714//714 751//751 754//754
f 716//716 753//753 755//755
f 714//714 754//754 717//717
f 718//718 755//755 756//756
f 717//717 748//748 711//711
f 719//719 756//756 757//757
f 711//711 749//749 712//712
f 720//720 757//757 758//758
f 712//712 750//750 713//713
f 721//721 758//758 759//759
f 713//713 752//752 715//715
f 722//722 759//759 760//760
f 715//715 753//753 716//716
f 723//723 760//760 761//761
f 716//716 755//755 718//718
f 724//724 761//761 762//762
f 718//718 756//756 719//719
f 725//725 762//762 763//763
f 719//719 757//757 720//720
f 726//726 763//763 764//764
f 720//720 758//758 721//721
f 727//727 764//764 765//765
f 721//721 759//759 722//722
f 728//728 765//765 766//766
f 722//722 760//760 723//723
f 729//729 766//766 767//767
f 723//723 761//761 724//724
f 730//730 767//767 768//768
f 724//724 762//762 725//725
f 731//731 768//768 769//769
f 725//725 763//763 726//726
f 732//732 769//769 770//770
f 726//726 764//764 727//727
f 733//733 770//770 771//771
f 727//727 765//765 728//728
f 734//734 771//771 772//772
f 728//728 766//766 729//729
f 735//735 772//772 773//773
f 729//729 767//767 730//730
f 736//736 773//773 742//742
f 730//730 768//768 731//731
f 706//706 742//742 774//774
f 731//731 769//769 732//732
f 737//737 774//774 775//775
f 732//732 770//770 733//733
f 738//738 775//775 776//776
f 733//733 771//771 734//734
f 739//739 776//776 777//777
f 734//734 772//772 735//735
f 740//740 777//777 778//778
f 735//735 773//773 736//736
f 779//779 780//780 742//742
f 741//741 781//781 705//705
f 705//705 704//704 741//741
f 737//737 706//706 774//774
f 738//738 737//737 775//775
f 743//743 781//781 744//744
f 781//781 743//743 705//705
f 738//738 776//776 739//739
f 739//739 777//777 740//740
f 744//744 782//782 561//561
f 743//743 744//744 708//708
f 561//561 555//555 552//552
f 783//783 709//709 784//784
f 785//785 748//748 754//754
f 717//717 754//754 748//748
f 599//599 556//556 555//555
f 786//786 749//749 748//748
f 787//787 556//556 599//599
f 788//788 750//750 749//749
f 751//751 556//556 787//787
f 789//789 752//752 750//750
f 751//751 787//787 790//790
f 791//791 753//753 752//752
f 754//754 790//790 785//785
f 792//792 755//755 753//753
f 748//748 785//785 786//786
f 793//793 756//756 755//755
f 749//749 786//786 788//788
f 794//794 757//757 756//756
f 750//750 788//788 789//789
f 795//795 758//758 757//757
f 752//752 789//789 791//791
f 796//796 759//759 758//758
f 753//753 791//791 792//792
f 797//797 760//760 759//759
f 755//755 792//792 793//793
f 798//798 761//761 760//760
f 756//756 793//793 794//794
f 799//799 762//762 761//761
f 757//757 794//794 795//795
f 800//800 763//763 762//762
f 758//758 795//795 796//796
f 801//801 764//764 763//763
f 759//759 796//796 797//797
f 802//802 765//765 764//764
f 760//760 797//797 798//798
f 803//803 766//766 765//765
f 761//761 798//798 799//799
f 804//804 767//767 766//766
f 762//762 799//799 800//800
f 805//805 768//768 767//767
f 763//763 800//800 801//801
f 806//806 769//769 768//768
f 764//764 801//801 802//802
f 807//807 770//770 769//769
f 765//765 802//802 803//803
f 808//808 771//771 770//770
f 766//766 803//803 804//804
f 809//809 772//772 771//771
f 767//767 804//804 805//805
f 810//810 773//773 772//772
f 768//768 805//805 806//806
f 779//779 742//742 773//773
f 769//769 806//806 807//807
f 780//780 774//774 742//742
f 770//770 807//807 808//808
f 811//811 775//775 774//774
f 771//771 808//808 809//809
f 812//812 776//776 775//775
f 772//772 809//809 810//810
f 813//813 777//777 776//776
f 773//773 810//810 779//779
f 814//814 778//778 777//777
f 778//778 815//815 741//741
f 741//741 740//740 778//778
f 811//811 774//774 780//780
f 812//812 775//775 811//811
f 781//781 815//815 782//782
f 815//815 781//781 741//741
f 776//776 812//812 813//813
f 777//777 813//813 814//814
f 782//782 816//816 561//561
f 781//781 782//782 744//744
f 561//561 598//598 555//555
f 817//817 784//784 818//818
f 785//785 790//790 819//819
f 754//754 751//751 790//790
f 638//638 599//599 598//598
f 786//786 785//785 820//820
f 821//821 599//599 638//638
f 788//788 786//786 822//822
f 787//787 599//599 821//821
f 789//789 788//788 823//823
f 787//787 821//821 824//824
f 791//791 789//789 825//825
f 790//790 824//824 819//819
f 792//792 791//791 826//826
f 785//785 819//819 820//820
f 793//793 792//792 827//827
f 786//786 820//820 822//822
f 794//794 793//793 828//828
f 788//788 822//822 823//823
f 795//795 794//794 829//829
f 789//789 823//823 825//825
f 796//796 795//795 830//830
f 791//791 825//825 826//826
f 797//797 796//796 831//831
f 792//792 826//826 827//827
f 798//798 797//797 832//832
f 793//793 827//827 828//828
f 799//799 798//798 833//833
f 794//794 828//828 829//829
f 800//800 799//799 834//834
f 795//795 829//829 830//830
f 801//801 800//800 835//835
f 796//796 830//830 831//831
f 802//802 801//801 836//836
f 797//797 831//831 832//832
f 803//803 802//802 837//837
f 798//798 832//832 833//833
f 804//804 803//803 838//838
f 799//799 833//833 834//834
f 805//805 804//804 839//839
f 800//800 834//834 835//835
f 806//806 805//805 840//840
f 801//801 835//835 836//836
f 807//807 806//806 841//841
f 802//802 836//836 837//837
f 808//808 807//807 842//842
f 803//803 837//837 838//838
f 809//809 808//808 843//843
f 804//804 838//838 839//839
f 810//810 809//809 844//844
f 805//805 839//839 840//840
f 779//779 810//810 845//845
f 806//806 840//840 841//841
f 780//780 779//779 846//846
f 807//807 841//841 842//842
f 811//811 780//780 847//847
f 808//808 842//842 843//843
f 812//812 811//811 848//848
f 809//809 843//843 844//844
f 813//813 812//812 849//849
f 810//810 844//844 845//845
f 814//814 813//813 850//850
f 779//779 845//845 846//846
f 780//780 846//846 847//847
f 778//778 851//851 815//815
f 851//851 778//778 814//814
f 847//847 848//848 811//811
f 848//848 849//849 812//812
f 782//782 815//815 816//816
f 851//851 816//816 815//815
f 850//850 813//813 849//849
f 816//816 852//852 561//561
f 561//561 637//637 598//598
f 853//853 818//818 854//854
f 819//819 824//824 747//747
f 790//790 787//787 824//824
f 674//674 638//638 637//637
f 820//820 819//819 855//855
f 856//856 638//638 674//674
f 822//822 820//820 857//857
f 821//821 638//638 856//856
f 823//823 822//822 858//858
f 821//821 856//856 745//745
f 825//825 823//823 859//859
f 824//824 745//745 747//747
f 826//826 825//825 860//860
f 819//819 747//747 855//855
f 827//827 826//826 861//861
f 820//820 855//855 857//857
f 828//828 827//827 862//862
f 822//822 857//857 858//858
f 829//829 828//828 863//863
f 823//823 858//858 859//859
f 830//830 829//829 864//864
f 825//825 859//859 860//860
f 831//831 830//830 865//865
f 826//826 860//860 861//861
f 832//832 831//831 866//866
f 827//827 861//861 862//862
f 833//833 832//832 867//867
f 828//828 862//862 863//863
f 834//834 833//833 868//868
f 829//829 863//863 864//864
f 835//835 834//834 869//869
f 830//830 864//864 865//865
f 836//836 835//835 870//870
f 831//831 865//865 866//866
f 837//837 836//836 871//871
f 832//832 866//866 867//867
f 838//838 837//837 872//872
f 833//833 867//867 868//868
f 839//839 838//838 873//873
f 834//834 868//868 869//869
f 840//840 839//839 874//874
f 835//835 869//869 870//870
f 841//841 840//840 875//875
f 836//836 870//870 871//871
f 842//842 841//841 876//876
f 837//837 871//871 872//872
f 843//843 842//842 877//877
f 838//838 872//872 873//873
f 844//844 843//843 878//878
f 839//839 873//873 874//874
f 845//845 844//844 879//879
f 840//840 874//874 875//875
f 846//846 845//845 880//880
f 841//841 875//875 876//876
f 847//847 846//846 881//881
f 842//842 876//876 877//877
f 848//848 847//847 882//882
f 843//843 877//877 878//878
f 849//849 848//848 883//883
f 844//844 878//878 879//879
f 850//850 849//849 884//884
f 845//845 879//879 880//880
f 846//846 880//880 881//881
f 814//814 885//885 851//851
f 885//885 814//814 850//850
f 881//881 882//882 847//847
f 882//882 883//883 848//848
f 816//816 851//851 852//852
f 885//885 852//852 851//851
f 884//884 849//849 883//883
f 852//852 886//886 561//561
f 561//561 673//673 637//637
f 887//887 854//854 888//888
f 747//747 889//889 855//855
f 824//824 821//821 745//745
f 710//710 674//674 673//673
f 855//855 890//890 857//857
f 891//891 674//674 710//710
f 857//857 892//892 858//858
f 856//856 674//674 891//891
f 858//858 893//893 859//859
f 856//856 891//891 894//894
f 859//859 895//895 860//860
f 745//745 894//894 746//746
f 860//860 896//896 861//861
f 747//747 746//746 889//889
f 861//861 897//897 862//862
f 855//855 889//889 890//890
f 862//862 898//898 863//863
f 857//857 890//890 892//892
f 863//863 899//899 864//864
f 858//858 892//892 893//893
f 864//864 900//900 865//865
f 859//859 893//893 895//895
f 865//865 901//901 866//866
f 860//860 895//895 896//896
f 866//866 902//902 867//867
f 861//861 896//896 897//897
f 867//867 903//903 868//868
f 862//862 897//897 898//898
f 868//868 904//904 869//869
f 863//863 898//898 899//899
f 869//869 905//905 870//870
f 864//864 899//899 900//900
f 870//870 906//906 871//871
f 865//865 900//900 901//901
f 871//871 907//907 872//872
f 866//866 901//901 902//902
f 872//872 908//908 873//873
f 867//867 902//902 903//903
f 873//873 909//909 874//874
f 868//868 903//903 904//904
f 874//874 910//910 875//875
f 869//869 904//904 905//905
f 875//875 911//911 876//876
f 870//870 905//905 906//906
f 876//876 912//912 877//877
f 871//871 906//906 907//907
f 877//877 913//913 878//878
f 872//872 907//907 908//908
f 878//878 914//914 879//879
f 873//873 908//908 909//909
f 879//879 915//915 880//880
f 874//874 909//909 910//910
f 880//880 916//916 881//881
f 875//875 910//910 911//911
f 881//881 917//917 882//882
f 876//876 911//911 912//912
f 882//882 918//918 883//883
f 877//877 912//912 913//913
f 883//883 919//919 884//884
f 878//878 913//913 914//914
f 920//920 921//921 915//915
f 879//879 914//914 915//915
f 880//880 915//915 916//916
f 850//850 922//922 885//885
f 922//922 850//850 884//884
f 916//916 917//917 881//881
f 917//917 918//918 882//882
f 852//852 885//885 886//886
f 922//922 886//886 885//885
f 919//919 883//883 918//918
f 886//886 923//923 561//561
f 561//561 709//709 673//673
f 924//924 888//888 925//925
f 926//926 746//746 894//894
f 745//745 856//856 894//894
f 709//709 783//783 710//710
f 927//927 889//889 746//746
f 783//783 928//928 710//710
f 929//929 890//890 889//889
f 928//928 891//891 710//710
f 930//930 892//892 890//890
f 931//931 891//891 928//928
f 932//932 893//893 892//892
f 926//926 894//894 931//931
f 933//933 895//895 893//893
f 927//927 746//746 926//926
f 934//934 896//896 895//895
f 929//929 889//889 927//927
f 935//935 897//897 896//896
f 930//930 890//890 929//929
f 936//936 898//898 897//897
f 932//932 892//892 930//930
f 937//937 899//899 898//898
f 933//933 893//893 932//932
f 938//938 900//900 899//899
f 934//934 895//895 933//933
f 939//939 901//901 900//900
f 935//935 896//896 934//934
f 940//940 902//902 901//901
f 936//936 897//897 935//935
f 941//941 903//903 902//902
f 937//937 898//898 936//936
f 942//942 904//904 903//903
f 938//938 899//899 937//937
f 943//943 905//905 904//904
f 939//939 900//900 938//938
f 944//944 906//906 905//905
f 940//940 901//901 939//939
f 945//945 907//907 906//906
f 941//941 902//902 940//940
f 946//946 908//908 907//907
f 942//942 903//903 941//941
f 947//947 909//909 908//908
f 943//943 904//904 942//942
f 948//948 910//910 909//909
f 944//944 905//905 943//943
f 949//949 911//911 910//910
f 945//945 906//906 944//944
f 950//950 912//912 911//911
f 946//946 907//907 945//945
f 951//951 913//913 912//912
f 947//947 908//908 946//946
f 952//952 914//914 913//913
f 948//948 909//909 947//947
f 920//920 915//915 914//914
f 949//949 910//910 948//948
f 921//921 916//916 915//915
f 950//950 911//911 949//949
f 953//953 917//917 916//916
f 951//951 912//912 950//950
f 954//954 918//918 917//917
f 952//952 913//913 951//951
f 955//955 919//919 918//918
f 920//920 914//914 952//952
f 956//956 920//920 957//957
f 884//884 958//958 922//922
f 958//958 884//884 919//919
f 921//921 953//953 916//916
f 953//953 954//954 917//917
f 886//886 922//922 923//923
f 958//958 923//923 922//922
f 955//955 918//918 954//954
f 923//923 959//959 561//561
f 561//561 784//784 709//709
f 960//960 925//925 961//961
f 962//962 926//926 931//931
f 894//894 891//891 931//931
f 784//784 817//817 783//783
f 963//963 927//927 926//926
f 817//817 964//964 783//783
f 965//965 929//929 927//927
f 964//964 928//928 783//783
f 966//966 930//930 929//929
f 967//967 928//928 964//964
f 968//968 932//932 930//930
f 962//962 931//931 967//967
f 969//969 933//933 932//932
f 963//963 926//926 962//962
f 970//970 934//934 933//933
f 965//965 927//927 963//963
f 971//971 935//935 934//934
f 966//966 929//929 965//965
f 972//972 936//936 935//935
f 968//968 930//930 966//966
f 973//973 937//937 936//936
f 969//969 932//932 968//968
f 974//974 938//938 937//937
f 970//970 933//933 969//969
f 975//975 939//939 938//938
f 971//971 934//934 970//970
f 976//976 940//940 939//939
f 972//972 935//935 971//971
f 977//977 941//941 940//940
f 973//973 936//936 972//972
f 978//978 942//942 941//941
f 974//974 937//937 973//973
f 979//979 943//943 942//942
f 975//975 938//938 974//974
f 980//980 944//944 943//943
f 976//976 939//939 975//975
f 981//981 945//945 944//944
f 977//977 940//940 976//976
f 982//982 946//946 945//945
f 978//978 941//941 977//977
f 983//983 947//947 946//946
f 979//979 942//942 978//978
f 984//984 948//948 947//947
f 980//980 943//943 979//979
f 985//985 949//949 948//948
f 981//981 944//944 980//980
f 986//986 950//950 949//949
f 982//982 945//945 981//981
f 987//987 951//951 950//950
f 983//983 946//946 982//982
f 988//988 952//952 951//951
f 984//984 947//947 983//983
f 957//957 920//920 952//952
f 985//985 948//948 984//984
f 956//956 921//921 920//920
f 986//986 949//949 985//985
f 989//989 953//953 921//921
f 987//987 950//950 986//986
f 990//990 954//954 953//953
f 988//988 951//951 987//987
f 991//991 955//955 954//954
f 957//957 952//952 988//988
f 992//992 957//957 993//993
f 919//919 994//994 958//958
f 994//994 919//919 955//955
f 956//956 989//989 921//921
f 989//989 990//990 953//953
f 923//923 958//958 959//959
f 994//994 959//959 958//958
f 991//991 954//954 990//990
f 959//959 995//995 561//561
f 561//561 818//818 784//784
f 996//996 961//961 997//997
f 998//998 962//962 967//967
f 931//931 928//928 967//967
f 818//818 853//853 817//817
f 999//999 963//963 962//962
f 853//853 1000//1000 817//817
f 1001//1001 965//965 963//963
f 1000//1000 964//964 817//817
f 1002//1002 966//966 965//965
f 1003//1003 964//964 1000//1000
f 1004//1004 968//968 966//966
f 998//998 967//967 1003//1003
f 1005//1005 969//969 968//968
f 999//999 962//962 998//998
f 1006//1006 970//970 969//969
f 1001//1001 963//963 999//999
f 1007//1007 971//971 970//970
f 1002//1002 965//965 1001//1001
f 1008//1008 972//972 971//971
f 1004//1004 966//966 1002//1002
f 1009//1009 973//973 972//972
f 1005//1005 968//968 1004//1004
f 1010//1010 974//974 973//973
f 1006//1006 969//969 1005//1005
f 1011//1011 975//975 974//974
f 1007//1007 970//970 1006//1006
f 1012//1012 976//976 975//975
f 1008//1008 971//971 1007//1007
f 1013//1013 977//977 976//976
f 1009//1009 972//972 1008//1008
f 1014//1014 978//978 977//977
f 1010//1010 973//973 1009//1009
f 1015//1015 979//979 978//978
f 1011//1011 974//974 1010//1010
f 1016//1016 980//980 979//979
f 1012//1012 975//975 1011//1011
f 1017//1017 981//981 980//980
f 1013//1013 976//976 1012//1012
f 1018//1018 982//982 981//981
f 1014//1014 977//977 1013//1013
f 1019//1019 983//983 982//982
f 1015//1015 978//978 1014//1014
f 1020//1020 984//984 983//983
f 1016//1016 979//979 1015//1015
f 1021//1021 985//985 984//984
f 1017//1017 980//980 1016//1016
f 1022//1022 986//986 985//985
f 1018//1018 981//981 1017//1017
f 1023//1023 987//987 986//986
f 1019//1019 982//982 1018//1018
f 1024//1024 988//988 987//987
f 1020//1020 983//983 1019//1019
f 993//993 957//957 988//988
f 1021//1021 984//984 1020//1020
f 992//992 956//956 957//957
f 1022//1022 985//985 1021//1021
f 1025//1025 989//989 956//956
f 1023//1023 986//986 1022//1022
f 1026//1026 990//990 989//989
f 1024//1024 987//987 1023//1023
f 1027//1027 991//991 990//990
f 993//993 988//988 1024//1024
f 1028//1028 993//993 1029//1029
f 955//955 1030//1030 994//994
f 1030//1030 955//955 991//991
f 992//992 1025//1025 956//956
f 1025//1025 1026//1026 989//989
f 959//959 994//994 995//995
f 1030//1030 995//995 994//994
f 1027//1027 990//990 1026//1026
f 995//995 1031//1031 561//561
f 561//561 854//854 818//818
f 1032//1032 1033//1033 997//997
f 1034//1034 998//998 1003//1003
f 967//967 964//964 1003//1003
f 854//854 887//887 853//853
f 1035//1035 999//999 998//998
f 887//887 1036//1036 853//853
f 1037//1037 1001//1001 999//999
f 1036//1036 1000//1000 853//853
f 1038//1038 1002//1002 1001//1001
f 1039//1039 1000//1000 1036//1036
f 1040//1040 1004//1004 1002//1002
f 1034//1034 1003//1003 1039//1039
f 1041//1041 1005//1005 1004//1004
f 1035//1035 998//998 1034//1034
f 1042//1042 1006//1006 1005//1005
f 1037//1037 999//999 1035//1035
f 1043//1043 1007//1007 1006//1006
f 1038//1038 1001//1001 1037//1037
f 1044//1044 1008//1008 1007//1007
f 1040//1040 1002//1002 1038//1038
f 1045//1045 1009//1009 1008//1008
f 1041//1041 1004//1004 1040//1040
f 1046//1046 1010//1010 1009//1009
f 1042//1042 1005//1005 1041//1041
f 1047//1047 1011//1011 1010//1010
f 1043//1043 1006//1006 1042//1042
f 1048//1048 1012//1012 1011//1011
f 1044//1044 1007//1007 1043//1043
f 1049//1049 1013//1013 1012//1012
f 1045//1045 1008//1008 1044//1044
f 1050//1050 1014//1014 1013//1013
f 1046//1046 1009//1009 1045//1045
f 1051//1051 1015//1015 1014//1014
f 1047//1047 1010//1010 1046//1046
f 1052//1052 1016//1016 1015//1015
f 1048//1048 1011//1011 1047//1047
f 1053//1053 1017//1017 1016//1016
f 1049//1049 1012//1012 1048//1048
f 1054//1054 1018//1018 1017//1017
f 1050//1050 1013//1013 1049//1049
f 1055//1055 1019//1019 1018//1018
f 1051//1051 1014//1014 1050//1050
f 1056//1056 1020//1020 1019//1019
f 1052//1052 1015//1015 1051//1051
f 1057//1057 1021//1021 1020//1020
f 1053//1053 1016//1016 1052//1052
f 1058//1058 1022//1022 1021//1021
f 1054//1054 1017//1017 1053//1053
f 1059//1059 1023//1023 1022//1022
f 1055//1055 1018//1018 1054//1054
f 1060//1060 1024//1024 1023//1023
f 1056//1056 1019//1019 1055//1055
f 1029//1029 993//993 1024//1024
f 1057//1057 1020//1020 1056//1056
f 1028//1028 992//992 993//993
f 1058//1058 1021//1021 1057//1057
f 1061//1061 1025//1025 992//992
f 1059//1059 1022//1022 1058//1058
f 1062//1062 1026//1026 1025//1025
f 1060//1060 1023//1023 1059//1059
f 1063//1063 1027//1027 1026//1026
f 1029//1029 1024//1024 1060//1060
f 1064//1064 1029//1029 1065//1065
f 991//991 1066//1066 1030//1030
f 1066//1066 991//991 1027//1027
f 1028//1028 1061//1061 992//992
f 1061//1061 1062//1062 1025//1025
f 995//995 1030//1030 1031//1031
f 1066//1066 1031//1031 1030//1030
f 1063//1063 1026//1026 1062//1062
f 1031//1031 1067//1067 561//561
f 561//561 888//888 854//854
f 1068//1068 1069//1069 1032//1032
f 1070//1070 1034//1034 1039//1039
f 1003//1003 1000//1000 1039//1039
f 888//888 924//924 887//887
f 1071//1071 1035//1035 1034//1034
f 924//924 1072//1072 887//887
f 1073//1073 1037//1037 1035//1035
f 1072//1072 1036//1036 887//887
f 1074//1074 1038//1038 1037//1037
f 1075//1075 1036//1036 1072//1072
f 1076//1076 1040//1040 1038//1038
f 1070//1070 1039//1039 1075//1075
f 1077//1077 1041//1041 1040//1040
f 1071//1071 1034//1034 1070//1070
f 1078//1078 1042//1042 1041//1041
f 1073//1073 1035//1035 1071//1071
f 1079//1079 1043//1043 1042//1042
f 1074//1074 1037//1037 1073//1073
f 1080//1080 1044//1044 1043//1043
f 1076//1076 1038//1038 1074//1074
f 1081//1081 1045//1045 1044//1044
f 1077//1077 1040//1040 1076//1076
f 1082//1082 1046//1046 1045//1045
f 1078//1078 1041//1041 1077//1077
f 1083//1083 1047//1047 1046//1046
f 1079//1079 1042//1042 1078//1078
f 1084//1084 1048//1048 1047//1047
f 1080//1080 1043//1043 1079//1079
f 1085//1085 1049//1049 1048//1048
f 1081//1081 1044//1044 1080//1080
f 1086//1086 1050//1050 1049//1049
f 1082//1082 1045//1045 1081//1081
f 1087//1087 1051//1051 1050//1050
f 1083//1083 1046//1046 1082//1082
f 1088//1088 1052//1052 1051//1051
f 1084//1084 1047//1047 1083//1083
f 1089//1089 1053//1053 1052//1052
f 1085//1085 1048//1048 1084//1084
f 1090//1090 1054//1054 1053//1053
f 1086//1086 1049//1049 1085//1085
f 1091//1091 1055//1055 1054//1054
f 1087//1087 1050//1050 1086//1086
f 1092//1092 1056//1056 1055//1055
f 1088//1088 1051//1051 1087//1087
f 1093//1093 1057//1057 1056//1056
f 1089//1089 1052//1052 1088//1088
f 1094//1094 1058//1058 1057//1057
f 1090//1090 1053//1053 1089//1089
f 1095//1095 1059//1059 1058//1058
f 1091//1091 1054//1054 1090//1090
f 1096//1096 1060//1060 1059//1059
f 1092//1092 1055//1055 1091//1091
f 1065//1065 1029//1029 1060//1060
f 1093//1093 1056//1056 1092//1092
f 1064//1064 1028//1028 1029//1029
f 1094//1094 1057//1057 1093//1093
f 1097//1097 1061//1061 1028//1028
f 1095//1095 1058//1058 1094//1094
f 1098//1098 1062//1062 1061//1061
f 1096//1096 1059//1059 1095//1095
f 1099//1099 1063//1063 1062//1062
f 1065//1065 1060//1060 1096//1096
f 1100//1100 1065//1065 1101//1101
f 1027//1027 1102//1102 1066//1066
f 1102//1102 1027//1027 1063//1063
f 1064//1064 1097//1097 1028//1028
f 1097//1097 1098//1098 1061//1061
f 1031//1031 1066//1066 1067//1067
f 1102//1102 1067//1067 1066//1066
f 1099//1099 1062//1062 1098//1098
f 1067//1067 1103//1103 561//561
f 561//561 925//925 888//888
f 1104//1104 1105//1105 1106//1106
f 1107//1107 1070//1070 1075//1075
f 1039//1039 1036//1036 1075//1075
f 925//925 960//960 924//924
f 1108//1108 1071//1071 1070//1070
f 960//960 1109//1109 924//924
f 1110//1110 1073//1073 1071//1071
f 1109//1109 1072//1072 924//924
f 1111//1111 1074//1074 1073//1073
f 1112//1112 1072//1072 1109//1109
f 1113//1113 1076//1076 1074//1074
f 1107//1107 1075//1075 1112//1112
f 1114//1114 1077//1077 1076//1076
f 1108//1108 1070//1070 1107//1107
f 1115//1115 1078//1078 1077//1077
f 1110//1110 1071//1071 1108//1108
f 1116//1116 1079//1079 1078//1078
f 1111//1111 1073//1073 1110//1110
f 1117//1117 1080//1080 1079//1079
f 1113//1113 1074//1074 1111//1111
f 1118//1118 1081//1081 1080//1080
f 1114//1114 1076//1076 1113//1113
f 1119//1119 1082//1082 1081//1081
f 1115//1115 1077//1077 1114//1114
f 1120//1120 1083//1083 1082//1082
f 1116//1116 1078//1078 1115//1115
f 1121//1121 1084//1084 1083//1083
f 1117//1117 1079//1079 1116//1116
f 1122//1122 1085//1085 1084//1084
f 1118//1118 1080//1080 1117//1117
f 1123//1123 1086//1086 1085//1085
f 1119//1119 1081//1081 1118//1118
f 1124//1124 1087//1087 1086//1086
f 1120//1120 1082//1082 1119//1119
f 1125//1125 1088//1088 1087//1087
f 1121//1121 1083//1083 1120//1120
f 1126//1126 1089//1089 1088//1088
f 1122//1122 1084//1084 1121//1121
f 1127//1127 1090//1090 1089//1089
f 1123//1123 1085//1085 1122//1122
f 1128//1128 1091//1091 1090//1090
f 1124//1124 1086//1086 1123//1123
f 1129//1129 1092//1092 1091//1091
f 1125//1125 1087//1087 1124//1124
f 1130//1130 1093//1093 1092//1092
f 1126//1126 1088//1088 1125//1125
f 1131//1131 1094//1094 1093//1093
f 1127//1127 1089//1089 1126//1126
f 1132//1132 1095//1095 1094//1094
f 1128//1128 1090//1090 1127//1127
f 1133//1133 1096//1096 1095//1095
f 1129//1129 1091//1091 1128//1128
f 1101//1101 1065//1065 1096//1096
f 1130//1130 1092//1092 1129//1129
f 1100//1100 1064//1064 1065//1065
f 1131//1131 1093//1093 1130//1130
f 1134//1134 1097//1097 1064//1064
f 1132//1132 1094//1094 1131//1131
f 1135//1135 1098//1098 1097//1097
f 1133//1133 1095//1095 1132//1132
f 1136//1136 1099//1099 1098//1098
f 1101//1101 1096//1096 1133//1133
f 1137//1137 1100//1100 1101//1101
f 1063//1063 1138//1138 1102//1102
f 1138//1138 1063//1063 1099//1099
f 1100//1100 1134//1134 1064//1064
f 1134//1134 1135//1135 1097//1097
f 1067//1067 1102//1102 1103//1103
f 1138//1138 1103//1103 1102//1102
f 1136//1136 1098//1098 1135//1135
f 1103//1103 1139//1139 561//561
f 561//561 961//961 925//925
f 1140//1140 1141//1141 1068//1068
f 1112//1112 1142//1142 1143//1143
f 1075//1075 1072//1072 1112//1112
f 961//961 996//996 960//960
f 1107//1107 1143//1143 1144//1144
f 996//996 1145//1145 960//960
f 1108//1108 1144//1144 1146//1146
f 1145//1145 1109//1109 960//960
f 1110//1110 1146//1146 1147//1147
f 1142//1142 1112//1112 1109//1109
f 1111//1111 1147//1147 1148//1148
f 1143//1143 1107//1107 1112//1112
f 1113//1113 1148//1148 1149//1149
f 1144//1144 1108//1108 1107//1107
f 1114//1114 1149//1149 1150//1150
f 1146//1146 1110//1110 1108//1108
f 1115//1115 1150//1150 1151//1151
f 1147//1147 1111//1111 1110//1110
f 1116//1116 1151//1151 1152//1152
f 1148//1148 1113//1113 1111//1111
f 1117//1117 1152//1152 1153//1153
f 1149//1149 1114//1114 1113//1113
f 1118//1118 1153//1153 1154//1154
f 1150//1150 1115//1115 1114//1114
f 1119//1119 1154//1154 1155//1155
f 1151//1151 1116//1116 1115//1115
f 1120//1120 1155//1155 1156//1156
f 1152//1152 1117//1117 1116//1116
f 1121//1121 1156//1156 1157//1157
f 1153//1153 1118//1118 1117//1117
f 1122//1122 1157//1157 1158//1158
f 1154//1154 1119//1119 1118//1118
f 1123//1123 1158//1158 1159//1159
f 1155//1155 1120//1120 1119//1119
f 1124//1124 1159//1159 1160//1160
f 1156//1156 1121//1121 1120//1120
f 1125//1125 1160//1160 1161//1161
f 1157//1157 1122//1122 1121//1121
f 1126//1126 1161//1161 1162//1162
f 1158//1158 1123//1123 1122//1122
f 1127//1127 1162//1162 1163//1163
f 1159//1159 1124//1124 1123//1123
f 1128//1128 1163//1163 1164//1164
f 1160//1160 1125//1125 1124//1124
f 1129//1129 1164//1164 1165//1165
f 1161//1161 1126//1126 1125//1125
f 1130//1130 1165//1165 1166//1166
f 1162//1162 1127//1127 1126//1126
f 1131//1131 1166//1166 1167//1167
f 1163//1163 1128//1128 1127//1127
f 1132//1132 1167//1167 1168//1168
f 1164//1164 1129//1129 1128//1128
f 1133//1133 1168//1168 1169//1169
f 1165//1165 1130//1130 1129//1129
f 1101//1101 1169//1169 1137//1137
f 1166//1166 1131//1131 1130//1130
f 1100//1100 1137//1137 1170//1170
f 1167//1167 1132//1132 1131//1131
f 1134//1134 1170//1170 1171//1171
f 1168//1168 1133//1133 1132//1132
f 1135//1135 1171//1171 1172//1172
f 1169//1169 1101//1101 1133//1133
f 1136//1136 1172//1172 1173//1173
f 1099//1099 1174//1174 1138//1138
f 1174//1174 1099//1099 1136//1136
f 1100//1100 1170//1170 1134//1134
f 1134//1134 1171//1171 1135//1135
f 1103//1103 1138//1138 1139//1139
f 1174//1174 1139//1139 1138//1138
f 1172//1172 1136//1136 1135//1135
f 1139//1139 1175//1175 561//561
f 561//561 997//997 961//961
f 1176//1176 1177//1177 1140//1140
f 1105//1105 1178//1178 1142//1142
f 1142//1142 1109//1109 1145//1145
f 997//997 1033//1033 996//996
f 1178//1178 1179//1179 1143//1143
f 1033//1033 1180//1180 996//996
f 1179//1179 1181//1181 1144//1144
f 1180//1180 1145//1145 996//996
f 1181//1181 1182//1182 1146//1146
f 1105//1105 1142//1142 1145//1145
f 1182//1182 1183//1183 1147//1147
f 1178//1178 1143//1143 1142//1142
f 1183//1183 1184//1184 1148//1148
f 1179//1179 1144//1144 1143//1143
f 1184//1184 1185//1185 1149//1149
f 1181//1181 1146//1146 1144//1144
f 1185//1185 1186//1186 1150//1150
f 1182//1182 1147//1147 1146//1146
f 1186//1186 1187//1187 1151//1151
f 1183//1183 1148//1148 1147//1147
f 1187//1187 1188//1188 1152//1152
f 1184//1184 1149//1149 1148//1148
f 1188//1188 1189//1189 1153//1153
f 1185//1185 1150//1150 1149//1149
f 1189//1189 1190//1190 1154//1154
f 1186//1186 1151//1151 1150//1150
f 1190//1190 1191//1191 1155//1155
f 1187//1187 1152//1152 1151//1151
f 1191//1191 1192//1192 1156//1156
f 1188//1188 1153//1153 1152//1152
f 1192//1192 1193//1193 1157//1157
f 1189//1189 1154//1154 1153//1153
f 1193//1193 1194//1194 1158//1158
f 1190//1190 1155//1155 1154//1154
f 1194//1194 1195//1195 1159//1159
f 1191//1191 1156//1156 1155//1155
f 1195//1195 1196//1196 1160//1160
f 1192//1192 1157//1157 1156//1156
f 1196//1196 1197//1197 1161//1161
f 1193//1193 1158//1158 1157//1157
f 1197//1197 1198//1198 1162//1162
f 1194//1194 1159//1159 1158//1158
f 1198//1198 1199//1199 1163//1163
f 1195//1195 1160//1160 1159//1159
f 1199//1199 1200//1200 1164//1164
f 1196//1196 1161//1161 1160//1160
f 1200//1200 1201//1201 1165//1165
f 1197//1197 1162//1162 1161//1161
f 1201//1201 1202//1202 1166//1166
f 1198//1198 1163//1163 1162//1162
f 1202//1202 1203//1203 1167//1167
f 1199//1199 1164//1164 1163//1163
f 1203//1203 1204//1204 1168//1168
f 1200//1200 1165//1165 1164//1164
f 1204//1204 1205//1205 1169//1169
f 1201//1201 1166//1166 1165//1165
f 1205//1205 1206//1206 1137//1137
f 1202//1202 1167//1167 1166//1166
f 1206//1206 1207//1207 1170//1170
f 1203//1203 1168//1168 1167//1167
f 1207//1207 1208//1208 1171//1171
f 1204//1204 1169//1169 1168//1168
f 1208//1208 1209//1209 1172//1172
f 1205//1205 1137//1137 1169//1169
f 1206//1206 1170//1170 1137//1137
f 1174//1174 1173//1173 1175//1175
f 1173//1173 1174//1174 1136//1136
f 1171//1171 1170//1170 1207//1207
f 1172//1172 1171//1171 1208//1208
f 1175//1175 1210//1210 561//561
f 1174//1174 1175//1175 1139//1139
f 561//561 1032//1032 997//997
f 1211//1211 1212//1212 1176//1176
f 1213//1213 1178//1178 1104//1104
f 1105//1105 1145//1145 1180//1180
f 1032//1032 1069//1069 1033//1033
f 1214//1214 1179//1179 1213//1213
f 1069//1069 1215//1215 1033//1033
f 1216//1216 1181//1181 1214//1214
f 1215//1215 1180//1180 1033//1033
f 1217//1217 1182//1182 1216//1216
f 1106//1106 1105//1105 1180//1180
f 1218//1218 1183//1183 1217//1217
f 1104//1104 1178//1178 1105//1105
f 1219//1219 1184//1184 1218//1218
f 1213//1213 1179//1179 1178//1178
f 1220//1220 1185//1185 1219//1219
f 1214//1214 1181//1181 1179//1179
f 1221//1221 1186//1186 1220//1220
f 1216//1216 1182//1182 1181//1181
f 1222//1222 1187//1187 1221//1221
f 1217//1217 1183//1183 1182//1182
f 1223//1223 1188//1188 1222//1222
f 1218//1218 1184//1184 1183//1183
f 1224//1224 1189//1189 1223//1223
f 1219//1219 1185//1185 1184//1184
f 1225//1225 1190//1190 1224//1224
f 1220//1220 1186//1186 1185//1185
f 1226//1226 1191//1191 1225//1225
f 1221//1221 1187//1187 1186//1186
f 1227//1227 1192//1192 1226//1226
f 1222//1222 1188//1188 1187//1187
f 1228//1228 1193//1193 1227//1227
f 1223//1223 1189//1189 1188//1188
f 1229//1229 1194//1194 1228//1228
f 1224//1224 1190//1190 1189//1189
f 1230//1230 1195//1195 1229//1229
f 1225//1225 1191//1191 1190//1190
f 1231//1231 1196//1196 1230//1230
f 1226//1226 1192//1192 1191//1191
f 1232//1232 1197//1197 1231//1231
f 1227//1227 1193//1193 1192//1192
f 1233//1233 1198//1198 1232//1232
f 1228//1228 1194//1194 1193//1193
f 1234//1234 1199//1199 1233//1233
f 1229//1229 1195//1195 1194//1194
f 1235//1235 1200//1200 1234//1234
f 1230//1230 1196//1196 1195//1195
f 1236//1236 1201//1201 1235//1235
f 1231//1231 1197//1197 1196//1196
f 1237//1237 1202//1202 1236//1236
f 1232//1232 1198//1198 1197//1197
f 1238//1238 1203//1203 1237//1237
f 1233//1233 1199//1199 1198//1198
f 1239//1239 1204//1204 1238//1238
f 1234//1234 1200//1200 1199//1199
f 1240//1240 1205//1205 1239//1239
f 1235//1235 1201//1201 1200//1200
f 1241//1241 1206//1206 1240//1240
f 1236//1236 1202//1202 1201//1201
f 1242//1242 1207//1207 1241//1241
f 1237//1237 1203//1203 1202//1202
f 1243//1243 1208//1208 1242//1242
f 1238//1238 1204//1204 1203//1203
f 1244//1244 1240//1240 1239//1239
f 1239//1239 1205//1205 1204//1204
f 1240//1240 1206//1206 1205//1205
f 1173//1173 1209//1209 1210//1210
f 1209//1209 1173//1173 1172//1172
f 1207//1207 1206//1206 1241//1241
f 1208//1208 1207//1207 1242//1242
f 1173//1173 1210//1210 1175//1175
f 561//561 1068//1068 1032//1032
f 1245//1245 1246//1246 1211//1211
f 1106//1106 1247//1247 1248//1248
f 1106//1106 1180//1180 1215//1215
f 1069//1069 1068//1068 1141//1141
f 1104//1104 1248//1248 1249//1249
f 1069//1069 1141//1141 1250//1250
f 1213//1213 1249//1249 1251//1251
f 1069//1069 1250//1250 1215//1215
f 1214//1214 1251//1251 1252//1252
f 1215//1215 1247//1247 1106//1106
f 1216//1216 1252//1252 1253//1253
f 1106//1106 1248//1248 1104//1104
f 1217//1217 1253//1253 1254//1254
f 1104//1104 1249//1249 1213//1213
f 1218//1218 1254//1254 1255//1255
f 1213//1213 1251//1251 1214//1214
f 1219//1219 1255//1255 1256//1256
f 1214//1214 1252//1252 1216//1216
f 1220//1220 1256//1256 1257//1257
f 1216//1216 1253//1253 1217//1217
f 1221//1221 1257//1257 1258//1258
f 1217//1217 1254//1254 1218//1218
f 1222//1222 1258//1258 1259//1259
f 1218//1218 1255//1255 1219//1219
f 1223//1223 1259//1259 1260//1260
f 1219//1219 1256//1256 1220//1220
f 1224//1224 1260//1260 1261//1261
f 1220//1220 1257//1257 1221//1221
f 1225//1225 1261//1261 1262//1262
f 1221//1221 1258//1258 1222//1222
f 1226//1226 1262//1262 1263//1263
f 1222//1222 1259//1259 1223//1223
f 1227//1227 1263//1263 1264//1264
f 1223//1223 1260//1260 1224//1224
f 1228//1228 1264//1264 1265//1265
f 1224//1224 1261//1261 1225//1225
f 1229//1229 1265//1265 1266//1266
f 1225//1225 1262//1262 1226//1226
f 1230//1230 1266//1266 1267//1267
f 1226//1226 1263//1263 1227//1227
f 1231//1231 1267//1267 1268//1268
f 1227//1227 1264//1264 1228//1228
f 1232//1232 1268//1268 1269//1269
f 1228//1228 1265//1265 1229//1229
f 1233//1233 1269//1269 1270//1270
f 1229//1229 1266//1266 1230//1230
f 1234//1234 1270//1270 1271//1271
f 1230//1230 1267//1267 1231//1231
f 1235//1235 1271//1271 1272//1272
f 1231//1231 1268//1268 1232//1232
f 1236//1236 1272//1272 1273//1273
f 1232//1232 1269//1269 1233//1233
f 1237//1237 1273//1273 1274//1274
f 1233//1233 1270//1270 1234//1234
f 1238//1238 1274//1274 1275//1275
f 1234//1234 1271//1271 1235//1235
f 1239//1239 1275//1275 1244//1244
f 1235//1235 1272//1272 1236//1236
f 1240//1240 1244//1244 1276//1276
f 1236//1236 1273//1273 1237//1237
f 1241//1241 1276//1276 1277//1277
f 1237//1237 1274//1274 1238//1238
f 1242//1242 1277//1277 1278//1278
f 1238//1238 1275//1275 1239//1239
f 1244//1244 1275//1275 1279//1279
f 1209//1209 1243//1243 1280//1280
f 1243//1243 1209//1209 1208//1208
f 1241//1241 1240//1240 1276//1276
f 1242//1242 1241//1241 1277//1277
f 561//561 1210//1210 1280//1280
f 1209//1209 1280//1280 1210//1210
f 1068//1068 561//561 1140//1140
f 1281//1281 1282//1282 1245//1245
f 1247//1247 1283//1283 1284//1284
f 1247//1247 1215//1215 1250//1250
f 1141//1141 1140//1140 1177//1177
f 1248//1248 1284//1284 1285//1285
f 1141//1141 1177//1177 1286//1286
f 1249//1249 1285//1285 1287//1287
f 1141//1141 1286//1286 1250//1250
f 1251//1251 1287//1287 1288//1288
f 1250//1250 1283//1283 1247//1247
f 1252//1252 1288//1288 1289//1289
f 1247//1247 1284//1284 1248//1248
f 1253//1253 1289//1289 1290//1290
f 1248//1248 1285//1285 1249//1249
f 1254//1254 1290//1290 1291//1291
f 1249//1249 1287//1287 1251//1251
f 1255//1255 1291//1291 1292//1292
f 1251//1251 1288//1288 1252//1252
f 1256//1256 1292//1292 1293//1293
f 1252//1252 1289//1289 1253//1253
f 1257//1257 1293//1293 1294//1294
f 1253//1253 1290//1290 1254//1254
f 1258//1258 1294//1294 1295//1295
f 1254//1254 1291//1291 1255//1255
f 1259//1259 1295//1295 1296//1296
f 1255//1255 1292//1292 1256//1256
f 1260//1260 1296//1296 1297//1297
f 1256//1256 1293//1293 1257//1257
f 1261//1261 1297//1297 1298//1298
f 1257//1257 1294//1294 1258//1258
f 1262//1262 1298//1298 1299//1299
f 1258//1258 1295//1295 1259//1259
f 1263//1263 1299//1299 1300//1300
f 1259//1259 1296//1296 1260//1260
f 1264//1264 1300//1300 1301//1301
f 1260//1260 1297//1297 1261//1261
f 1265//1265 1301//1301 1302//1302
f 1261//1261 1298//1298 1262//1262
f 1266//1266 1302//1302 1303//1303
f 1262//1262 1299//1299 1263//1263
f 1267//1267 1303//1303 1304//1304
f 1263//1263 1300//1300 1264//1264
f 1268//1268 1304//1304 1305//1305
f 1264//1264 1301//1301 1265//1265
f 1269//1269 1305//1305 1306//1306
f 1265//1265 1302//1302 1266//1266
f 1270//1270 1306//1306 1307//1307
f 1266//1266 1303//1303 1267//1267
f 1271//1271 1307//1307 1308//1308
f 1267//1267 1304//1304 1268//1268
f 1272//1272 1308//1308 1309//1309
f 1268//1268 1305//1305 1269//1269
f 1273//1273 1309//1309 1310//1310
f 1269//1269 1306//1306 1270//1270
f 1274//1274 1310//1310 1311//1311
f 1270//1270 1307//1307 1271//1271
f 1275//1275 1311//1311 1279//1279
f 1271//1271 1308//1308 1272//1272
f 1244//1244 1279//1279 1312//1312
f 1272//1272 1309//1309 1273//1273
f 1276//1276 1312//1312 1313//1313
f 1273//1273 1310//1310 1274//1274
f 1277//1277 1313//1313 1314//1314
f 1274//1274 1311//1311 1275//1275
f 1279//1279 1311//1311 1315//1315
f 1243//1243 1278//1278 1316//1316
f 1278//1278 1243//1243 1242//1242
f 1276//1276 1244//1244 1312//1312
f 1277//1277 1276//1276 1313//1313
f 561//561 1280//1280 1316//1316
f 1243//1243 1316//1316 1280//1280
f 1140//1140 561//561 1176//1176
f 1317//1317 1318//1318 1281//1281
f 1283//1283 1319//1319 1320//1320
f 1283//1283 1250//1250 1286//1286
f 1177//1177 1176//1176 1212//1212
f 1284//1284 1320//1320 1321//1321
f 1177//1177 1212//1212 1322//1322
f 1285//1285 1321//1321 1323//1323
f 1177//1177 1322//1322 1286//1286
f 1287//1287 1323//1323 1324//1324
f 1286//1286 1319//1319 1283//1283
f 1288//1288 1324//1324 1325//1325
f 1283//1283 1320//1320 1284//1284
f 1289//1289 1325//1325 1326//1326
f 1284//1284 1321//1321 1285//1285
f 1290//1290 1326//1326 1327//1327
f 1285//1285 1323//1323 1287//1287
f 1291//1291 1327//1327 1328//1328
f 1287//1287 1324//1324 1288//1288
f 1292//1292 1328//1328 1329//1329
f 1288//1288 1325//1325 1289//1289
f 1293//1293 1329//1329 1330//1330
f 1289//1289 1326//1326 1290//1290
f 1294//1294 1330//1330 1331//1331
f 1290//1290 1327//1327 1291//1291
f 1295//1295 1331//1331 1332//1332
f 1291//1291 1328//1328 1292//1292
f 1296//1296 1332//1332 1333//1333
f 1292//1292 1329//1329 1293//1293
f 1297//1297 1333//1333 1334//1334
f 1293//1293 1330//1330 1294//1294
f 1298//1298 1334//1334 1335//1335
f 1294//1294 1331//1331 1295//1295
f 1299//1299 1335//1335 1336//1336
f 1295//1295 1332//1332 1296//1296
f 1300//1300 1336//1336 1337//1337
f 1296//1296 1333//1333 1297//1297
f 1301//1301 1337//1337 1338//1338
f 1297//1297 1334//1334 1298//1298
f 1302//1302 1338//1338 1339//1339
f 1298//1298 1335//1335 1299//1299
f 1303//1303 1339//1339 1340//1340
f 1299//1299 1336//1336 1300//1300
f 1304//1304 1340//1340 1341//1341
f 1300//1300 1337//1337 1301//1301
f 1305//1305 1341//1341 1342//1342
f 1301//1301 1338//1338 1302//1302
f 1306//1306 1342//1342 1343//1343
f 1302//1302 1339//1339 1303//1303
f 1307//1307 1343//1343 1344//1344
f 1303//1303 1340//1340 1304//1304
f 1308//1308 1344//1344 1345//1345
f 1304//1304 1341//1341 1305//1305
f 1309//1309 1345//1345 1346//1346
f 1305//1305 1342//1342 1306//1306
f 1310//1310 1346//1346 1347//1347
f 1306//1306 1343//1343 1307//1307
f 1311//1311 1347//1347 1315//1315
f 1307//1307 1344//1344 1308//1308
f 1279//1279 1315//1315 1348//1348
f 1308//1308 1345//1345 1309//1309
f 1312//1312 1348//1348 1349//1349
f 1309//1309 1346//1346 1310//1310
f 1313//1313 1349//1349 1350//1350
f 1310//1310 1347//1347 1311//1311
f 1315//1315 1347//1347 1351//1351
f 1278//1278 1314//1314 1352//1352
f 1314//1314 1278//1278 1277//1277
f 1312//1312 1279//1279 1348//1348
f 1313//1313 1312//1312 1349//1349
f 561//561 1316//1316 1352//1352
f 1278//1278 1352//1352 1316//1316
f 1176//1176 561//561 1211//1211
f 1317//1317 1353//1353 1354//1354
f 1319//1319 1355//1355 1356//1356
f 1319//1319 1286//1286 1322//1322
f 1212//1212 1211//1211 1246//1246
f 1320//1320 1356//1356 1357//1357
f 1212//1212 1246//1246 1358//1358
f 1321//1321 1357//1357 1359//1359
f 1212//1212 1358//1358 1322//1322
f 1323//1323 1359//1359 1360//1360
f 1322//1322 1355//1355 1319//1319
f 1324//1324 1360//1360 1361//1361
f 1319//1319 1356//1356 1320//1320
f 1325//1325 1361//1361 1362//1362
f 1320//1320 1357//1357 1321//1321
f 1326//1326 1362//1362 1363//1363
f 1321//1321 1359//1359 1323//1323
f 1327//1327 1363//1363 1364//1364
f 1323//1323 1360//1360 1324//1324
f 1328//1328 1364//1364 1365//1365
f 1324//1324 1361//1361 1325//1325
f 1329//1329 1365//1365 1366//1366
f 1325//1325 1362//1362 1326//1326
f 1330//1330 1366//1366 1367//1367
f 1326//1326 1363//1363 1327//1327
f 1331//1331 1367//1367 1368//1368
f 1327//1327 1364//1364 1328//1328
f 1332//1332 1368//1368 1369//1369
f 1328//1328 1365//1365 1329//1329
f 1333//1333 1369//1369 1370//1370
f 1329//1329 1366//1366 1330//1330
f 1334//1334 1370//1370 1371//1371
f 1330//1330 1367//1367 1331//1331
f 1335//1335 1371//1371 1372//1372
f 1331//1331 1368//1368 1332//1332
f 1336//1336 1372//1372 1373//1373
f 1332//1332 1369//1369 1333//1333
f 1337//1337 1373//1373 1374//1374
f 1333//1333 1370//1370 1334//1334
f 1338//1338 1374//1374 1375//1375
f 1334//1334 1371//1371 1335//1335
f 1339//1339 1375//1375 1376//1376
f 1335//1335 1372//1372 1336//1336
f 1340//1340 1376//1376 1377//1377
f 1336//1336 1373//1373 1337//1337
f 1341//1341 1377//1377 1378//1378
f 1337//1337 1374//1374 1338//1338
f 1342//1342 1378//1378 1379//1379
f 1338//1338 1375//1375 1339//1339
f 1343//1343 1379//1379 1380//1380
f 1339//1339 1376//1376 1340//1340
f 1344//1344 1380//1380 1381//1381
f 1340//1340 1377//1377 1341//1341
f 1345//1345 1381//1381 1382//1382
f 1341//1341 1378//1378 1342//1342
f 1346//1346 1382//1382 1383//1383
f 1342//1342 1379//1379 1343//1343
f 1347//1347 1383//1383 1351//1351
f 1343//1343 1380//1380 1344//1344
f 1315//1315 1351//1351 1384//1384
f 1344//1344 1381//1381 1345//1345
f 1348//1348 1384//1384 1385//1385
f 1345//1345 1382//1382 1346//1346
f 1349//1349 1385//1385 1386//1386
f 1346//1346 1383//1383 1347//1347
f 1351//1351 1383//1383 1387//1387
f 1314//1314 1350//1350 1388//1388
f 1350//1350 1314//1314 1313//1313
f 1348//1348 1315//1315 1384//1384
f 1349//1349 1348//1348 1385//1385
f 561//561 1352//1352 1388//1388
f 1314//1314 1388//1388 1352//1352
f 1211//1211 561//561 1245//1245
f 1389//1389 1390//1390 1391//1391
f 1355//1355 1392//1392 1393//1393
f 1355//1355 1322//1322 1358//1358
f 1246//1246 1245//1245 1282//1282
f 1356//1356 1393//1393 1394//1394
f 1246//1246 1282//1282 1395//1395
f 1357//1357 1394//1394 1396//1396
f 1246//1246 1395//1395 1358//1358
f 1359//1359 1396//1396 1397//1397
f 1358//1358 1392//1392 1355//1355
f 1360//1360 1397//1397 1398//1398
f 1355//1355 1393//1393 1356//1356
f 1361//1361 1398//1398 1399//1399
f 1356//1356 1394//1394 1357//1357
f 1362//1362 1399//1399 1400//1400
f 1357//1357 1396//1396 1359//1359
f 1363//1363 1400//1400 1401//1401
f 1359//1359 1397//1397 1360//1360
f 1364//1364 1401//1401 1402//1402
f 1360//1360 1398//1398 1361//1361
f 1365//1365 1402//1402 1403//1403
f 1361//1361 1399//1399 1362//1362
f 1366//1366 1403//1403 1404//1404
f 1362//1362 1400//1400 1363//1363
f 1367//1367 1404//1404 1405//1405
f 1363//1363 1401//1401 1364//1364
f 1368//1368 1405//1405 1406//1406
f 1364//1364 1402//1402 1365//1365
f 1369//1369 1406//1406 1407//1407
f 1365//1365 1403//1403 1366//1366
f 1370//1370 1407//1407 1408//1408
f 1366//1366 1404//1404 1367//1367
f 1371//1371 1408//1408 1409//1409
f 1367//1367 1405//1405 1368//1368
f 1372//1372 1409//1409 1410//1410
f 1368//1368 1406//1406 1369//1369
f 1373//1373 1410//1410 1411//1411
f 1369//1369 1407//1407 1370//1370
f 1374//1374 1411//1411 1412//1412
f 1370//1370 1408//1408 1371//1371
f 1375//1375 1412//1412 1413//1413
f 1371//1371 1409//1409 1372//1372
f 1376//1376 1413//1413 1414//1414
f 1372//1372 1410//1410 1373//1373
f 1377//1377 1414//1414 1415//1415
f 1373//1373 1411//1411 1374//1374
f 1378//1378 1415//1415 1416//1416
f 1374//1374 1412//1412 1375//1375
f 1379//1379 1416//1416 1417//1417
f 1375//1375 1413//1413 1376//1376
f 1380//1380 1417//1417 1418//1418
f 1376//1376 1414//1414 1377//1377
f 1381//1381 1418//1418 1419//1419
f 1377//1377 1415//1415 1378//1378
f 1382//1382 1419//1419 1420//1420
f 1378//1378 1416//1416 1379//1379
f 1383//1383 1420//1420 1387//1387
f 1379//1379 1417//1417 1380//1380
f 1351//1351 1387//1387 1421//1421
f 1380//1380 1418//1418 1381//1381
f 1384//1384 1421//1421 1422//1422
f 1381//1381 1419//1419 1382//1382
f 1385//1385 1422//1422 1423//1423
f 1382//1382 1420//1420 1383//1383
f 1424//1424 1387//1387 1425//1425
f 1350//1350 1386//1386 1426//1426
f 1386//1386 1350//1350 1349//1349
f 1384//1384 1351//1351 1421//1421
f 1385//1385 1384//1384 1422//1422
f 561//561 1388//1388 1426//1426
f 1350//1350 1426//1426 1388//1388
f 1245//1245 561//561 1281//1281
f 1427//1427 1428//1428 1353//1353
f 1390//1390 1392//1392 1395//1395
f 1392//1392 1358//1358 1395//1395
f 1282//1282 1281//1281 1318//1318
f 1429//1429 1393//1393 1392//1392
f 1282//1282 1318//1318 1391//1391
f 1430//1430 1394//1394 1393//1393
f 1395//1395 1391//1391 1390//1390
f 1431//1431 1396//1396 1394//1394
f 1392//1392 1390//1390 1429//1429
f 1432//1432 1397//1397 1396//1396
f 1393//1393 1429//1429 1430//1430
f 1433//1433 1398//1398 1397//1397
f 1394//1394 1430//1430 1431//1431
f 1434//1434 1399//1399 1398//1398
f 1396//1396 1431//1431 1432//1432
f 1435//1435 1400//1400 1399//1399
f 1397//1397 1432//1432 1433//1433
f 1436//1436 1401//1401 1400//1400
f 1398//1398 1433//1433 1434//1434
f 1437//1437 1402//1402 1401//1401
f 1399//1399 1434//1434 1435//1435
f 1438//1438 1403//1403 1402//1402
f 1400//1400 1435//1435 1436//1436
f 1439//1439 1404//1404 1403//1403
f 1401//1401 1436//1436 1437//1437
f 1440//1440 1405//1405 1404//1404
f 1402//1402 1437//1437 1438//1438
f 1441//1441 1406//1406 1405//1405
f 1403//1403 1438//1438 1439//1439
f 1442//1442 1407//1407 1406//1406
f 1404//1404 1439//1439 1440//1440
f 1443//1443 1408//1408 1407//1407
f 1405//1405 1440//1440 1441//1441
f 1444//1444 1409//1409 1408//1408
f 1406//1406 1441//1441 1442//1442
f 1445//1445 1410//1410 1409//1409
f 1407//1407 1442//1442 1443//1443
f 1446//1446 1411//1411 1410//1410
f 1408//1408 1443//1443 1444//1444
f 1447//1447 1412//1412 1411//1411
f 1409//1409 1444//1444 1445//1445
f 1448//1448 1413//1413 1412//1412
f 1410//1410 1445//1445 1446//1446
f 1449//1449 1414//1414 1413//1413
f 1411//1411 1446//1446 1447//1447
f 1450//1450 1415//1415 1414//1414
f 1412//1412 1447//1447 1448//1448
f 1451//1451 1416//1416 1415//1415
f 1413//1413 1448//1448 1449//1449
f 1452//1452 1417//1417 1416//1416
f 1414//1414 1449//1449 1450//1450
f 1453//1453 1418//1418 1417//1417
f 1415//1415 1450//1450 1451//1451
f 1454//1454 1419//1419 1418//1418
f 1416//1416 1451//1451 1452//1452
f 1455//1455 1420//1420 1419//1419
f 1417//1417 1452//1452 1453//1453
f 1425//1425 1387//1387 1420//1420
f 1418//1418 1453//1453 1454//1454
f 1424//1424 1421//1421 1387//1387
f 1419//1419 1454//1454 1455//1455
f 1456//1456 1422//1422 1421//1421
f 1420//1420 1455//1455 1425//1425
f 1457//1457 1423//1423 1422//1422
f 1386//1386 1423//1423 1458//1458
f 1423//1423 1386//1386 1385//1385
f 1456//1456 1421//1421 1424//1424
f 1457//1457 1422//1422 1456//1456
f 561//561 1426//1426 1458//1458
f 1386//1386 1458//1458 1426//1426
f 1281//1281 561//561 1317//1317
f 1459//1459 1460//1460 1427//1427
f 1390//1390 1461//1461 1429//1429
f 1391//1391 1395//1395 1282//1282
f 1318//1318 1317//1317 1354//1354
f 1429//1429 1462//1462 1430//1430
f 1318//1318 1354//1354 1463//1463
f 1430//1430 1464//1464 1431//1431
f 1391//1391 1463//1463 1389//1389
f 1431//1431 1465//1465 1432//1432
f 1390//1390 1389//1389 1461//1461
f 1432//1432 1466//1466 1433//1433
f 1429//1429 1461//1461 1462//1462
f 1433//1433 1467//1467 1434//1434
f 1430//1430 1462//1462 1464//1464
f 1434//1434 1468//1468 1435//1435
f 1431//1431 1464//1464 1465//1465
f 1435//1435 1469//1469 1436//1436
f 1432//1432 1465//1465 1466//1466
f 1436//1436 1470//1470 1437//1437
f 1433//1433 1466//1466 1467//1467
f 1437//1437 1471//1471 1438//1438
f 1434//1434 1467//1467 1468//1468
f 1438//1438 1472//1472 1439//1439
f 1435//1435 1468//1468 1469//1469
f 1439//1439 1473//1473 1440//1440
f 1436//1436 1469//1469 1470//1470
f 1440//1440 1474//1474 1441//1441
f 1437//1437 1470//1470 1471//1471
f 1441//1441 1475//1475 1442//1442
f 1438//1438 1471//1471 1472//1472
f 1442//1442 1476//1476 1443//1443
f 1439//1439 1472//1472 1473//1473
f 1443//1443 1477//1477 1444//1444
f 1440//1440 1473//1473 1474//1474
f 1444//1444 1478//1478 1445//1445
f 1441//1441 1474//1474 1475//1475
f 1445//1445 1479//1479 1446//1446
f 1442//1442 1475//1475 1476//1476
f 1446//1446 1480//1480 1447//1447
f 1443//1443 1476//1476 1477//1477
f 1447//1447 1481//1481 1448//1448
f 1444//1444 1477//1477 1478//1478
f 1448//1448 1482//1482 1449//1449
f 1445//1445 1478//1478 1479//1479
f 1449//1449 1483//1483 1450//1450
f 1446//1446 1479//1479 1480//1480
f 1450//1450 1484//1484 1451//1451
f 1447//1447 1480//1480 1481//1481
f 1451//1451 1485//1485 1452//1452
f 1448//1448 1481//1481 1482//1482
f 1452//1452 1486//1486 1453//1453
f 1449//1449 1482//1482 1483//1483
f 1453//1453 1487//1487 1454//1454
f 1450//1450 1483//1483 1484//1484
f 1454//1454 1488//1488 1455//1455
f 1451//1451 1484//1484 1485//1485
f 1455//1455 1489//1489 1425//1425
f 1452//1452 1485//1485 1486//1486
f 1425//1425 1490//1490 1424//1424
f 1453//1453 1486//1486 1487//1487
f 1424//1424 1491//1491 1456//1456
f 1454//1454 1487//1487 1488//1488
f 1456//1456 1492//1492 1457//1457
f 1455//1455 1488//1488 1489//1489
f 1493//1493 1490//1490 1494//1494
f 1425//1425 1489//1489 1490//1490
f 1424//1424 1490//1490 1491//1491
f 1458//1458 1423//1423 1495//1495
f 1457//1457 1495//1495 1423//1423
f 1491//1491 1492//1492 1456//1456
f 561//561 1458//1458 1495//1495
f 1317//1317 561//561 1353//1353
f 1496//1496 1497//1497 1459//1459
f 1498//1498 1389//1389 1463//1463
f 1463//1463 1391//1391 1318//1318
f 1428//1428 1354//1354 1353//1353
f 1499//1499 1461//1461 1389//1389
f 1500//1500 1354//1354 1428//1428
f 1501//1501 1462//1462 1461//1461
f 1498//1498 1463//1463 1500//1500
f 1502//1502 1464//1464 1462//1462
f 1499//1499 1389//1389 1498//1498
f 1503//1503 1465//1465 1464//1464
f 1501//1501 1461//1461 1499//1499
f 1504//1504 1466//1466 1465//1465
f 1502//1502 1462//1462 1501//1501
f 1505//1505 1467//1467 1466//1466
f 1503//1503 1464//1464 1502//1502
f 1506//1506 1468//1468 1467//1467
f 1504//1504 1465//1465 1503//1503
f 1507//1507 1469//1469 1468//1468
f 1505//1505 1466//1466 1504//1504
f 1508//1508 1470//1470 1469//1469
f 1506//1506 1467//1467 1505//1505
f 1509//1509 1471//1471 1470//1470
f 1507//1507 1468//1468 1506//1506
f 1510//1510 1472//1472 1471//1471
f 1508//1508 1469//1469 1507//1507
f 1511//1511 1473//1473 1472//1472
f 1509//1509 1470//1470 1508//1508
f 1512//1512 1474//1474 1473//1473
f 1510//1510 1471//1471 1509//1509
f 1513//1513 1475//1475 1474//1474
f 1511//1511 1472//1472 1510//1510
f 1514//1514 1476//1476 1475//1475
f 1512//1512 1473//1473 1511//1511
f 1515//1515 1477//1477 1476//1476
f 1513//1513 1474//1474 1512//1512
f 1516//1516 1478//1478 1477//1477
f 1514//1514 1475//1475 1513//1513
f 1517//1517 1479//1479 1478//1478
f 1515//1515 1476//1476 1514//1514
f 1518//1518 1480//1480 1479//1479
f 1516//1516 1477//1477 1515//1515
f 1519//1519 1481//1481 1480//1480
f 1517//1517 1478//1478 1516//1516
f 1520//1520 1482//1482 1481//1481
f 1518//1518 1479//1479 1517//1517
f 1521//1521 1483//1483 1482//1482
f 1519//1519 1480//1480 1518//1518
f 1522//1522 1484//1484 1483//1483
f 1520//1520 1481//1481 1519//1519
f 1523//1523 1485//1485 1484//1484
f 1521//1521 1482//1482 1520//1520
f 1524//1524 1486//1486 1485//1485
f 1522//1522 1483//1483 1521//1521
f 1525//1525 1487//1487 1486//1486
f 1523//1523 1484//1484 1522//1522
f 1526//1526 1488//1488 1487//1487
f 1524//1524 1485//1485 1523//1523
f 1527//1527 1489//1489 1488//1488
f 1525//1525 1486//1486 1524//1524
f 1494//1494 1490//1490 1489//1489
f 1526//1526 1487//1487 1525//1525
f 1493//1493 1491//1491 1490//1490
f 1527//1527 1488//1488 1526//1526
f 1528//1528 1492//1492 1491//1491
f 1494//1494 1489//1489 1527//1527
f 1494//1494 1529//1529 1530//1530
f 1495//1495 1457//1457 1531//1531
f 1492//1492 1531//1531 1457//1457
f 1493//1493 1528//1528 1491//1491
f 561//561 1495//1495 1531//1531
f 1353//1353 561//561 1427//1427
f 1532//1532 1533//1533 1496//1496
f 1534//1534 1498//1498 1500//1500
f 1500//1500 1463//1463 1354//1354
f 1460//1460 1428//1428 1427//1427
f 1535//1535 1499//1499 1498//1498
f 1536//1536 1428//1428 1460//1460
f 1537//1537 1501//1501 1499//1499
f 1534//1534 1500//1500 1536//1536
f 1538//1538 1502//1502 1501//1501
f 1535//1535 1498//1498 1534//1534
f 1539//1539 1503//1503 1502//1502
f 1537//1537 1499//1499 1535//1535
f 1540//1540 1504//1504 1503//1503
f 1538//1538 1501//1501 1537//1537
f 1541//1541 1505//1505 1504//1504
f 1539//1539 1502//1502 1538//1538
f 1542//1542 1506//1506 1505//1505
f 1540//1540 1503//1503 1539//1539
f 1543//1543 1507//1507 1506//1506
f 1541//1541 1504//1504 1540//1540
f 1544//1544 1508//1508 1507//1507
f 1542//1542 1505//1505 1541//1541
f 1545//1545 1509//1509 1508//1508
f 1543//1543 1506//1506 1542//1542
f 1546//1546 1510//1510 1509//1509
f 1544//1544 1507//1507 1543//1543
f 1547//1547 1511//1511 1510//1510
f 1545//1545 1508//1508 1544//1544
f 1548//1548 1512//1512 1511//1511
f 1546//1546 1509//1509 1545//1545
f 1549//1549 1513//1513 1512//1512
f 1547//1547 1510//1510 1546//1546
f 1550//1550 1514//1514 1513//1513
f 1548//1548 1511//1511 1547//1547
f 1551//1551 1515//1515 1514//1514
f 1549//1549 1512//1512 1548//1548
f 1552//1552 1516//1516 1515//1515
f 1550//1550 1513//1513 1549//1549
f 1553//1553 1517//1517 1516//1516
f 1551//1551 1514//1514 1550//1550
f 1554//1554 1518//1518 1517//1517
f 1552//1552 1515//1515 1551//1551
f 1555//1555 1519//1519 1518//1518
f 1553//1553 1516//1516 1552//1552
f 1556//1556 1520//1520 1519//1519
f 1554//1554 1517//1517 1553//1553
f 1557//1557 1521//1521 1520//1520
f 1555//1555 1518//1518 1554//1554
f 1558//1558 1522//1522 1521//1521
f 1556//1556 1519//1519 1555//1555
f 1559//1559 1523//1523 1522//1522
f 1557//1557 1520//1520 1556//1556
f 1560//1560 1524//1524 1523//1523
f 1558//1558 1521//1521 1557//1557
f 1561//1561 1525//1525 1524//1524
f 1559//1559 1522//1522 1558//1558
f 1562//1562 1526//1526 1525//1525
f 1560//1560 1523//1523 1559//1559
f 1563//1563 1527//1527 1526//1526
f 1561//1561 1524//1524 1560//1560
f 1529//1529 1494//1494 1527//1527
f 1562//1562 1525//1525 1561//1561
f 1530//1530 1493//1493 1494//1494
f 1563//1563 1526//1526 1562//1562
f 1564//1564 1528//1528 1493//1493
f 1529//1529 1527//1527 1563//1563
f 1529//1529 1565//1565 1566//1566
f 1531//1531 1492//1492 1567//1567
f 1528//1528 1567//1567 1492//1492
f 1530//1530 1564//1564 1493//1493
f 561//561 1531//1531 1567//1567
f 1427//1427 561//561 1459//1459
f 1568//1568 1569//1569 1532//1532
f 1570//1570 1534//1534 1536//1536
f 1536//1536 1500//1500 1428//1428
f 1497//1497 1460//1460 1459//1459
f 1571//1571 1535//1535 1534//1534
f 1572//1572 1460//1460 1497//1497
f 1573//1573 1537//1537 1535//1535
f 1570//1570 1536//1536 1572//1572
f 1574//1574 1538//1538 1537//1537
f 1571//1571 1534//1534 1570//1570
f 1575//1575 1539//1539 1538//1538
f 1573//1573 1535//1535 1571//1571
f 1576//1576 1540//1540 1539//1539
f 1574//1574 1537//1537 1573//1573
f 1577//1577 1541//1541 1540//1540
f 1575//1575 1538//1538 1574//1574
f 1578//1578 1542//1542 1541//1541
f 1576//1576 1539//1539 1575//1575
f 1579//1579 1543//1543 1542//1542
f 1577//1577 1540//1540 1576//1576
f 1580//1580 1544//1544 1543//1543
f 1578//1578 1541//1541 1577//1577
f 1581//1581 1545//1545 1544//1544
f 1579//1579 1542//1542 1578//1578
f 1582//1582 1546//1546 1545//1545
f 1580//1580 1543//1543 1579//1579
f 1583//1583 1547//1547 1546//1546
f 1581//1581 1544//1544 1580//1580
f 1584//1584 1548//1548 1547//1547
f 1582//1582 1545//1545 1581//1581
f 1585//1585 1549//1549 1548//1548
f 1583//1583 1546//1546 1582//1582
f 1586//1586 1550//1550 1549//1549
f 1584//1584 1547//1547 1583//1583
f 1587//1587 1551//1551 1550//1550
f 1585//1585 1548//1548 1584//1584
f 1588//1588 1552//1552 1551//1551
f 1586//1586 1549//1549 1585//1585
f 1589//1589 1553//1553 1552//1552
f 1587//1587 1550//1550 1586//1586
f 1590//1590 1554//1554 1553//1553
f 1588//1588 1551//1551 1587//1587
f 1591//1591 1555//1555 1554//1554
f 1589//1589 1552//1552 1588//1588
f 1592//1592 1556//1556 1555//1555
f 1590//1590 1553//1553 1589//1589
f 1593//1593 1557//1557 1556//1556
f 1591//1591 1554//1554 1590//1590
f 1594//1594 1558//1558 1557//1557
f 1592//1592 1555//1555 1591//1591
f 1595//1595 1559//1559 1558//1558
f 1593//1593 1556//1556 1592//1592
f 1596//1596 1560//1560 1559//1559
f 1594//1594 1557//1557 1593//1593
f 1597//1597 1561//1561 1560//1560
f 1595//1595 1558//1558 1594//1594
f 1598//1598 1562//1562 1561//1561
f 1596//1596 1559//1559 1595//1595
f 1599//1599 1563//1563 1562//1562
f 1597//1597 1560//1560 1596//1596
f 1565//1565 1529//1529 1563//1563
f 1598//1598 1561//1561 1597//1597
f 1566//1566 1530//1530 1529//1529
f 1599//1599 1562//1562 1598//1598
f 1600//1600 1564//1564 1530//1530
f 1565//1565 1563//1563 1599//1599
f 1565//1565 1601//1601 1602//1602
f 1567//1567 1528//1528 1603//1603
f 1564//1564 1603//1603 1528//1528
f 1566//1566 1600//1600 1530//1530
f 561//561 1567//1567 1603//1603
f 1459//1459 561//561 1496//1496
f 1568//1568 1604//1604 1605//1605
f 1606//1606 1570//1570 1572//1572
f 1572//1572 1536//1536 1460//1460
f 1533//1533 1497//1497 1496//1496
f 1607//1607 1571//1571 1570//1570
f 1608//1608 1497//1497 1533//1533
f 1609//1609 1573//1573 1571//1571
f 1606//1606 1572//1572 1608//1608
f 1610//1610 1574//1574 1573//1573
f 1607//1607 1570//1570 1606//1606
f 1611//1611 1575//1575 1574//1574
f 1609//1609 1571//1571 1607//1607
f 1612//1612 1576//1576 1575//1575
f 1610//1610 1573//1573 1609//1609
f 1613//1613 1577//1577 1576//1576
f 1611//1611 1574//1574 1610//1610
f 1614//1614 1578//1578 1577//1577
f 1612//1612 1575//1575 1611//1611
f 1615//1615 1579//1579 1578//1578
f 1613//1613 1576//1576 1612//1612
f 1616//1616 1580//1580 1579//1579
f 1614//1614 1577//1577 1613//1613
f 1617//1617 1581//1581 1580//1580
f 1615//1615 1578//1578 1614//1614
f 1618//1618 1582//1582 1581//1581
f 1616//1616 1579//1579 1615//1615
f 1619//1619 1583//1583 1582//1582
f 1617//1617 1580//1580 1616//1616
f 1620//1620 1584//1584 1583//1583
f 1618//1618 1581//1581 1617//1617
f 1621//1621 1585//1585 1584//1584
f 1619//1619 1582//1582 1618//1618
f 1622//1622 1586//1586 1585//1585
f 1620//1620 1583//1583 1619//1619
f 1623//1623 1587//1587 1586//1586
f 1621//1621 1584//1584 1620//1620
f 1624//1624 1588//1588 1587//1587
f 1622//1622 1585//1585 1621//1621
f 1625//1625 1589//1589 1588//1588
f 1623//1623 1586//1586 1622//1622
f 1626//1626 1590//1590 1589//1589
f 1624//1624 1587//1587 1623//1623
f 1627//1627 1591//1591 1590//1590
f 1625//1625 1588//1588 1624//1624
f 1628//1628 1592//1592 1591//1591
f 1626//1626 1589//1589 1625//1625
f 1629//1629 1593//1593 1592//1592
f 1627//1627 1590//1590 1626//1626
f 1630//1630 1594//1594 1593//1593
f 1628//1628 1591//1591 1627//1627
f 1631//1631 1595//1595 1594//1594
f 1629//1629 1592//1592 1628//1628
f 1632//1632 1596//1596 1595//1595
f 1630//1630 1593//1593 1629//1629
f 1633//1633 1597//1597 1596//1596
f 1631//1631 1594//1594 1630//1630
f 1634//1634 1598//1598 1597//1597
f 1632//1632 1595//1595 1631//1631
f 1635//1635 1599//1599 1598//1598
f 1633//1633 1596//1596 1632//1632
f 1601//1601 1565//1565 1599//1599
f 1634//1634 1597//1597 1633//1633
f 1602//1602 1566//1566 1565//1565
f 1635//1635 1598//1598 1634//1634
f 1636//1636 1600//1600 1566//1566
f 1601//1601 1599//1599 1635//1635
f 1602//1602 1601//1601 1637//1637
f 1603//1603 1564//1564 1638//1638
f 1600//1600 1638//1638 1564//1564
f 1602//1602 1636//1636 1566//1566
f 561//561 1603//1603 1638//1638
f 1496//1496 561//561 1532//1532
f 1639//1639 1640//1640 1641//1641
f 1608//1608 1640//1640 1642//1642
f 1608//1608 1572//1572 1497//1497
f 1569//1569 1533//1533 1532//1532
f 1606//1606 1642//1642 1643//1643
f 1640//1640 1608//1608 1533//1533
f 1607//1607 1643//1643 1644//1644
f 1642//1642 1606//1606 1608//1608
f 1609//1609 1644//1644 1645//1645
f 1643//1643 1607//1607 1606//1606
f 1610//1610 1645//1645 1646//1646
f 1644//1644 1609//1609 1607//1607
f 1611//1611 1646//1646 1647//1647
f 1645//1645 1610//1610 1609//1609
f 1612//1612 1647//1647 1648//1648
f 1646//1646 1611//1611 1610//1610
f 1613//1613 1648//1648 1649//1649
f 1647//1647 1612//1612 1611//1611
f 1614//1614 1649//1649 1650//1650
f 1648//1648 1613//1613 1612//1612
f 1615//1615 1650//1650 1651//1651
f 1649//1649 1614//1614 1613//1613
f 1616//1616 1651//1651 1652//1652
f 1650//1650 1615//1615 1614//1614
f 1617//1617 1652//1652 1653//1653
f 1651//1651 1616//1616 1615//1615
f 1618//1618 1653//1653 1654//1654
f 1652//1652 1617//1617 1616//1616
f 1619//1619 1654//1654 1655//1655
f 1653//1653 1618//1618 1617//1617
f 1620//1620 1655//1655 1656//1656
f 1654//1654 1619//1619 1618//1618
f 1621//1621 1656//1656 1657//1657
f 1655//1655 1620//1620 1619//1619
f 1622//1622 1657//1657 1658//1658
f 1656//1656 1621//1621 1620//1620
f 1623//1623 1658//1658 1659//1659
f 1657//1657 1622//1622 1621//1621
f 1624//1624 1659//1659 1660//1660
f 1658//1658 1623//1623 1622//1622
f 1625//1625 1660//1660 1661//1661
f 1659//1659 1624//1624 1623//1623
f 1626//1626 1661//1661 1662//1662
f 1660//1660 1625//1625 1624//1624
f 1627//1627 1662//1662 1663//1663
f 1661//1661 1626//1626 1625//1625
f 1628//1628 1663//1663 1664//1664
f 1662//1662 1627//1627 1626//1626
f 1629//1629 1664//1664 1665//1665
f 1663//1663 1628//1628 1627//1627
f 1630//1630 1665//1665 1666//1666
f 1664//1664 1629//1629 1628//1628
f 1631//1631 1666//1666 1667//1667
f 1665//1665 1630//1630 1629//1629
f 1632//1632 1667//1667 1668//1668
f 1666//1666 1631//1631 1630//1630
f 1633//1633 1668//1668 1669//1669
f 1667//1667 1632//1632 1631//1631
f 1634//1634 1669//1669 1670//1670
f 1668//1668 1633//1633 1632//1632
f 1635//1635 1670//1670 1671//1671
f 1669//1669 1634//1634 1633//1633
f 1601//1601 1671//1671 1637//1637
f 1670//1670 1635//1635 1634//1634
f 1602//1602 1637//1637 1672//1672
f 1671//1671 1601//1601 1635//1635
f 1636//1636 1672//1672 1673//1673
f 1638//1638 1600//1600 1674//1674
f 1636//1636 1674//1674 1600//1600
f 1602//1602 1672//1672 1636//1636
f 561//561 1638//1638 1674//1674
f 1532//1532 561//561 1568//1568
f 1675//1675 1604//1604 1676//1676
f 1677//1677 1642//1642 1639//1639
f 1569//1569 1640//1640 1533//1533
f 1605//1605 1569//1569 1568//1568
f 1678//1678 1643//1643 1677//1677
f 1641//1641 1640//1640 1569//1569
f 1679//1679 1644//1644 1678//1678
f 1639//1639 1642//1642 1640//1640
f 1680//1680 1645//1645 1679//1679
f 1677//1677 1643//1643 1642//1642
f 1681//1681 1646//1646 1680//1680
f 1678//1678 1644//1644 1643//1643
f 1682//1682 1647//1647 1681//1681
f 1679//1679 1645//1645 1644//1644
f 1683//1683 1648//1648 1682//1682
f 1680//1680 1646//1646 1645//1645
f 1684//1684 1649//1649 1683//1683
f 1681//1681 1647//1647 1646//1646
f 1685//1685 1650//1650 1684//1684
f 1682//1682 1648//1648 1647//1647
f 1686//1686 1651//1651 1685//1685
f 1683//1683 1649//1649 1648//1648
f 1687//1687 1652//1652 1686//1686
f 1684//1684 1650//1650 1649//1649
f 1688//1688 1653//1653 1687//1687
f 1685//1685 1651//1651 1650//1650
f 1689//1689 1654//1654 1688//1688
f 1686//1686 1652//1652 1651//1651
f 1690//1690 1655//1655 1689//1689
f 1687//1687 1653//1653 1652//1652
f 1691//1691 1656//1656 1690//1690
f 1688//1688 1654//1654 1653//1653
f 1692//1692 1657//1657 1691//1691
f 1689//1689 1655//1655 1654//1654
f 1693//1693 1658//1658 1692//1692
f 1690//1690 1656//1656 1655//1655
f 1694//1694 1659//1659 1693//1693
f 1691//1691 1657//1657 1656//1656
f 1695//1695 1660//1660 1694//1694
f 1692//1692 1658//1658 1657//1657
f 1696//1696 1661//1661 1695//1695
f 1693//1693 1659//1659 1658//1658
f 1697//1697 1662//1662 1696//1696
f 1694//1694 1660//1660 1659//1659
f 1698//1698 1663//1663 1697//1697
f 1695//1695 1661//1661 1660//1660
f 1699//1699 1664//1664 1698//1698
f 1696//1696 1662//1662 1661//1661
f 1700//1700 1665//1665 1699//1699
f 1697//1697 1663//1663 1662//1662
f 1701//1701 1666//1666 1700//1700
f 1698//1698 1664//1664 1663//1663
f 1702//1702 1667//1667 1701//1701
f 1699//1699 1665//1665 1664//1664
f 1703//1703 1668//1668 1702//1702
f 1700//1700 1666//1666 1665//1665
f 1704//1704 1669//1669 1703//1703
f 1701//1701 1667//1667 1666//1666
f 1705//1705 1670//1670 1704//1704
f 1702//1702 1668//1668 1667//1667
f 1706//1706 1671//1671 1705//1705
f 1703//1703 1669//1669 1668//1668
f 1707//1707 1637//1637 1706//1706
f 1704//1704 1670//1670 1669//1669
f 1708//1708 1672//1672 1707//1707
f 1705//1705 1671//1671 1670//1670
f 1707//1707 1706//1706 1709//1709
f 1706//1706 1637//1637 1671//1671
f 1707//1707 1672//1672 1637//1637
f 561//561 1674//1674 1673//1673
f 1636//1636 1673//1673 1674//1674
f 1568//1568 561//561 1604//1604
f 1710//1710 1676//1676 1711//1711
f 1641//1641 1712//1712 1713//1713
f 1605//1605 1641//1641 1569//1569
f 1604//1604 1675//1675 1605//1605
f 1639//1639 1713//1713 1714//1714
f 1605//1605 1712//1712 1641//1641
f 1677//1677 1714//1714 1715//1715
f 1641//1641 1713//1713 1639//1639
f 1678//1678 1715//1715 1716//1716
f 1639//1639 1714//1714 1677//1677
f 1679//1679 1716//1716 1717//1717
f 1677//1677 1715//1715 1678//1678
f 1680//1680 1717//1717 1718//1718
f 1678//1678 1716//1716 1679//1679
f 1681//1681 1718//1718 1719//1719
f 1679//1679 1717//1717 1680//1680
f 1682//1682 1719//1719 1720//1720
f 1680//1680 1718//1718 1681//1681
f 1683//1683 1720//1720 1721//1721
f 1681//1681 1719//1719 1682//1682
f 1684//1684 1721//1721 1722//1722
f 1682//1682 1720//1720 1683//1683
f 1685//1685 1722//1722 1723//1723
f 1683//1683 1721//1721 1684//1684
f 1686//1686 1723//1723 1724//1724
f 1684//1684 1722//1722 1685//1685
f 1687//1687 1724//1724 1725//1725
f 1685//1685 1723//1723 1686//1686
f 1688//1688 1725//1725 1726//1726
f 1686//1686 1724//1724 1687//1687
f 1689//1689 1726//1726 1727//1727
f 1687//1687 1725//1725 1688//1688
f 1690//1690 1727//1727 1728//1728
f 1688//1688 1726//1726 1689//1689
f 1691//1691 1728//1728 1729//1729
f 1689//1689 1727//1727 1690//1690
f 1692//1692 1729//1729 1730//1730
f 1690//1690 1728//1728 1691//1691
f 1693//1693 1730//1730 1731//1731
f 1691//1691 1729//1729 1692//1692
f 1694//1694 1731//1731 1732//1732
f 1692//1692 1730//1730 1693//1693
f 1695//1695 1732//1732 1733//1733
f 1693//1693 1731//1731 1694//1694
f 1696//1696 1733//1733 1734//1734
f 1694//1694 1732//1732 1695//1695
f 1697//1697 1734//1734 1735//1735
f 1695//1695 1733//1733 1696//1696
f 1698//1698 1735//1735 1736//1736
f 1696//1696 1734//1734 1697//1697
f 1699//1699 1736//1736 1737//1737
f 1697//1697 1735//1735 1698//1698
f 1700//1700 1737//1737 1738//1738
f 1698//1698 1736//1736 1699//1699
f 1701//1701 1738//1738 1739//1739
f 1699//1699 1737//1737 1700//1700
f 1702//1702 1739//1739 1740//1740
f 1700//1700 1738//1738 1701//1701
f 1703//1703 1740//1740 1741//1741
f 1701//1701 1739//1739 1702//1702
f 1704//1704 1741//1741 1742//1742
f 1702//1702 1740//1740 1703//1703
f 1705//1705 1742//1742 1743//1743
f 1703//1703 1741//1741 1704//1704
f 1706//1706 1743//1743 1709//1709
f 1704//1704 1742//1742 1705//1705
f 1707//1707 1709//1709 1744//1744
f 1705//1705 1743//1743 1706//1706
f 1743//1743 1745//1745 1709//1709
f 561//561 1673//1673 1708//1708
f 1672//1672 1708//1708 1673//1673
f 1604//1604 561//561 1676//1676
f 1746//1746 1711//1711 1747//1747
f 1712//1712 1748//1748 1749//1749
f 1675//1675 1712//1712 1605//1605
f 1676//1676 1710//1710 1675//1675
f 1713//1713 1749//1749 1750//1750
f 1675//1675 1748//1748 1712//1712
f 1714//1714 1750//1750 1751//1751
f 1712//1712 1749//1749 1713//1713
f 1715//1715 1751//1751 1752//1752
f 1713//1713 1750//1750 1714//1714
f 1716//1716 1752//1752 1753//1753
f 1714//1714 1751//1751 1715//1715
f 1717//1717 1753//1753 1754//1754
f 1715//1715 1752//1752 1716//1716
f 1718//1718 1754//1754 1755//1755
f 1716//1716 1753//1753 1717//1717
f 1719//1719 1755//1755 1756//1756
f 1717//1717 1754//1754 1718//1718
f 1720//1720 1756//1756 1757//1757
f 1718//1718 1755//1755 1719//1719
f 1721//1721 1757//1757 1758//1758
f 1719//1719 1756//1756 1720//1720
f 1722//1722 1758//1758 1759//1759
f 1720//1720 1757//1757 1721//1721
f 1723//1723 1759//1759 1760//1760
f 1721//1721 1758//1758 1722//1722
f 1724//1724 1760//1760 1761//1761
f 1722//1722 1759//1759 1723//1723
f 1725//1725 1761//1761 1762//1762
f 1723//1723 1760//1760 1724//1724
f 1726//1726 1762//1762 1763//1763
f 1724//1724 1761//1761 1725//1725
f 1727//1727 1763//1763 1764//1764
f 1725//1725 1762//1762 1726//1726
f 1728//1728 1764//1764 1765//1765
f 1726//1726 1763//1763 1727//1727
f 1729//1729 1765//1765 1766//1766
f 1727//1727 1764//1764 1728//1728
f 1730//1730 1766//1766 1767//1767
f 1728//1728 1765//1765 1729//1729
f 1731//1731 1767//1767 1768//1768
f 1729//1729 1766//1766 1730//1730
f 1732//1732 1768//1768 1769//1769
f 1730//1730 1767//1767 1731//1731
f 1733//1733 1769//1769 1770//1770
f 1731//1731 1768//1768 1732//1732
f 1734//1734 1770//1770 1771//1771
f 1732//1732 1769//1769 1733//1733
f 1735//1735 1771//1771 1772//1772
f 1733//1733 1770//1770 1734//1734
f 1736//1736 1772//1772 1773//1773
f 1734//1734 1771//1771 1735//1735
f 1737//1737 1773//1773 1774//1774
f 1735//1735 1772//1772 1736//1736
f 1738//1738 1774//1774 1775//1775
f 1736//1736 1773//1773 1737//1737
f 1739//1739 1775//1775 1776//1776
f 1737//1737 1774//1774 1738//1738
f 1740//1740 1776//1776 1777//1777
f 1738//1738 1775//1775 1739//1739
f 1741//1741 1777//1777 1778//1778
f 1739//1739 1776//1776 1740//1740
f 1742//1742 1778//1778 1779//1779
f 1740//1740 1777//1777 1741//1741
f 1743//1743 1779//1779 1745//1745
f 1741//1741 1778//1778 1742//1742
f 1709//1709 1745//1745 1780//1780
f 1742//1742 1779//1779 1743//1743
f 1745//1745 1781//1781 1782//1782
f 561//561 1708//1708 1744//1744
f 1707//1707 1744//1744 1708//1708
f 1676//1676 561//561 1711//1711
f 559//559 1783//1783 1747//1747
f 1784//1784 1748//1748 1710//1710
f 1710//1710 1748//1748 1675//1675
f 1710//1710 1746//1746 1784//1784
f 1785//1785 1749//1749 1748//1748
f 1748//1748 1784//1784 1785//1785
f 1786//1786 1750//1750 1749//1749
f 1749//1749 1785//1785 1786//1786
f 1787//1787 1751//1751 1750//1750
f 1750//1750 1786//1786 1787//1787
f 1788//1788 1752//1752 1751//1751
f 1751//1751 1787//1787 1788//1788
f 1789//1789 1753//1753 1752//1752
f 1752//1752 1788//1788 1789//1789
f 1790//1790 1754//1754 1753//1753
f 1753//1753 1789//1789 1790//1790
f 1791//1791 1755//1755 1754//1754
f 1754//1754 1790//1790 1791//1791
f 1792//1792 1756//1756 1755//1755
f 1755//1755 1791//1791 1792//1792
f 1793//1793 1757//1757 1756//1756
f 1756//1756 1792//1792 1793//1793
f 1794//1794 1758//1758 1757//1757
f 1757//1757 1793//1793 1794//1794
f 1795//1795 1759//1759 1758//1758
f 1758//1758 1794//1794 1795//1795
f 1796//1796 1760//1760 1759//1759
f 1759//1759 1795//1795 1796//1796
f 1797//1797 1761//1761 1760//1760
f 1760//1760 1796//1796 1797//1797
f 1798//1798 1762//1762 1761//1761
f 1761//1761 1797//1797 1798//1798
f 1799//1799 1763//1763 1762//1762
f 1762//1762 1798//1798 1799//1799
f 1800//1800 1764//1764 1763//1763
f 1763//1763 1799//1799 1800//1800
f 1801//1801 1765//1765 1764//1764
f 1764//1764 1800//1800 1801//1801
f 1802//1802 1766//1766 1765//1765
f 1765//1765 1801//1801 1802//1802
f 1803//1803 1767//1767 1766//1766
f 1766//1766 1802//1802 1803//1803
f 1804//1804 1768//1768 1767//1767
f 1767//1767 1803//1803 1804//1804
f 1805//1805 1769//1769 1768//1768
f 1768//1768 1804//1804 1805//1805
f 1806//1806 1770//1770 1769//1769
f 1769//1769 1805//1805 1806//1806
f 1807//1807 1771//1771 1770//1770
f 1770//1770 1806//1806 1807//1807
f 1808//1808 1772//1772 1771//1771
f 1771//1771 1807//1807 1808//1808
f 1809//1809 1773//1773 1772//1772
f 1772//1772 1808//1808 1809//1809
f 1810//1810 1774//1774 1773//1773
f 1773//1773 1809//1809 1810//1810
f 1811//1811 1775//1775 1774//1774
f 1774//1774 1810//1810 1811//1811
f 1812//1812 1776//1776 1775//1775
f 1775//1775 1811//1811 1812//1812
f 1813//1813 1777//1777 1776//1776
f 1776//1776 1812//1812 1813//1813
f 1814//1814 1778//1778 1777//1777
f 1777//1777 1813//1813 1814//1814
f 1815//1815 1779//1779 1778//1778
f 1778//1778 1814//1814 1815//1815
f 1781//1781 1745//1745 1779//1779
f 1779//1779 1815//1815 1781//1781
f 1782//1782 1780//1780 1745//1745
f 561//561 1744//1744 1780//1780
f 1709//1709 1780//1780 1744//1744
f 1711//1711 561//561 1747//1747
f 1784//1784 1746//1746 1816//1816
f 1785//1785 1784//1784 1817//1817
f 1711//1711 1746//1746 1710//1710
f 1746//1746 1783//1783 1816//1816
f 1786//1786 1785//1785 1818//1818
f 1784//1784 1816//1816 1817//1817
f 1787//1787 1786//1786 1819//1819
f 1785//1785 1817//1817 1818//1818
f 1788//1788 1787//1787 1820//1820
f 1786//1786 1818//1818 1819//1819
f 1789//1789 1788//1788 1821//1821
f 1787//1787 1819//1819 1820//1820
f 1790//1790 1789//1789 1822//1822
f 1788//1788 1820//1820 1821//1821
f 1791//1791 1790//1790 1823//1823
f 1789//1789 1821//1821 1822//1822
f 1792//1792 1791//1791 1824//1824
f 1790//1790 1822//1822 1823//1823
f 1793//1793 1792//1792 1825//1825
f 1791//1791 1823//1823 1824//1824
f 1794//1794 1793//1793 1826//1826
f 1792//1792 1824//1824 1825//1825
f 1795//1795 1794//1794 1827//1827
f 1793//1793 1825//1825 1826//1826
f 1796//1796 1795//1795 1828//1828
f 1794//1794 1826//1826 1827//1827
f 1797//1797 1796//1796 1829//1829
f 1795//1795 1827//1827 1828//1828
f 1798//1798 1797//1797 1830//1830
f 1796//1796 1828//1828 1829//1829
f 1799//1799 1798//1798 1831//1831
f 1797//1797 1829//1829 1830//1830
f 1800//1800 1799//1799 1832//1832
f 1798//1798 1830//1830 1831//1831
f 1801//1801 1800//1800 1833//1833
f 1799//1799 1831//1831 1832//1832
f 1802//1802 1801//1801 1834//1834
f 1800//1800 1832//1832 1833//1833
f 1803//1803 1802//1802 1835//1835
f 1801//1801 1833//1833 1834//1834
f 1804//1804 1803//1803 1836//1836
f 1802//1802 1834//1834 1835//1835
f 1805//1805 1804//1804 1837//1837
f 1803//1803 1835//1835 1836//1836
f 1806//1806 1805//1805 1838//1838
f 1804//1804 1836//1836 1837//1837
f 1807//1807 1806//1806 1839//1839
f 1805//1805 1837//1837 1838//1838
f 1808//1808 1807//1807 1840//1840
f 1806//1806 1838//1838 1839//1839
f 1809//1809 1808//1808 1841//1841
f 1807//1807 1839//1839 1840//1840
f 1810//1810 1809//1809 1842//1842
f 1808//1808 1840//1840 1841//1841
f 1811//1811 1810//1810 1843//1843
f 1809//1809 1841//1841 1842//1842
f 1812//1812 1811//1811 1844//1844
f 1810//1810 1842//1842 1843//1843
f 1813//1813 1812//1812 1845//1845
f 1811//1811 1843//1843 1844//1844
f 1814//1814 1813//1813 1846//1846
f 1812//1812 1844//1844 1845//1845
f 1815//1815 1814//1814 1847//1847
f 1813//1813 1845//1845 1846//1846
f 1781//1781 1815//1815 1848//1848
f 1814//1814 1846//1846 1847//1847
f 1782//1782 1781//1781 1849//1849
f 1815//1815 1847//1847 1848//1848
f 1849//1849 561//561 1782//1782
f 1781//1781 1848//1848 1849//1849
f 561//561 1780//1780 1782//1782
f 1747//1747 561//561 559//559
f 1747//1747 1783//1783 1746//1746
f 558//558 1850//1850 1783//1783
f 559//559 558//558 1783//1783
f 1850//1850 1851//1851 1816//1816
f 1783//1783 1850//1850 1816//1816
f 1851//1851 1852//1852 1817//1817
f 1816//1816 1851//1851 1817//1817
f 1852//1852 1853//1853 1818//1818
f 1817//1817 1852//1852 1818//1818
f 1853//1853 1854//1854 1819//1819
f 1818//1818 1853//1853 1819//1819
f 1854//1854 1855//1855 1820//1820
f 1819//1819 1854//1854 1820//1820
f 1855//1855 1856//1856 1821//1821
f 1820//1820 1855//1855 1821//1821
f 1856//1856 1857//1857 1822//1822
f 1821//1821 1856//1856 1822//1822
f 1857//1857 1858//1858 1823//1823
f 1822//1822 1857//1857 1823//1823
f 1858//1858 1859//1859 1824//1824
f 1823//1823 1858//1858 1824//1824
f 1859//1859 1860//1860 1825//1825
f 1824//1824 1859//1859 1825//1825
f 1860//1860 1861//1861 1826//1826
f 1825//1825 1860//1860 1826//1826
f 1861//1861 1862//1862 1827//1827
f 1826//1826 1861//1861 1827//1827
f 1862//1862 1863//1863 1828//1828
f 1827//1827 1862//1862 1828//1828
f 1863//1863 1864//1864 1829//1829
f 1828//1828 1863//1863 1829//1829
f 1864//1864 1865//1865 1830//1830
f 1829//1829 1864//1864 1830//1830
f 1865//1865 1866//1866 1831//1831
f 1830//1830 1865//1865 1831//1831
f 1866//1866 1867//1867 1832//1832
f 1831//1831 1866//1866 1832//1832
f 1867//1867 1868//1868 1833//1833
f 1832//1832 1867//1867 1833//1833
f 1868//1868 1869//1869 1834//1834
f 1833//1833 1868//1868 1834//1834
f 1869//1869 1870//1870 1835//1835
f 1834//1834 1869//1869 1835//1835
f 1870//1870 1871//1871 1836//1836
f 1835//1835 1870//1870 1836//1836
f 1871//1871 1872//1872 1837//1837
f 1836//1836 1871//1871 1837//1837
f 1872//1872 1873//1873 1838//1838
f 1837//1837 1872//1872 1838//1838
f 1873//1873 1874//1874 1839//1839
f 1838//1838 1873//1873 1839//1839
f 1874//1874 1875//1875 1840//1840
f 1839//1839 1874//1874 1840//1840
f 1875//1875 1876//1876 1841//1841
f 1840//1840 1875//1875 1841//1841
f 1876//1876 1877//1877 1842//1842
f 1841//1841 1876//1876 1842//1842
f 1877//1877 1878//1878 1843//1843
f 1842//1842 1877//1877 1843//1843
f 1878//1878 1879//1879 1844//1844
f 1843//1843 1878//1878 1844//1844
f 1879//1879 1880//1880 1845//1845
f 1844//1844 1879//1879 1845//1845
f 1880//1880 1881//1881 1846//1846
f 1845//1845 1880//1880 1846//1846
f 1881//1881 1882//1882 1847//1847
f 1846//1846 1881//1881 1847//1847
f 1882//1882 1883//1883 1848//1848
f 1847//1847 1882//1882 1848//1848
f 1883//1883 561//561 1849//1849
f 1848//1848 1883//1883 1849//1849
f 1884//1884 1885//1885 1886//1886
f 1887//1887 1888//1888 1889//1889
f 1889//1889 1890//1890 1887//1887
f 1888//1888 1891//1891 1892//1892
f 1891//1891 1888//1888 1887//1887
f 1893//1893 1892//1892 1894//1894
f 1891//1891 1894//1894 1892//1892
f 1895//1895 1896//1896 1893//1893
f 1893//1893 1894//1894 1895//1895
f 1896//1896 1885//1885 1884//1884
f 1885//1885 1896//1896 1895//1895
f 1897//1897 1898//1898 1899//1899
f 1886//1886 1900//1900 1901//1901
f 1902//1902 1903//1903 1904//1904
f 1905//1905 1906//1906 1907//1907
f 1908//1908 1909//1909 1910//1910
f 1911//1911 1912//1912 1913//1913
f 1914//1914 1915//1915 1916//1916
f 1917//1917 1918//1918 1919//1919
f 1919//1919 1920//1920 1921//1921
f 1912//1912 1921//1921 1920//1920
f 1921//1921 1917//1917 1919//1919
f 1913//1913 1912//1912 1920//1920
f 1914//1914 1911//1911 1915//1915
f 1915//1915 1911//1911 1913//1913
f 1905//1905 1907//1907 1916//1916
f 1916//1916 1907//1907 1914//1914
f 1910//1910 1909//1909 1906//1906
f 1905//1905 1910//1910 1906//1906
f 1908//1908 1904//1904 1903//1903
f 1909//1909 1908//1908 1903//1903
f 1902//1902 1897//1897 1899//1899
f 1902//1902 1904//1904 1897//1897
f 1900//1900 1898//1898 1901//1901
f 1900//1900 1899//1899 1898//1898
f 1901//1901 1884//1884 1886//1886
f 1922//1922 1923//1923 1924//1924
f 1925//1925 1924//1924 1926//1926
f 1923//1923 1926//1926 1924//1924
f 1927//1927 1928//1928 1925//1925
f 1925//1925 1926//1926 1927//1927
f 1928//1928 1929//1929 1930//1930
f 1929//1929 1928//1928 1927//1927
f 1931//1931 1930//1930 1932//1932
f 1929//1929 1932//1932 1930//1930
f 1933//1933 1934//1934 1931//1931
f 1931//1931 1932//1932 1933//1933
f 1934//1934 1935//1935 1936//1936
f 1935//1935 1934//1934 1933//1933
f 1937//1937 1936//1936 1938//1938
f 1935//1935 1938//1938 1936//1936
f 1939//1939 1940//1940 1937//1937
f 1937//1937 1938//1938 1939//1939
f 1940//1940 1941//1941 1942//1942
f 1941//1941 1940//1940 1939//1939
f 1943//1943 1942//1942 1944//1944
f 1941//1941 1944//1944 1942//1942
f 1945//1945 1946//1946 1943//1943
f 1943//1943 1944//1944 1945//1945
f 1946//1946 1947//1947 1948//1948
f 1947//1947 1946//1946 1945//1945
f 1949//1949 1948//1948 1950//1950
f 1947//1947 1950//1950 1948//1948
f 1951//1951 1952//1952 1949//1949
f 1949//1949 1950//1950 1951//1951
f 1952//1952 1953//1953 1954//1954
f 1953//1953 1952//1952 1951//1951
f 1955//1955 1954//1954 1956//1956
f 1953//1953 1956//1956 1954//1954
f 1957//1957 1958//1958 1955//1955
f 1955//1955 1956//1956 1957//1957
f 1959//1959 1958//1958 1957//1957
f 1959//1959 1960//1960 1958//1958
f 1923//1923 1922//1922 1961//1961
f 1962//1962 1963//1963 1961//1961
f 1961//1961 1922//1922 1962//1962
f 1963//1963 1964//1964 1965//1965
f 1964//1964 1963//1963 1962//1962
f 1966//1966 1965//1965 1967//1967
f 1964//1964 1967//1967 1965//1965
f 1968//1968 1969//1969 1966//1966
f 1966//1966 1967//1967 1968//1968
f 1969//1969 1970//1970 1971//1971
f 1970//1970 1969//1969 1968//1968
f 1972//1972 1971//1971 1973//1973
f 1970//1970 1973//1973 1971//1971
f 1974//1974 1975//1975 1972//1972
f 1972//1972 1973//1973 1974//1974
f 1975//1975 1976//1976 1977//1977
f 1976//1976 1975//1975 1974//1974
f 1976//1976 1978//1978 1977//1977
f 1979//1979 1980//1980 1978//1978
f 1977//1977 1978//1978 1980//1980
f 1979//1979 1981//1981 1982//1982
f 1982//1982 1980//1980 1979//1979
f 1983//1983 1981//1981 1984//1984
f 1981//1981 1983//1983 1982//1982
f 1985//1985 1986//1986 1984//1984
f 1983//1983 1984//1984 1986//1986
f 1985//1985 1987//1987 1988//1988
f 1988//1988 1986//1986 1985//1985
f 1989//1989 1987//1987 1990//1990
f 1987//1987 1989//1989 1988//1988
f 1991//1991 1992//1992 1990//1990
f 1989//1989 1990//1990 1992//1992
f 1991//1991 1993//1993 1994//1994
f 1994//1994 1992//1992 1991//1991
f 1995//1995 1993//1993 1996//1996
f 1993//1993 1995//1995 1994//1994
f 1995//1995 1996//1996 1959//1959
f 1959//1959 1996//1996 1960//1960
f 1997//1997 1998//1998 1999//1999
f 2000//2000 2001//2001 2002//2002
f 2003//2003 1999//1999 2004//2004
f 1998//1998 2004//2004 1999//1999
f 2005//2005 2006//2006 2003//2003
f 2003//2003 2004//2004 2005//2005
f 2006//2006 2007//2007 2008//2008
f 2007//2007 2006//2006 2005//2005
f 2009//2009 2008//2008 2010//2010
f 2007//2007 2010//2010 2008//2008
f 2010//2010 2011//2011 2012//2012
f 2012//2012 2009//2009 2010//2010
f 2013//2013 2011//2011 2014//2014
f 2011//2011 2013//2013 2012//2012
f 2015//2015 2016//2016 2014//2014
f 2013//2013 2014//2014 2016//2016
f 2015//2015 2017//2017 2018//2018
f 2018//2018 2016//2016 2015//2015
f 2017//2017 2019//2019 2018//2018
f 2017//2017 2020//2020 2019//2019
f 1998//1998 1997//1997 2021//2021
f 1997//1997 2022//2022 2023//2023
f 2023//2023 2021//2021 1997//1997
f 2024//2024 2022//2022 2025//2025
f 2022//2022 2024//2024 2023//2023
f 2026//2026 2027//2027 2025//2025
f 2024//2024 2025//2025 2027//2027
f 2026//2026 2028//2028 2029//2029
f 2029//2029 2027//2027 2026//2026
f 2029//2029 2030//2030 2031//2031
f 2030//2030 2029//2029 2028//2028
f 2032//2032 2031//2031 2033//2033
f 2030//2030 2033//2033 2031//2031
f 2034//2034 2035//2035 2032//2032
f 2032//2032 2033//2033 2034//2034
f 2035//2035 2036//2036 2037//2037
f 2036//2036 2035//2035 2034//2034
f 2038//2038 2037//2037 2000//2000
f 2036//2036 2000//2000 2037//2037
f 2039//2039 2040//2040 2041//2041
f 2042//2042 2043//2043 2044//2044
f 2045//2045 2046//2046 2047//2047
f 2048//2048 2049//2049 2050//2050
f 2051//2051 2052//2052 2053//2053
f 2054//2054 2055//2055 2056//2056
f 2057//2057 2058//2058 2059//2059
f 2060//2060 2061//2061 2062//2062
f 2063//2063 2064//2064 2062//2062
f 2065//2065 2066//2066 2067//2067
f 2061//2061 2067//2067 2066//2066
f 2065//2065 2068//2068 2069//2069
f 2069//2069 2066//2066 2065//2065
f 2070//2070 2068//2068 2071//2071
f 2068//2068 2070//2070 2069//2069
f 2019//2019 2072//2072 2071//2071
f 2070//2070 2071//2071 2072//2072
f 2020//2020 2072//2072 2019//2019
f 2061//2061 2063//2063 2062//2062
f 2061//2061 2060//2060 2067//2067
f 2064//2064 2055//2055 2054//2054
f 2063//2063 2055//2055 2064//2064
f 2059//2059 2056//2056 2057//2057
f 2054//2054 2056//2056 2059//2059
f 2049//2049 2058//2058 2050//2050
f 2059//2059 2058//2058 2049//2049
f 2051//2051 2048//2048 2052//2052
f 2048//2048 2050//2050 2052//2052
f 2042//2042 2044//2044 2053//2053
f 2044//2044 2051//2051 2053//2053
f 2042//2042 2045//2045 2047//2047
f 2042//2042 2047//2047 2043//2043
f 2046//2046 2039//2039 2041//2041
f 2045//2045 2039//2039 2046//2046
f 2001//2001 2040//2040 2002//2002
f 2041//2041 2040//2040 2001//2001
f 2000//2000 2002//2002 2038//2038
f 2073//2073 2074//2074 2075//2075
f 2076//2076 2077//2077 2078//2078
f 2079//2079 2074//2074 2080//2080
f 2074//2074 2079//2079 2075//2075
f 2081//2081 2082//2082 2080//2080
f 2079//2079 2080//2080 2082//2082
f 2081//2081 2083//2083 2084//2084
f 2084//2084 2082//2082 2081//2081
f 2085//2085 2083//2083 2086//2086
f 2083//2083 2085//2085 2084//2084
f 2087//2087 2088//2088 2086//2086
f 2085//2085 2086//2086 2088//2088
f 2087//2087 2089//2089 2090//2090
f 2090//2090 2088//2088 2087//2087
f 2091//2091 2089//2089 2092//2092
f 2089//2089 2091//2091 2090//2090
f 2093//2093 2094//2094 2092//2092
f 2091//2091 2092//2092 2094//2094
f 2093//2093 2095//2095 2096//2096
f 2096//2096 2094//2094 2093//2093
f 2097//2097 2098//2098 2073//2073
f 2073//2073 2075//2075 2097//2097
f 2098//2098 2099//2099 2100//2100
f 2099//2099 2098//2098 2097//2097
f 2101//2101 2100//2100 2102//2102
f 2099//2099 2102//2102 2100//2100
f 2103//2103 2104//2104 2101//2101
f 2101//2101 2102//2102 2103//2103
f 2104//2104 2105//2105 2106//2106
f 2105//2105 2104//2104 2103//2103
f 2107//2107 2106//2106 2108//2108
f 2105//2105 2108//2108 2106//2106
f 2109//2109 2110//2110 2107//2107
f 2107//2107 2108//2108 2109//2109
f 2110//2110 2111//2111 2112//2112
f 2111//2111 2110//2110 2109//2109
f 2113//2113 2112//2112 2114//2114
f 2111//2111 2114//2114 2112//2112
f 2115//2115 2116//2116 2117//2117
f 2113//2113 2114//2114 2076//2076
f 2118//2118 2119//2119 2120//2120
f 2121//2121 2122//2122 2123//2123
f 2124//2124 2125//2125 2126//2126
f 2127//2127 2128//2128 2129//2129
f 2130//2130 2131//2131 2132//2132
f 2133//2133 2134//2134 2135//2135
f 2136//2136 2137//2137 2138//2138
f 2139//2139 2140//2140 2141//2141
f 2142//2142 2143//2143 2136//2136
f 2136//2136 2138//2138 2142//2142
f 2143//2143 2144//2144 2145//2145
f 2144//2144 2143//2143 2142//2142
f 2146//2146 2145//2145 2147//2147
f 2144//2144 2147//2147 2145//2145
f 2148//2148 2095//2095 2146//2146
f 2146//2146 2147//2147 2148//2148
f 2096//2096 2095//2095 2148//2148
f 2137//2137 2141//2141 2138//2138
f 2139//2139 2131//2131 2140//2140
f 2137//2137 2139//2139 2141//2141
f 2130//2130 2132//2132 2133//2133
f 2140//2140 2131//2131 2130//2130
f 2135//2135 2134//2134 2126//2126
f 2133//2133 2132//2132 2134//2134
f 2128//2128 2125//2125 2124//2124
f 2125//2125 2135//2135 2126//2126
f 2118//2118 2127//2127 2129//2129
f 2129//2129 2128//2128 2124//2124
f 2119//2119 2123//2123 2120//2120
f 2118//2118 2120//2120 2127//2127
f 2121//2121 2115//2115 2122//2122
f 2119//2119 2121//2121 2123//2123
f 2117//2117 2116//2116 2077//2077
f 2122//2122 2115//2115 2117//2117
f 2076//2076 2078//2078 2113//2113
f 2077//2077 2116//2116 2078//2078
f 2149//2149 2150//2150 2151//2151
f 2152//2152 2153//2153 2154//2154
f 2155//2155 2150//2150 2156//2156
f 2150//2150 2155//2155 2151//2151
f 2157//2157 2158//2158 2156//2156
f 2155//2155 2156//2156 2158//2158
f 2157//2157 2159//2159 2160//2160
f 2160//2160 2158//2158 2157//2157
f 2161//2161 2159//2159 2162//2162
f 2159//2159 2161//2161 2160//2160
f 2163//2163 2164//2164 2162//2162
f 2161//2161 2162//2162 2164//2164
f 2163//2163 2165//2165 2166//2166
f 2166//2166 2164//2164 2163//2163
f 2167//2167 2165//2165 2168//2168
f 2165//2165 2167//2167 2166//2166
f 2169//2169 2170//2170 2168//2168
f 2167//2167 2168//2168 2170//2170
f 2169//2169 2171//2171 2172//2172
f 2172//2172 2170//2170 2169//2169
f 2149//2149 2151//2151 2173//2173
f 2173//2173 2174//2174 2175//2175
f 2175//2175 2149//2149 2173//2173
f 2176//2176 2174//2174 2177//2177
f 2174//2174 2176//2176 2175//2175
f 2178//2178 2179//2179 2177//2177
f 2176//2176 2177//2177 2179//2179
f 2180//2180 2179//2179 2178//2178
f 2180//2180 2181//2181 2182//2182
f 2181//2181 2180//2180 2178//2178
f 2183//2183 2182//2182 2184//2184
f 2181//2181 2184//2184 2182//2182
f 2185//2185 2186//2186 2183//2183
f 2183//2183 2184//2184 2185//2185
f 2186//2186 2187//2187 2188//2188
f 2187//2187 2186//2186 2185//2185
f 2153//2153 2188//2188 2154//2154
f 2187//2187 2154//2154 2188//2188
f 2189//2189 2190//2190 2191//2191
f 2192//2192 2193//2193 2194//2194
f 2195//2195 2196//2196 2197//2197
f 2198//2198 2199//2199 2200//2200
f 2201//2201 2202//2202 2203//2203
f 2204//2204 2205//2205 2206//2206
f 2207//2207 2208//2208 2209//2209
f 2210//2210 2211//2211 2212//2212
f 2213//2213 2214//2214 2215//2215
f 2216//2216 2217//2217 2214//2214
f 2218//2218 2219//2219 2213//2213
f 2213//2213 2215//2215 2218//2218
f 2219//2219 2220//2220 2221//2221
f 2220//2220 2219//2219 2218//2218
f 2222//2222 2221//2221 2223//2223
f 2220//2220 2223//2223 2221//2221
f 2172//2172 2171//2171 2222//2222
f 2222//2222 2223//2223 2172//2172
f 2207//2207 2217//2217 2216//2216
f 2214//2214 2217//2217 2215//2215
f 2208//2208 2210//2210 2209//2209
f 2216//2216 2208//2208 2207//2207
f 2212//2212 2211//2211 2202//2202
f 2209//2209 2210//2210 2212//2212
f 2201//2201 2203//2203 2205//2205
f 2202//2202 2211//2211 2203//2203
f 2197//2197 2204//2204 2206//2206
f 2204//2204 2201//2201 2205//2205
f 2200//2200 2196//2196 2195//2195
f 2195//2195 2197//2197 2206//2206
f 2198//2198 2189//2189 2199//2199
f 2200//2200 2199//2199 2196//2196
f 2190//2190 2193//2193 2191//2191
f 2198//2198 2190//2190 2189//2189
f 2192//2192 2194//2194 2152//2152
f 2191//2191 2193//2193 2192//2192
f 2153//2153 2152//2152 2194//2194
f 2224//2224 2225//2225 2226//2226
f 2224//2224 2226//2226 2227//2227
f 2228//2228 2229//2229 2230//2230
f 2230//2230 2231//2231 2228//2228
f 2232//2232 2233//2233 2234//2234
f 2234//2234 2235//2235 2232//2232
f 2236//2236 2237//2237 2238//2238
f 2236//2236 2239//2239 2237//2237
f 2240//2240 2241//2241 2242//2242
f 2241//2241 2240//2240 2243//2243
f 2244//2244 2245//2245 2246//2246
f 2244//2244 2246//2246 2247//2247
f 2248//2248 2249//2249 2250//2250
f 2248//2248 2250//2250 2251//2251
f 2252//2252 2253//2253 2254//2254
f 2254//2254 2255//2255 2252//2252
f 2256//2256 2257//2257 2258//2258
f 2258//2258 2259//2259 2256//2256
f 2260//2260 2261//2261 2262//2262
f 2260//2260 2263//2263 2261//2261
f 2264//2264 2265//2265 2266//2266
f 2265//2265 2264//2264 2267//2267
f 2268//2268 2269//2269 2270//2270
f 2268//2268 2270//2270 2271//2271
f 2272//2272 2273//2273 2274//2274
f 2272//2272 2274//2274 2275//2275
f 2276//2276 2277//2277 2278//2278
f 2278//2278 2279//2279 2276//2276
f 2280//2280 2281//2281 2282//2282
f 2282//2282 2283//2283 2280//2280
f 2284//2284 2285//2285 2286//2286
f 2284//2284 2287//2287 2285//2285
f 2288//2288 2289//2289 2290//2290
f 2289//2289 2288//2288 2291//2291
f 2292//2292 2293//2293 2294//2294
f 2292//2292 2294//2294 2295//2295
f 2296//2296 2298//2298 2297//2297
f 2297//2297 2299//2299 2296//2296
f 2300//2300 2302//2302 2301//2301
f 2302//2302 2300//2300 2303//2303
f 2304//2304 2306//2306 2305//2305
f 2304//2304 2305//2305 2307//2307
f 2308//2308 2310//2310 2309//2309
f 2309//2309 2311//2311 2308//2308
f 2312//2312 2314//2314 2313//2313
f 2313//2313 2315//2315 2312//2312
f 2316//2316 2318//2318 2317//2317
f 2318//2318 2316//2316 2319//2319
f 2320//2320 2322//2322 2321//2321
f 2320//2320 2323//2323 2322//2322
f 2324//2324 2326//2326 2325//2325
f 2324//2324 2325//2325 2327//2327
f 2328//2328 2327//2327 2325//2325
f 2325//2325 2329//2329 2328//2328
f 2330//2330 2332//2332 2331//2331
f 2331//2331 2333//2333 2330//2330
f 2334//2334 2336//2336 2335//2335
f 2337//2337 2334//2334 2338//2338
f 2337//2337 2336//2336 2334//2334
f 2335//2335 2339//2339 2334//2334
f 2340//2340 2342//2342 2341//2341
f 2342//2342 2340//2340 2343//2343
f 2344//2344 2346//2346 2345//2345
f 2345//2345 2347//2347 2344//2344
f 2348//2348 2350//2350 2349//2349
f 2348//2348 2351//2351 2350//2350
f 2352//2352 2354//2354 2353//2353
f 2352//2352 2355//2355 2354//2354
f 2356//2356 2358//2358 2357//2357
f 2358//2358 2356//2356 2359//2359
f 2360//2360 2362//2362 2361//2361
f 2360//2360 2361//2361 2363//2363
f 2364//2364 2366//2366 2365//2365
f 2365//2365 2367//2367 2364//2364
f 2368//2368 2370//2370 2369//2369
f 2369//2369 2371//2371 2368//2368
f 2372//2372 2374//2374 2373//2373
f 2373//2373 2375//2375 2372//2372
f 2376//2376 2378//2378 2377//2377
f 2376//2376 2379//2379 2378//2378
f 2380//2380 2382//2382 2381//2381
f 2383//2383 2385//2385 2384//2384
f 2386//2386 2384//2384 2387//2387
f 2387//2387 2384//2384 2388//2388
f 2384//2384 2386//2386 2383//2383
f 2380//2380 2383//2383 2386//2386
f 2382//2382 2380//2380 2389//2389
f 2383//2383 2380//2380 2381//2381
f 2382//2382 2389//2389 2390//2390
f 2391//2391 2390//2390 2392//2392
f 2389//2389 2393//2393 2390//2390
f 2391//2391 2382//2382 2390//2390
f 2394//2394 2396//2396 2395//2395
f 2396//2396 2394//2394 2397//2397
f 2398//2398 2400//2400 2399//2399
f 2400//2400 2398//2398 2401//2401
f 2402//2402 2404//2404 2403//2403
f 2405//2405 2406//2406 2402//2402
f 2407//2407 2409//2409 2408//2408
f 2404//2404 2406//2406 2410//2410
f 2404//2404 2410//2410 2411//2411
f 2409//2409 2413//2413 2412//2412
f 2413//2413 2410//2410 2406//2406
f 2408//2408 2409//2409 2412//2412
f 2413//2413 2406//2406 2414//2414
f 2409//2409 2410//2410 2413//2413
f 2405//2405 2415//2415 2406//2406
f 2402//2402 2406//2406 2404//2404
# 3574 faces, 0 coords texture

# End of File
